STRUCTURE,STRUCTURE_ID,STRUCTURE_NAME,ACTION,REF_AREA,Reference area,FREQ,Frequency of observation,MEASURE,Measure,UNIT_MEASURE,Unit of measure,EXPEND_SOURCE,Expenditure source,SPENDING_TYPE,Spending type,PROGRAMME_TYPE,Programme type,PRICE_BASE,Price base,TIME_PERIOD,Time period,OBS_VALUE,Observation value,OBS_STATUS,Observation status,UNIT_MULT,Unit multiplier,DECIMALS,Decimals,CURRENCY,Currency,BASE_PER,Base period
DATAFLOW,OECD.ELS.SPD:DSD_SOCX_AGG@DF_SOCX_AGG(1.0),Social expenditure aggregates,I,LVA,Latvia,A,Annual,SOCX,Social expenditure,PT_B1GQ,Percentage of GDP,ES10,Public,_T,Total,TP82,Housing,_Z,Not applicable,1980,,,,A,Normal value,0,Units,1,One,_Z,Not applicable,,
DATAFLOW,OECD.ELS.SPD:DSD_SOCX_AGG@DF_SOCX_AGG(1.0),Social expenditure aggregates,I,LVA,Latvia,A,Annual,SOCX,Social expenditure,PT_B1GQ,Percentage of GDP,ES10,Public,_T,Total,TP82,Housing,_Z,Not applicable,1981,,,,A,Normal value,0,Units,1,One,_Z,Not applicable,,
DATAFLOW,OECD.ELS.SPD:DSD_SOCX_AGG@DF_SOCX_AGG(1.0),Social expenditure aggregates,I,LVA,Latvia,A,Annual,SOCX,Social expenditure,PT_B1GQ,Percentage of GDP,ES10,Public,_T,Total,TP82,Housing,_Z,Not applicable,1982,,,,A,Normal value,0,Units,1,One,_Z,Not applicable,,
DATAFLOW,OECD.ELS.SPD:DSD_SOCX_AGG@DF_SOCX_AGG(1.0),Social expenditure aggregates,I,LVA,Latvia,A,Annual,SOCX,Social expenditure,PT_B1GQ,Percentage of GDP,ES10,Public,_T,Total,TP82,Housing,_Z,Not applicable,1983,,,,A,Normal value,0,Units,1,One,_Z,Not applicable,,
DATAFLOW,OECD.ELS.SPD:DSD_SOCX_AGG@DF_SOCX_AGG(1.0),Social expenditure aggregates,I,LVA,Latvia,A,Annual,SOCX,Social expenditure,PT_B1GQ,Percentage of GDP,ES10,Public,_T,Total,TP82,Housing,_Z,Not applicable,1984,,,,A,Normal value,0,Units,1,One,_Z,Not applicable,,
DATAFLOW,OECD.ELS.SPD:DSD_SOCX_AGG@DF_SOCX_AGG(1.0),Social expenditure aggregates,I,LVA,Latvia,A,Annual,SOCX,Social expenditure,PT_B1GQ,Percentage of GDP,ES10,Public,_T,Total,TP82,Housing,_Z,Not applicable,1985,,,,A,Normal value,0,Units,1,One,_Z,Not applicable,,
DATAFLOW,OECD.ELS.SPD:DSD_SOCX_AGG@DF_SOCX_AGG(1.0),Social expenditure aggregates,I,LVA,Latvia,A,Annual,SOCX,Social expenditure,PT_B1GQ,Percentage of GDP,ES10,Public,_T,Total,TP82,Housing,_Z,Not applicable,1986,,,,A,Normal value,0,Units,1,One,_Z,Not applicable,,
DATAFLOW,OECD.ELS.SPD:DSD_SOCX_AGG@DF_SOCX_AGG(1.0),Social expenditure aggregates,I,LVA,Latvia,A,Annual,SOCX,Social expenditure,PT_B1GQ,Percentage of GDP,ES10,Public,_T,Total,TP82,Housing,_Z,Not applicable,1987,,,,A,Normal value,0,Units,1,One,_Z,Not applicable,,
DATAFLOW,OECD.ELS.SPD:DSD_SOCX_AGG@DF_SOCX_AGG(1.0),Social expenditure aggregates,I,LVA,Latvia,A,Annual,SOCX,Social expenditure,PT_B1GQ,Percentage of GDP,ES10,Public,_T,Total,TP82,Housing,_Z,Not applicable,1988,,,,A,Normal value,0,Units,1,One,_Z,Not applicable,,
DATAFLOW,OECD.ELS.SPD:DSD_SOCX_AGG@DF_SOCX_AGG(1.0),Social expenditure aggregates,I,LVA,Latvia,A,Annual,SOCX,Social expenditure,PT_B1GQ,Percentage of GDP,ES10,Public,_T,Total,TP82,Housing,_Z,Not applicable,1989,,,,A,Normal value,0,Units,1,One,_Z,Not applicable,,
DATAFLOW,OECD.ELS.SPD:DSD_SOCX_AGG@DF_SOCX_AGG(1.0),Social expenditure aggregates,I,LVA,Latvia,A,Annual,SOCX,Social expenditure,PT_B1GQ,Percentage of GDP,ES10,Public,_T,Total,TP82,Housing,_Z,Not applicable,1990,,,,A,Normal value,0,Units,1,One,_Z,Not applicable,,
DATAFLOW,OECD.ELS.SPD:DSD_SOCX_AGG@DF_SOCX_AGG(1.0),Social expenditure aggregates,I,LVA,Latvia,A,Annual,SOCX,Social expenditure,PT_B1GQ,Percentage of GDP,ES10,Public,_T,Total,TP82,Housing,_Z,Not applicable,1991,,,,A,Normal value,0,Units,1,One,_Z,Not applicable,,
DATAFLOW,OECD.ELS.SPD:DSD_SOCX_AGG@DF_SOCX_AGG(1.0),Social expenditure aggregates,I,LVA,Latvia,A,Annual,SOCX,Social expenditure,PT_B1GQ,Percentage of GDP,ES10,Public,_T,Total,TP82,Housing,_Z,Not applicable,1992,,,,A,Normal value,0,Units,1,One,_Z,Not applicable,,
DATAFLOW,OECD.ELS.SPD:DSD_SOCX_AGG@DF_SOCX_AGG(1.0),Social expenditure aggregates,I,LVA,Latvia,A,Annual,SOCX,Social expenditure,PT_B1GQ,Percentage of GDP,ES10,Public,_T,Total,TP82,Housing,_Z,Not applicable,1993,,,,A,Normal value,0,Units,1,One,_Z,Not applicable,,
DATAFLOW,OECD.ELS.SPD:DSD_SOCX_AGG@DF_SOCX_AGG(1.0),Social expenditure aggregates,I,SVN,Slovenia,A,Annual,SOCX,Social expenditure,PT_B1GQ,Percentage of GDP,ES10,Public,_T,Total,TP82,Housing,_Z,Not applicable,1980,,,,A,Normal value,0,Units,1,One,_Z,Not applicable,,
DATAFLOW,OECD.ELS.SPD:DSD_SOCX_AGG@DF_SOCX_AGG(1.0),Social expenditure aggregates,I,SVN,Slovenia,A,Annual,SOCX,Social expenditure,PT_B1GQ,Percentage of GDP,ES10,Public,_T,Total,TP82,Housing,_Z,Not applicable,1981,,,,A,Normal value,0,Units,1,One,_Z,Not applicable,,
DATAFLOW,OECD.ELS.SPD:DSD_SOCX_AGG@DF_SOCX_AGG(1.0),Social expenditure aggregates,I,SVN,Slovenia,A,Annual,SOCX,Social expenditure,PT_B1GQ,Percentage of GDP,ES10,Public,_T,Total,TP82,Housing,_Z,Not applicable,1982,,,,A,Normal value,0,Units,1,One,_Z,Not applicable,,
DATAFLOW,OECD.ELS.SPD:DSD_SOCX_AGG@DF_SOCX_AGG(1.0),Social expenditure aggregates,I,SVN,Slovenia,A,Annual,SOCX,Social expenditure,PT_B1GQ,Percentage of GDP,ES10,Public,_T,Total,TP82,Housing,_Z,Not applicable,1983,,,,A,Normal value,0,Units,1,One,_Z,Not applicable,,
DATAFLOW,OECD.ELS.SPD:DSD_SOCX_AGG@DF_SOCX_AGG(1.0),Social expenditure aggregates,I,SVN,Slovenia,A,Annual,SOCX,Social expenditure,PT_B1GQ,Percentage of GDP,ES10,Public,_T,Total,TP82,Housing,_Z,Not applicable,1984,,,,A,Normal value,0,Units,1,One,_Z,Not applicable,,
DATAFLOW,OECD.ELS.SPD:DSD_SOCX_AGG@DF_SOCX_AGG(1.0),Social expenditure aggregates,I,SVN,Slovenia,A,Annual,SOCX,Social expenditure,PT_B1GQ,Percentage of GDP,ES10,Public,_T,Total,TP82,Housing,_Z,Not applicable,1985,,,,A,Normal value,0,Units,1,One,_Z,Not applicable,,
DATAFLOW,OECD.ELS.SPD:DSD_SOCX_AGG@DF_SOCX_AGG(1.0),Social expenditure aggregates,I,SVN,Slovenia,A,Annual,SOCX,Social expenditure,PT_B1GQ,Percentage of GDP,ES10,Public,_T,Total,TP82,Housing,_Z,Not applicable,1986,,,,A,Normal value,0,Units,1,One,_Z,Not applicable,,
DATAFLOW,OECD.ELS.SPD:DSD_SOCX_AGG@DF_SOCX_AGG(1.0),Social expenditure aggregates,I,SVN,Slovenia,A,Annual,SOCX,Social expenditure,PT_B1GQ,Percentage of GDP,ES10,Public,_T,Total,TP82,Housing,_Z,Not applicable,1987,,,,A,Normal value,0,Units,1,One,_Z,Not applicable,,
DATAFLOW,OECD.ELS.SPD:DSD_SOCX_AGG@DF_SOCX_AGG(1.0),Social expenditure aggregates,I,SVN,Slovenia,A,Annual,SOCX,Social expenditure,PT_B1GQ,Percentage of GDP,ES10,Public,_T,Total,TP82,Housing,_Z,Not applicable,1988,,,,A,Normal value,0,Units,1,One,_Z,Not applicable,,
DATAFLOW,OECD.ELS.SPD:DSD_SOCX_AGG@DF_SOCX_AGG(1.0),Social expenditure aggregates,I,SVN,Slovenia,A,Annual,SOCX,Social expenditure,PT_B1GQ,Percentage of GDP,ES10,Public,_T,Total,TP82,Housing,_Z,Not applicable,1989,,,,A,Normal value,0,Units,1,One,_Z,Not applicable,,
DATAFLOW,OECD.ELS.SPD:DSD_SOCX_AGG@DF_SOCX_AGG(1.0),Social expenditure aggregates,I,SVK,Slovak Republic,A,Annual,SOCX,Social expenditure,PT_B1GQ,Percentage of GDP,ES10,Public,_T,Total,TP82,Housing,_Z,Not applicable,1980,,,,A,Normal value,0,Units,1,One,_Z,Not applicable,,
DATAFLOW,OECD.ELS.SPD:DSD_SOCX_AGG@DF_SOCX_AGG(1.0),Social expenditure aggregates,I,SVK,Slovak Republic,A,Annual,SOCX,Social expenditure,PT_B1GQ,Percentage of GDP,ES10,Public,_T,Total,TP82,Housing,_Z,Not applicable,1981,,,,A,Normal value,0,Units,1,One,_Z,Not applicable,,
DATAFLOW,OECD.ELS.SPD:DSD_SOCX_AGG@DF_SOCX_AGG(1.0),Social expenditure aggregates,I,SVK,Slovak Republic,A,Annual,SOCX,Social expenditure,PT_B1GQ,Percentage of GDP,ES10,Public,_T,Total,TP82,Housing,_Z,Not applicable,1982,,,,A,Normal value,0,Units,1,One,_Z,Not applicable,,
DATAFLOW,OECD.ELS.SPD:DSD_SOCX_AGG@DF_SOCX_AGG(1.0),Social expenditure aggregates,I,SVK,Slovak Republic,A,Annual,SOCX,Social expenditure,PT_B1GQ,Percentage of GDP,ES10,Public,_T,Total,TP82,Housing,_Z,Not applicable,1983,,,,A,Normal value,0,Units,1,One,_Z,Not applicable,,
DATAFLOW,OECD.ELS.SPD:DSD_SOCX_AGG@DF_SOCX_AGG(1.0),Social expenditure aggregates,I,SVK,Slovak Republic,A,Annual,SOCX,Social expenditure,PT_B1GQ,Percentage of GDP,ES10,Public,_T,Total,TP82,Housing,_Z,Not applicable,1984,,,,A,Normal value,0,Units,1,One,_Z,Not applicable,,
DATAFLOW,OECD.ELS.SPD:DSD_SOCX_AGG@DF_SOCX_AGG(1.0),Social expenditure aggregates,I,SVK,Slovak Republic,A,Annual,SOCX,Social expenditure,PT_B1GQ,Percentage of GDP,ES10,Public,_T,Total,TP82,Housing,_Z,Not applicable,1985,,,,A,Normal value,0,Units,1,One,_Z,Not applicable,,
DATAFLOW,OECD.ELS.SPD:DSD_SOCX_AGG@DF_SOCX_AGG(1.0),Social expenditure aggregates,I,SVK,Slovak Republic,A,Annual,SOCX,Social expenditure,PT_B1GQ,Percentage of GDP,ES10,Public,_T,Total,TP82,Housing,_Z,Not applicable,1986,,,,A,Normal value,0,Units,1,One,_Z,Not applicable,,
DATAFLOW,OECD.ELS.SPD:DSD_SOCX_AGG@DF_SOCX_AGG(1.0),Social expenditure aggregates,I,SVK,Slovak Republic,A,Annual,SOCX,Social expenditure,PT_B1GQ,Percentage of GDP,ES10,Public,_T,Total,TP82,Housing,_Z,Not applicable,1987,,,,A,Normal value,0,Units,1,One,_Z,Not applicable,,
DATAFLOW,OECD.ELS.SPD:DSD_SOCX_AGG@DF_SOCX_AGG(1.0),Social expenditure aggregates,I,SVK,Slovak Republic,A,Annual,SOCX,Social expenditure,PT_B1GQ,Percentage of GDP,ES10,Public,_T,Total,TP82,Housing,_Z,Not applicable,1988,,,,A,Normal value,0,Units,1,One,_Z,Not applicable,,
DATAFLOW,OECD.ELS.SPD:DSD_SOCX_AGG@DF_SOCX_AGG(1.0),Social expenditure aggregates,I,SVK,Slovak Republic,A,Annual,SOCX,Social expenditure,PT_B1GQ,Percentage of GDP,ES10,Public,_T,Total,TP82,Housing,_Z,Not applicable,1989,,,,A,Normal value,0,Units,1,One,_Z,Not applicable,,
DATAFLOW,OECD.ELS.SPD:DSD_SOCX_AGG@DF_SOCX_AGG(1.0),Social expenditure aggregates,I,LTU,Lithuania,A,Annual,SOCX,Social expenditure,PT_B1GQ,Percentage of GDP,ES10,Public,_T,Total,TP82,Housing,_Z,Not applicable,1980,,,,A,Normal value,0,Units,1,One,_Z,Not applicable,,
DATAFLOW,OECD.ELS.SPD:DSD_SOCX_AGG@DF_SOCX_AGG(1.0),Social expenditure aggregates,I,LTU,Lithuania,A,Annual,SOCX,Social expenditure,PT_B1GQ,Percentage of GDP,ES10,Public,_T,Total,TP82,Housing,_Z,Not applicable,1981,,,,A,Normal value,0,Units,1,One,_Z,Not applicable,,
DATAFLOW,OECD.ELS.SPD:DSD_SOCX_AGG@DF_SOCX_AGG(1.0),Social expenditure aggregates,I,LTU,Lithuania,A,Annual,SOCX,Social expenditure,PT_B1GQ,Percentage of GDP,ES10,Public,_T,Total,TP82,Housing,_Z,Not applicable,1982,,,,A,Normal value,0,Units,1,One,_Z,Not applicable,,
DATAFLOW,OECD.ELS.SPD:DSD_SOCX_AGG@DF_SOCX_AGG(1.0),Social expenditure aggregates,I,LTU,Lithuania,A,Annual,SOCX,Social expenditure,PT_B1GQ,Percentage of GDP,ES10,Public,_T,Total,TP82,Housing,_Z,Not applicable,1983,,,,A,Normal value,0,Units,1,One,_Z,Not applicable,,
DATAFLOW,OECD.ELS.SPD:DSD_SOCX_AGG@DF_SOCX_AGG(1.0),Social expenditure aggregates,I,LTU,Lithuania,A,Annual,SOCX,Social expenditure,PT_B1GQ,Percentage of GDP,ES10,Public,_T,Total,TP82,Housing,_Z,Not applicable,1984,,,,A,Normal value,0,Units,1,One,_Z,Not applicable,,
DATAFLOW,OECD.ELS.SPD:DSD_SOCX_AGG@DF_SOCX_AGG(1.0),Social expenditure aggregates,I,LTU,Lithuania,A,Annual,SOCX,Social expenditure,PT_B1GQ,Percentage of GDP,ES10,Public,_T,Total,TP82,Housing,_Z,Not applicable,1985,,,,A,Normal value,0,Units,1,One,_Z,Not applicable,,
DATAFLOW,OECD.ELS.SPD:DSD_SOCX_AGG@DF_SOCX_AGG(1.0),Social expenditure aggregates,I,LTU,Lithuania,A,Annual,SOCX,Social expenditure,PT_B1GQ,Percentage of GDP,ES10,Public,_T,Total,TP82,Housing,_Z,Not applicable,1986,,,,A,Normal value,0,Units,1,One,_Z,Not applicable,,
DATAFLOW,OECD.ELS.SPD:DSD_SOCX_AGG@DF_SOCX_AGG(1.0),Social expenditure aggregates,I,LTU,Lithuania,A,Annual,SOCX,Social expenditure,PT_B1GQ,Percentage of GDP,ES10,Public,_T,Total,TP82,Housing,_Z,Not applicable,1987,,,,A,Normal value,0,Units,1,One,_Z,Not applicable,,
DATAFLOW,OECD.ELS.SPD:DSD_SOCX_AGG@DF_SOCX_AGG(1.0),Social expenditure aggregates,I,LTU,Lithuania,A,Annual,SOCX,Social expenditure,PT_B1GQ,Percentage of GDP,ES10,Public,_T,Total,TP82,Housing,_Z,Not applicable,1988,,,,A,Normal value,0,Units,1,One,_Z,Not applicable,,
DATAFLOW,OECD.ELS.SPD:DSD_SOCX_AGG@DF_SOCX_AGG(1.0),Social expenditure aggregates,I,LTU,Lithuania,A,Annual,SOCX,Social expenditure,PT_B1GQ,Percentage of GDP,ES10,Public,_T,Total,TP82,Housing,_Z,Not applicable,1989,,,,A,Normal value,0,Units,1,One,_Z,Not applicable,,
DATAFLOW,OECD.ELS.SPD:DSD_SOCX_AGG@DF_SOCX_AGG(1.0),Social expenditure aggregates,I,LTU,Lithuania,A,Annual,SOCX,Social expenditure,PT_B1GQ,Percentage of GDP,ES10,Public,_T,Total,TP82,Housing,_Z,Not applicable,1990,,,,A,Normal value,0,Units,1,One,_Z,Not applicable,,
DATAFLOW,OECD.ELS.SPD:DSD_SOCX_AGG@DF_SOCX_AGG(1.0),Social expenditure aggregates,I,LTU,Lithuania,A,Annual,SOCX,Social expenditure,PT_B1GQ,Percentage of GDP,ES10,Public,_T,Total,TP82,Housing,_Z,Not applicable,1991,,,,A,Normal value,0,Units,1,One,_Z,Not applicable,,
DATAFLOW,OECD.ELS.SPD:DSD_SOCX_AGG@DF_SOCX_AGG(1.0),Social expenditure aggregates,I,LTU,Lithuania,A,Annual,SOCX,Social expenditure,PT_B1GQ,Percentage of GDP,ES10,Public,_T,Total,TP82,Housing,_Z,Not applicable,1992,,,,A,Normal value,0,Units,1,One,_Z,Not applicable,,
DATAFLOW,OECD.ELS.SPD:DSD_SOCX_AGG@DF_SOCX_AGG(1.0),Social expenditure aggregates,I,LTU,Lithuania,A,Annual,SOCX,Social expenditure,PT_B1GQ,Percentage of GDP,ES10,Public,_T,Total,TP82,Housing,_Z,Not applicable,1993,,,,A,Normal value,0,Units,1,One,_Z,Not applicable,,
DATAFLOW,OECD.ELS.SPD:DSD_SOCX_AGG@DF_SOCX_AGG(1.0),Social expenditure aggregates,I,LTU,Lithuania,A,Annual,SOCX,Social expenditure,PT_B1GQ,Percentage of GDP,ES10,Public,_T,Total,TP82,Housing,_Z,Not applicable,1994,,,,A,Normal value,0,Units,1,One,_Z,Not applicable,,
DATAFLOW,OECD.ELS.SPD:DSD_SOCX_AGG@DF_SOCX_AGG(1.0),Social expenditure aggregates,I,SVK,Slovak Republic,A,Annual,SOCX,Social expenditure,PT_B1GQ,Percentage of GDP,ES10,Public,_T,Total,TP82,Housing,_Z,Not applicable,1991,,,,L,Missing value; data exist but were not collected,0,Units,1,One,_Z,Not applicable,,
DATAFLOW,OECD.ELS.SPD:DSD_SOCX_AGG@DF_SOCX_AGG(1.0),Social expenditure aggregates,I,SVK,Slovak Republic,A,Annual,SOCX,Social expenditure,PT_B1GQ,Percentage of GDP,ES10,Public,_T,Total,TP82,Housing,_Z,Not applicable,1990,,,,L,Missing value; data exist but were not collected,0,Units,1,One,_Z,Not applicable,,
DATAFLOW,OECD.ELS.SPD:DSD_SOCX_AGG@DF_SOCX_AGG(1.0),Social expenditure aggregates,I,SVK,Slovak Republic,A,Annual,SOCX,Social expenditure,PT_B1GQ,Percentage of GDP,ES10,Public,_T,Total,TP82,Housing,_Z,Not applicable,1994,,,,L,Missing value; data exist but were not collected,0,Units,1,One,_Z,Not applicable,,
DATAFLOW,OECD.ELS.SPD:DSD_SOCX_AGG@DF_SOCX_AGG(1.0),Social expenditure aggregates,I,SVK,Slovak Republic,A,Annual,SOCX,Social expenditure,PT_B1GQ,Percentage of GDP,ES10,Public,_T,Total,TP82,Housing,_Z,Not applicable,1993,,,,L,Missing value; data exist but were not collected,0,Units,1,One,_Z,Not applicable,,
DATAFLOW,OECD.ELS.SPD:DSD_SOCX_AGG@DF_SOCX_AGG(1.0),Social expenditure aggregates,I,SVK,Slovak Republic,A,Annual,SOCX,Social expenditure,PT_B1GQ,Percentage of GDP,ES10,Public,_T,Total,TP82,Housing,_Z,Not applicable,1992,,,,L,Missing value; data exist but were not collected,0,Units,1,One,_Z,Not applicable,,
DATAFLOW,OECD.ELS.SPD:DSD_SOCX_AGG@DF_SOCX_AGG(1.0),Social expenditure aggregates,I,SVN,Slovenia,A,Annual,SOCX,Social expenditure,PT_B1GQ,Percentage of GDP,ES10,Public,_T,Total,TP82,Housing,_Z,Not applicable,1994,,,,L,Missing value; data exist but were not collected,0,Units,1,One,_Z,Not applicable,,
DATAFLOW,OECD.ELS.SPD:DSD_SOCX_AGG@DF_SOCX_AGG(1.0),Social expenditure aggregates,I,SVN,Slovenia,A,Annual,SOCX,Social expenditure,PT_B1GQ,Percentage of GDP,ES10,Public,_T,Total,TP82,Housing,_Z,Not applicable,1993,,,,L,Missing value; data exist but were not collected,0,Units,1,One,_Z,Not applicable,,
DATAFLOW,OECD.ELS.SPD:DSD_SOCX_AGG@DF_SOCX_AGG(1.0),Social expenditure aggregates,I,SVN,Slovenia,A,Annual,SOCX,Social expenditure,PT_B1GQ,Percentage of GDP,ES10,Public,_T,Total,TP82,Housing,_Z,Not applicable,1992,,,,L,Missing value; data exist but were not collected,0,Units,1,One,_Z,Not applicable,,
DATAFLOW,OECD.ELS.SPD:DSD_SOCX_AGG@DF_SOCX_AGG(1.0),Social expenditure aggregates,I,SVN,Slovenia,A,Annual,SOCX,Social expenditure,PT_B1GQ,Percentage of GDP,ES10,Public,_T,Total,TP82,Housing,_Z,Not applicable,1991,,,,L,Missing value; data exist but were not collected,0,Units,1,One,_Z,Not applicable,,
DATAFLOW,OECD.ELS.SPD:DSD_SOCX_AGG@DF_SOCX_AGG(1.0),Social expenditure aggregates,I,SVN,Slovenia,A,Annual,SOCX,Social expenditure,PT_B1GQ,Percentage of GDP,ES10,Public,_T,Total,TP82,Housing,_Z,Not applicable,1990,,,,L,Missing value; data exist but were not collected,0,Units,1,One,_Z,Not applicable,,
DATAFLOW,OECD.ELS.SPD:DSD_SOCX_AGG@DF_SOCX_AGG(1.0),Social expenditure aggregates,I,SVN,Slovenia,A,Annual,SOCX,Social expenditure,PT_B1GQ,Percentage of GDP,ES10,Public,_T,Total,TP82,Housing,_Z,Not applicable,1995,,,,L,Missing value; data exist but were not collected,0,Units,1,One,_Z,Not applicable,,
DATAFLOW,OECD.ELS.SPD:DSD_SOCX_AGG@DF_SOCX_AGG(1.0),Social expenditure aggregates,I,MEX,Mexico,A,Annual,SOCX,Social expenditure,PT_B1GQ,Percentage of GDP,ES10,Public,_T,Total,TP82,Housing,_Z,Not applicable,1984,,,,L,Missing value; data exist but were not collected,0,Units,1,One,_Z,Not applicable,,
DATAFLOW,OECD.ELS.SPD:DSD_SOCX_AGG@DF_SOCX_AGG(1.0),Social expenditure aggregates,I,MEX,Mexico,A,Annual,SOCX,Social expenditure,PT_B1GQ,Percentage of GDP,ES10,Public,_T,Total,TP82,Housing,_Z,Not applicable,1983,,,,L,Missing value; data exist but were not collected,0,Units,1,One,_Z,Not applicable,,
DATAFLOW,OECD.ELS.SPD:DSD_SOCX_AGG@DF_SOCX_AGG(1.0),Social expenditure aggregates,I,MEX,Mexico,A,Annual,SOCX,Social expenditure,PT_B1GQ,Percentage of GDP,ES10,Public,_T,Total,TP82,Housing,_Z,Not applicable,1982,,,,L,Missing value; data exist but were not collected,0,Units,1,One,_Z,Not applicable,,
DATAFLOW,OECD.ELS.SPD:DSD_SOCX_AGG@DF_SOCX_AGG(1.0),Social expenditure aggregates,I,MEX,Mexico,A,Annual,SOCX,Social expenditure,PT_B1GQ,Percentage of GDP,ES10,Public,_T,Total,TP82,Housing,_Z,Not applicable,1981,,,,L,Missing value; data exist but were not collected,0,Units,1,One,_Z,Not applicable,,
DATAFLOW,OECD.ELS.SPD:DSD_SOCX_AGG@DF_SOCX_AGG(1.0),Social expenditure aggregates,I,MEX,Mexico,A,Annual,SOCX,Social expenditure,PT_B1GQ,Percentage of GDP,ES10,Public,_T,Total,TP82,Housing,_Z,Not applicable,1980,,,,L,Missing value; data exist but were not collected,0,Units,1,One,_Z,Not applicable,,
DATAFLOW,OECD.ELS.SPD:DSD_SOCX_AGG@DF_SOCX_AGG(1.0),Social expenditure aggregates,I,ISL,Iceland,A,Annual,SOCX,Social expenditure,PT_B1GQ,Percentage of GDP,ES10,Public,_T,Total,TP82,Housing,_Z,Not applicable,1985,,,,L,Missing value; data exist but were not collected,0,Units,1,One,_Z,Not applicable,,
DATAFLOW,OECD.ELS.SPD:DSD_SOCX_AGG@DF_SOCX_AGG(1.0),Social expenditure aggregates,I,ISL,Iceland,A,Annual,SOCX,Social expenditure,PT_B1GQ,Percentage of GDP,ES10,Public,_T,Total,TP82,Housing,_Z,Not applicable,1986,,,,L,Missing value; data exist but were not collected,0,Units,1,One,_Z,Not applicable,,
DATAFLOW,OECD.ELS.SPD:DSD_SOCX_AGG@DF_SOCX_AGG(1.0),Social expenditure aggregates,I,ISL,Iceland,A,Annual,SOCX,Social expenditure,PT_B1GQ,Percentage of GDP,ES10,Public,_T,Total,TP82,Housing,_Z,Not applicable,1987,,,,L,Missing value; data exist but were not collected,0,Units,1,One,_Z,Not applicable,,
DATAFLOW,OECD.ELS.SPD:DSD_SOCX_AGG@DF_SOCX_AGG(1.0),Social expenditure aggregates,I,ISL,Iceland,A,Annual,SOCX,Social expenditure,PT_B1GQ,Percentage of GDP,ES10,Public,_T,Total,TP82,Housing,_Z,Not applicable,1988,,,,L,Missing value; data exist but were not collected,0,Units,1,One,_Z,Not applicable,,
DATAFLOW,OECD.ELS.SPD:DSD_SOCX_AGG@DF_SOCX_AGG(1.0),Social expenditure aggregates,I,ISL,Iceland,A,Annual,SOCX,Social expenditure,PT_B1GQ,Percentage of GDP,ES10,Public,_T,Total,TP82,Housing,_Z,Not applicable,1989,,,,L,Missing value; data exist but were not collected,0,Units,1,One,_Z,Not applicable,,
DATAFLOW,OECD.ELS.SPD:DSD_SOCX_AGG@DF_SOCX_AGG(1.0),Social expenditure aggregates,I,LTU,Lithuania,A,Annual,SOCX,Social expenditure,PT_B1GQ,Percentage of GDP,ES10,Public,_T,Total,TP82,Housing,_Z,Not applicable,1996,,,,M,Missing value; data cannot exist,0,Units,1,One,_Z,Not applicable,,
DATAFLOW,OECD.ELS.SPD:DSD_SOCX_AGG@DF_SOCX_AGG(1.0),Social expenditure aggregates,I,LTU,Lithuania,A,Annual,SOCX,Social expenditure,PT_B1GQ,Percentage of GDP,ES10,Public,_T,Total,TP82,Housing,_Z,Not applicable,1995,,,,M,Missing value; data cannot exist,0,Units,1,One,_Z,Not applicable,,
DATAFLOW,OECD.ELS.SPD:DSD_SOCX_AGG@DF_SOCX_AGG(1.0),Social expenditure aggregates,I,LVA,Latvia,A,Annual,SOCX,Social expenditure,PT_B1GQ,Percentage of GDP,ES10,Public,_T,Total,TP82,Housing,_Z,Not applicable,1994,,,,M,Missing value; data cannot exist,0,Units,1,One,_Z,Not applicable,,
DATAFLOW,OECD.ELS.SPD:DSD_SOCX_AGG@DF_SOCX_AGG(1.0),Social expenditure aggregates,I,LVA,Latvia,A,Annual,SOCX,Social expenditure,PT_B1GQ,Percentage of GDP,ES10,Public,_T,Total,TP82,Housing,_Z,Not applicable,1995,,,,M,Missing value; data cannot exist,0,Units,1,One,_Z,Not applicable,,
DATAFLOW,OECD.ELS.SPD:DSD_SOCX_AGG@DF_SOCX_AGG(1.0),Social expenditure aggregates,I,LVA,Latvia,A,Annual,SOCX,Social expenditure,PT_B1GQ,Percentage of GDP,ES10,Public,_T,Total,TP82,Housing,_Z,Not applicable,1996,,,,M,Missing value; data cannot exist,0,Units,1,One,_Z,Not applicable,,
DATAFLOW,OECD.ELS.SPD:DSD_SOCX_AGG@DF_SOCX_AGG(1.0),Social expenditure aggregates,I,PRT,Portugal,A,Annual,SOCX,Social expenditure,PT_B1GQ,Percentage of GDP,ES10,Public,_T,Total,TP82,Housing,_Z,Not applicable,2021,,0.002,,A,Normal value,0,Units,1,One,_Z,Not applicable,,
DATAFLOW,OECD.ELS.SPD:DSD_SOCX_AGG@DF_SOCX_AGG(1.0),Social expenditure aggregates,I,NLD,Netherlands,A,Annual,SOCX,Social expenditure,PT_B1GQ,Percentage of GDP,ES10,Public,_T,Total,TP82,Housing,_Z,Not applicable,1980,,0.24,,A,Normal value,0,Units,1,One,_Z,Not applicable,,
DATAFLOW,OECD.ELS.SPD:DSD_SOCX_AGG@DF_SOCX_AGG(1.0),Social expenditure aggregates,I,NLD,Netherlands,A,Annual,SOCX,Social expenditure,PT_B1GQ,Percentage of GDP,ES10,Public,_T,Total,TP82,Housing,_Z,Not applicable,1981,,0.254,,A,Normal value,0,Units,1,One,_Z,Not applicable,,
DATAFLOW,OECD.ELS.SPD:DSD_SOCX_AGG@DF_SOCX_AGG(1.0),Social expenditure aggregates,I,NLD,Netherlands,A,Annual,SOCX,Social expenditure,PT_B1GQ,Percentage of GDP,ES10,Public,_T,Total,TP82,Housing,_Z,Not applicable,1982,,0.327,,A,Normal value,0,Units,1,One,_Z,Not applicable,,
DATAFLOW,OECD.ELS.SPD:DSD_SOCX_AGG@DF_SOCX_AGG(1.0),Social expenditure aggregates,I,NLD,Netherlands,A,Annual,SOCX,Social expenditure,PT_B1GQ,Percentage of GDP,ES10,Public,_T,Total,TP82,Housing,_Z,Not applicable,1983,,0.403,,A,Normal value,0,Units,1,One,_Z,Not applicable,,
DATAFLOW,OECD.ELS.SPD:DSD_SOCX_AGG@DF_SOCX_AGG(1.0),Social expenditure aggregates,I,NLD,Netherlands,A,Annual,SOCX,Social expenditure,PT_B1GQ,Percentage of GDP,ES10,Public,_T,Total,TP82,Housing,_Z,Not applicable,1984,,0.302,,A,Normal value,0,Units,1,One,_Z,Not applicable,,
DATAFLOW,OECD.ELS.SPD:DSD_SOCX_AGG@DF_SOCX_AGG(1.0),Social expenditure aggregates,I,NLD,Netherlands,A,Annual,SOCX,Social expenditure,PT_B1GQ,Percentage of GDP,ES10,Public,_T,Total,TP82,Housing,_Z,Not applicable,1985,,0.284,,A,Normal value,0,Units,1,One,_Z,Not applicable,,
DATAFLOW,OECD.ELS.SPD:DSD_SOCX_AGG@DF_SOCX_AGG(1.0),Social expenditure aggregates,I,NLD,Netherlands,A,Annual,SOCX,Social expenditure,PT_B1GQ,Percentage of GDP,ES10,Public,_T,Total,TP82,Housing,_Z,Not applicable,1986,,0.283,,A,Normal value,0,Units,1,One,_Z,Not applicable,,
DATAFLOW,OECD.ELS.SPD:DSD_SOCX_AGG@DF_SOCX_AGG(1.0),Social expenditure aggregates,I,NLD,Netherlands,A,Annual,SOCX,Social expenditure,PT_B1GQ,Percentage of GDP,ES10,Public,_T,Total,TP82,Housing,_Z,Not applicable,1987,,0.351,,A,Normal value,0,Units,1,One,_Z,Not applicable,,
DATAFLOW,OECD.ELS.SPD:DSD_SOCX_AGG@DF_SOCX_AGG(1.0),Social expenditure aggregates,I,NLD,Netherlands,A,Annual,SOCX,Social expenditure,PT_B1GQ,Percentage of GDP,ES10,Public,_T,Total,TP82,Housing,_Z,Not applicable,1988,,0.361,,A,Normal value,0,Units,1,One,_Z,Not applicable,,
DATAFLOW,OECD.ELS.SPD:DSD_SOCX_AGG@DF_SOCX_AGG(1.0),Social expenditure aggregates,I,NLD,Netherlands,A,Annual,SOCX,Social expenditure,PT_B1GQ,Percentage of GDP,ES10,Public,_T,Total,TP82,Housing,_Z,Not applicable,1989,,0.348,,A,Normal value,0,Units,1,One,_Z,Not applicable,,
DATAFLOW,OECD.ELS.SPD:DSD_SOCX_AGG@DF_SOCX_AGG(1.0),Social expenditure aggregates,I,NLD,Netherlands,A,Annual,SOCX,Social expenditure,PT_B1GQ,Percentage of GDP,ES10,Public,_T,Total,TP82,Housing,_Z,Not applicable,1990,,0.303,,A,Normal value,0,Units,1,One,_Z,Not applicable,,
DATAFLOW,OECD.ELS.SPD:DSD_SOCX_AGG@DF_SOCX_AGG(1.0),Social expenditure aggregates,I,ESP,Spain,A,Annual,SOCX,Social expenditure,PT_B1GQ,Percentage of GDP,ES10,Public,_T,Total,TP82,Housing,_Z,Not applicable,1983,,0.005,,A,Normal value,0,Units,1,One,_Z,Not applicable,,
DATAFLOW,OECD.ELS.SPD:DSD_SOCX_AGG@DF_SOCX_AGG(1.0),Social expenditure aggregates,I,ESP,Spain,A,Annual,SOCX,Social expenditure,PT_B1GQ,Percentage of GDP,ES10,Public,_T,Total,TP82,Housing,_Z,Not applicable,1984,,0.013,,A,Normal value,0,Units,1,One,_Z,Not applicable,,
DATAFLOW,OECD.ELS.SPD:DSD_SOCX_AGG@DF_SOCX_AGG(1.0),Social expenditure aggregates,I,ESP,Spain,A,Annual,SOCX,Social expenditure,PT_B1GQ,Percentage of GDP,ES10,Public,_T,Total,TP82,Housing,_Z,Not applicable,1985,,0.017,,A,Normal value,0,Units,1,One,_Z,Not applicable,,
DATAFLOW,OECD.ELS.SPD:DSD_SOCX_AGG@DF_SOCX_AGG(1.0),Social expenditure aggregates,I,ESP,Spain,A,Annual,SOCX,Social expenditure,PT_B1GQ,Percentage of GDP,ES10,Public,_T,Total,TP82,Housing,_Z,Not applicable,1986,,0.026,,A,Normal value,0,Units,1,One,_Z,Not applicable,,
DATAFLOW,OECD.ELS.SPD:DSD_SOCX_AGG@DF_SOCX_AGG(1.0),Social expenditure aggregates,I,ESP,Spain,A,Annual,SOCX,Social expenditure,PT_B1GQ,Percentage of GDP,ES10,Public,_T,Total,TP82,Housing,_Z,Not applicable,1987,,0.066,,A,Normal value,0,Units,1,One,_Z,Not applicable,,
DATAFLOW,OECD.ELS.SPD:DSD_SOCX_AGG@DF_SOCX_AGG(1.0),Social expenditure aggregates,I,ESP,Spain,A,Annual,SOCX,Social expenditure,PT_B1GQ,Percentage of GDP,ES10,Public,_T,Total,TP82,Housing,_Z,Not applicable,1988,,0.106,,A,Normal value,0,Units,1,One,_Z,Not applicable,,
DATAFLOW,OECD.ELS.SPD:DSD_SOCX_AGG@DF_SOCX_AGG(1.0),Social expenditure aggregates,I,ESP,Spain,A,Annual,SOCX,Social expenditure,PT_B1GQ,Percentage of GDP,ES10,Public,_T,Total,TP82,Housing,_Z,Not applicable,1989,,0.122,,A,Normal value,0,Units,1,One,_Z,Not applicable,,
DATAFLOW,OECD.ELS.SPD:DSD_SOCX_AGG@DF_SOCX_AGG(1.0),Social expenditure aggregates,I,ESP,Spain,A,Annual,SOCX,Social expenditure,PT_B1GQ,Percentage of GDP,ES10,Public,_T,Total,TP82,Housing,_Z,Not applicable,1990,,0.105,,A,Normal value,0,Units,1,One,_Z,Not applicable,,
DATAFLOW,OECD.ELS.SPD:DSD_SOCX_AGG@DF_SOCX_AGG(1.0),Social expenditure aggregates,I,ESP,Spain,A,Annual,SOCX,Social expenditure,PT_B1GQ,Percentage of GDP,ES10,Public,_T,Total,TP82,Housing,_Z,Not applicable,1991,,0.098,,A,Normal value,0,Units,1,One,_Z,Not applicable,,
DATAFLOW,OECD.ELS.SPD:DSD_SOCX_AGG@DF_SOCX_AGG(1.0),Social expenditure aggregates,I,ESP,Spain,A,Annual,SOCX,Social expenditure,PT_B1GQ,Percentage of GDP,ES10,Public,_T,Total,TP82,Housing,_Z,Not applicable,1992,,0.076,,A,Normal value,0,Units,1,One,_Z,Not applicable,,
DATAFLOW,OECD.ELS.SPD:DSD_SOCX_AGG@DF_SOCX_AGG(1.0),Social expenditure aggregates,I,ESP,Spain,A,Annual,SOCX,Social expenditure,PT_B1GQ,Percentage of GDP,ES10,Public,_T,Total,TP82,Housing,_Z,Not applicable,1993,,0.099,,A,Normal value,0,Units,1,One,_Z,Not applicable,,
DATAFLOW,OECD.ELS.SPD:DSD_SOCX_AGG@DF_SOCX_AGG(1.0),Social expenditure aggregates,I,ESP,Spain,A,Annual,SOCX,Social expenditure,PT_B1GQ,Percentage of GDP,ES10,Public,_T,Total,TP82,Housing,_Z,Not applicable,1994,,0.083,,A,Normal value,0,Units,1,One,_Z,Not applicable,,
DATAFLOW,OECD.ELS.SPD:DSD_SOCX_AGG@DF_SOCX_AGG(1.0),Social expenditure aggregates,I,KOR,Korea,A,Annual,SOCX,Social expenditure,PT_B1GQ,Percentage of GDP,ES10,Public,_T,Total,TP82,Housing,_Z,Not applicable,2004,,0.335,,A,Normal value,0,Units,1,One,_Z,Not applicable,,
DATAFLOW,OECD.ELS.SPD:DSD_SOCX_AGG@DF_SOCX_AGG(1.0),Social expenditure aggregates,I,KOR,Korea,A,Annual,SOCX,Social expenditure,PT_B1GQ,Percentage of GDP,ES10,Public,_T,Total,TP82,Housing,_Z,Not applicable,2005,,0.279,,A,Normal value,0,Units,1,One,_Z,Not applicable,,
DATAFLOW,OECD.ELS.SPD:DSD_SOCX_AGG@DF_SOCX_AGG(1.0),Social expenditure aggregates,I,KOR,Korea,A,Annual,SOCX,Social expenditure,PT_B1GQ,Percentage of GDP,ES10,Public,_T,Total,TP82,Housing,_Z,Not applicable,2006,,0.36,,A,Normal value,0,Units,1,One,_Z,Not applicable,,
DATAFLOW,OECD.ELS.SPD:DSD_SOCX_AGG@DF_SOCX_AGG(1.0),Social expenditure aggregates,I,KOR,Korea,A,Annual,SOCX,Social expenditure,PT_B1GQ,Percentage of GDP,ES10,Public,_T,Total,TP82,Housing,_Z,Not applicable,2007,,0.278,,A,Normal value,0,Units,1,One,_Z,Not applicable,,
DATAFLOW,OECD.ELS.SPD:DSD_SOCX_AGG@DF_SOCX_AGG(1.0),Social expenditure aggregates,I,KOR,Korea,A,Annual,SOCX,Social expenditure,PT_B1GQ,Percentage of GDP,ES10,Public,_T,Total,TP82,Housing,_Z,Not applicable,2008,,0.18,,A,Normal value,0,Units,1,One,_Z,Not applicable,,
DATAFLOW,OECD.ELS.SPD:DSD_SOCX_AGG@DF_SOCX_AGG(1.0),Social expenditure aggregates,I,KOR,Korea,A,Annual,SOCX,Social expenditure,PT_B1GQ,Percentage of GDP,ES10,Public,_T,Total,TP82,Housing,_Z,Not applicable,2009,,0.093,,A,Normal value,0,Units,1,One,_Z,Not applicable,,
DATAFLOW,OECD.ELS.SPD:DSD_SOCX_AGG@DF_SOCX_AGG(1.0),Social expenditure aggregates,I,KOR,Korea,A,Annual,SOCX,Social expenditure,PT_B1GQ,Percentage of GDP,ES10,Public,_T,Total,TP82,Housing,_Z,Not applicable,2010,,0.123,,A,Normal value,0,Units,1,One,_Z,Not applicable,,
DATAFLOW,OECD.ELS.SPD:DSD_SOCX_AGG@DF_SOCX_AGG(1.0),Social expenditure aggregates,I,KOR,Korea,A,Annual,SOCX,Social expenditure,PT_B1GQ,Percentage of GDP,ES10,Public,_T,Total,TP82,Housing,_Z,Not applicable,2011,,0.085,,A,Normal value,0,Units,1,One,_Z,Not applicable,,
DATAFLOW,OECD.ELS.SPD:DSD_SOCX_AGG@DF_SOCX_AGG(1.0),Social expenditure aggregates,I,KOR,Korea,A,Annual,SOCX,Social expenditure,PT_B1GQ,Percentage of GDP,ES10,Public,_T,Total,TP82,Housing,_Z,Not applicable,2012,,0.082,,A,Normal value,0,Units,1,One,_Z,Not applicable,,
DATAFLOW,OECD.ELS.SPD:DSD_SOCX_AGG@DF_SOCX_AGG(1.0),Social expenditure aggregates,I,KOR,Korea,A,Annual,SOCX,Social expenditure,PT_B1GQ,Percentage of GDP,ES10,Public,_T,Total,TP82,Housing,_Z,Not applicable,2013,,0.09,,A,Normal value,0,Units,1,One,_Z,Not applicable,,
DATAFLOW,OECD.ELS.SPD:DSD_SOCX_AGG@DF_SOCX_AGG(1.0),Social expenditure aggregates,I,KOR,Korea,A,Annual,SOCX,Social expenditure,PT_B1GQ,Percentage of GDP,ES10,Public,_T,Total,TP82,Housing,_Z,Not applicable,2014,,0.116,,A,Normal value,0,Units,1,One,_Z,Not applicable,,
DATAFLOW,OECD.ELS.SPD:DSD_SOCX_AGG@DF_SOCX_AGG(1.0),Social expenditure aggregates,I,KOR,Korea,A,Annual,SOCX,Social expenditure,PT_B1GQ,Percentage of GDP,ES10,Public,_T,Total,TP82,Housing,_Z,Not applicable,2015,,0.171,,A,Normal value,0,Units,1,One,_Z,Not applicable,,
DATAFLOW,OECD.ELS.SPD:DSD_SOCX_AGG@DF_SOCX_AGG(1.0),Social expenditure aggregates,I,KOR,Korea,A,Annual,SOCX,Social expenditure,PT_B1GQ,Percentage of GDP,ES10,Public,_T,Total,TP82,Housing,_Z,Not applicable,2016,,0.233,,A,Normal value,0,Units,1,One,_Z,Not applicable,,
DATAFLOW,OECD.ELS.SPD:DSD_SOCX_AGG@DF_SOCX_AGG(1.0),Social expenditure aggregates,I,KOR,Korea,A,Annual,SOCX,Social expenditure,PT_B1GQ,Percentage of GDP,ES10,Public,_T,Total,TP82,Housing,_Z,Not applicable,2017,,0.2,,A,Normal value,0,Units,1,One,_Z,Not applicable,,
DATAFLOW,OECD.ELS.SPD:DSD_SOCX_AGG@DF_SOCX_AGG(1.0),Social expenditure aggregates,I,KOR,Korea,A,Annual,SOCX,Social expenditure,PT_B1GQ,Percentage of GDP,ES10,Public,_T,Total,TP82,Housing,_Z,Not applicable,2018,,0.243,,A,Normal value,0,Units,1,One,_Z,Not applicable,,
DATAFLOW,OECD.ELS.SPD:DSD_SOCX_AGG@DF_SOCX_AGG(1.0),Social expenditure aggregates,I,KOR,Korea,A,Annual,SOCX,Social expenditure,PT_B1GQ,Percentage of GDP,ES10,Public,_T,Total,TP82,Housing,_Z,Not applicable,2019,,0.32,,A,Normal value,0,Units,1,One,_Z,Not applicable,,
DATAFLOW,OECD.ELS.SPD:DSD_SOCX_AGG@DF_SOCX_AGG(1.0),Social expenditure aggregates,I,KOR,Korea,A,Annual,SOCX,Social expenditure,PT_B1GQ,Percentage of GDP,ES10,Public,_T,Total,TP82,Housing,_Z,Not applicable,2020,,0.451,,A,Normal value,0,Units,1,One,_Z,Not applicable,,
DATAFLOW,OECD.ELS.SPD:DSD_SOCX_AGG@DF_SOCX_AGG(1.0),Social expenditure aggregates,I,KOR,Korea,A,Annual,SOCX,Social expenditure,PT_B1GQ,Percentage of GDP,ES10,Public,_T,Total,TP82,Housing,_Z,Not applicable,2021,,0.438,,A,Normal value,0,Units,1,One,_Z,Not applicable,,
DATAFLOW,OECD.ELS.SPD:DSD_SOCX_AGG@DF_SOCX_AGG(1.0),Social expenditure aggregates,I,KOR,Korea,A,Annual,SOCX,Social expenditure,PT_B1GQ,Percentage of GDP,ES10,Public,_T,Total,TP82,Housing,_Z,Not applicable,2022,,0.431,,A,Normal value,0,Units,1,One,_Z,Not applicable,,
DATAFLOW,OECD.ELS.SPD:DSD_SOCX_AGG@DF_SOCX_AGG(1.0),Social expenditure aggregates,I,ISL,Iceland,A,Annual,SOCX,Social expenditure,PT_B1GQ,Percentage of GDP,ES10,Public,_T,Total,TP82,Housing,_Z,Not applicable,1990,,0.004,,A,Normal value,0,Units,1,One,_Z,Not applicable,,
DATAFLOW,OECD.ELS.SPD:DSD_SOCX_AGG@DF_SOCX_AGG(1.0),Social expenditure aggregates,I,ISL,Iceland,A,Annual,SOCX,Social expenditure,PT_B1GQ,Percentage of GDP,ES10,Public,_T,Total,TP82,Housing,_Z,Not applicable,1991,,0.004,,A,Normal value,0,Units,1,One,_Z,Not applicable,,
DATAFLOW,OECD.ELS.SPD:DSD_SOCX_AGG@DF_SOCX_AGG(1.0),Social expenditure aggregates,I,ISL,Iceland,A,Annual,SOCX,Social expenditure,PT_B1GQ,Percentage of GDP,ES10,Public,_T,Total,TP82,Housing,_Z,Not applicable,1992,,0.013,,A,Normal value,0,Units,1,One,_Z,Not applicable,,
DATAFLOW,OECD.ELS.SPD:DSD_SOCX_AGG@DF_SOCX_AGG(1.0),Social expenditure aggregates,I,ISL,Iceland,A,Annual,SOCX,Social expenditure,PT_B1GQ,Percentage of GDP,ES10,Public,_T,Total,TP82,Housing,_Z,Not applicable,1993,,0.021,,A,Normal value,0,Units,1,One,_Z,Not applicable,,
DATAFLOW,OECD.ELS.SPD:DSD_SOCX_AGG@DF_SOCX_AGG(1.0),Social expenditure aggregates,I,ISL,Iceland,A,Annual,SOCX,Social expenditure,PT_B1GQ,Percentage of GDP,ES10,Public,_T,Total,TP82,Housing,_Z,Not applicable,1994,,0.021,,A,Normal value,0,Units,1,One,_Z,Not applicable,,
DATAFLOW,OECD.ELS.SPD:DSD_SOCX_AGG@DF_SOCX_AGG(1.0),Social expenditure aggregates,I,ISL,Iceland,A,Annual,SOCX,Social expenditure,PT_B1GQ,Percentage of GDP,ES10,Public,_T,Total,TP82,Housing,_Z,Not applicable,1995,,0.062,,A,Normal value,0,Units,1,One,_Z,Not applicable,,
DATAFLOW,OECD.ELS.SPD:DSD_SOCX_AGG@DF_SOCX_AGG(1.0),Social expenditure aggregates,I,ISL,Iceland,A,Annual,SOCX,Social expenditure,PT_B1GQ,Percentage of GDP,ES10,Public,_T,Total,TP82,Housing,_Z,Not applicable,1996,,0.088,,A,Normal value,0,Units,1,One,_Z,Not applicable,,
DATAFLOW,OECD.ELS.SPD:DSD_SOCX_AGG@DF_SOCX_AGG(1.0),Social expenditure aggregates,I,ISL,Iceland,A,Annual,SOCX,Social expenditure,PT_B1GQ,Percentage of GDP,ES10,Public,_T,Total,TP82,Housing,_Z,Not applicable,1997,,0.099,,A,Normal value,0,Units,1,One,_Z,Not applicable,,
DATAFLOW,OECD.ELS.SPD:DSD_SOCX_AGG@DF_SOCX_AGG(1.0),Social expenditure aggregates,I,ISL,Iceland,A,Annual,SOCX,Social expenditure,PT_B1GQ,Percentage of GDP,ES10,Public,_T,Total,TP82,Housing,_Z,Not applicable,1998,,0.113,,A,Normal value,0,Units,1,One,_Z,Not applicable,,
DATAFLOW,OECD.ELS.SPD:DSD_SOCX_AGG@DF_SOCX_AGG(1.0),Social expenditure aggregates,I,ISL,Iceland,A,Annual,SOCX,Social expenditure,PT_B1GQ,Percentage of GDP,ES10,Public,_T,Total,TP82,Housing,_Z,Not applicable,1999,,0.119,,A,Normal value,0,Units,1,One,_Z,Not applicable,,
DATAFLOW,OECD.ELS.SPD:DSD_SOCX_AGG@DF_SOCX_AGG(1.0),Social expenditure aggregates,I,ISL,Iceland,A,Annual,SOCX,Social expenditure,PT_B1GQ,Percentage of GDP,ES10,Public,_T,Total,TP82,Housing,_Z,Not applicable,2000,,0.121,,A,Normal value,0,Units,1,One,_Z,Not applicable,,
DATAFLOW,OECD.ELS.SPD:DSD_SOCX_AGG@DF_SOCX_AGG(1.0),Social expenditure aggregates,I,ISL,Iceland,A,Annual,SOCX,Social expenditure,PT_B1GQ,Percentage of GDP,ES10,Public,_T,Total,TP82,Housing,_Z,Not applicable,2001,,0.127,,A,Normal value,0,Units,1,One,_Z,Not applicable,,
DATAFLOW,OECD.ELS.SPD:DSD_SOCX_AGG@DF_SOCX_AGG(1.0),Social expenditure aggregates,I,ISL,Iceland,A,Annual,SOCX,Social expenditure,PT_B1GQ,Percentage of GDP,ES10,Public,_T,Total,TP82,Housing,_Z,Not applicable,2002,,0.157,,A,Normal value,0,Units,1,One,_Z,Not applicable,,
DATAFLOW,OECD.ELS.SPD:DSD_SOCX_AGG@DF_SOCX_AGG(1.0),Social expenditure aggregates,I,ISL,Iceland,A,Annual,SOCX,Social expenditure,PT_B1GQ,Percentage of GDP,ES10,Public,_T,Total,TP82,Housing,_Z,Not applicable,2003,,0.182,,A,Normal value,0,Units,1,One,_Z,Not applicable,,
DATAFLOW,OECD.ELS.SPD:DSD_SOCX_AGG@DF_SOCX_AGG(1.0),Social expenditure aggregates,I,ISL,Iceland,A,Annual,SOCX,Social expenditure,PT_B1GQ,Percentage of GDP,ES10,Public,_T,Total,TP82,Housing,_Z,Not applicable,2004,,0.204,,A,Normal value,0,Units,1,One,_Z,Not applicable,,
DATAFLOW,OECD.ELS.SPD:DSD_SOCX_AGG@DF_SOCX_AGG(1.0),Social expenditure aggregates,I,ISL,Iceland,A,Annual,SOCX,Social expenditure,PT_B1GQ,Percentage of GDP,ES10,Public,_T,Total,TP82,Housing,_Z,Not applicable,2005,,0.203,,A,Normal value,0,Units,1,One,_Z,Not applicable,,
DATAFLOW,OECD.ELS.SPD:DSD_SOCX_AGG@DF_SOCX_AGG(1.0),Social expenditure aggregates,I,ISL,Iceland,A,Annual,SOCX,Social expenditure,PT_B1GQ,Percentage of GDP,ES10,Public,_T,Total,TP82,Housing,_Z,Not applicable,2006,,0.179,,A,Normal value,0,Units,1,One,_Z,Not applicable,,
DATAFLOW,OECD.ELS.SPD:DSD_SOCX_AGG@DF_SOCX_AGG(1.0),Social expenditure aggregates,I,ISL,Iceland,A,Annual,SOCX,Social expenditure,PT_B1GQ,Percentage of GDP,ES10,Public,_T,Total,TP82,Housing,_Z,Not applicable,2007,,0.571,,A,Normal value,0,Units,1,One,_Z,Not applicable,,
DATAFLOW,OECD.ELS.SPD:DSD_SOCX_AGG@DF_SOCX_AGG(1.0),Social expenditure aggregates,I,ISL,Iceland,A,Annual,SOCX,Social expenditure,PT_B1GQ,Percentage of GDP,ES10,Public,_T,Total,TP82,Housing,_Z,Not applicable,2008,,0.632,,A,Normal value,0,Units,1,One,_Z,Not applicable,,
DATAFLOW,OECD.ELS.SPD:DSD_SOCX_AGG@DF_SOCX_AGG(1.0),Social expenditure aggregates,I,ISL,Iceland,A,Annual,SOCX,Social expenditure,PT_B1GQ,Percentage of GDP,ES10,Public,_T,Total,TP82,Housing,_Z,Not applicable,2009,,0.899,,A,Normal value,0,Units,1,One,_Z,Not applicable,,
DATAFLOW,OECD.ELS.SPD:DSD_SOCX_AGG@DF_SOCX_AGG(1.0),Social expenditure aggregates,I,ISL,Iceland,A,Annual,SOCX,Social expenditure,PT_B1GQ,Percentage of GDP,ES10,Public,_T,Total,TP82,Housing,_Z,Not applicable,2010,,0.967,,A,Normal value,0,Units,1,One,_Z,Not applicable,,
DATAFLOW,OECD.ELS.SPD:DSD_SOCX_AGG@DF_SOCX_AGG(1.0),Social expenditure aggregates,I,ISL,Iceland,A,Annual,SOCX,Social expenditure,PT_B1GQ,Percentage of GDP,ES10,Public,_T,Total,TP82,Housing,_Z,Not applicable,2011,,1.34,,A,Normal value,0,Units,1,One,_Z,Not applicable,,
DATAFLOW,OECD.ELS.SPD:DSD_SOCX_AGG@DF_SOCX_AGG(1.0),Social expenditure aggregates,I,ISL,Iceland,A,Annual,SOCX,Social expenditure,PT_B1GQ,Percentage of GDP,ES10,Public,_T,Total,TP82,Housing,_Z,Not applicable,2012,,1.035,,A,Normal value,0,Units,1,One,_Z,Not applicable,,
DATAFLOW,OECD.ELS.SPD:DSD_SOCX_AGG@DF_SOCX_AGG(1.0),Social expenditure aggregates,I,ISL,Iceland,A,Annual,SOCX,Social expenditure,PT_B1GQ,Percentage of GDP,ES10,Public,_T,Total,TP82,Housing,_Z,Not applicable,2013,,0.681,,A,Normal value,0,Units,1,One,_Z,Not applicable,,
DATAFLOW,OECD.ELS.SPD:DSD_SOCX_AGG@DF_SOCX_AGG(1.0),Social expenditure aggregates,I,ISL,Iceland,A,Annual,SOCX,Social expenditure,PT_B1GQ,Percentage of GDP,ES10,Public,_T,Total,TP82,Housing,_Z,Not applicable,2014,,0.67,,A,Normal value,0,Units,1,One,_Z,Not applicable,,
DATAFLOW,OECD.ELS.SPD:DSD_SOCX_AGG@DF_SOCX_AGG(1.0),Social expenditure aggregates,I,LVA,Latvia,A,Annual,SOCX,Social expenditure,PT_B1GQ,Percentage of GDP,ES10,Public,_T,Total,TP82,Housing,_Z,Not applicable,1997,,0.148,,A,Normal value,0,Units,1,One,_Z,Not applicable,,
DATAFLOW,OECD.ELS.SPD:DSD_SOCX_AGG@DF_SOCX_AGG(1.0),Social expenditure aggregates,I,LVA,Latvia,A,Annual,SOCX,Social expenditure,PT_B1GQ,Percentage of GDP,ES10,Public,_T,Total,TP82,Housing,_Z,Not applicable,1998,,0.146,,A,Normal value,0,Units,1,One,_Z,Not applicable,,
DATAFLOW,OECD.ELS.SPD:DSD_SOCX_AGG@DF_SOCX_AGG(1.0),Social expenditure aggregates,I,LVA,Latvia,A,Annual,SOCX,Social expenditure,PT_B1GQ,Percentage of GDP,ES10,Public,_T,Total,TP82,Housing,_Z,Not applicable,1999,,0.124,,A,Normal value,0,Units,1,One,_Z,Not applicable,,
DATAFLOW,OECD.ELS.SPD:DSD_SOCX_AGG@DF_SOCX_AGG(1.0),Social expenditure aggregates,I,LVA,Latvia,A,Annual,SOCX,Social expenditure,PT_B1GQ,Percentage of GDP,ES10,Public,_T,Total,TP82,Housing,_Z,Not applicable,2000,,0.104,,A,Normal value,0,Units,1,One,_Z,Not applicable,,
DATAFLOW,OECD.ELS.SPD:DSD_SOCX_AGG@DF_SOCX_AGG(1.0),Social expenditure aggregates,I,LVA,Latvia,A,Annual,SOCX,Social expenditure,PT_B1GQ,Percentage of GDP,ES10,Public,_T,Total,TP82,Housing,_Z,Not applicable,2001,,0.094,,A,Normal value,0,Units,1,One,_Z,Not applicable,,
DATAFLOW,OECD.ELS.SPD:DSD_SOCX_AGG@DF_SOCX_AGG(1.0),Social expenditure aggregates,I,LVA,Latvia,A,Annual,SOCX,Social expenditure,PT_B1GQ,Percentage of GDP,ES10,Public,_T,Total,TP82,Housing,_Z,Not applicable,2002,,0.092,,A,Normal value,0,Units,1,One,_Z,Not applicable,,
DATAFLOW,OECD.ELS.SPD:DSD_SOCX_AGG@DF_SOCX_AGG(1.0),Social expenditure aggregates,I,LVA,Latvia,A,Annual,SOCX,Social expenditure,PT_B1GQ,Percentage of GDP,ES10,Public,_T,Total,TP82,Housing,_Z,Not applicable,2003,,0.078,,A,Normal value,0,Units,1,One,_Z,Not applicable,,
DATAFLOW,OECD.ELS.SPD:DSD_SOCX_AGG@DF_SOCX_AGG(1.0),Social expenditure aggregates,I,LVA,Latvia,A,Annual,SOCX,Social expenditure,PT_B1GQ,Percentage of GDP,ES10,Public,_T,Total,TP82,Housing,_Z,Not applicable,2004,,0.074,,A,Normal value,0,Units,1,One,_Z,Not applicable,,
DATAFLOW,OECD.ELS.SPD:DSD_SOCX_AGG@DF_SOCX_AGG(1.0),Social expenditure aggregates,I,LVA,Latvia,A,Annual,SOCX,Social expenditure,PT_B1GQ,Percentage of GDP,ES10,Public,_T,Total,TP82,Housing,_Z,Not applicable,2005,,0.07,,A,Normal value,0,Units,1,One,_Z,Not applicable,,
DATAFLOW,OECD.ELS.SPD:DSD_SOCX_AGG@DF_SOCX_AGG(1.0),Social expenditure aggregates,I,LVA,Latvia,A,Annual,SOCX,Social expenditure,PT_B1GQ,Percentage of GDP,ES10,Public,_T,Total,TP82,Housing,_Z,Not applicable,2006,,0.095,,A,Normal value,0,Units,1,One,_Z,Not applicable,,
DATAFLOW,OECD.ELS.SPD:DSD_SOCX_AGG@DF_SOCX_AGG(1.0),Social expenditure aggregates,I,LVA,Latvia,A,Annual,SOCX,Social expenditure,PT_B1GQ,Percentage of GDP,ES10,Public,_T,Total,TP82,Housing,_Z,Not applicable,2007,,0.122,,A,Normal value,0,Units,1,One,_Z,Not applicable,,
DATAFLOW,OECD.ELS.SPD:DSD_SOCX_AGG@DF_SOCX_AGG(1.0),Social expenditure aggregates,I,LVA,Latvia,A,Annual,SOCX,Social expenditure,PT_B1GQ,Percentage of GDP,ES10,Public,_T,Total,TP82,Housing,_Z,Not applicable,2008,,0.168,,A,Normal value,0,Units,1,One,_Z,Not applicable,,
DATAFLOW,OECD.ELS.SPD:DSD_SOCX_AGG@DF_SOCX_AGG(1.0),Social expenditure aggregates,I,LVA,Latvia,A,Annual,SOCX,Social expenditure,PT_B1GQ,Percentage of GDP,ES10,Public,_T,Total,TP82,Housing,_Z,Not applicable,2009,,0.128,,A,Normal value,0,Units,1,One,_Z,Not applicable,,
DATAFLOW,OECD.ELS.SPD:DSD_SOCX_AGG@DF_SOCX_AGG(1.0),Social expenditure aggregates,I,LVA,Latvia,A,Annual,SOCX,Social expenditure,PT_B1GQ,Percentage of GDP,ES10,Public,_T,Total,TP82,Housing,_Z,Not applicable,2010,,0.146,,A,Normal value,0,Units,1,One,_Z,Not applicable,,
DATAFLOW,OECD.ELS.SPD:DSD_SOCX_AGG@DF_SOCX_AGG(1.0),Social expenditure aggregates,I,LVA,Latvia,A,Annual,SOCX,Social expenditure,PT_B1GQ,Percentage of GDP,ES10,Public,_T,Total,TP82,Housing,_Z,Not applicable,2011,,0.157,,A,Normal value,0,Units,1,One,_Z,Not applicable,,
DATAFLOW,OECD.ELS.SPD:DSD_SOCX_AGG@DF_SOCX_AGG(1.0),Social expenditure aggregates,I,LVA,Latvia,A,Annual,SOCX,Social expenditure,PT_B1GQ,Percentage of GDP,ES10,Public,_T,Total,TP82,Housing,_Z,Not applicable,2012,,0.138,,A,Normal value,0,Units,1,One,_Z,Not applicable,,
DATAFLOW,OECD.ELS.SPD:DSD_SOCX_AGG@DF_SOCX_AGG(1.0),Social expenditure aggregates,I,LVA,Latvia,A,Annual,SOCX,Social expenditure,PT_B1GQ,Percentage of GDP,ES10,Public,_T,Total,TP82,Housing,_Z,Not applicable,2013,,0.119,,A,Normal value,0,Units,1,One,_Z,Not applicable,,
DATAFLOW,OECD.ELS.SPD:DSD_SOCX_AGG@DF_SOCX_AGG(1.0),Social expenditure aggregates,I,LVA,Latvia,A,Annual,SOCX,Social expenditure,PT_B1GQ,Percentage of GDP,ES10,Public,_T,Total,TP82,Housing,_Z,Not applicable,2014,,0.1,,A,Normal value,0,Units,1,One,_Z,Not applicable,,
DATAFLOW,OECD.ELS.SPD:DSD_SOCX_AGG@DF_SOCX_AGG(1.0),Social expenditure aggregates,I,LVA,Latvia,A,Annual,SOCX,Social expenditure,PT_B1GQ,Percentage of GDP,ES10,Public,_T,Total,TP82,Housing,_Z,Not applicable,2015,,0.089,,A,Normal value,0,Units,1,One,_Z,Not applicable,,
DATAFLOW,OECD.ELS.SPD:DSD_SOCX_AGG@DF_SOCX_AGG(1.0),Social expenditure aggregates,I,LVA,Latvia,A,Annual,SOCX,Social expenditure,PT_B1GQ,Percentage of GDP,ES10,Public,_T,Total,TP82,Housing,_Z,Not applicable,2016,,0.081,,A,Normal value,0,Units,1,One,_Z,Not applicable,,
DATAFLOW,OECD.ELS.SPD:DSD_SOCX_AGG@DF_SOCX_AGG(1.0),Social expenditure aggregates,I,LVA,Latvia,A,Annual,SOCX,Social expenditure,PT_B1GQ,Percentage of GDP,ES10,Public,_T,Total,TP82,Housing,_Z,Not applicable,2017,,0.072,,A,Normal value,0,Units,1,One,_Z,Not applicable,,
DATAFLOW,OECD.ELS.SPD:DSD_SOCX_AGG@DF_SOCX_AGG(1.0),Social expenditure aggregates,I,LVA,Latvia,A,Annual,SOCX,Social expenditure,PT_B1GQ,Percentage of GDP,ES10,Public,_T,Total,TP82,Housing,_Z,Not applicable,2018,,0.061,,A,Normal value,0,Units,1,One,_Z,Not applicable,,
DATAFLOW,OECD.ELS.SPD:DSD_SOCX_AGG@DF_SOCX_AGG(1.0),Social expenditure aggregates,I,LVA,Latvia,A,Annual,SOCX,Social expenditure,PT_B1GQ,Percentage of GDP,ES10,Public,_T,Total,TP82,Housing,_Z,Not applicable,2019,,0.055,,A,Normal value,0,Units,1,One,_Z,Not applicable,,
DATAFLOW,OECD.ELS.SPD:DSD_SOCX_AGG@DF_SOCX_AGG(1.0),Social expenditure aggregates,I,LVA,Latvia,A,Annual,SOCX,Social expenditure,PT_B1GQ,Percentage of GDP,ES10,Public,_T,Total,TP82,Housing,_Z,Not applicable,2020,,0.056,,A,Normal value,0,Units,1,One,_Z,Not applicable,,
DATAFLOW,OECD.ELS.SPD:DSD_SOCX_AGG@DF_SOCX_AGG(1.0),Social expenditure aggregates,I,LVA,Latvia,A,Annual,SOCX,Social expenditure,PT_B1GQ,Percentage of GDP,ES10,Public,_T,Total,TP82,Housing,_Z,Not applicable,2021,,0.065,,A,Normal value,0,Units,1,One,_Z,Not applicable,,
DATAFLOW,OECD.ELS.SPD:DSD_SOCX_AGG@DF_SOCX_AGG(1.0),Social expenditure aggregates,I,SVN,Slovenia,A,Annual,SOCX,Social expenditure,PT_B1GQ,Percentage of GDP,ES10,Public,_T,Total,TP82,Housing,_Z,Not applicable,2005,,0.014,,A,Normal value,0,Units,1,One,_Z,Not applicable,,
DATAFLOW,OECD.ELS.SPD:DSD_SOCX_AGG@DF_SOCX_AGG(1.0),Social expenditure aggregates,I,SVN,Slovenia,A,Annual,SOCX,Social expenditure,PT_B1GQ,Percentage of GDP,ES10,Public,_T,Total,TP82,Housing,_Z,Not applicable,2006,,0.016,,A,Normal value,0,Units,1,One,_Z,Not applicable,,
DATAFLOW,OECD.ELS.SPD:DSD_SOCX_AGG@DF_SOCX_AGG(1.0),Social expenditure aggregates,I,SVN,Slovenia,A,Annual,SOCX,Social expenditure,PT_B1GQ,Percentage of GDP,ES10,Public,_T,Total,TP82,Housing,_Z,Not applicable,2007,,0.015,,A,Normal value,0,Units,1,One,_Z,Not applicable,,
DATAFLOW,OECD.ELS.SPD:DSD_SOCX_AGG@DF_SOCX_AGG(1.0),Social expenditure aggregates,I,SVN,Slovenia,A,Annual,SOCX,Social expenditure,PT_B1GQ,Percentage of GDP,ES10,Public,_T,Total,TP82,Housing,_Z,Not applicable,2008,,0.01,,A,Normal value,0,Units,1,One,_Z,Not applicable,,
DATAFLOW,OECD.ELS.SPD:DSD_SOCX_AGG@DF_SOCX_AGG(1.0),Social expenditure aggregates,I,SVN,Slovenia,A,Annual,SOCX,Social expenditure,PT_B1GQ,Percentage of GDP,ES10,Public,_T,Total,TP82,Housing,_Z,Not applicable,2009,,0.008,,A,Normal value,0,Units,1,One,_Z,Not applicable,,
DATAFLOW,OECD.ELS.SPD:DSD_SOCX_AGG@DF_SOCX_AGG(1.0),Social expenditure aggregates,I,SVN,Slovenia,A,Annual,SOCX,Social expenditure,PT_B1GQ,Percentage of GDP,ES10,Public,_T,Total,TP82,Housing,_Z,Not applicable,2010,,0.009,,A,Normal value,0,Units,1,One,_Z,Not applicable,,
DATAFLOW,OECD.ELS.SPD:DSD_SOCX_AGG@DF_SOCX_AGG(1.0),Social expenditure aggregates,I,SVN,Slovenia,A,Annual,SOCX,Social expenditure,PT_B1GQ,Percentage of GDP,ES10,Public,_T,Total,TP82,Housing,_Z,Not applicable,2011,,0.009,,A,Normal value,0,Units,1,One,_Z,Not applicable,,
DATAFLOW,OECD.ELS.SPD:DSD_SOCX_AGG@DF_SOCX_AGG(1.0),Social expenditure aggregates,I,SVN,Slovenia,A,Annual,SOCX,Social expenditure,PT_B1GQ,Percentage of GDP,ES10,Public,_T,Total,TP82,Housing,_Z,Not applicable,2012,,0.018,,A,Normal value,0,Units,1,One,_Z,Not applicable,,
DATAFLOW,OECD.ELS.SPD:DSD_SOCX_AGG@DF_SOCX_AGG(1.0),Social expenditure aggregates,I,SVN,Slovenia,A,Annual,SOCX,Social expenditure,PT_B1GQ,Percentage of GDP,ES10,Public,_T,Total,TP82,Housing,_Z,Not applicable,2013,,0.022,,A,Normal value,0,Units,1,One,_Z,Not applicable,,
DATAFLOW,OECD.ELS.SPD:DSD_SOCX_AGG@DF_SOCX_AGG(1.0),Social expenditure aggregates,I,SVN,Slovenia,A,Annual,SOCX,Social expenditure,PT_B1GQ,Percentage of GDP,ES10,Public,_T,Total,TP82,Housing,_Z,Not applicable,2014,,0.024,,A,Normal value,0,Units,1,One,_Z,Not applicable,,
DATAFLOW,OECD.ELS.SPD:DSD_SOCX_AGG@DF_SOCX_AGG(1.0),Social expenditure aggregates,I,SVN,Slovenia,A,Annual,SOCX,Social expenditure,PT_B1GQ,Percentage of GDP,ES10,Public,_T,Total,TP82,Housing,_Z,Not applicable,2015,,0.025,,A,Normal value,0,Units,1,One,_Z,Not applicable,,
DATAFLOW,OECD.ELS.SPD:DSD_SOCX_AGG@DF_SOCX_AGG(1.0),Social expenditure aggregates,I,SVN,Slovenia,A,Annual,SOCX,Social expenditure,PT_B1GQ,Percentage of GDP,ES10,Public,_T,Total,TP82,Housing,_Z,Not applicable,2016,,0.022,,A,Normal value,0,Units,1,One,_Z,Not applicable,,
DATAFLOW,OECD.ELS.SPD:DSD_SOCX_AGG@DF_SOCX_AGG(1.0),Social expenditure aggregates,I,SVN,Slovenia,A,Annual,SOCX,Social expenditure,PT_B1GQ,Percentage of GDP,ES10,Public,_T,Total,TP82,Housing,_Z,Not applicable,2017,,0.024,,A,Normal value,0,Units,1,One,_Z,Not applicable,,
DATAFLOW,OECD.ELS.SPD:DSD_SOCX_AGG@DF_SOCX_AGG(1.0),Social expenditure aggregates,I,SVN,Slovenia,A,Annual,SOCX,Social expenditure,PT_B1GQ,Percentage of GDP,ES10,Public,_T,Total,TP82,Housing,_Z,Not applicable,2018,,0.024,,A,Normal value,0,Units,1,One,_Z,Not applicable,,
DATAFLOW,OECD.ELS.SPD:DSD_SOCX_AGG@DF_SOCX_AGG(1.0),Social expenditure aggregates,I,SVN,Slovenia,A,Annual,SOCX,Social expenditure,PT_B1GQ,Percentage of GDP,ES10,Public,_T,Total,TP82,Housing,_Z,Not applicable,2019,,0.026,,A,Normal value,0,Units,1,One,_Z,Not applicable,,
DATAFLOW,OECD.ELS.SPD:DSD_SOCX_AGG@DF_SOCX_AGG(1.0),Social expenditure aggregates,I,SVN,Slovenia,A,Annual,SOCX,Social expenditure,PT_B1GQ,Percentage of GDP,ES10,Public,_T,Total,TP82,Housing,_Z,Not applicable,2020,,0.029,,A,Normal value,0,Units,1,One,_Z,Not applicable,,
DATAFLOW,OECD.ELS.SPD:DSD_SOCX_AGG@DF_SOCX_AGG(1.0),Social expenditure aggregates,I,SVN,Slovenia,A,Annual,SOCX,Social expenditure,PT_B1GQ,Percentage of GDP,ES10,Public,_T,Total,TP82,Housing,_Z,Not applicable,2021,,0.017,,A,Normal value,0,Units,1,One,_Z,Not applicable,,
DATAFLOW,OECD.ELS.SPD:DSD_SOCX_AGG@DF_SOCX_AGG(1.0),Social expenditure aggregates,I,LTU,Lithuania,A,Annual,SOCX,Social expenditure,PT_B1GQ,Percentage of GDP,ES10,Public,_T,Total,TP82,Housing,_Z,Not applicable,2001,,0.001,,A,Normal value,0,Units,1,One,_Z,Not applicable,,
DATAFLOW,OECD.ELS.SPD:DSD_SOCX_AGG@DF_SOCX_AGG(1.0),Social expenditure aggregates,I,LTU,Lithuania,A,Annual,SOCX,Social expenditure,PT_B1GQ,Percentage of GDP,ES10,Public,_T,Total,TP82,Housing,_Z,Not applicable,2002,,0.001,,A,Normal value,0,Units,1,One,_Z,Not applicable,,
DATAFLOW,OECD.ELS.SPD:DSD_SOCX_AGG@DF_SOCX_AGG(1.0),Social expenditure aggregates,I,LTU,Lithuania,A,Annual,SOCX,Social expenditure,PT_B1GQ,Percentage of GDP,ES10,Public,_T,Total,TP82,Housing,_Z,Not applicable,2003,,0.001,,A,Normal value,0,Units,1,One,_Z,Not applicable,,
DATAFLOW,OECD.ELS.SPD:DSD_SOCX_AGG@DF_SOCX_AGG(1.0),Social expenditure aggregates,I,LTU,Lithuania,A,Annual,SOCX,Social expenditure,PT_B1GQ,Percentage of GDP,ES10,Public,_T,Total,TP82,Housing,_Z,Not applicable,2004,,0.001,,A,Normal value,0,Units,1,One,_Z,Not applicable,,
DATAFLOW,OECD.ELS.SPD:DSD_SOCX_AGG@DF_SOCX_AGG(1.0),Social expenditure aggregates,I,LTU,Lithuania,A,Annual,SOCX,Social expenditure,PT_B1GQ,Percentage of GDP,ES10,Public,_T,Total,TP82,Housing,_Z,Not applicable,2005,,0.001,,A,Normal value,0,Units,1,One,_Z,Not applicable,,
DATAFLOW,OECD.ELS.SPD:DSD_SOCX_AGG@DF_SOCX_AGG(1.0),Social expenditure aggregates,I,LTU,Lithuania,A,Annual,SOCX,Social expenditure,PT_B1GQ,Percentage of GDP,ES10,Public,_T,Total,TP82,Housing,_Z,Not applicable,2006,,0.002,,A,Normal value,0,Units,1,One,_Z,Not applicable,,
DATAFLOW,OECD.ELS.SPD:DSD_SOCX_AGG@DF_SOCX_AGG(1.0),Social expenditure aggregates,I,LTU,Lithuania,A,Annual,SOCX,Social expenditure,PT_B1GQ,Percentage of GDP,ES10,Public,_T,Total,TP82,Housing,_Z,Not applicable,2007,,0.002,,A,Normal value,0,Units,1,One,_Z,Not applicable,,
DATAFLOW,OECD.ELS.SPD:DSD_SOCX_AGG@DF_SOCX_AGG(1.0),Social expenditure aggregates,I,LTU,Lithuania,A,Annual,SOCX,Social expenditure,PT_B1GQ,Percentage of GDP,ES10,Public,_T,Total,TP82,Housing,_Z,Not applicable,2008,,0.001,,A,Normal value,0,Units,1,One,_Z,Not applicable,,
DATAFLOW,OECD.ELS.SPD:DSD_SOCX_AGG@DF_SOCX_AGG(1.0),Social expenditure aggregates,I,LTU,Lithuania,A,Annual,SOCX,Social expenditure,PT_B1GQ,Percentage of GDP,ES10,Public,_T,Total,TP82,Housing,_Z,Not applicable,2009,,0.002,,A,Normal value,0,Units,1,One,_Z,Not applicable,,
DATAFLOW,OECD.ELS.SPD:DSD_SOCX_AGG@DF_SOCX_AGG(1.0),Social expenditure aggregates,I,LTU,Lithuania,A,Annual,SOCX,Social expenditure,PT_B1GQ,Percentage of GDP,ES10,Public,_T,Total,TP82,Housing,_Z,Not applicable,2010,,0.026,,A,Normal value,0,Units,1,One,_Z,Not applicable,,
DATAFLOW,OECD.ELS.SPD:DSD_SOCX_AGG@DF_SOCX_AGG(1.0),Social expenditure aggregates,I,LTU,Lithuania,A,Annual,SOCX,Social expenditure,PT_B1GQ,Percentage of GDP,ES10,Public,_T,Total,TP82,Housing,_Z,Not applicable,2011,,0.027,,A,Normal value,0,Units,1,One,_Z,Not applicable,,
DATAFLOW,OECD.ELS.SPD:DSD_SOCX_AGG@DF_SOCX_AGG(1.0),Social expenditure aggregates,I,LTU,Lithuania,A,Annual,SOCX,Social expenditure,PT_B1GQ,Percentage of GDP,ES10,Public,_T,Total,TP82,Housing,_Z,Not applicable,2012,,0.031,,A,Normal value,0,Units,1,One,_Z,Not applicable,,
DATAFLOW,OECD.ELS.SPD:DSD_SOCX_AGG@DF_SOCX_AGG(1.0),Social expenditure aggregates,I,LTU,Lithuania,A,Annual,SOCX,Social expenditure,PT_B1GQ,Percentage of GDP,ES10,Public,_T,Total,TP82,Housing,_Z,Not applicable,2013,,0.03,,A,Normal value,0,Units,1,One,_Z,Not applicable,,
DATAFLOW,OECD.ELS.SPD:DSD_SOCX_AGG@DF_SOCX_AGG(1.0),Social expenditure aggregates,I,LTU,Lithuania,A,Annual,SOCX,Social expenditure,PT_B1GQ,Percentage of GDP,ES10,Public,_T,Total,TP82,Housing,_Z,Not applicable,2014,,0.045,,A,Normal value,0,Units,1,One,_Z,Not applicable,,
DATAFLOW,OECD.ELS.SPD:DSD_SOCX_AGG@DF_SOCX_AGG(1.0),Social expenditure aggregates,I,LTU,Lithuania,A,Annual,SOCX,Social expenditure,PT_B1GQ,Percentage of GDP,ES10,Public,_T,Total,TP82,Housing,_Z,Not applicable,2015,,0.055,,A,Normal value,0,Units,1,One,_Z,Not applicable,,
DATAFLOW,OECD.ELS.SPD:DSD_SOCX_AGG@DF_SOCX_AGG(1.0),Social expenditure aggregates,I,LTU,Lithuania,A,Annual,SOCX,Social expenditure,PT_B1GQ,Percentage of GDP,ES10,Public,_T,Total,TP82,Housing,_Z,Not applicable,2016,,0.059,,A,Normal value,0,Units,1,One,_Z,Not applicable,,
DATAFLOW,OECD.ELS.SPD:DSD_SOCX_AGG@DF_SOCX_AGG(1.0),Social expenditure aggregates,I,LTU,Lithuania,A,Annual,SOCX,Social expenditure,PT_B1GQ,Percentage of GDP,ES10,Public,_T,Total,TP82,Housing,_Z,Not applicable,2017,,0.064,,A,Normal value,0,Units,1,One,_Z,Not applicable,,
DATAFLOW,OECD.ELS.SPD:DSD_SOCX_AGG@DF_SOCX_AGG(1.0),Social expenditure aggregates,I,LTU,Lithuania,A,Annual,SOCX,Social expenditure,PT_B1GQ,Percentage of GDP,ES10,Public,_T,Total,TP82,Housing,_Z,Not applicable,2018,,0.065,,A,Normal value,0,Units,1,One,_Z,Not applicable,,
DATAFLOW,OECD.ELS.SPD:DSD_SOCX_AGG@DF_SOCX_AGG(1.0),Social expenditure aggregates,I,LTU,Lithuania,A,Annual,SOCX,Social expenditure,PT_B1GQ,Percentage of GDP,ES10,Public,_T,Total,TP82,Housing,_Z,Not applicable,2019,,0.071,,A,Normal value,0,Units,1,One,_Z,Not applicable,,
DATAFLOW,OECD.ELS.SPD:DSD_SOCX_AGG@DF_SOCX_AGG(1.0),Social expenditure aggregates,I,LTU,Lithuania,A,Annual,SOCX,Social expenditure,PT_B1GQ,Percentage of GDP,ES10,Public,_T,Total,TP82,Housing,_Z,Not applicable,2020,,0.071,,A,Normal value,0,Units,1,One,_Z,Not applicable,,
DATAFLOW,OECD.ELS.SPD:DSD_SOCX_AGG@DF_SOCX_AGG(1.0),Social expenditure aggregates,I,LTU,Lithuania,A,Annual,SOCX,Social expenditure,PT_B1GQ,Percentage of GDP,ES10,Public,_T,Total,TP82,Housing,_Z,Not applicable,2021,,0.07,,A,Normal value,0,Units,1,One,_Z,Not applicable,,
DATAFLOW,OECD.ELS.SPD:DSD_SOCX_AGG@DF_SOCX_AGG(1.0),Social expenditure aggregates,I,SVK,Slovak Republic,A,Annual,SOCX,Social expenditure,PT_B1GQ,Percentage of GDP,ES10,Public,_T,Total,TP82,Housing,_Z,Not applicable,2000,,0.06,,A,Normal value,0,Units,1,One,_Z,Not applicable,,
DATAFLOW,OECD.ELS.SPD:DSD_SOCX_AGG@DF_SOCX_AGG(1.0),Social expenditure aggregates,I,SVK,Slovak Republic,A,Annual,SOCX,Social expenditure,PT_B1GQ,Percentage of GDP,ES10,Public,_T,Total,TP82,Housing,_Z,Not applicable,2001,,0.069,,A,Normal value,0,Units,1,One,_Z,Not applicable,,
DATAFLOW,OECD.ELS.SPD:DSD_SOCX_AGG@DF_SOCX_AGG(1.0),Social expenditure aggregates,I,SVK,Slovak Republic,A,Annual,SOCX,Social expenditure,PT_B1GQ,Percentage of GDP,ES10,Public,_T,Total,TP82,Housing,_Z,Not applicable,2002,,0.082,,A,Normal value,0,Units,1,One,_Z,Not applicable,,
DATAFLOW,OECD.ELS.SPD:DSD_SOCX_AGG@DF_SOCX_AGG(1.0),Social expenditure aggregates,I,SVK,Slovak Republic,A,Annual,SOCX,Social expenditure,PT_B1GQ,Percentage of GDP,ES10,Public,_T,Total,TP82,Housing,_Z,Not applicable,2003,,0.072,,A,Normal value,0,Units,1,One,_Z,Not applicable,,
DATAFLOW,OECD.ELS.SPD:DSD_SOCX_AGG@DF_SOCX_AGG(1.0),Social expenditure aggregates,I,SVK,Slovak Republic,A,Annual,SOCX,Social expenditure,PT_B1GQ,Percentage of GDP,ES10,Public,_T,Total,TP82,Housing,_Z,Not applicable,2004,,0.024,,A,Normal value,0,Units,1,One,_Z,Not applicable,,
DATAFLOW,OECD.ELS.SPD:DSD_SOCX_AGG@DF_SOCX_AGG(1.0),Social expenditure aggregates,I,SVK,Slovak Republic,A,Annual,SOCX,Social expenditure,PT_B1GQ,Percentage of GDP,ES10,Public,_T,Total,TP82,Housing,_Z,Not applicable,2007,,0.034,,A,Normal value,0,Units,1,One,_Z,Not applicable,,
DATAFLOW,OECD.ELS.SPD:DSD_SOCX_AGG@DF_SOCX_AGG(1.0),Social expenditure aggregates,I,SVK,Slovak Republic,A,Annual,SOCX,Social expenditure,PT_B1GQ,Percentage of GDP,ES10,Public,_T,Total,TP82,Housing,_Z,Not applicable,2008,,0.028,,A,Normal value,0,Units,1,One,_Z,Not applicable,,
DATAFLOW,OECD.ELS.SPD:DSD_SOCX_AGG@DF_SOCX_AGG(1.0),Social expenditure aggregates,I,SVK,Slovak Republic,A,Annual,SOCX,Social expenditure,PT_B1GQ,Percentage of GDP,ES10,Public,_T,Total,TP82,Housing,_Z,Not applicable,2009,,0.034,,A,Normal value,0,Units,1,One,_Z,Not applicable,,
DATAFLOW,OECD.ELS.SPD:DSD_SOCX_AGG@DF_SOCX_AGG(1.0),Social expenditure aggregates,I,SVK,Slovak Republic,A,Annual,SOCX,Social expenditure,PT_B1GQ,Percentage of GDP,ES10,Public,_T,Total,TP82,Housing,_Z,Not applicable,2010,,0.034,,A,Normal value,0,Units,1,One,_Z,Not applicable,,
DATAFLOW,OECD.ELS.SPD:DSD_SOCX_AGG@DF_SOCX_AGG(1.0),Social expenditure aggregates,I,SVK,Slovak Republic,A,Annual,SOCX,Social expenditure,PT_B1GQ,Percentage of GDP,ES10,Public,_T,Total,TP82,Housing,_Z,Not applicable,2011,,0.035,,A,Normal value,0,Units,1,One,_Z,Not applicable,,
DATAFLOW,OECD.ELS.SPD:DSD_SOCX_AGG@DF_SOCX_AGG(1.0),Social expenditure aggregates,I,SVK,Slovak Republic,A,Annual,SOCX,Social expenditure,PT_B1GQ,Percentage of GDP,ES10,Public,_T,Total,TP82,Housing,_Z,Not applicable,2012,,0.037,,A,Normal value,0,Units,1,One,_Z,Not applicable,,
DATAFLOW,OECD.ELS.SPD:DSD_SOCX_AGG@DF_SOCX_AGG(1.0),Social expenditure aggregates,I,SVK,Slovak Republic,A,Annual,SOCX,Social expenditure,PT_B1GQ,Percentage of GDP,ES10,Public,_T,Total,TP82,Housing,_Z,Not applicable,2013,,0.039,,A,Normal value,0,Units,1,One,_Z,Not applicable,,
DATAFLOW,OECD.ELS.SPD:DSD_SOCX_AGG@DF_SOCX_AGG(1.0),Social expenditure aggregates,I,SVK,Slovak Republic,A,Annual,SOCX,Social expenditure,PT_B1GQ,Percentage of GDP,ES10,Public,_T,Total,TP82,Housing,_Z,Not applicable,2014,,0.039,,A,Normal value,0,Units,1,One,_Z,Not applicable,,
DATAFLOW,OECD.ELS.SPD:DSD_SOCX_AGG@DF_SOCX_AGG(1.0),Social expenditure aggregates,I,SVK,Slovak Republic,A,Annual,SOCX,Social expenditure,PT_B1GQ,Percentage of GDP,ES10,Public,_T,Total,TP82,Housing,_Z,Not applicable,2015,,0.041,,A,Normal value,0,Units,1,One,_Z,Not applicable,,
DATAFLOW,OECD.ELS.SPD:DSD_SOCX_AGG@DF_SOCX_AGG(1.0),Social expenditure aggregates,I,SVK,Slovak Republic,A,Annual,SOCX,Social expenditure,PT_B1GQ,Percentage of GDP,ES10,Public,_T,Total,TP82,Housing,_Z,Not applicable,2016,,0.036,,A,Normal value,0,Units,1,One,_Z,Not applicable,,
DATAFLOW,OECD.ELS.SPD:DSD_SOCX_AGG@DF_SOCX_AGG(1.0),Social expenditure aggregates,I,SVK,Slovak Republic,A,Annual,SOCX,Social expenditure,PT_B1GQ,Percentage of GDP,ES10,Public,_T,Total,TP82,Housing,_Z,Not applicable,2017,,0.036,,A,Normal value,0,Units,1,One,_Z,Not applicable,,
DATAFLOW,OECD.ELS.SPD:DSD_SOCX_AGG@DF_SOCX_AGG(1.0),Social expenditure aggregates,I,SVK,Slovak Republic,A,Annual,SOCX,Social expenditure,PT_B1GQ,Percentage of GDP,ES10,Public,_T,Total,TP82,Housing,_Z,Not applicable,2018,,0.036,,A,Normal value,0,Units,1,One,_Z,Not applicable,,
DATAFLOW,OECD.ELS.SPD:DSD_SOCX_AGG@DF_SOCX_AGG(1.0),Social expenditure aggregates,I,SVK,Slovak Republic,A,Annual,SOCX,Social expenditure,PT_B1GQ,Percentage of GDP,ES10,Public,_T,Total,TP82,Housing,_Z,Not applicable,2019,,0.035,,A,Normal value,0,Units,1,One,_Z,Not applicable,,
DATAFLOW,OECD.ELS.SPD:DSD_SOCX_AGG@DF_SOCX_AGG(1.0),Social expenditure aggregates,I,SVK,Slovak Republic,A,Annual,SOCX,Social expenditure,PT_B1GQ,Percentage of GDP,ES10,Public,_T,Total,TP82,Housing,_Z,Not applicable,2020,,0.037,,A,Normal value,0,Units,1,One,_Z,Not applicable,,
DATAFLOW,OECD.ELS.SPD:DSD_SOCX_AGG@DF_SOCX_AGG(1.0),Social expenditure aggregates,I,SVK,Slovak Republic,A,Annual,SOCX,Social expenditure,PT_B1GQ,Percentage of GDP,ES10,Public,_T,Total,TP82,Housing,_Z,Not applicable,2021,,0.037,,A,Normal value,0,Units,1,One,_Z,Not applicable,,
DATAFLOW,OECD.ELS.SPD:DSD_SOCX_AGG@DF_SOCX_AGG(1.0),Social expenditure aggregates,I,MEX,Mexico,A,Annual,SOCX,Social expenditure,PT_B1GQ,Percentage of GDP,ES10,Public,_T,Total,TP82,Housing,_Z,Not applicable,1985,,0.571,,A,Normal value,0,Units,1,One,_Z,Not applicable,,
DATAFLOW,OECD.ELS.SPD:DSD_SOCX_AGG@DF_SOCX_AGG(1.0),Social expenditure aggregates,I,MEX,Mexico,A,Annual,SOCX,Social expenditure,PT_B1GQ,Percentage of GDP,ES10,Public,_T,Total,TP82,Housing,_Z,Not applicable,1986,,0.541,,A,Normal value,0,Units,1,One,_Z,Not applicable,,
DATAFLOW,OECD.ELS.SPD:DSD_SOCX_AGG@DF_SOCX_AGG(1.0),Social expenditure aggregates,I,MEX,Mexico,A,Annual,SOCX,Social expenditure,PT_B1GQ,Percentage of GDP,ES10,Public,_T,Total,TP82,Housing,_Z,Not applicable,1987,,0.474,,A,Normal value,0,Units,1,One,_Z,Not applicable,,
DATAFLOW,OECD.ELS.SPD:DSD_SOCX_AGG@DF_SOCX_AGG(1.0),Social expenditure aggregates,I,MEX,Mexico,A,Annual,SOCX,Social expenditure,PT_B1GQ,Percentage of GDP,ES10,Public,_T,Total,TP82,Housing,_Z,Not applicable,1988,,0.506,,A,Normal value,0,Units,1,One,_Z,Not applicable,,
DATAFLOW,OECD.ELS.SPD:DSD_SOCX_AGG@DF_SOCX_AGG(1.0),Social expenditure aggregates,I,MEX,Mexico,A,Annual,SOCX,Social expenditure,PT_B1GQ,Percentage of GDP,ES10,Public,_T,Total,TP82,Housing,_Z,Not applicable,1989,,0.471,,A,Normal value,0,Units,1,One,_Z,Not applicable,,
DATAFLOW,OECD.ELS.SPD:DSD_SOCX_AGG@DF_SOCX_AGG(1.0),Social expenditure aggregates,I,MEX,Mexico,A,Annual,SOCX,Social expenditure,PT_B1GQ,Percentage of GDP,ES10,Public,_T,Total,TP82,Housing,_Z,Not applicable,1990,,0.535,,A,Normal value,0,Units,1,One,_Z,Not applicable,,
DATAFLOW,OECD.ELS.SPD:DSD_SOCX_AGG@DF_SOCX_AGG(1.0),Social expenditure aggregates,I,MEX,Mexico,A,Annual,SOCX,Social expenditure,PT_B1GQ,Percentage of GDP,ES10,Public,_T,Total,TP82,Housing,_Z,Not applicable,1991,,0.501,,A,Normal value,0,Units,1,One,_Z,Not applicable,,
DATAFLOW,OECD.ELS.SPD:DSD_SOCX_AGG@DF_SOCX_AGG(1.0),Social expenditure aggregates,I,MEX,Mexico,A,Annual,SOCX,Social expenditure,PT_B1GQ,Percentage of GDP,ES10,Public,_T,Total,TP82,Housing,_Z,Not applicable,1992,,0.522,,A,Normal value,0,Units,1,One,_Z,Not applicable,,
DATAFLOW,OECD.ELS.SPD:DSD_SOCX_AGG@DF_SOCX_AGG(1.0),Social expenditure aggregates,I,MEX,Mexico,A,Annual,SOCX,Social expenditure,PT_B1GQ,Percentage of GDP,ES10,Public,_T,Total,TP82,Housing,_Z,Not applicable,1993,,0.649,,A,Normal value,0,Units,1,One,_Z,Not applicable,,
DATAFLOW,OECD.ELS.SPD:DSD_SOCX_AGG@DF_SOCX_AGG(1.0),Social expenditure aggregates,I,MEX,Mexico,A,Annual,SOCX,Social expenditure,PT_B1GQ,Percentage of GDP,ES10,Public,_T,Total,TP82,Housing,_Z,Not applicable,1994,,0.594,,A,Normal value,0,Units,1,One,_Z,Not applicable,,
DATAFLOW,OECD.ELS.SPD:DSD_SOCX_AGG@DF_SOCX_AGG(1.0),Social expenditure aggregates,I,MEX,Mexico,A,Annual,SOCX,Social expenditure,PT_B1GQ,Percentage of GDP,ES10,Public,_T,Total,TP82,Housing,_Z,Not applicable,1995,,0.449,,A,Normal value,0,Units,1,One,_Z,Not applicable,,
DATAFLOW,OECD.ELS.SPD:DSD_SOCX_AGG@DF_SOCX_AGG(1.0),Social expenditure aggregates,I,MEX,Mexico,A,Annual,SOCX,Social expenditure,PT_B1GQ,Percentage of GDP,ES10,Public,_T,Total,TP82,Housing,_Z,Not applicable,1996,,0.427,,A,Normal value,0,Units,1,One,_Z,Not applicable,,
DATAFLOW,OECD.ELS.SPD:DSD_SOCX_AGG@DF_SOCX_AGG(1.0),Social expenditure aggregates,I,MEX,Mexico,A,Annual,SOCX,Social expenditure,PT_B1GQ,Percentage of GDP,ES10,Public,_T,Total,TP82,Housing,_Z,Not applicable,1997,,0.348,,A,Normal value,0,Units,1,One,_Z,Not applicable,,
DATAFLOW,OECD.ELS.SPD:DSD_SOCX_AGG@DF_SOCX_AGG(1.0),Social expenditure aggregates,I,MEX,Mexico,A,Annual,SOCX,Social expenditure,PT_B1GQ,Percentage of GDP,ES10,Public,_T,Total,TP82,Housing,_Z,Not applicable,1998,,0.36,,A,Normal value,0,Units,1,One,_Z,Not applicable,,
DATAFLOW,OECD.ELS.SPD:DSD_SOCX_AGG@DF_SOCX_AGG(1.0),Social expenditure aggregates,I,MEX,Mexico,A,Annual,SOCX,Social expenditure,PT_B1GQ,Percentage of GDP,ES10,Public,_T,Total,TP82,Housing,_Z,Not applicable,1999,,0.597,,A,Normal value,0,Units,1,One,_Z,Not applicable,,
DATAFLOW,OECD.ELS.SPD:DSD_SOCX_AGG@DF_SOCX_AGG(1.0),Social expenditure aggregates,I,MEX,Mexico,A,Annual,SOCX,Social expenditure,PT_B1GQ,Percentage of GDP,ES10,Public,_T,Total,TP82,Housing,_Z,Not applicable,2000,,0.684,,A,Normal value,0,Units,1,One,_Z,Not applicable,,
DATAFLOW,OECD.ELS.SPD:DSD_SOCX_AGG@DF_SOCX_AGG(1.0),Social expenditure aggregates,I,MEX,Mexico,A,Annual,SOCX,Social expenditure,PT_B1GQ,Percentage of GDP,ES10,Public,_T,Total,TP82,Housing,_Z,Not applicable,2001,,0.587,,A,Normal value,0,Units,1,One,_Z,Not applicable,,
DATAFLOW,OECD.ELS.SPD:DSD_SOCX_AGG@DF_SOCX_AGG(1.0),Social expenditure aggregates,I,MEX,Mexico,A,Annual,SOCX,Social expenditure,PT_B1GQ,Percentage of GDP,ES10,Public,_T,Total,TP82,Housing,_Z,Not applicable,2002,,0.723,,A,Normal value,0,Units,1,One,_Z,Not applicable,,
DATAFLOW,OECD.ELS.SPD:DSD_SOCX_AGG@DF_SOCX_AGG(1.0),Social expenditure aggregates,I,MEX,Mexico,A,Annual,SOCX,Social expenditure,PT_B1GQ,Percentage of GDP,ES10,Public,_T,Total,TP82,Housing,_Z,Not applicable,2003,,0.933,,A,Normal value,0,Units,1,One,_Z,Not applicable,,
DATAFLOW,OECD.ELS.SPD:DSD_SOCX_AGG@DF_SOCX_AGG(1.0),Social expenditure aggregates,I,MEX,Mexico,A,Annual,SOCX,Social expenditure,PT_B1GQ,Percentage of GDP,ES10,Public,_T,Total,TP82,Housing,_Z,Not applicable,2004,,0.838,,A,Normal value,0,Units,1,One,_Z,Not applicable,,
DATAFLOW,OECD.ELS.SPD:DSD_SOCX_AGG@DF_SOCX_AGG(1.0),Social expenditure aggregates,I,MEX,Mexico,A,Annual,SOCX,Social expenditure,PT_B1GQ,Percentage of GDP,ES10,Public,_T,Total,TP82,Housing,_Z,Not applicable,2005,,0.975,,A,Normal value,0,Units,1,One,_Z,Not applicable,,
DATAFLOW,OECD.ELS.SPD:DSD_SOCX_AGG@DF_SOCX_AGG(1.0),Social expenditure aggregates,I,MEX,Mexico,A,Annual,SOCX,Social expenditure,PT_B1GQ,Percentage of GDP,ES10,Public,_T,Total,TP82,Housing,_Z,Not applicable,2006,,1.157,,A,Normal value,0,Units,1,One,_Z,Not applicable,,
DATAFLOW,OECD.ELS.SPD:DSD_SOCX_AGG@DF_SOCX_AGG(1.0),Social expenditure aggregates,I,MEX,Mexico,A,Annual,SOCX,Social expenditure,PT_B1GQ,Percentage of GDP,ES10,Public,_T,Total,TP82,Housing,_Z,Not applicable,2007,,0.973,,A,Normal value,0,Units,1,One,_Z,Not applicable,,
DATAFLOW,OECD.ELS.SPD:DSD_SOCX_AGG@DF_SOCX_AGG(1.0),Social expenditure aggregates,I,MEX,Mexico,A,Annual,SOCX,Social expenditure,PT_B1GQ,Percentage of GDP,ES10,Public,_T,Total,TP82,Housing,_Z,Not applicable,2008,,1.127,,A,Normal value,0,Units,1,One,_Z,Not applicable,,
DATAFLOW,OECD.ELS.SPD:DSD_SOCX_AGG@DF_SOCX_AGG(1.0),Social expenditure aggregates,I,MEX,Mexico,A,Annual,SOCX,Social expenditure,PT_B1GQ,Percentage of GDP,ES10,Public,_T,Total,TP82,Housing,_Z,Not applicable,2009,,1.187,,A,Normal value,0,Units,1,One,_Z,Not applicable,,
DATAFLOW,OECD.ELS.SPD:DSD_SOCX_AGG@DF_SOCX_AGG(1.0),Social expenditure aggregates,I,MEX,Mexico,A,Annual,SOCX,Social expenditure,PT_B1GQ,Percentage of GDP,ES10,Public,_T,Total,TP82,Housing,_Z,Not applicable,2010,,1.14,,A,Normal value,0,Units,1,One,_Z,Not applicable,,
DATAFLOW,OECD.ELS.SPD:DSD_SOCX_AGG@DF_SOCX_AGG(1.0),Social expenditure aggregates,I,MEX,Mexico,A,Annual,SOCX,Social expenditure,PT_B1GQ,Percentage of GDP,ES10,Public,_T,Total,TP82,Housing,_Z,Not applicable,2011,,1.012,,A,Normal value,0,Units,1,One,_Z,Not applicable,,
DATAFLOW,OECD.ELS.SPD:DSD_SOCX_AGG@DF_SOCX_AGG(1.0),Social expenditure aggregates,I,MEX,Mexico,A,Annual,SOCX,Social expenditure,PT_B1GQ,Percentage of GDP,ES10,Public,_T,Total,TP82,Housing,_Z,Not applicable,2012,,0.892,,A,Normal value,0,Units,1,One,_Z,Not applicable,,
DATAFLOW,OECD.ELS.SPD:DSD_SOCX_AGG@DF_SOCX_AGG(1.0),Social expenditure aggregates,I,MEX,Mexico,A,Annual,SOCX,Social expenditure,PT_B1GQ,Percentage of GDP,ES10,Public,_T,Total,TP82,Housing,_Z,Not applicable,2013,,0.827,,A,Normal value,0,Units,1,One,_Z,Not applicable,,
DATAFLOW,OECD.ELS.SPD:DSD_SOCX_AGG@DF_SOCX_AGG(1.0),Social expenditure aggregates,I,MEX,Mexico,A,Annual,SOCX,Social expenditure,PT_B1GQ,Percentage of GDP,ES10,Public,_T,Total,TP82,Housing,_Z,Not applicable,2014,,0.839,,A,Normal value,0,Units,1,One,_Z,Not applicable,,
DATAFLOW,OECD.ELS.SPD:DSD_SOCX_AGG@DF_SOCX_AGG(1.0),Social expenditure aggregates,I,MEX,Mexico,A,Annual,SOCX,Social expenditure,PT_B1GQ,Percentage of GDP,ES10,Public,_T,Total,TP82,Housing,_Z,Not applicable,2015,,0.864,,A,Normal value,0,Units,1,One,_Z,Not applicable,,
DATAFLOW,OECD.ELS.SPD:DSD_SOCX_AGG@DF_SOCX_AGG(1.0),Social expenditure aggregates,I,MEX,Mexico,A,Annual,SOCX,Social expenditure,PT_B1GQ,Percentage of GDP,ES10,Public,_T,Total,TP82,Housing,_Z,Not applicable,2016,,0.799,,A,Normal value,0,Units,1,One,_Z,Not applicable,,
DATAFLOW,OECD.ELS.SPD:DSD_SOCX_AGG@DF_SOCX_AGG(1.0),Social expenditure aggregates,I,MEX,Mexico,A,Annual,SOCX,Social expenditure,PT_B1GQ,Percentage of GDP,ES10,Public,_T,Total,TP82,Housing,_Z,Not applicable,2017,,0.676,,A,Normal value,0,Units,1,One,_Z,Not applicable,,
DATAFLOW,OECD.ELS.SPD:DSD_SOCX_AGG@DF_SOCX_AGG(1.0),Social expenditure aggregates,I,MEX,Mexico,A,Annual,SOCX,Social expenditure,PT_B1GQ,Percentage of GDP,ES10,Public,_T,Total,TP82,Housing,_Z,Not applicable,2018,,0.612,,A,Normal value,0,Units,1,One,_Z,Not applicable,,
DATAFLOW,OECD.ELS.SPD:DSD_SOCX_AGG@DF_SOCX_AGG(1.0),Social expenditure aggregates,I,MEX,Mexico,A,Annual,SOCX,Social expenditure,PT_B1GQ,Percentage of GDP,ES10,Public,_T,Total,TP82,Housing,_Z,Not applicable,2019,,0.566,,A,Normal value,0,Units,1,One,_Z,Not applicable,,
DATAFLOW,OECD.ELS.SPD:DSD_SOCX_AGG@DF_SOCX_AGG(1.0),Social expenditure aggregates,I,MEX,Mexico,A,Annual,SOCX,Social expenditure,PT_B1GQ,Percentage of GDP,ES10,Public,_T,Total,TP82,Housing,_Z,Not applicable,2020,,0.563,,A,Normal value,0,Units,1,One,_Z,Not applicable,,
DATAFLOW,OECD.ELS.SPD:DSD_SOCX_AGG@DF_SOCX_AGG(1.0),Social expenditure aggregates,I,MEX,Mexico,A,Annual,SOCX,Social expenditure,PT_B1GQ,Percentage of GDP,ES10,Public,_T,Total,TP82,Housing,_Z,Not applicable,2021,,0.497,,A,Normal value,0,Units,1,One,_Z,Not applicable,,
DATAFLOW,OECD.ELS.SPD:DSD_SOCX_AGG@DF_SOCX_AGG(1.0),Social expenditure aggregates,I,MEX,Mexico,A,Annual,SOCX,Social expenditure,PT_B1GQ,Percentage of GDP,ES10,Public,_T,Total,TP82,Housing,_Z,Not applicable,2022,,0.436,,A,Normal value,0,Units,1,One,_Z,Not applicable,,
DATAFLOW,OECD.ELS.SPD:DSD_SOCX_AGG@DF_SOCX_AGG(1.0),Social expenditure aggregates,I,MEX,Mexico,A,Annual,SOCX,Social expenditure,PT_B1GQ,Percentage of GDP,ES10,Public,_T,Total,TP82,Housing,_Z,Not applicable,2023,,0.372,,A,Normal value,0,Units,1,One,_Z,Not applicable,,
DATAFLOW,OECD.ELS.SPD:DSD_SOCX_AGG@DF_SOCX_AGG(1.0),Social expenditure aggregates,I,USA,United States,A,Annual,SOCX,Social expenditure,PT_B1GQ,Percentage of GDP,ES10,Public,_T,Total,TP82,Housing,_Z,Not applicable,1983,,0.263,,A,Normal value,0,Units,1,One,_Z,Not applicable,,
DATAFLOW,OECD.ELS.SPD:DSD_SOCX_AGG@DF_SOCX_AGG(1.0),Social expenditure aggregates,I,USA,United States,A,Annual,SOCX,Social expenditure,PT_B1GQ,Percentage of GDP,ES10,Public,_T,Total,TP82,Housing,_Z,Not applicable,1984,,0.252,,A,Normal value,0,Units,1,One,_Z,Not applicable,,
DATAFLOW,OECD.ELS.SPD:DSD_SOCX_AGG@DF_SOCX_AGG(1.0),Social expenditure aggregates,I,USA,United States,A,Annual,SOCX,Social expenditure,PT_B1GQ,Percentage of GDP,ES10,Public,_T,Total,TP82,Housing,_Z,Not applicable,1985,,0.263,,A,Normal value,0,Units,1,One,_Z,Not applicable,,
DATAFLOW,OECD.ELS.SPD:DSD_SOCX_AGG@DF_SOCX_AGG(1.0),Social expenditure aggregates,I,USA,United States,A,Annual,SOCX,Social expenditure,PT_B1GQ,Percentage of GDP,ES10,Public,_T,Total,TP82,Housing,_Z,Not applicable,1986,,0.272,,A,Normal value,0,Units,1,One,_Z,Not applicable,,
DATAFLOW,OECD.ELS.SPD:DSD_SOCX_AGG@DF_SOCX_AGG(1.0),Social expenditure aggregates,I,USA,United States,A,Annual,SOCX,Social expenditure,PT_B1GQ,Percentage of GDP,ES10,Public,_T,Total,TP82,Housing,_Z,Not applicable,1987,,0.264,,A,Normal value,0,Units,1,One,_Z,Not applicable,,
DATAFLOW,OECD.ELS.SPD:DSD_SOCX_AGG@DF_SOCX_AGG(1.0),Social expenditure aggregates,I,USA,United States,A,Annual,SOCX,Social expenditure,PT_B1GQ,Percentage of GDP,ES10,Public,_T,Total,TP82,Housing,_Z,Not applicable,1988,,0.269,,A,Normal value,0,Units,1,One,_Z,Not applicable,,
DATAFLOW,OECD.ELS.SPD:DSD_SOCX_AGG@DF_SOCX_AGG(1.0),Social expenditure aggregates,I,USA,United States,A,Annual,SOCX,Social expenditure,PT_B1GQ,Percentage of GDP,ES10,Public,_T,Total,TP82,Housing,_Z,Not applicable,1989,,0.265,,A,Normal value,0,Units,1,One,_Z,Not applicable,,
DATAFLOW,OECD.ELS.SPD:DSD_SOCX_AGG@DF_SOCX_AGG(1.0),Social expenditure aggregates,I,USA,United States,A,Annual,SOCX,Social expenditure,PT_B1GQ,Percentage of GDP,ES10,Public,_T,Total,TP82,Housing,_Z,Not applicable,1990,,0.271,,A,Normal value,0,Units,1,One,_Z,Not applicable,,
DATAFLOW,OECD.ELS.SPD:DSD_SOCX_AGG@DF_SOCX_AGG(1.0),Social expenditure aggregates,I,USA,United States,A,Annual,SOCX,Social expenditure,PT_B1GQ,Percentage of GDP,ES10,Public,_T,Total,TP82,Housing,_Z,Not applicable,1991,,0.282,,A,Normal value,0,Units,1,One,_Z,Not applicable,,
DATAFLOW,OECD.ELS.SPD:DSD_SOCX_AGG@DF_SOCX_AGG(1.0),Social expenditure aggregates,I,USA,United States,A,Annual,SOCX,Social expenditure,PT_B1GQ,Percentage of GDP,ES10,Public,_T,Total,TP82,Housing,_Z,Not applicable,1992,,0.294,,A,Normal value,0,Units,1,One,_Z,Not applicable,,
DATAFLOW,OECD.ELS.SPD:DSD_SOCX_AGG@DF_SOCX_AGG(1.0),Social expenditure aggregates,I,USA,United States,A,Annual,SOCX,Social expenditure,PT_B1GQ,Percentage of GDP,ES10,Public,_T,Total,TP82,Housing,_Z,Not applicable,1993,,0.309,,A,Normal value,0,Units,1,One,_Z,Not applicable,,
DATAFLOW,OECD.ELS.SPD:DSD_SOCX_AGG@DF_SOCX_AGG(1.0),Social expenditure aggregates,I,USA,United States,A,Annual,SOCX,Social expenditure,PT_B1GQ,Percentage of GDP,ES10,Public,_T,Total,TP82,Housing,_Z,Not applicable,1994,,0.313,,A,Normal value,0,Units,1,One,_Z,Not applicable,,
DATAFLOW,OECD.ELS.SPD:DSD_SOCX_AGG@DF_SOCX_AGG(1.0),Social expenditure aggregates,I,USA,United States,A,Annual,SOCX,Social expenditure,PT_B1GQ,Percentage of GDP,ES10,Public,_T,Total,TP82,Housing,_Z,Not applicable,1995,,0.339,,A,Normal value,0,Units,1,One,_Z,Not applicable,,
DATAFLOW,OECD.ELS.SPD:DSD_SOCX_AGG@DF_SOCX_AGG(1.0),Social expenditure aggregates,I,USA,United States,A,Annual,SOCX,Social expenditure,PT_B1GQ,Percentage of GDP,ES10,Public,_T,Total,TP82,Housing,_Z,Not applicable,1996,,0.308,,A,Normal value,0,Units,1,One,_Z,Not applicable,,
DATAFLOW,OECD.ELS.SPD:DSD_SOCX_AGG@DF_SOCX_AGG(1.0),Social expenditure aggregates,I,USA,United States,A,Annual,SOCX,Social expenditure,PT_B1GQ,Percentage of GDP,ES10,Public,_T,Total,TP82,Housing,_Z,Not applicable,1997,,0.281,,A,Normal value,0,Units,1,One,_Z,Not applicable,,
DATAFLOW,OECD.ELS.SPD:DSD_SOCX_AGG@DF_SOCX_AGG(1.0),Social expenditure aggregates,I,USA,United States,A,Annual,SOCX,Social expenditure,PT_B1GQ,Percentage of GDP,ES10,Public,_T,Total,TP82,Housing,_Z,Not applicable,1998,,0.277,,A,Normal value,0,Units,1,One,_Z,Not applicable,,
DATAFLOW,OECD.ELS.SPD:DSD_SOCX_AGG@DF_SOCX_AGG(1.0),Social expenditure aggregates,I,USA,United States,A,Annual,SOCX,Social expenditure,PT_B1GQ,Percentage of GDP,ES10,Public,_T,Total,TP82,Housing,_Z,Not applicable,1999,,0.241,,A,Normal value,0,Units,1,One,_Z,Not applicable,,
DATAFLOW,OECD.ELS.SPD:DSD_SOCX_AGG@DF_SOCX_AGG(1.0),Social expenditure aggregates,I,USA,United States,A,Annual,SOCX,Social expenditure,PT_B1GQ,Percentage of GDP,ES10,Public,_T,Total,TP82,Housing,_Z,Not applicable,2000,,0.283,,A,Normal value,0,Units,1,One,_Z,Not applicable,,
DATAFLOW,OECD.ELS.SPD:DSD_SOCX_AGG@DF_SOCX_AGG(1.0),Social expenditure aggregates,I,USA,United States,A,Annual,SOCX,Social expenditure,PT_B1GQ,Percentage of GDP,ES10,Public,_T,Total,TP82,Housing,_Z,Not applicable,2001,,0.284,,A,Normal value,0,Units,1,One,_Z,Not applicable,,
DATAFLOW,OECD.ELS.SPD:DSD_SOCX_AGG@DF_SOCX_AGG(1.0),Social expenditure aggregates,I,USA,United States,A,Annual,SOCX,Social expenditure,PT_B1GQ,Percentage of GDP,ES10,Public,_T,Total,TP82,Housing,_Z,Not applicable,2002,,0.302,,A,Normal value,0,Units,1,One,_Z,Not applicable,,
DATAFLOW,OECD.ELS.SPD:DSD_SOCX_AGG@DF_SOCX_AGG(1.0),Social expenditure aggregates,I,USA,United States,A,Annual,SOCX,Social expenditure,PT_B1GQ,Percentage of GDP,ES10,Public,_T,Total,TP82,Housing,_Z,Not applicable,2003,,0.31,,A,Normal value,0,Units,1,One,_Z,Not applicable,,
DATAFLOW,OECD.ELS.SPD:DSD_SOCX_AGG@DF_SOCX_AGG(1.0),Social expenditure aggregates,I,USA,United States,A,Annual,SOCX,Social expenditure,PT_B1GQ,Percentage of GDP,ES10,Public,_T,Total,TP82,Housing,_Z,Not applicable,2004,,0.303,,A,Normal value,0,Units,1,One,_Z,Not applicable,,
DATAFLOW,OECD.ELS.SPD:DSD_SOCX_AGG@DF_SOCX_AGG(1.0),Social expenditure aggregates,I,USA,United States,A,Annual,SOCX,Social expenditure,PT_B1GQ,Percentage of GDP,ES10,Public,_T,Total,TP82,Housing,_Z,Not applicable,2005,,0.292,,A,Normal value,0,Units,1,One,_Z,Not applicable,,
DATAFLOW,OECD.ELS.SPD:DSD_SOCX_AGG@DF_SOCX_AGG(1.0),Social expenditure aggregates,I,USA,United States,A,Annual,SOCX,Social expenditure,PT_B1GQ,Percentage of GDP,ES10,Public,_T,Total,TP82,Housing,_Z,Not applicable,2006,,0.279,,A,Normal value,0,Units,1,One,_Z,Not applicable,,
DATAFLOW,OECD.ELS.SPD:DSD_SOCX_AGG@DF_SOCX_AGG(1.0),Social expenditure aggregates,I,USA,United States,A,Annual,SOCX,Social expenditure,PT_B1GQ,Percentage of GDP,ES10,Public,_T,Total,TP82,Housing,_Z,Not applicable,2007,,0.272,,A,Normal value,0,Units,1,One,_Z,Not applicable,,
DATAFLOW,OECD.ELS.SPD:DSD_SOCX_AGG@DF_SOCX_AGG(1.0),Social expenditure aggregates,I,USA,United States,A,Annual,SOCX,Social expenditure,PT_B1GQ,Percentage of GDP,ES10,Public,_T,Total,TP82,Housing,_Z,Not applicable,2008,,0.269,,A,Normal value,0,Units,1,One,_Z,Not applicable,,
DATAFLOW,OECD.ELS.SPD:DSD_SOCX_AGG@DF_SOCX_AGG(1.0),Social expenditure aggregates,I,USA,United States,A,Annual,SOCX,Social expenditure,PT_B1GQ,Percentage of GDP,ES10,Public,_T,Total,TP82,Housing,_Z,Not applicable,2009,,0.343,,A,Normal value,0,Units,1,One,_Z,Not applicable,,
DATAFLOW,OECD.ELS.SPD:DSD_SOCX_AGG@DF_SOCX_AGG(1.0),Social expenditure aggregates,I,USA,United States,A,Annual,SOCX,Social expenditure,PT_B1GQ,Percentage of GDP,ES10,Public,_T,Total,TP82,Housing,_Z,Not applicable,2010,,0.386,,A,Normal value,0,Units,1,One,_Z,Not applicable,,
DATAFLOW,OECD.ELS.SPD:DSD_SOCX_AGG@DF_SOCX_AGG(1.0),Social expenditure aggregates,I,USA,United States,A,Annual,SOCX,Social expenditure,PT_B1GQ,Percentage of GDP,ES10,Public,_T,Total,TP82,Housing,_Z,Not applicable,2011,,0.352,,A,Normal value,0,Units,1,One,_Z,Not applicable,,
DATAFLOW,OECD.ELS.SPD:DSD_SOCX_AGG@DF_SOCX_AGG(1.0),Social expenditure aggregates,I,USA,United States,A,Annual,SOCX,Social expenditure,PT_B1GQ,Percentage of GDP,ES10,Public,_T,Total,TP82,Housing,_Z,Not applicable,2012,,0.291,,A,Normal value,0,Units,1,One,_Z,Not applicable,,
DATAFLOW,OECD.ELS.SPD:DSD_SOCX_AGG@DF_SOCX_AGG(1.0),Social expenditure aggregates,I,USA,United States,A,Annual,SOCX,Social expenditure,PT_B1GQ,Percentage of GDP,ES10,Public,_T,Total,TP82,Housing,_Z,Not applicable,2013,,0.273,,A,Normal value,0,Units,1,One,_Z,Not applicable,,
DATAFLOW,OECD.ELS.SPD:DSD_SOCX_AGG@DF_SOCX_AGG(1.0),Social expenditure aggregates,I,USA,United States,A,Annual,SOCX,Social expenditure,PT_B1GQ,Percentage of GDP,ES10,Public,_T,Total,TP82,Housing,_Z,Not applicable,2014,,0.267,,A,Normal value,0,Units,1,One,_Z,Not applicable,,
DATAFLOW,OECD.ELS.SPD:DSD_SOCX_AGG@DF_SOCX_AGG(1.0),Social expenditure aggregates,I,USA,United States,A,Annual,SOCX,Social expenditure,PT_B1GQ,Percentage of GDP,ES10,Public,_T,Total,TP82,Housing,_Z,Not applicable,2015,,0.258,,A,Normal value,0,Units,1,One,_Z,Not applicable,,
DATAFLOW,OECD.ELS.SPD:DSD_SOCX_AGG@DF_SOCX_AGG(1.0),Social expenditure aggregates,I,USA,United States,A,Annual,SOCX,Social expenditure,PT_B1GQ,Percentage of GDP,ES10,Public,_T,Total,TP82,Housing,_Z,Not applicable,2016,,0.257,,A,Normal value,0,Units,1,One,_Z,Not applicable,,
DATAFLOW,OECD.ELS.SPD:DSD_SOCX_AGG@DF_SOCX_AGG(1.0),Social expenditure aggregates,I,USA,United States,A,Annual,SOCX,Social expenditure,PT_B1GQ,Percentage of GDP,ES10,Public,_T,Total,TP82,Housing,_Z,Not applicable,2017,,0.252,,A,Normal value,0,Units,1,One,_Z,Not applicable,,
DATAFLOW,OECD.ELS.SPD:DSD_SOCX_AGG@DF_SOCX_AGG(1.0),Social expenditure aggregates,I,USA,United States,A,Annual,SOCX,Social expenditure,PT_B1GQ,Percentage of GDP,ES10,Public,_T,Total,TP82,Housing,_Z,Not applicable,2018,,0.237,,A,Normal value,0,Units,1,One,_Z,Not applicable,,
DATAFLOW,OECD.ELS.SPD:DSD_SOCX_AGG@DF_SOCX_AGG(1.0),Social expenditure aggregates,I,USA,United States,A,Annual,SOCX,Social expenditure,PT_B1GQ,Percentage of GDP,ES10,Public,_T,Total,TP82,Housing,_Z,Not applicable,2019,,0.232,,A,Normal value,0,Units,1,One,_Z,Not applicable,,
DATAFLOW,OECD.ELS.SPD:DSD_SOCX_AGG@DF_SOCX_AGG(1.0),Social expenditure aggregates,I,USA,United States,A,Annual,SOCX,Social expenditure,PT_B1GQ,Percentage of GDP,ES10,Public,_T,Total,TP82,Housing,_Z,Not applicable,2020,,0.242,,A,Normal value,0,Units,1,One,_Z,Not applicable,,
DATAFLOW,OECD.ELS.SPD:DSD_SOCX_AGG@DF_SOCX_AGG(1.0),Social expenditure aggregates,I,USA,United States,A,Annual,SOCX,Social expenditure,PT_B1GQ,Percentage of GDP,ES10,Public,_T,Total,TP82,Housing,_Z,Not applicable,2021,,0.236,,A,Normal value,0,Units,1,One,_Z,Not applicable,,
DATAFLOW,OECD.ELS.SPD:DSD_SOCX_AGG@DF_SOCX_AGG(1.0),Social expenditure aggregates,I,USA,United States,A,Annual,SOCX,Social expenditure,PT_B1GQ,Percentage of GDP,ES10,Public,_T,Total,TP82,Housing,_Z,Not applicable,2022,,0.226,,A,Normal value,0,Units,1,One,_Z,Not applicable,,
DATAFLOW,OECD.ELS.SPD:DSD_SOCX_AGG@DF_SOCX_AGG(1.0),Social expenditure aggregates,I,USA,United States,A,Annual,SOCX,Social expenditure,PT_B1GQ,Percentage of GDP,ES10,Public,_T,Total,TP82,Housing,_Z,Not applicable,2023,,0.23,,A,Normal value,0,Units,1,One,_Z,Not applicable,,
DATAFLOW,OECD.ELS.SPD:DSD_SOCX_AGG@DF_SOCX_AGG(1.0),Social expenditure aggregates,I,LUX,Luxembourg,A,Annual,SOCX,Social expenditure,PT_B1GQ,Percentage of GDP,ES10,Public,_T,Total,TP82,Housing,_Z,Not applicable,1990,,0.033,,A,Normal value,0,Units,1,One,_Z,Not applicable,,
DATAFLOW,OECD.ELS.SPD:DSD_SOCX_AGG@DF_SOCX_AGG(1.0),Social expenditure aggregates,I,LUX,Luxembourg,A,Annual,SOCX,Social expenditure,PT_B1GQ,Percentage of GDP,ES10,Public,_T,Total,TP82,Housing,_Z,Not applicable,1991,,0.032,,A,Normal value,0,Units,1,One,_Z,Not applicable,,
DATAFLOW,OECD.ELS.SPD:DSD_SOCX_AGG@DF_SOCX_AGG(1.0),Social expenditure aggregates,I,LUX,Luxembourg,A,Annual,SOCX,Social expenditure,PT_B1GQ,Percentage of GDP,ES10,Public,_T,Total,TP82,Housing,_Z,Not applicable,1992,,0.034,,A,Normal value,0,Units,1,One,_Z,Not applicable,,
DATAFLOW,OECD.ELS.SPD:DSD_SOCX_AGG@DF_SOCX_AGG(1.0),Social expenditure aggregates,I,LUX,Luxembourg,A,Annual,SOCX,Social expenditure,PT_B1GQ,Percentage of GDP,ES10,Public,_T,Total,TP82,Housing,_Z,Not applicable,1993,,0.033,,A,Normal value,0,Units,1,One,_Z,Not applicable,,
DATAFLOW,OECD.ELS.SPD:DSD_SOCX_AGG@DF_SOCX_AGG(1.0),Social expenditure aggregates,I,LUX,Luxembourg,A,Annual,SOCX,Social expenditure,PT_B1GQ,Percentage of GDP,ES10,Public,_T,Total,TP82,Housing,_Z,Not applicable,1994,,0.035,,A,Normal value,0,Units,1,One,_Z,Not applicable,,
DATAFLOW,OECD.ELS.SPD:DSD_SOCX_AGG@DF_SOCX_AGG(1.0),Social expenditure aggregates,I,LUX,Luxembourg,A,Annual,SOCX,Social expenditure,PT_B1GQ,Percentage of GDP,ES10,Public,_T,Total,TP82,Housing,_Z,Not applicable,1995,,0.027,,A,Normal value,0,Units,1,One,_Z,Not applicable,,
DATAFLOW,OECD.ELS.SPD:DSD_SOCX_AGG@DF_SOCX_AGG(1.0),Social expenditure aggregates,I,LUX,Luxembourg,A,Annual,SOCX,Social expenditure,PT_B1GQ,Percentage of GDP,ES10,Public,_T,Total,TP82,Housing,_Z,Not applicable,1996,,0.026,,A,Normal value,0,Units,1,One,_Z,Not applicable,,
DATAFLOW,OECD.ELS.SPD:DSD_SOCX_AGG@DF_SOCX_AGG(1.0),Social expenditure aggregates,I,LUX,Luxembourg,A,Annual,SOCX,Social expenditure,PT_B1GQ,Percentage of GDP,ES10,Public,_T,Total,TP82,Housing,_Z,Not applicable,1997,,0.052,,A,Normal value,0,Units,1,One,_Z,Not applicable,,
DATAFLOW,OECD.ELS.SPD:DSD_SOCX_AGG@DF_SOCX_AGG(1.0),Social expenditure aggregates,I,LUX,Luxembourg,A,Annual,SOCX,Social expenditure,PT_B1GQ,Percentage of GDP,ES10,Public,_T,Total,TP82,Housing,_Z,Not applicable,1998,,0.052,,A,Normal value,0,Units,1,One,_Z,Not applicable,,
DATAFLOW,OECD.ELS.SPD:DSD_SOCX_AGG@DF_SOCX_AGG(1.0),Social expenditure aggregates,I,LUX,Luxembourg,A,Annual,SOCX,Social expenditure,PT_B1GQ,Percentage of GDP,ES10,Public,_T,Total,TP82,Housing,_Z,Not applicable,1999,,0.045,,A,Normal value,0,Units,1,One,_Z,Not applicable,,
DATAFLOW,OECD.ELS.SPD:DSD_SOCX_AGG@DF_SOCX_AGG(1.0),Social expenditure aggregates,I,LUX,Luxembourg,A,Annual,SOCX,Social expenditure,PT_B1GQ,Percentage of GDP,ES10,Public,_T,Total,TP82,Housing,_Z,Not applicable,2000,,0.053,,A,Normal value,0,Units,1,One,_Z,Not applicable,,
DATAFLOW,OECD.ELS.SPD:DSD_SOCX_AGG@DF_SOCX_AGG(1.0),Social expenditure aggregates,I,LUX,Luxembourg,A,Annual,SOCX,Social expenditure,PT_B1GQ,Percentage of GDP,ES10,Public,_T,Total,TP82,Housing,_Z,Not applicable,2001,,0.135,,A,Normal value,0,Units,1,One,_Z,Not applicable,,
DATAFLOW,OECD.ELS.SPD:DSD_SOCX_AGG@DF_SOCX_AGG(1.0),Social expenditure aggregates,I,LUX,Luxembourg,A,Annual,SOCX,Social expenditure,PT_B1GQ,Percentage of GDP,ES10,Public,_T,Total,TP82,Housing,_Z,Not applicable,2002,,0.142,,A,Normal value,0,Units,1,One,_Z,Not applicable,,
DATAFLOW,OECD.ELS.SPD:DSD_SOCX_AGG@DF_SOCX_AGG(1.0),Social expenditure aggregates,I,LUX,Luxembourg,A,Annual,SOCX,Social expenditure,PT_B1GQ,Percentage of GDP,ES10,Public,_T,Total,TP82,Housing,_Z,Not applicable,2003,,0.117,,A,Normal value,0,Units,1,One,_Z,Not applicable,,
DATAFLOW,OECD.ELS.SPD:DSD_SOCX_AGG@DF_SOCX_AGG(1.0),Social expenditure aggregates,I,LUX,Luxembourg,A,Annual,SOCX,Social expenditure,PT_B1GQ,Percentage of GDP,ES10,Public,_T,Total,TP82,Housing,_Z,Not applicable,2004,,0.123,,A,Normal value,0,Units,1,One,_Z,Not applicable,,
DATAFLOW,OECD.ELS.SPD:DSD_SOCX_AGG@DF_SOCX_AGG(1.0),Social expenditure aggregates,I,LUX,Luxembourg,A,Annual,SOCX,Social expenditure,PT_B1GQ,Percentage of GDP,ES10,Public,_T,Total,TP82,Housing,_Z,Not applicable,2005,,0.112,,A,Normal value,0,Units,1,One,_Z,Not applicable,,
DATAFLOW,OECD.ELS.SPD:DSD_SOCX_AGG@DF_SOCX_AGG(1.0),Social expenditure aggregates,I,LUX,Luxembourg,A,Annual,SOCX,Social expenditure,PT_B1GQ,Percentage of GDP,ES10,Public,_T,Total,TP82,Housing,_Z,Not applicable,2006,,0.13,,A,Normal value,0,Units,1,One,_Z,Not applicable,,
DATAFLOW,OECD.ELS.SPD:DSD_SOCX_AGG@DF_SOCX_AGG(1.0),Social expenditure aggregates,I,LUX,Luxembourg,A,Annual,SOCX,Social expenditure,PT_B1GQ,Percentage of GDP,ES10,Public,_T,Total,TP82,Housing,_Z,Not applicable,2007,,0.087,,A,Normal value,0,Units,1,One,_Z,Not applicable,,
DATAFLOW,OECD.ELS.SPD:DSD_SOCX_AGG@DF_SOCX_AGG(1.0),Social expenditure aggregates,I,LUX,Luxembourg,A,Annual,SOCX,Social expenditure,PT_B1GQ,Percentage of GDP,ES10,Public,_T,Total,TP82,Housing,_Z,Not applicable,2008,,0.087,,A,Normal value,0,Units,1,One,_Z,Not applicable,,
DATAFLOW,OECD.ELS.SPD:DSD_SOCX_AGG@DF_SOCX_AGG(1.0),Social expenditure aggregates,I,LUX,Luxembourg,A,Annual,SOCX,Social expenditure,PT_B1GQ,Percentage of GDP,ES10,Public,_T,Total,TP82,Housing,_Z,Not applicable,2009,,0.068,,A,Normal value,0,Units,1,One,_Z,Not applicable,,
DATAFLOW,OECD.ELS.SPD:DSD_SOCX_AGG@DF_SOCX_AGG(1.0),Social expenditure aggregates,I,LUX,Luxembourg,A,Annual,SOCX,Social expenditure,PT_B1GQ,Percentage of GDP,ES10,Public,_T,Total,TP82,Housing,_Z,Not applicable,2010,,0.065,,A,Normal value,0,Units,1,One,_Z,Not applicable,,
DATAFLOW,OECD.ELS.SPD:DSD_SOCX_AGG@DF_SOCX_AGG(1.0),Social expenditure aggregates,I,LUX,Luxembourg,A,Annual,SOCX,Social expenditure,PT_B1GQ,Percentage of GDP,ES10,Public,_T,Total,TP82,Housing,_Z,Not applicable,2011,,0.063,,A,Normal value,0,Units,1,One,_Z,Not applicable,,
DATAFLOW,OECD.ELS.SPD:DSD_SOCX_AGG@DF_SOCX_AGG(1.0),Social expenditure aggregates,I,LUX,Luxembourg,A,Annual,SOCX,Social expenditure,PT_B1GQ,Percentage of GDP,ES10,Public,_T,Total,TP82,Housing,_Z,Not applicable,2012,,0.079,,A,Normal value,0,Units,1,One,_Z,Not applicable,,
DATAFLOW,OECD.ELS.SPD:DSD_SOCX_AGG@DF_SOCX_AGG(1.0),Social expenditure aggregates,I,LUX,Luxembourg,A,Annual,SOCX,Social expenditure,PT_B1GQ,Percentage of GDP,ES10,Public,_T,Total,TP82,Housing,_Z,Not applicable,2013,,0.077,,A,Normal value,0,Units,1,One,_Z,Not applicable,,
DATAFLOW,OECD.ELS.SPD:DSD_SOCX_AGG@DF_SOCX_AGG(1.0),Social expenditure aggregates,I,LUX,Luxembourg,A,Annual,SOCX,Social expenditure,PT_B1GQ,Percentage of GDP,ES10,Public,_T,Total,TP82,Housing,_Z,Not applicable,2014,,0.08,,A,Normal value,0,Units,1,One,_Z,Not applicable,,
DATAFLOW,OECD.ELS.SPD:DSD_SOCX_AGG@DF_SOCX_AGG(1.0),Social expenditure aggregates,I,LUX,Luxembourg,A,Annual,SOCX,Social expenditure,PT_B1GQ,Percentage of GDP,ES10,Public,_T,Total,TP82,Housing,_Z,Not applicable,2015,,0.076,,A,Normal value,0,Units,1,One,_Z,Not applicable,,
DATAFLOW,OECD.ELS.SPD:DSD_SOCX_AGG@DF_SOCX_AGG(1.0),Social expenditure aggregates,I,LUX,Luxembourg,A,Annual,SOCX,Social expenditure,PT_B1GQ,Percentage of GDP,ES10,Public,_T,Total,TP82,Housing,_Z,Not applicable,2016,,0.074,,A,Normal value,0,Units,1,One,_Z,Not applicable,,
DATAFLOW,OECD.ELS.SPD:DSD_SOCX_AGG@DF_SOCX_AGG(1.0),Social expenditure aggregates,I,LUX,Luxembourg,A,Annual,SOCX,Social expenditure,PT_B1GQ,Percentage of GDP,ES10,Public,_T,Total,TP82,Housing,_Z,Not applicable,2017,,0.074,,A,Normal value,0,Units,1,One,_Z,Not applicable,,
DATAFLOW,OECD.ELS.SPD:DSD_SOCX_AGG@DF_SOCX_AGG(1.0),Social expenditure aggregates,I,LUX,Luxembourg,A,Annual,SOCX,Social expenditure,PT_B1GQ,Percentage of GDP,ES10,Public,_T,Total,TP82,Housing,_Z,Not applicable,2018,,0.079,,A,Normal value,0,Units,1,One,_Z,Not applicable,,
DATAFLOW,OECD.ELS.SPD:DSD_SOCX_AGG@DF_SOCX_AGG(1.0),Social expenditure aggregates,I,LUX,Luxembourg,A,Annual,SOCX,Social expenditure,PT_B1GQ,Percentage of GDP,ES10,Public,_T,Total,TP82,Housing,_Z,Not applicable,2019,,0.081,,A,Normal value,0,Units,1,One,_Z,Not applicable,,
DATAFLOW,OECD.ELS.SPD:DSD_SOCX_AGG@DF_SOCX_AGG(1.0),Social expenditure aggregates,I,LUX,Luxembourg,A,Annual,SOCX,Social expenditure,PT_B1GQ,Percentage of GDP,ES10,Public,_T,Total,TP82,Housing,_Z,Not applicable,2020,,0.083,,A,Normal value,0,Units,1,One,_Z,Not applicable,,
DATAFLOW,OECD.ELS.SPD:DSD_SOCX_AGG@DF_SOCX_AGG(1.0),Social expenditure aggregates,I,LUX,Luxembourg,A,Annual,SOCX,Social expenditure,PT_B1GQ,Percentage of GDP,ES10,Public,_T,Total,TP82,Housing,_Z,Not applicable,2021,,0.076,,A,Normal value,0,Units,1,One,_Z,Not applicable,,
DATAFLOW,OECD.ELS.SPD:DSD_SOCX_AGG@DF_SOCX_AGG(1.0),Social expenditure aggregates,I,OECD,OECD,A,Annual,SOCX,Social expenditure,PT_B1GQ,Percentage of GDP,ES10,Public,_T,Total,TP82,Housing,_Z,Not applicable,1980,,0.202,,A,Normal value,0,Units,1,One,_Z,Not applicable,,
DATAFLOW,OECD.ELS.SPD:DSD_SOCX_AGG@DF_SOCX_AGG(1.0),Social expenditure aggregates,I,OECD,OECD,A,Annual,SOCX,Social expenditure,PT_B1GQ,Percentage of GDP,ES10,Public,_T,Total,TP82,Housing,_Z,Not applicable,1981,,0.195,,A,Normal value,0,Units,1,One,_Z,Not applicable,,
DATAFLOW,OECD.ELS.SPD:DSD_SOCX_AGG@DF_SOCX_AGG(1.0),Social expenditure aggregates,I,OECD,OECD,A,Annual,SOCX,Social expenditure,PT_B1GQ,Percentage of GDP,ES10,Public,_T,Total,TP82,Housing,_Z,Not applicable,1982,,0.218,,A,Normal value,0,Units,1,One,_Z,Not applicable,,
DATAFLOW,OECD.ELS.SPD:DSD_SOCX_AGG@DF_SOCX_AGG(1.0),Social expenditure aggregates,I,OECD,OECD,A,Annual,SOCX,Social expenditure,PT_B1GQ,Percentage of GDP,ES10,Public,_T,Total,TP82,Housing,_Z,Not applicable,1983,,0.254,,A,Normal value,0,Units,1,One,_Z,Not applicable,,
DATAFLOW,OECD.ELS.SPD:DSD_SOCX_AGG@DF_SOCX_AGG(1.0),Social expenditure aggregates,I,OECD,OECD,A,Annual,SOCX,Social expenditure,PT_B1GQ,Percentage of GDP,ES10,Public,_T,Total,TP82,Housing,_Z,Not applicable,1984,,0.247,,A,Normal value,0,Units,1,One,_Z,Not applicable,,
DATAFLOW,OECD.ELS.SPD:DSD_SOCX_AGG@DF_SOCX_AGG(1.0),Social expenditure aggregates,I,OECD,OECD,A,Annual,SOCX,Social expenditure,PT_B1GQ,Percentage of GDP,ES10,Public,_T,Total,TP82,Housing,_Z,Not applicable,1985,,0.255,,A,Normal value,0,Units,1,One,_Z,Not applicable,,
DATAFLOW,OECD.ELS.SPD:DSD_SOCX_AGG@DF_SOCX_AGG(1.0),Social expenditure aggregates,I,OECD,OECD,A,Annual,SOCX,Social expenditure,PT_B1GQ,Percentage of GDP,ES10,Public,_T,Total,TP82,Housing,_Z,Not applicable,1986,,0.254,,A,Normal value,0,Units,1,One,_Z,Not applicable,,
DATAFLOW,OECD.ELS.SPD:DSD_SOCX_AGG@DF_SOCX_AGG(1.0),Social expenditure aggregates,I,OECD,OECD,A,Annual,SOCX,Social expenditure,PT_B1GQ,Percentage of GDP,ES10,Public,_T,Total,TP82,Housing,_Z,Not applicable,1987,,0.252,,A,Normal value,0,Units,1,One,_Z,Not applicable,,
DATAFLOW,OECD.ELS.SPD:DSD_SOCX_AGG@DF_SOCX_AGG(1.0),Social expenditure aggregates,I,OECD,OECD,A,Annual,SOCX,Social expenditure,PT_B1GQ,Percentage of GDP,ES10,Public,_T,Total,TP82,Housing,_Z,Not applicable,1988,,0.244,,A,Normal value,0,Units,1,One,_Z,Not applicable,,
DATAFLOW,OECD.ELS.SPD:DSD_SOCX_AGG@DF_SOCX_AGG(1.0),Social expenditure aggregates,I,OECD,OECD,A,Annual,SOCX,Social expenditure,PT_B1GQ,Percentage of GDP,ES10,Public,_T,Total,TP82,Housing,_Z,Not applicable,1989,,0.239,,A,Normal value,0,Units,1,One,_Z,Not applicable,,
DATAFLOW,OECD.ELS.SPD:DSD_SOCX_AGG@DF_SOCX_AGG(1.0),Social expenditure aggregates,I,OECD,OECD,A,Annual,SOCX,Social expenditure,PT_B1GQ,Percentage of GDP,ES10,Public,_T,Total,TP82,Housing,_Z,Not applicable,1990,,0.255,,A,Normal value,0,Units,1,One,_Z,Not applicable,,
DATAFLOW,OECD.ELS.SPD:DSD_SOCX_AGG@DF_SOCX_AGG(1.0),Social expenditure aggregates,I,OECD,OECD,A,Annual,SOCX,Social expenditure,PT_B1GQ,Percentage of GDP,ES10,Public,_T,Total,TP82,Housing,_Z,Not applicable,1991,,0.274,,A,Normal value,0,Units,1,One,_Z,Not applicable,,
DATAFLOW,OECD.ELS.SPD:DSD_SOCX_AGG@DF_SOCX_AGG(1.0),Social expenditure aggregates,I,OECD,OECD,A,Annual,SOCX,Social expenditure,PT_B1GQ,Percentage of GDP,ES10,Public,_T,Total,TP82,Housing,_Z,Not applicable,1992,,0.306,,A,Normal value,0,Units,1,One,_Z,Not applicable,,
DATAFLOW,OECD.ELS.SPD:DSD_SOCX_AGG@DF_SOCX_AGG(1.0),Social expenditure aggregates,I,OECD,OECD,A,Annual,SOCX,Social expenditure,PT_B1GQ,Percentage of GDP,ES10,Public,_T,Total,TP82,Housing,_Z,Not applicable,1993,,0.339,,A,Normal value,0,Units,1,One,_Z,Not applicable,,
DATAFLOW,OECD.ELS.SPD:DSD_SOCX_AGG@DF_SOCX_AGG(1.0),Social expenditure aggregates,I,OECD,OECD,A,Annual,SOCX,Social expenditure,PT_B1GQ,Percentage of GDP,ES10,Public,_T,Total,TP82,Housing,_Z,Not applicable,1994,,0.341,,A,Normal value,0,Units,1,One,_Z,Not applicable,,
DATAFLOW,OECD.ELS.SPD:DSD_SOCX_AGG@DF_SOCX_AGG(1.0),Social expenditure aggregates,I,OECD,OECD,A,Annual,SOCX,Social expenditure,PT_B1GQ,Percentage of GDP,ES10,Public,_T,Total,TP82,Housing,_Z,Not applicable,1995,,0.344,,A,Normal value,0,Units,1,One,_Z,Not applicable,,
DATAFLOW,OECD.ELS.SPD:DSD_SOCX_AGG@DF_SOCX_AGG(1.0),Social expenditure aggregates,I,OECD,OECD,A,Annual,SOCX,Social expenditure,PT_B1GQ,Percentage of GDP,ES10,Public,_T,Total,TP82,Housing,_Z,Not applicable,1996,,0.34,,A,Normal value,0,Units,1,One,_Z,Not applicable,,
DATAFLOW,OECD.ELS.SPD:DSD_SOCX_AGG@DF_SOCX_AGG(1.0),Social expenditure aggregates,I,OECD,OECD,A,Annual,SOCX,Social expenditure,PT_B1GQ,Percentage of GDP,ES10,Public,_T,Total,TP82,Housing,_Z,Not applicable,1997,,0.333,,A,Normal value,0,Units,1,One,_Z,Not applicable,,
DATAFLOW,OECD.ELS.SPD:DSD_SOCX_AGG@DF_SOCX_AGG(1.0),Social expenditure aggregates,I,OECD,OECD,A,Annual,SOCX,Social expenditure,PT_B1GQ,Percentage of GDP,ES10,Public,_T,Total,TP82,Housing,_Z,Not applicable,1998,,0.332,,A,Normal value,0,Units,1,One,_Z,Not applicable,,
DATAFLOW,OECD.ELS.SPD:DSD_SOCX_AGG@DF_SOCX_AGG(1.0),Social expenditure aggregates,I,OECD,OECD,A,Annual,SOCX,Social expenditure,PT_B1GQ,Percentage of GDP,ES10,Public,_T,Total,TP82,Housing,_Z,Not applicable,1999,,0.325,,A,Normal value,0,Units,1,One,_Z,Not applicable,,
DATAFLOW,OECD.ELS.SPD:DSD_SOCX_AGG@DF_SOCX_AGG(1.0),Social expenditure aggregates,I,OECD,OECD,A,Annual,SOCX,Social expenditure,PT_B1GQ,Percentage of GDP,ES10,Public,_T,Total,TP82,Housing,_Z,Not applicable,2000,,0.285,,A,Normal value,0,Units,1,One,_Z,Not applicable,,
DATAFLOW,OECD.ELS.SPD:DSD_SOCX_AGG@DF_SOCX_AGG(1.0),Social expenditure aggregates,I,OECD,OECD,A,Annual,SOCX,Social expenditure,PT_B1GQ,Percentage of GDP,ES10,Public,_T,Total,TP82,Housing,_Z,Not applicable,2001,,0.278,,A,Normal value,0,Units,1,One,_Z,Not applicable,,
DATAFLOW,OECD.ELS.SPD:DSD_SOCX_AGG@DF_SOCX_AGG(1.0),Social expenditure aggregates,I,OECD,OECD,A,Annual,SOCX,Social expenditure,PT_B1GQ,Percentage of GDP,ES10,Public,_T,Total,TP82,Housing,_Z,Not applicable,2002,,0.286,,A,Normal value,0,Units,1,One,_Z,Not applicable,,
DATAFLOW,OECD.ELS.SPD:DSD_SOCX_AGG@DF_SOCX_AGG(1.0),Social expenditure aggregates,I,OECD,OECD,A,Annual,SOCX,Social expenditure,PT_B1GQ,Percentage of GDP,ES10,Public,_T,Total,TP82,Housing,_Z,Not applicable,2003,,0.295,,A,Normal value,0,Units,1,One,_Z,Not applicable,,
DATAFLOW,OECD.ELS.SPD:DSD_SOCX_AGG@DF_SOCX_AGG(1.0),Social expenditure aggregates,I,OECD,OECD,A,Annual,SOCX,Social expenditure,PT_B1GQ,Percentage of GDP,ES10,Public,_T,Total,TP82,Housing,_Z,Not applicable,2004,,0.289,,A,Normal value,0,Units,1,One,_Z,Not applicable,,
DATAFLOW,OECD.ELS.SPD:DSD_SOCX_AGG@DF_SOCX_AGG(1.0),Social expenditure aggregates,I,OECD,OECD,A,Annual,SOCX,Social expenditure,PT_B1GQ,Percentage of GDP,ES10,Public,_T,Total,TP82,Housing,_Z,Not applicable,2005,,0.301,,A,Normal value,0,Units,1,One,_Z,Not applicable,,
DATAFLOW,OECD.ELS.SPD:DSD_SOCX_AGG@DF_SOCX_AGG(1.0),Social expenditure aggregates,I,OECD,OECD,A,Annual,SOCX,Social expenditure,PT_B1GQ,Percentage of GDP,ES10,Public,_T,Total,TP82,Housing,_Z,Not applicable,2006,,0.309,,A,Normal value,0,Units,1,One,_Z,Not applicable,,
DATAFLOW,OECD.ELS.SPD:DSD_SOCX_AGG@DF_SOCX_AGG(1.0),Social expenditure aggregates,I,OECD,OECD,A,Annual,SOCX,Social expenditure,PT_B1GQ,Percentage of GDP,ES10,Public,_T,Total,TP82,Housing,_Z,Not applicable,2007,,0.321,,A,Normal value,0,Units,1,One,_Z,Not applicable,,
DATAFLOW,OECD.ELS.SPD:DSD_SOCX_AGG@DF_SOCX_AGG(1.0),Social expenditure aggregates,I,OECD,OECD,A,Annual,SOCX,Social expenditure,PT_B1GQ,Percentage of GDP,ES10,Public,_T,Total,TP82,Housing,_Z,Not applicable,2008,,0.338,,A,Normal value,0,Units,1,One,_Z,Not applicable,,
DATAFLOW,OECD.ELS.SPD:DSD_SOCX_AGG@DF_SOCX_AGG(1.0),Social expenditure aggregates,I,OECD,OECD,A,Annual,SOCX,Social expenditure,PT_B1GQ,Percentage of GDP,ES10,Public,_T,Total,TP82,Housing,_Z,Not applicable,2009,,0.372,,A,Normal value,0,Units,1,One,_Z,Not applicable,,
DATAFLOW,OECD.ELS.SPD:DSD_SOCX_AGG@DF_SOCX_AGG(1.0),Social expenditure aggregates,I,OECD,OECD,A,Annual,SOCX,Social expenditure,PT_B1GQ,Percentage of GDP,ES10,Public,_T,Total,TP82,Housing,_Z,Not applicable,2010,,0.376,,A,Normal value,0,Units,1,One,_Z,Not applicable,,
DATAFLOW,OECD.ELS.SPD:DSD_SOCX_AGG@DF_SOCX_AGG(1.0),Social expenditure aggregates,I,OECD,OECD,A,Annual,SOCX,Social expenditure,PT_B1GQ,Percentage of GDP,ES10,Public,_T,Total,TP82,Housing,_Z,Not applicable,2011,,0.375,,A,Normal value,0,Units,1,One,_Z,Not applicable,,
DATAFLOW,OECD.ELS.SPD:DSD_SOCX_AGG@DF_SOCX_AGG(1.0),Social expenditure aggregates,I,OECD,OECD,A,Annual,SOCX,Social expenditure,PT_B1GQ,Percentage of GDP,ES10,Public,_T,Total,TP82,Housing,_Z,Not applicable,2012,,0.358,,A,Normal value,0,Units,1,One,_Z,Not applicable,,
DATAFLOW,OECD.ELS.SPD:DSD_SOCX_AGG@DF_SOCX_AGG(1.0),Social expenditure aggregates,I,OECD,OECD,A,Annual,SOCX,Social expenditure,PT_B1GQ,Percentage of GDP,ES10,Public,_T,Total,TP82,Housing,_Z,Not applicable,2013,,0.348,,A,Normal value,0,Units,1,One,_Z,Not applicable,,
DATAFLOW,OECD.ELS.SPD:DSD_SOCX_AGG@DF_SOCX_AGG(1.0),Social expenditure aggregates,I,OECD,OECD,A,Annual,SOCX,Social expenditure,PT_B1GQ,Percentage of GDP,ES10,Public,_T,Total,TP82,Housing,_Z,Not applicable,2014,,0.356,,A,Normal value,0,Units,1,One,_Z,Not applicable,,
DATAFLOW,OECD.ELS.SPD:DSD_SOCX_AGG@DF_SOCX_AGG(1.0),Social expenditure aggregates,I,OECD,OECD,A,Annual,SOCX,Social expenditure,PT_B1GQ,Percentage of GDP,ES10,Public,_T,Total,TP82,Housing,_Z,Not applicable,2015,,0.351,,A,Normal value,0,Units,1,One,_Z,Not applicable,,
DATAFLOW,OECD.ELS.SPD:DSD_SOCX_AGG@DF_SOCX_AGG(1.0),Social expenditure aggregates,I,OECD,OECD,A,Annual,SOCX,Social expenditure,PT_B1GQ,Percentage of GDP,ES10,Public,_T,Total,TP82,Housing,_Z,Not applicable,2016,,0.342,,A,Normal value,0,Units,1,One,_Z,Not applicable,,
DATAFLOW,OECD.ELS.SPD:DSD_SOCX_AGG@DF_SOCX_AGG(1.0),Social expenditure aggregates,I,OECD,OECD,A,Annual,SOCX,Social expenditure,PT_B1GQ,Percentage of GDP,ES10,Public,_T,Total,TP82,Housing,_Z,Not applicable,2017,,0.334,,A,Normal value,0,Units,1,One,_Z,Not applicable,,
DATAFLOW,OECD.ELS.SPD:DSD_SOCX_AGG@DF_SOCX_AGG(1.0),Social expenditure aggregates,I,OECD,OECD,A,Annual,SOCX,Social expenditure,PT_B1GQ,Percentage of GDP,ES10,Public,_T,Total,TP82,Housing,_Z,Not applicable,2018,,0.327,,A,Normal value,0,Units,1,One,_Z,Not applicable,,
DATAFLOW,OECD.ELS.SPD:DSD_SOCX_AGG@DF_SOCX_AGG(1.0),Social expenditure aggregates,I,OECD,OECD,A,Annual,SOCX,Social expenditure,PT_B1GQ,Percentage of GDP,ES10,Public,_T,Total,TP82,Housing,_Z,Not applicable,2019,,0.327,,A,Normal value,0,Units,1,One,_Z,Not applicable,,
DATAFLOW,OECD.ELS.SPD:DSD_SOCX_AGG@DF_SOCX_AGG(1.0),Social expenditure aggregates,I,OECD,OECD,A,Annual,SOCX,Social expenditure,PT_B1GQ,Percentage of GDP,ES10,Public,_T,Total,TP82,Housing,_Z,Not applicable,2020,,0.358,,A,Normal value,0,Units,1,One,_Z,Not applicable,,
DATAFLOW,OECD.ELS.SPD:DSD_SOCX_AGG@DF_SOCX_AGG(1.0),Social expenditure aggregates,I,OECD,OECD,A,Annual,SOCX,Social expenditure,PT_B1GQ,Percentage of GDP,ES10,Public,_T,Total,TP82,Housing,_Z,Not applicable,2021,,0.331,,A,Normal value,0,Units,1,One,_Z,Not applicable,,
DATAFLOW,OECD.ELS.SPD:DSD_SOCX_AGG@DF_SOCX_AGG(1.0),Social expenditure aggregates,I,SVN,Slovenia,A,Annual,SOCX,Social expenditure,PT_B1GQ,Percentage of GDP,ES10,Public,_T,Total,TP82,Housing,_Z,Not applicable,1996,,0,,A,Normal value,0,Units,1,One,_Z,Not applicable,,
DATAFLOW,OECD.ELS.SPD:DSD_SOCX_AGG@DF_SOCX_AGG(1.0),Social expenditure aggregates,I,SVN,Slovenia,A,Annual,SOCX,Social expenditure,PT_B1GQ,Percentage of GDP,ES10,Public,_T,Total,TP82,Housing,_Z,Not applicable,1997,,0,,A,Normal value,0,Units,1,One,_Z,Not applicable,,
DATAFLOW,OECD.ELS.SPD:DSD_SOCX_AGG@DF_SOCX_AGG(1.0),Social expenditure aggregates,I,SVN,Slovenia,A,Annual,SOCX,Social expenditure,PT_B1GQ,Percentage of GDP,ES10,Public,_T,Total,TP82,Housing,_Z,Not applicable,1998,,0,,A,Normal value,0,Units,1,One,_Z,Not applicable,,
DATAFLOW,OECD.ELS.SPD:DSD_SOCX_AGG@DF_SOCX_AGG(1.0),Social expenditure aggregates,I,SVN,Slovenia,A,Annual,SOCX,Social expenditure,PT_B1GQ,Percentage of GDP,ES10,Public,_T,Total,TP82,Housing,_Z,Not applicable,1999,,0,,A,Normal value,0,Units,1,One,_Z,Not applicable,,
DATAFLOW,OECD.ELS.SPD:DSD_SOCX_AGG@DF_SOCX_AGG(1.0),Social expenditure aggregates,I,SVN,Slovenia,A,Annual,SOCX,Social expenditure,PT_B1GQ,Percentage of GDP,ES10,Public,_T,Total,TP82,Housing,_Z,Not applicable,2000,,0,,A,Normal value,0,Units,1,One,_Z,Not applicable,,
DATAFLOW,OECD.ELS.SPD:DSD_SOCX_AGG@DF_SOCX_AGG(1.0),Social expenditure aggregates,I,SVN,Slovenia,A,Annual,SOCX,Social expenditure,PT_B1GQ,Percentage of GDP,ES10,Public,_T,Total,TP82,Housing,_Z,Not applicable,2001,,0,,A,Normal value,0,Units,1,One,_Z,Not applicable,,
DATAFLOW,OECD.ELS.SPD:DSD_SOCX_AGG@DF_SOCX_AGG(1.0),Social expenditure aggregates,I,SVN,Slovenia,A,Annual,SOCX,Social expenditure,PT_B1GQ,Percentage of GDP,ES10,Public,_T,Total,TP82,Housing,_Z,Not applicable,2002,,0,,A,Normal value,0,Units,1,One,_Z,Not applicable,,
DATAFLOW,OECD.ELS.SPD:DSD_SOCX_AGG@DF_SOCX_AGG(1.0),Social expenditure aggregates,I,SVN,Slovenia,A,Annual,SOCX,Social expenditure,PT_B1GQ,Percentage of GDP,ES10,Public,_T,Total,TP82,Housing,_Z,Not applicable,2003,,0,,A,Normal value,0,Units,1,One,_Z,Not applicable,,
DATAFLOW,OECD.ELS.SPD:DSD_SOCX_AGG@DF_SOCX_AGG(1.0),Social expenditure aggregates,I,SVN,Slovenia,A,Annual,SOCX,Social expenditure,PT_B1GQ,Percentage of GDP,ES10,Public,_T,Total,TP82,Housing,_Z,Not applicable,2004,,0,,A,Normal value,0,Units,1,One,_Z,Not applicable,,
DATAFLOW,OECD.ELS.SPD:DSD_SOCX_AGG@DF_SOCX_AGG(1.0),Social expenditure aggregates,I,LUX,Luxembourg,A,Annual,SOCX,Social expenditure,PT_B1GQ,Percentage of GDP,ES10,Public,_T,Total,TP82,Housing,_Z,Not applicable,1980,,0,,A,Normal value,0,Units,1,One,_Z,Not applicable,,
DATAFLOW,OECD.ELS.SPD:DSD_SOCX_AGG@DF_SOCX_AGG(1.0),Social expenditure aggregates,I,LUX,Luxembourg,A,Annual,SOCX,Social expenditure,PT_B1GQ,Percentage of GDP,ES10,Public,_T,Total,TP82,Housing,_Z,Not applicable,1981,,0,,A,Normal value,0,Units,1,One,_Z,Not applicable,,
DATAFLOW,OECD.ELS.SPD:DSD_SOCX_AGG@DF_SOCX_AGG(1.0),Social expenditure aggregates,I,LUX,Luxembourg,A,Annual,SOCX,Social expenditure,PT_B1GQ,Percentage of GDP,ES10,Public,_T,Total,TP82,Housing,_Z,Not applicable,1982,,0,,A,Normal value,0,Units,1,One,_Z,Not applicable,,
DATAFLOW,OECD.ELS.SPD:DSD_SOCX_AGG@DF_SOCX_AGG(1.0),Social expenditure aggregates,I,LUX,Luxembourg,A,Annual,SOCX,Social expenditure,PT_B1GQ,Percentage of GDP,ES10,Public,_T,Total,TP82,Housing,_Z,Not applicable,1983,,0,,A,Normal value,0,Units,1,One,_Z,Not applicable,,
DATAFLOW,OECD.ELS.SPD:DSD_SOCX_AGG@DF_SOCX_AGG(1.0),Social expenditure aggregates,I,LUX,Luxembourg,A,Annual,SOCX,Social expenditure,PT_B1GQ,Percentage of GDP,ES10,Public,_T,Total,TP82,Housing,_Z,Not applicable,1984,,0,,A,Normal value,0,Units,1,One,_Z,Not applicable,,
DATAFLOW,OECD.ELS.SPD:DSD_SOCX_AGG@DF_SOCX_AGG(1.0),Social expenditure aggregates,I,LUX,Luxembourg,A,Annual,SOCX,Social expenditure,PT_B1GQ,Percentage of GDP,ES10,Public,_T,Total,TP82,Housing,_Z,Not applicable,1985,,0,,A,Normal value,0,Units,1,One,_Z,Not applicable,,
DATAFLOW,OECD.ELS.SPD:DSD_SOCX_AGG@DF_SOCX_AGG(1.0),Social expenditure aggregates,I,LUX,Luxembourg,A,Annual,SOCX,Social expenditure,PT_B1GQ,Percentage of GDP,ES10,Public,_T,Total,TP82,Housing,_Z,Not applicable,1986,,0,,A,Normal value,0,Units,1,One,_Z,Not applicable,,
DATAFLOW,OECD.ELS.SPD:DSD_SOCX_AGG@DF_SOCX_AGG(1.0),Social expenditure aggregates,I,LUX,Luxembourg,A,Annual,SOCX,Social expenditure,PT_B1GQ,Percentage of GDP,ES10,Public,_T,Total,TP82,Housing,_Z,Not applicable,1987,,0,,A,Normal value,0,Units,1,One,_Z,Not applicable,,
DATAFLOW,OECD.ELS.SPD:DSD_SOCX_AGG@DF_SOCX_AGG(1.0),Social expenditure aggregates,I,LUX,Luxembourg,A,Annual,SOCX,Social expenditure,PT_B1GQ,Percentage of GDP,ES10,Public,_T,Total,TP82,Housing,_Z,Not applicable,1988,,0,,A,Normal value,0,Units,1,One,_Z,Not applicable,,
DATAFLOW,OECD.ELS.SPD:DSD_SOCX_AGG@DF_SOCX_AGG(1.0),Social expenditure aggregates,I,LUX,Luxembourg,A,Annual,SOCX,Social expenditure,PT_B1GQ,Percentage of GDP,ES10,Public,_T,Total,TP82,Housing,_Z,Not applicable,1989,,0,,A,Normal value,0,Units,1,One,_Z,Not applicable,,
DATAFLOW,OECD.ELS.SPD:DSD_SOCX_AGG@DF_SOCX_AGG(1.0),Social expenditure aggregates,I,ESP,Spain,A,Annual,SOCX,Social expenditure,PT_B1GQ,Percentage of GDP,ES10,Public,_T,Total,TP82,Housing,_Z,Not applicable,1980,,0,,A,Normal value,0,Units,1,One,_Z,Not applicable,,
DATAFLOW,OECD.ELS.SPD:DSD_SOCX_AGG@DF_SOCX_AGG(1.0),Social expenditure aggregates,I,ESP,Spain,A,Annual,SOCX,Social expenditure,PT_B1GQ,Percentage of GDP,ES10,Public,_T,Total,TP82,Housing,_Z,Not applicable,1981,,0,,A,Normal value,0,Units,1,One,_Z,Not applicable,,
DATAFLOW,OECD.ELS.SPD:DSD_SOCX_AGG@DF_SOCX_AGG(1.0),Social expenditure aggregates,I,ESP,Spain,A,Annual,SOCX,Social expenditure,PT_B1GQ,Percentage of GDP,ES10,Public,_T,Total,TP82,Housing,_Z,Not applicable,1982,,0,,A,Normal value,0,Units,1,One,_Z,Not applicable,,
DATAFLOW,OECD.ELS.SPD:DSD_SOCX_AGG@DF_SOCX_AGG(1.0),Social expenditure aggregates,I,LTU,Lithuania,A,Annual,SOCX,Social expenditure,PT_B1GQ,Percentage of GDP,ES10,Public,_T,Total,TP82,Housing,_Z,Not applicable,1997,,0,,A,Normal value,0,Units,1,One,_Z,Not applicable,,
DATAFLOW,OECD.ELS.SPD:DSD_SOCX_AGG@DF_SOCX_AGG(1.0),Social expenditure aggregates,I,LTU,Lithuania,A,Annual,SOCX,Social expenditure,PT_B1GQ,Percentage of GDP,ES10,Public,_T,Total,TP82,Housing,_Z,Not applicable,1998,,0,,A,Normal value,0,Units,1,One,_Z,Not applicable,,
DATAFLOW,OECD.ELS.SPD:DSD_SOCX_AGG@DF_SOCX_AGG(1.0),Social expenditure aggregates,I,LTU,Lithuania,A,Annual,SOCX,Social expenditure,PT_B1GQ,Percentage of GDP,ES10,Public,_T,Total,TP82,Housing,_Z,Not applicable,1999,,0,,A,Normal value,0,Units,1,One,_Z,Not applicable,,
DATAFLOW,OECD.ELS.SPD:DSD_SOCX_AGG@DF_SOCX_AGG(1.0),Social expenditure aggregates,I,LTU,Lithuania,A,Annual,SOCX,Social expenditure,PT_B1GQ,Percentage of GDP,ES10,Public,_T,Total,TP82,Housing,_Z,Not applicable,2000,,0,,A,Normal value,0,Units,1,One,_Z,Not applicable,,
DATAFLOW,OECD.ELS.SPD:DSD_SOCX_AGG@DF_SOCX_AGG(1.0),Social expenditure aggregates,I,SVK,Slovak Republic,A,Annual,SOCX,Social expenditure,PT_B1GQ,Percentage of GDP,ES10,Public,_T,Total,TP82,Housing,_Z,Not applicable,1995,,0,,A,Normal value,0,Units,1,One,_Z,Not applicable,,
DATAFLOW,OECD.ELS.SPD:DSD_SOCX_AGG@DF_SOCX_AGG(1.0),Social expenditure aggregates,I,SVK,Slovak Republic,A,Annual,SOCX,Social expenditure,PT_B1GQ,Percentage of GDP,ES10,Public,_T,Total,TP82,Housing,_Z,Not applicable,1996,,0,,A,Normal value,0,Units,1,One,_Z,Not applicable,,
DATAFLOW,OECD.ELS.SPD:DSD_SOCX_AGG@DF_SOCX_AGG(1.0),Social expenditure aggregates,I,SVK,Slovak Republic,A,Annual,SOCX,Social expenditure,PT_B1GQ,Percentage of GDP,ES10,Public,_T,Total,TP82,Housing,_Z,Not applicable,1997,,0,,A,Normal value,0,Units,1,One,_Z,Not applicable,,
DATAFLOW,OECD.ELS.SPD:DSD_SOCX_AGG@DF_SOCX_AGG(1.0),Social expenditure aggregates,I,SVK,Slovak Republic,A,Annual,SOCX,Social expenditure,PT_B1GQ,Percentage of GDP,ES10,Public,_T,Total,TP82,Housing,_Z,Not applicable,1998,,0,,A,Normal value,0,Units,1,One,_Z,Not applicable,,
DATAFLOW,OECD.ELS.SPD:DSD_SOCX_AGG@DF_SOCX_AGG(1.0),Social expenditure aggregates,I,SVK,Slovak Republic,A,Annual,SOCX,Social expenditure,PT_B1GQ,Percentage of GDP,ES10,Public,_T,Total,TP82,Housing,_Z,Not applicable,1999,,0,,A,Normal value,0,Units,1,One,_Z,Not applicable,,
DATAFLOW,OECD.ELS.SPD:DSD_SOCX_AGG@DF_SOCX_AGG(1.0),Social expenditure aggregates,I,SVK,Slovak Republic,A,Annual,SOCX,Social expenditure,PT_B1GQ,Percentage of GDP,ES10,Public,_T,Total,TP82,Housing,_Z,Not applicable,2005,,0,,A,Normal value,0,Units,1,One,_Z,Not applicable,,
DATAFLOW,OECD.ELS.SPD:DSD_SOCX_AGG@DF_SOCX_AGG(1.0),Social expenditure aggregates,I,SVK,Slovak Republic,A,Annual,SOCX,Social expenditure,PT_B1GQ,Percentage of GDP,ES10,Public,_T,Total,TP82,Housing,_Z,Not applicable,2006,,0,,A,Normal value,0,Units,1,One,_Z,Not applicable,,
DATAFLOW,OECD.ELS.SPD:DSD_SOCX_AGG@DF_SOCX_AGG(1.0),Social expenditure aggregates,I,NOR,Norway,A,Annual,SOCX,Social expenditure,PT_B1GQ,Percentage of GDP,ES10,Public,_T,Total,TP82,Housing,_Z,Not applicable,1981,,,,L,Missing value; data exist but were not collected,0,Units,1,One,_Z,Not applicable,,
DATAFLOW,OECD.ELS.SPD:DSD_SOCX_AGG@DF_SOCX_AGG(1.0),Social expenditure aggregates,I,NOR,Norway,A,Annual,SOCX,Social expenditure,PT_B1GQ,Percentage of GDP,ES10,Public,_T,Total,TP82,Housing,_Z,Not applicable,1982,,,,L,Missing value; data exist but were not collected,0,Units,1,One,_Z,Not applicable,,
DATAFLOW,OECD.ELS.SPD:DSD_SOCX_AGG@DF_SOCX_AGG(1.0),Social expenditure aggregates,I,NOR,Norway,A,Annual,SOCX,Social expenditure,PT_B1GQ,Percentage of GDP,ES10,Public,_T,Total,TP82,Housing,_Z,Not applicable,1983,,,,L,Missing value; data exist but were not collected,0,Units,1,One,_Z,Not applicable,,
DATAFLOW,OECD.ELS.SPD:DSD_SOCX_AGG@DF_SOCX_AGG(1.0),Social expenditure aggregates,I,NOR,Norway,A,Annual,SOCX,Social expenditure,PT_B1GQ,Percentage of GDP,ES10,Public,_T,Total,TP82,Housing,_Z,Not applicable,1984,,,,L,Missing value; data exist but were not collected,0,Units,1,One,_Z,Not applicable,,
DATAFLOW,OECD.ELS.SPD:DSD_SOCX_AGG@DF_SOCX_AGG(1.0),Social expenditure aggregates,I,NOR,Norway,A,Annual,SOCX,Social expenditure,PT_B1GQ,Percentage of GDP,ES10,Public,_T,Total,TP82,Housing,_Z,Not applicable,1986,,,,L,Missing value; data exist but were not collected,0,Units,1,One,_Z,Not applicable,,
DATAFLOW,OECD.ELS.SPD:DSD_SOCX_AGG@DF_SOCX_AGG(1.0),Social expenditure aggregates,I,NOR,Norway,A,Annual,SOCX,Social expenditure,PT_B1GQ,Percentage of GDP,ES10,Public,_T,Total,TP82,Housing,_Z,Not applicable,1987,,,,L,Missing value; data exist but were not collected,0,Units,1,One,_Z,Not applicable,,
DATAFLOW,OECD.ELS.SPD:DSD_SOCX_AGG@DF_SOCX_AGG(1.0),Social expenditure aggregates,I,ISR,Israel,A,Annual,SOCX,Social expenditure,PT_B1GQ,Percentage of GDP,ES10,Public,_T,Total,TP82,Housing,_Z,Not applicable,1980,,,,M,Missing value; data cannot exist,0,Units,1,One,_Z,Not applicable,,
DATAFLOW,OECD.ELS.SPD:DSD_SOCX_AGG@DF_SOCX_AGG(1.0),Social expenditure aggregates,I,ISR,Israel,A,Annual,SOCX,Social expenditure,PT_B1GQ,Percentage of GDP,ES10,Public,_T,Total,TP82,Housing,_Z,Not applicable,1981,,,,M,Missing value; data cannot exist,0,Units,1,One,_Z,Not applicable,,
DATAFLOW,OECD.ELS.SPD:DSD_SOCX_AGG@DF_SOCX_AGG(1.0),Social expenditure aggregates,I,ISR,Israel,A,Annual,SOCX,Social expenditure,PT_B1GQ,Percentage of GDP,ES10,Public,_T,Total,TP82,Housing,_Z,Not applicable,1982,,,,M,Missing value; data cannot exist,0,Units,1,One,_Z,Not applicable,,
DATAFLOW,OECD.ELS.SPD:DSD_SOCX_AGG@DF_SOCX_AGG(1.0),Social expenditure aggregates,I,ISR,Israel,A,Annual,SOCX,Social expenditure,PT_B1GQ,Percentage of GDP,ES10,Public,_T,Total,TP82,Housing,_Z,Not applicable,1983,,,,M,Missing value; data cannot exist,0,Units,1,One,_Z,Not applicable,,
DATAFLOW,OECD.ELS.SPD:DSD_SOCX_AGG@DF_SOCX_AGG(1.0),Social expenditure aggregates,I,ISR,Israel,A,Annual,SOCX,Social expenditure,PT_B1GQ,Percentage of GDP,ES10,Public,_T,Total,TP82,Housing,_Z,Not applicable,1984,,,,M,Missing value; data cannot exist,0,Units,1,One,_Z,Not applicable,,
DATAFLOW,OECD.ELS.SPD:DSD_SOCX_AGG@DF_SOCX_AGG(1.0),Social expenditure aggregates,I,ISR,Israel,A,Annual,SOCX,Social expenditure,PT_B1GQ,Percentage of GDP,ES10,Public,_T,Total,TP82,Housing,_Z,Not applicable,1985,,,,M,Missing value; data cannot exist,0,Units,1,One,_Z,Not applicable,,
DATAFLOW,OECD.ELS.SPD:DSD_SOCX_AGG@DF_SOCX_AGG(1.0),Social expenditure aggregates,I,ISR,Israel,A,Annual,SOCX,Social expenditure,PT_B1GQ,Percentage of GDP,ES10,Public,_T,Total,TP82,Housing,_Z,Not applicable,1986,,,,M,Missing value; data cannot exist,0,Units,1,One,_Z,Not applicable,,
DATAFLOW,OECD.ELS.SPD:DSD_SOCX_AGG@DF_SOCX_AGG(1.0),Social expenditure aggregates,I,ISR,Israel,A,Annual,SOCX,Social expenditure,PT_B1GQ,Percentage of GDP,ES10,Public,_T,Total,TP82,Housing,_Z,Not applicable,1987,,,,M,Missing value; data cannot exist,0,Units,1,One,_Z,Not applicable,,
DATAFLOW,OECD.ELS.SPD:DSD_SOCX_AGG@DF_SOCX_AGG(1.0),Social expenditure aggregates,I,ISR,Israel,A,Annual,SOCX,Social expenditure,PT_B1GQ,Percentage of GDP,ES10,Public,_T,Total,TP82,Housing,_Z,Not applicable,1988,,,,M,Missing value; data cannot exist,0,Units,1,One,_Z,Not applicable,,
DATAFLOW,OECD.ELS.SPD:DSD_SOCX_AGG@DF_SOCX_AGG(1.0),Social expenditure aggregates,I,ISR,Israel,A,Annual,SOCX,Social expenditure,PT_B1GQ,Percentage of GDP,ES10,Public,_T,Total,TP82,Housing,_Z,Not applicable,1989,,,,M,Missing value; data cannot exist,0,Units,1,One,_Z,Not applicable,,
DATAFLOW,OECD.ELS.SPD:DSD_SOCX_AGG@DF_SOCX_AGG(1.0),Social expenditure aggregates,I,ISR,Israel,A,Annual,SOCX,Social expenditure,PT_B1GQ,Percentage of GDP,ES10,Public,_T,Total,TP82,Housing,_Z,Not applicable,1990,,,,M,Missing value; data cannot exist,0,Units,1,One,_Z,Not applicable,,
DATAFLOW,OECD.ELS.SPD:DSD_SOCX_AGG@DF_SOCX_AGG(1.0),Social expenditure aggregates,I,ISR,Israel,A,Annual,SOCX,Social expenditure,PT_B1GQ,Percentage of GDP,ES10,Public,_T,Total,TP82,Housing,_Z,Not applicable,1991,,,,M,Missing value; data cannot exist,0,Units,1,One,_Z,Not applicable,,
DATAFLOW,OECD.ELS.SPD:DSD_SOCX_AGG@DF_SOCX_AGG(1.0),Social expenditure aggregates,I,ISR,Israel,A,Annual,SOCX,Social expenditure,PT_B1GQ,Percentage of GDP,ES10,Public,_T,Total,TP82,Housing,_Z,Not applicable,1992,,,,M,Missing value; data cannot exist,0,Units,1,One,_Z,Not applicable,,
DATAFLOW,OECD.ELS.SPD:DSD_SOCX_AGG@DF_SOCX_AGG(1.0),Social expenditure aggregates,I,ISR,Israel,A,Annual,SOCX,Social expenditure,PT_B1GQ,Percentage of GDP,ES10,Public,_T,Total,TP82,Housing,_Z,Not applicable,1993,,,,M,Missing value; data cannot exist,0,Units,1,One,_Z,Not applicable,,
DATAFLOW,OECD.ELS.SPD:DSD_SOCX_AGG@DF_SOCX_AGG(1.0),Social expenditure aggregates,I,ISR,Israel,A,Annual,SOCX,Social expenditure,PT_B1GQ,Percentage of GDP,ES10,Public,_T,Total,TP82,Housing,_Z,Not applicable,1994,,,,M,Missing value; data cannot exist,0,Units,1,One,_Z,Not applicable,,
DATAFLOW,OECD.ELS.SPD:DSD_SOCX_AGG@DF_SOCX_AGG(1.0),Social expenditure aggregates,I,NZL,New Zealand,A,Annual,SOCX,Social expenditure,PT_B1GQ,Percentage of GDP,ES10,Public,_T,Total,TP82,Housing,_Z,Not applicable,1980,,0.064,,A,Normal value,0,Units,1,One,_Z,Not applicable,,
DATAFLOW,OECD.ELS.SPD:DSD_SOCX_AGG@DF_SOCX_AGG(1.0),Social expenditure aggregates,I,NZL,New Zealand,A,Annual,SOCX,Social expenditure,PT_B1GQ,Percentage of GDP,ES10,Public,_T,Total,TP82,Housing,_Z,Not applicable,1981,,0.047,,A,Normal value,0,Units,1,One,_Z,Not applicable,,
DATAFLOW,OECD.ELS.SPD:DSD_SOCX_AGG@DF_SOCX_AGG(1.0),Social expenditure aggregates,I,NZL,New Zealand,A,Annual,SOCX,Social expenditure,PT_B1GQ,Percentage of GDP,ES10,Public,_T,Total,TP82,Housing,_Z,Not applicable,1982,,0.057,,A,Normal value,0,Units,1,One,_Z,Not applicable,,
DATAFLOW,OECD.ELS.SPD:DSD_SOCX_AGG@DF_SOCX_AGG(1.0),Social expenditure aggregates,I,NZL,New Zealand,A,Annual,SOCX,Social expenditure,PT_B1GQ,Percentage of GDP,ES10,Public,_T,Total,TP82,Housing,_Z,Not applicable,1983,,0.093,,A,Normal value,0,Units,1,One,_Z,Not applicable,,
DATAFLOW,OECD.ELS.SPD:DSD_SOCX_AGG@DF_SOCX_AGG(1.0),Social expenditure aggregates,I,NZL,New Zealand,A,Annual,SOCX,Social expenditure,PT_B1GQ,Percentage of GDP,ES10,Public,_T,Total,TP82,Housing,_Z,Not applicable,1984,,0.115,,A,Normal value,0,Units,1,One,_Z,Not applicable,,
DATAFLOW,OECD.ELS.SPD:DSD_SOCX_AGG@DF_SOCX_AGG(1.0),Social expenditure aggregates,I,NZL,New Zealand,A,Annual,SOCX,Social expenditure,PT_B1GQ,Percentage of GDP,ES10,Public,_T,Total,TP82,Housing,_Z,Not applicable,1985,,0.135,,A,Normal value,0,Units,1,One,_Z,Not applicable,,
DATAFLOW,OECD.ELS.SPD:DSD_SOCX_AGG@DF_SOCX_AGG(1.0),Social expenditure aggregates,I,NZL,New Zealand,A,Annual,SOCX,Social expenditure,PT_B1GQ,Percentage of GDP,ES10,Public,_T,Total,TP82,Housing,_Z,Not applicable,1986,,0.176,,A,Normal value,0,Units,1,One,_Z,Not applicable,,
DATAFLOW,OECD.ELS.SPD:DSD_SOCX_AGG@DF_SOCX_AGG(1.0),Social expenditure aggregates,I,NZL,New Zealand,A,Annual,SOCX,Social expenditure,PT_B1GQ,Percentage of GDP,ES10,Public,_T,Total,TP82,Housing,_Z,Not applicable,1987,,0.15,,A,Normal value,0,Units,1,One,_Z,Not applicable,,
DATAFLOW,OECD.ELS.SPD:DSD_SOCX_AGG@DF_SOCX_AGG(1.0),Social expenditure aggregates,I,NZL,New Zealand,A,Annual,SOCX,Social expenditure,PT_B1GQ,Percentage of GDP,ES10,Public,_T,Total,TP82,Housing,_Z,Not applicable,1988,,0.145,,A,Normal value,0,Units,1,One,_Z,Not applicable,,
DATAFLOW,OECD.ELS.SPD:DSD_SOCX_AGG@DF_SOCX_AGG(1.0),Social expenditure aggregates,I,NZL,New Zealand,A,Annual,SOCX,Social expenditure,PT_B1GQ,Percentage of GDP,ES10,Public,_T,Total,TP82,Housing,_Z,Not applicable,1989,,0.157,,A,Normal value,0,Units,1,One,_Z,Not applicable,,
DATAFLOW,OECD.ELS.SPD:DSD_SOCX_AGG@DF_SOCX_AGG(1.0),Social expenditure aggregates,I,NZL,New Zealand,A,Annual,SOCX,Social expenditure,PT_B1GQ,Percentage of GDP,ES10,Public,_T,Total,TP82,Housing,_Z,Not applicable,1990,,0.164,,A,Normal value,0,Units,1,One,_Z,Not applicable,,
DATAFLOW,OECD.ELS.SPD:DSD_SOCX_AGG@DF_SOCX_AGG(1.0),Social expenditure aggregates,I,NZL,New Zealand,A,Annual,SOCX,Social expenditure,PT_B1GQ,Percentage of GDP,ES10,Public,_T,Total,TP82,Housing,_Z,Not applicable,1991,,0.237,,A,Normal value,0,Units,1,One,_Z,Not applicable,,
DATAFLOW,OECD.ELS.SPD:DSD_SOCX_AGG@DF_SOCX_AGG(1.0),Social expenditure aggregates,I,NZL,New Zealand,A,Annual,SOCX,Social expenditure,PT_B1GQ,Percentage of GDP,ES10,Public,_T,Total,TP82,Housing,_Z,Not applicable,1992,,0.474,,A,Normal value,0,Units,1,One,_Z,Not applicable,,
DATAFLOW,OECD.ELS.SPD:DSD_SOCX_AGG@DF_SOCX_AGG(1.0),Social expenditure aggregates,I,NZL,New Zealand,A,Annual,SOCX,Social expenditure,PT_B1GQ,Percentage of GDP,ES10,Public,_T,Total,TP82,Housing,_Z,Not applicable,1993,,0.627,,A,Normal value,0,Units,1,One,_Z,Not applicable,,
DATAFLOW,OECD.ELS.SPD:DSD_SOCX_AGG@DF_SOCX_AGG(1.0),Social expenditure aggregates,I,NZL,New Zealand,A,Annual,SOCX,Social expenditure,PT_B1GQ,Percentage of GDP,ES10,Public,_T,Total,TP82,Housing,_Z,Not applicable,1994,,0.553,,A,Normal value,0,Units,1,One,_Z,Not applicable,,
DATAFLOW,OECD.ELS.SPD:DSD_SOCX_AGG@DF_SOCX_AGG(1.0),Social expenditure aggregates,I,NZL,New Zealand,A,Annual,SOCX,Social expenditure,PT_B1GQ,Percentage of GDP,ES10,Public,_T,Total,TP82,Housing,_Z,Not applicable,1995,,0.608,,A,Normal value,0,Units,1,One,_Z,Not applicable,,
DATAFLOW,OECD.ELS.SPD:DSD_SOCX_AGG@DF_SOCX_AGG(1.0),Social expenditure aggregates,I,NZL,New Zealand,A,Annual,SOCX,Social expenditure,PT_B1GQ,Percentage of GDP,ES10,Public,_T,Total,TP82,Housing,_Z,Not applicable,1996,,0.676,,A,Normal value,0,Units,1,One,_Z,Not applicable,,
DATAFLOW,OECD.ELS.SPD:DSD_SOCX_AGG@DF_SOCX_AGG(1.0),Social expenditure aggregates,I,NZL,New Zealand,A,Annual,SOCX,Social expenditure,PT_B1GQ,Percentage of GDP,ES10,Public,_T,Total,TP82,Housing,_Z,Not applicable,1997,,0.774,,A,Normal value,0,Units,1,One,_Z,Not applicable,,
DATAFLOW,OECD.ELS.SPD:DSD_SOCX_AGG@DF_SOCX_AGG(1.0),Social expenditure aggregates,I,NZL,New Zealand,A,Annual,SOCX,Social expenditure,PT_B1GQ,Percentage of GDP,ES10,Public,_T,Total,TP82,Housing,_Z,Not applicable,1998,,0.805,,A,Normal value,0,Units,1,One,_Z,Not applicable,,
DATAFLOW,OECD.ELS.SPD:DSD_SOCX_AGG@DF_SOCX_AGG(1.0),Social expenditure aggregates,I,NZL,New Zealand,A,Annual,SOCX,Social expenditure,PT_B1GQ,Percentage of GDP,ES10,Public,_T,Total,TP82,Housing,_Z,Not applicable,1999,,0.78,,A,Normal value,0,Units,1,One,_Z,Not applicable,,
DATAFLOW,OECD.ELS.SPD:DSD_SOCX_AGG@DF_SOCX_AGG(1.0),Social expenditure aggregates,I,NZL,New Zealand,A,Annual,SOCX,Social expenditure,PT_B1GQ,Percentage of GDP,ES10,Public,_T,Total,TP82,Housing,_Z,Not applicable,2000,,0.808,,A,Normal value,0,Units,1,One,_Z,Not applicable,,
DATAFLOW,OECD.ELS.SPD:DSD_SOCX_AGG@DF_SOCX_AGG(1.0),Social expenditure aggregates,I,NZL,New Zealand,A,Annual,SOCX,Social expenditure,PT_B1GQ,Percentage of GDP,ES10,Public,_T,Total,TP82,Housing,_Z,Not applicable,2001,,0.78,,A,Normal value,0,Units,1,One,_Z,Not applicable,,
DATAFLOW,OECD.ELS.SPD:DSD_SOCX_AGG@DF_SOCX_AGG(1.0),Social expenditure aggregates,I,NZL,New Zealand,A,Annual,SOCX,Social expenditure,PT_B1GQ,Percentage of GDP,ES10,Public,_T,Total,TP82,Housing,_Z,Not applicable,2002,,0.75,,A,Normal value,0,Units,1,One,_Z,Not applicable,,
DATAFLOW,OECD.ELS.SPD:DSD_SOCX_AGG@DF_SOCX_AGG(1.0),Social expenditure aggregates,I,NZL,New Zealand,A,Annual,SOCX,Social expenditure,PT_B1GQ,Percentage of GDP,ES10,Public,_T,Total,TP82,Housing,_Z,Not applicable,2003,,0.735,,A,Normal value,0,Units,1,One,_Z,Not applicable,,
DATAFLOW,OECD.ELS.SPD:DSD_SOCX_AGG@DF_SOCX_AGG(1.0),Social expenditure aggregates,I,NZL,New Zealand,A,Annual,SOCX,Social expenditure,PT_B1GQ,Percentage of GDP,ES10,Public,_T,Total,TP82,Housing,_Z,Not applicable,2004,,0.738,,A,Normal value,0,Units,1,One,_Z,Not applicable,,
DATAFLOW,OECD.ELS.SPD:DSD_SOCX_AGG@DF_SOCX_AGG(1.0),Social expenditure aggregates,I,NZL,New Zealand,A,Annual,SOCX,Social expenditure,PT_B1GQ,Percentage of GDP,ES10,Public,_T,Total,TP82,Housing,_Z,Not applicable,2005,,0.811,,A,Normal value,0,Units,1,One,_Z,Not applicable,,
DATAFLOW,OECD.ELS.SPD:DSD_SOCX_AGG@DF_SOCX_AGG(1.0),Social expenditure aggregates,I,NZL,New Zealand,A,Annual,SOCX,Social expenditure,PT_B1GQ,Percentage of GDP,ES10,Public,_T,Total,TP82,Housing,_Z,Not applicable,2006,,0.805,,A,Normal value,0,Units,1,One,_Z,Not applicable,,
DATAFLOW,OECD.ELS.SPD:DSD_SOCX_AGG@DF_SOCX_AGG(1.0),Social expenditure aggregates,I,NZL,New Zealand,A,Annual,SOCX,Social expenditure,PT_B1GQ,Percentage of GDP,ES10,Public,_T,Total,TP82,Housing,_Z,Not applicable,2007,,0.779,,A,Normal value,0,Units,1,One,_Z,Not applicable,,
DATAFLOW,OECD.ELS.SPD:DSD_SOCX_AGG@DF_SOCX_AGG(1.0),Social expenditure aggregates,I,NZL,New Zealand,A,Annual,SOCX,Social expenditure,PT_B1GQ,Percentage of GDP,ES10,Public,_T,Total,TP82,Housing,_Z,Not applicable,2008,,0.841,,A,Normal value,0,Units,1,One,_Z,Not applicable,,
DATAFLOW,OECD.ELS.SPD:DSD_SOCX_AGG@DF_SOCX_AGG(1.0),Social expenditure aggregates,I,NZL,New Zealand,A,Annual,SOCX,Social expenditure,PT_B1GQ,Percentage of GDP,ES10,Public,_T,Total,TP82,Housing,_Z,Not applicable,2009,,0.933,,A,Normal value,0,Units,1,One,_Z,Not applicable,,
DATAFLOW,OECD.ELS.SPD:DSD_SOCX_AGG@DF_SOCX_AGG(1.0),Social expenditure aggregates,I,NZL,New Zealand,A,Annual,SOCX,Social expenditure,PT_B1GQ,Percentage of GDP,ES10,Public,_T,Total,TP82,Housing,_Z,Not applicable,2010,,0.692,,A,Normal value,0,Units,1,One,_Z,Not applicable,,
DATAFLOW,OECD.ELS.SPD:DSD_SOCX_AGG@DF_SOCX_AGG(1.0),Social expenditure aggregates,I,NZL,New Zealand,A,Annual,SOCX,Social expenditure,PT_B1GQ,Percentage of GDP,ES10,Public,_T,Total,TP82,Housing,_Z,Not applicable,2011,,0.691,,A,Normal value,0,Units,1,One,_Z,Not applicable,,
DATAFLOW,OECD.ELS.SPD:DSD_SOCX_AGG@DF_SOCX_AGG(1.0),Social expenditure aggregates,I,NZL,New Zealand,A,Annual,SOCX,Social expenditure,PT_B1GQ,Percentage of GDP,ES10,Public,_T,Total,TP82,Housing,_Z,Not applicable,2012,,0.654,,A,Normal value,0,Units,1,One,_Z,Not applicable,,
DATAFLOW,OECD.ELS.SPD:DSD_SOCX_AGG@DF_SOCX_AGG(1.0),Social expenditure aggregates,I,NZL,New Zealand,A,Annual,SOCX,Social expenditure,PT_B1GQ,Percentage of GDP,ES10,Public,_T,Total,TP82,Housing,_Z,Not applicable,2013,,0.667,,A,Normal value,0,Units,1,One,_Z,Not applicable,,
DATAFLOW,OECD.ELS.SPD:DSD_SOCX_AGG@DF_SOCX_AGG(1.0),Social expenditure aggregates,I,NZL,New Zealand,A,Annual,SOCX,Social expenditure,PT_B1GQ,Percentage of GDP,ES10,Public,_T,Total,TP82,Housing,_Z,Not applicable,2014,,0.856,,A,Normal value,0,Units,1,One,_Z,Not applicable,,
DATAFLOW,OECD.ELS.SPD:DSD_SOCX_AGG@DF_SOCX_AGG(1.0),Social expenditure aggregates,I,NZL,New Zealand,A,Annual,SOCX,Social expenditure,PT_B1GQ,Percentage of GDP,ES10,Public,_T,Total,TP82,Housing,_Z,Not applicable,2015,,0.843,,A,Normal value,0,Units,1,One,_Z,Not applicable,,
DATAFLOW,OECD.ELS.SPD:DSD_SOCX_AGG@DF_SOCX_AGG(1.0),Social expenditure aggregates,I,NZL,New Zealand,A,Annual,SOCX,Social expenditure,PT_B1GQ,Percentage of GDP,ES10,Public,_T,Total,TP82,Housing,_Z,Not applicable,2016,,0.813,,A,Normal value,0,Units,1,One,_Z,Not applicable,,
DATAFLOW,OECD.ELS.SPD:DSD_SOCX_AGG@DF_SOCX_AGG(1.0),Social expenditure aggregates,I,NZL,New Zealand,A,Annual,SOCX,Social expenditure,PT_B1GQ,Percentage of GDP,ES10,Public,_T,Total,TP82,Housing,_Z,Not applicable,2017,,0.852,,A,Normal value,0,Units,1,One,_Z,Not applicable,,
DATAFLOW,OECD.ELS.SPD:DSD_SOCX_AGG@DF_SOCX_AGG(1.0),Social expenditure aggregates,I,NZL,New Zealand,A,Annual,SOCX,Social expenditure,PT_B1GQ,Percentage of GDP,ES10,Public,_T,Total,TP82,Housing,_Z,Not applicable,2018,,0.902,,A,Normal value,0,Units,1,One,_Z,Not applicable,,
DATAFLOW,OECD.ELS.SPD:DSD_SOCX_AGG@DF_SOCX_AGG(1.0),Social expenditure aggregates,I,NZL,New Zealand,A,Annual,SOCX,Social expenditure,PT_B1GQ,Percentage of GDP,ES10,Public,_T,Total,TP82,Housing,_Z,Not applicable,2019,,1.192,,A,Normal value,0,Units,1,One,_Z,Not applicable,,
DATAFLOW,OECD.ELS.SPD:DSD_SOCX_AGG@DF_SOCX_AGG(1.0),Social expenditure aggregates,I,NZL,New Zealand,A,Annual,SOCX,Social expenditure,PT_B1GQ,Percentage of GDP,ES10,Public,_T,Total,TP82,Housing,_Z,Not applicable,2020,,1.341,,A,Normal value,0,Units,1,One,_Z,Not applicable,,
DATAFLOW,OECD.ELS.SPD:DSD_SOCX_AGG@DF_SOCX_AGG(1.0),Social expenditure aggregates,I,NZL,New Zealand,A,Annual,SOCX,Social expenditure,PT_B1GQ,Percentage of GDP,ES10,Public,_T,Total,TP82,Housing,_Z,Not applicable,2021,,1.334,,A,Normal value,0,Units,1,One,_Z,Not applicable,,
DATAFLOW,OECD.ELS.SPD:DSD_SOCX_AGG@DF_SOCX_AGG(1.0),Social expenditure aggregates,I,NZL,New Zealand,A,Annual,SOCX,Social expenditure,PT_B1GQ,Percentage of GDP,ES10,Public,_T,Total,TP82,Housing,_Z,Not applicable,2022,,1.45,,A,Normal value,0,Units,1,One,_Z,Not applicable,,
DATAFLOW,OECD.ELS.SPD:DSD_SOCX_AGG@DF_SOCX_AGG(1.0),Social expenditure aggregates,I,ISR,Israel,A,Annual,SOCX,Social expenditure,PT_B1GQ,Percentage of GDP,ES10,Public,_T,Total,TP82,Housing,_Z,Not applicable,1995,,0.653,,A,Normal value,0,Units,1,One,_Z,Not applicable,,
DATAFLOW,OECD.ELS.SPD:DSD_SOCX_AGG@DF_SOCX_AGG(1.0),Social expenditure aggregates,I,ISR,Israel,A,Annual,SOCX,Social expenditure,PT_B1GQ,Percentage of GDP,ES10,Public,_T,Total,TP82,Housing,_Z,Not applicable,1996,,0.598,,A,Normal value,0,Units,1,One,_Z,Not applicable,,
DATAFLOW,OECD.ELS.SPD:DSD_SOCX_AGG@DF_SOCX_AGG(1.0),Social expenditure aggregates,I,ISR,Israel,A,Annual,SOCX,Social expenditure,PT_B1GQ,Percentage of GDP,ES10,Public,_T,Total,TP82,Housing,_Z,Not applicable,1997,,0.419,,A,Normal value,0,Units,1,One,_Z,Not applicable,,
DATAFLOW,OECD.ELS.SPD:DSD_SOCX_AGG@DF_SOCX_AGG(1.0),Social expenditure aggregates,I,ISR,Israel,A,Annual,SOCX,Social expenditure,PT_B1GQ,Percentage of GDP,ES10,Public,_T,Total,TP82,Housing,_Z,Not applicable,1998,,0.348,,A,Normal value,0,Units,1,One,_Z,Not applicable,,
DATAFLOW,OECD.ELS.SPD:DSD_SOCX_AGG@DF_SOCX_AGG(1.0),Social expenditure aggregates,I,ISR,Israel,A,Annual,SOCX,Social expenditure,PT_B1GQ,Percentage of GDP,ES10,Public,_T,Total,TP82,Housing,_Z,Not applicable,1999,,0.356,,A,Normal value,0,Units,1,One,_Z,Not applicable,,
DATAFLOW,OECD.ELS.SPD:DSD_SOCX_AGG@DF_SOCX_AGG(1.0),Social expenditure aggregates,I,ISR,Israel,A,Annual,SOCX,Social expenditure,PT_B1GQ,Percentage of GDP,ES10,Public,_T,Total,TP82,Housing,_Z,Not applicable,2000,,0.304,,A,Normal value,0,Units,1,One,_Z,Not applicable,,
DATAFLOW,OECD.ELS.SPD:DSD_SOCX_AGG@DF_SOCX_AGG(1.0),Social expenditure aggregates,I,ISR,Israel,A,Annual,SOCX,Social expenditure,PT_B1GQ,Percentage of GDP,ES10,Public,_T,Total,TP82,Housing,_Z,Not applicable,2001,,0.345,,A,Normal value,0,Units,1,One,_Z,Not applicable,,
DATAFLOW,OECD.ELS.SPD:DSD_SOCX_AGG@DF_SOCX_AGG(1.0),Social expenditure aggregates,I,ISR,Israel,A,Annual,SOCX,Social expenditure,PT_B1GQ,Percentage of GDP,ES10,Public,_T,Total,TP82,Housing,_Z,Not applicable,2002,,0.279,,A,Normal value,0,Units,1,One,_Z,Not applicable,,
DATAFLOW,OECD.ELS.SPD:DSD_SOCX_AGG@DF_SOCX_AGG(1.0),Social expenditure aggregates,I,ISR,Israel,A,Annual,SOCX,Social expenditure,PT_B1GQ,Percentage of GDP,ES10,Public,_T,Total,TP82,Housing,_Z,Not applicable,2003,,0.246,,A,Normal value,0,Units,1,One,_Z,Not applicable,,
DATAFLOW,OECD.ELS.SPD:DSD_SOCX_AGG@DF_SOCX_AGG(1.0),Social expenditure aggregates,I,ISR,Israel,A,Annual,SOCX,Social expenditure,PT_B1GQ,Percentage of GDP,ES10,Public,_T,Total,TP82,Housing,_Z,Not applicable,2004,,0.184,,A,Normal value,0,Units,1,One,_Z,Not applicable,,
DATAFLOW,OECD.ELS.SPD:DSD_SOCX_AGG@DF_SOCX_AGG(1.0),Social expenditure aggregates,I,ISR,Israel,A,Annual,SOCX,Social expenditure,PT_B1GQ,Percentage of GDP,ES10,Public,_T,Total,TP82,Housing,_Z,Not applicable,2005,,0.198,,A,Normal value,0,Units,1,One,_Z,Not applicable,,
DATAFLOW,OECD.ELS.SPD:DSD_SOCX_AGG@DF_SOCX_AGG(1.0),Social expenditure aggregates,I,ISR,Israel,A,Annual,SOCX,Social expenditure,PT_B1GQ,Percentage of GDP,ES10,Public,_T,Total,TP82,Housing,_Z,Not applicable,2006,,0.146,,A,Normal value,0,Units,1,One,_Z,Not applicable,,
DATAFLOW,OECD.ELS.SPD:DSD_SOCX_AGG@DF_SOCX_AGG(1.0),Social expenditure aggregates,I,ISR,Israel,A,Annual,SOCX,Social expenditure,PT_B1GQ,Percentage of GDP,ES10,Public,_T,Total,TP82,Housing,_Z,Not applicable,2007,,0.137,,A,Normal value,0,Units,1,One,_Z,Not applicable,,
DATAFLOW,OECD.ELS.SPD:DSD_SOCX_AGG@DF_SOCX_AGG(1.0),Social expenditure aggregates,I,ISR,Israel,A,Annual,SOCX,Social expenditure,PT_B1GQ,Percentage of GDP,ES10,Public,_T,Total,TP82,Housing,_Z,Not applicable,2008,,0.122,,A,Normal value,0,Units,1,One,_Z,Not applicable,,
DATAFLOW,OECD.ELS.SPD:DSD_SOCX_AGG@DF_SOCX_AGG(1.0),Social expenditure aggregates,I,ISR,Israel,A,Annual,SOCX,Social expenditure,PT_B1GQ,Percentage of GDP,ES10,Public,_T,Total,TP82,Housing,_Z,Not applicable,2009,,0.114,,A,Normal value,0,Units,1,One,_Z,Not applicable,,
DATAFLOW,OECD.ELS.SPD:DSD_SOCX_AGG@DF_SOCX_AGG(1.0),Social expenditure aggregates,I,ISR,Israel,A,Annual,SOCX,Social expenditure,PT_B1GQ,Percentage of GDP,ES10,Public,_T,Total,TP82,Housing,_Z,Not applicable,2010,,0.103,,A,Normal value,0,Units,1,One,_Z,Not applicable,,
DATAFLOW,OECD.ELS.SPD:DSD_SOCX_AGG@DF_SOCX_AGG(1.0),Social expenditure aggregates,I,ISR,Israel,A,Annual,SOCX,Social expenditure,PT_B1GQ,Percentage of GDP,ES10,Public,_T,Total,TP82,Housing,_Z,Not applicable,2011,,0.093,,A,Normal value,0,Units,1,One,_Z,Not applicable,,
DATAFLOW,OECD.ELS.SPD:DSD_SOCX_AGG@DF_SOCX_AGG(1.0),Social expenditure aggregates,I,ISR,Israel,A,Annual,SOCX,Social expenditure,PT_B1GQ,Percentage of GDP,ES10,Public,_T,Total,TP82,Housing,_Z,Not applicable,2012,,0.096,,A,Normal value,0,Units,1,One,_Z,Not applicable,,
DATAFLOW,OECD.ELS.SPD:DSD_SOCX_AGG@DF_SOCX_AGG(1.0),Social expenditure aggregates,I,ISR,Israel,A,Annual,SOCX,Social expenditure,PT_B1GQ,Percentage of GDP,ES10,Public,_T,Total,TP82,Housing,_Z,Not applicable,2013,,0.094,,A,Normal value,0,Units,1,One,_Z,Not applicable,,
DATAFLOW,OECD.ELS.SPD:DSD_SOCX_AGG@DF_SOCX_AGG(1.0),Social expenditure aggregates,I,ISR,Israel,A,Annual,SOCX,Social expenditure,PT_B1GQ,Percentage of GDP,ES10,Public,_T,Total,TP82,Housing,_Z,Not applicable,2014,,0.084,,A,Normal value,0,Units,1,One,_Z,Not applicable,,
DATAFLOW,OECD.ELS.SPD:DSD_SOCX_AGG@DF_SOCX_AGG(1.0),Social expenditure aggregates,I,ISR,Israel,A,Annual,SOCX,Social expenditure,PT_B1GQ,Percentage of GDP,ES10,Public,_T,Total,TP82,Housing,_Z,Not applicable,2015,,0.06,,A,Normal value,0,Units,1,One,_Z,Not applicable,,
DATAFLOW,OECD.ELS.SPD:DSD_SOCX_AGG@DF_SOCX_AGG(1.0),Social expenditure aggregates,I,ISR,Israel,A,Annual,SOCX,Social expenditure,PT_B1GQ,Percentage of GDP,ES10,Public,_T,Total,TP82,Housing,_Z,Not applicable,2016,,0.056,,A,Normal value,0,Units,1,One,_Z,Not applicable,,
DATAFLOW,OECD.ELS.SPD:DSD_SOCX_AGG@DF_SOCX_AGG(1.0),Social expenditure aggregates,I,ISR,Israel,A,Annual,SOCX,Social expenditure,PT_B1GQ,Percentage of GDP,ES10,Public,_T,Total,TP82,Housing,_Z,Not applicable,2017,,0.062,,A,Normal value,0,Units,1,One,_Z,Not applicable,,
DATAFLOW,OECD.ELS.SPD:DSD_SOCX_AGG@DF_SOCX_AGG(1.0),Social expenditure aggregates,I,ISR,Israel,A,Annual,SOCX,Social expenditure,PT_B1GQ,Percentage of GDP,ES10,Public,_T,Total,TP82,Housing,_Z,Not applicable,2018,,0.064,,A,Normal value,0,Units,1,One,_Z,Not applicable,,
DATAFLOW,OECD.ELS.SPD:DSD_SOCX_AGG@DF_SOCX_AGG(1.0),Social expenditure aggregates,I,ISR,Israel,A,Annual,SOCX,Social expenditure,PT_B1GQ,Percentage of GDP,ES10,Public,_T,Total,TP82,Housing,_Z,Not applicable,2019,,0.059,,A,Normal value,0,Units,1,One,_Z,Not applicable,,
DATAFLOW,OECD.ELS.SPD:DSD_SOCX_AGG@DF_SOCX_AGG(1.0),Social expenditure aggregates,I,ISR,Israel,A,Annual,SOCX,Social expenditure,PT_B1GQ,Percentage of GDP,ES10,Public,_T,Total,TP82,Housing,_Z,Not applicable,2020,,0.065,,A,Normal value,0,Units,1,One,_Z,Not applicable,,
DATAFLOW,OECD.ELS.SPD:DSD_SOCX_AGG@DF_SOCX_AGG(1.0),Social expenditure aggregates,I,ISR,Israel,A,Annual,SOCX,Social expenditure,PT_B1GQ,Percentage of GDP,ES10,Public,_T,Total,TP82,Housing,_Z,Not applicable,2021,,0.055,,A,Normal value,0,Units,1,One,_Z,Not applicable,,
DATAFLOW,OECD.ELS.SPD:DSD_SOCX_AGG@DF_SOCX_AGG(1.0),Social expenditure aggregates,I,ISR,Israel,A,Annual,SOCX,Social expenditure,PT_B1GQ,Percentage of GDP,ES10,Public,_T,Total,TP82,Housing,_Z,Not applicable,2022,,0.047,,A,Normal value,0,Units,1,One,_Z,Not applicable,,
DATAFLOW,OECD.ELS.SPD:DSD_SOCX_AGG@DF_SOCX_AGG(1.0),Social expenditure aggregates,I,ISR,Israel,A,Annual,SOCX,Social expenditure,PT_B1GQ,Percentage of GDP,ES10,Public,_T,Total,TP82,Housing,_Z,Not applicable,2023,,0.197,,A,Normal value,0,Units,1,One,_Z,Not applicable,,
DATAFLOW,OECD.ELS.SPD:DSD_SOCX_AGG@DF_SOCX_AGG(1.0),Social expenditure aggregates,I,ESP,Spain,A,Annual,SOCX,Social expenditure,PT_B1GQ,Percentage of GDP,ES10,Public,_T,Total,TP82,Housing,_Z,Not applicable,1995,,0.219,,A,Normal value,0,Units,1,One,_Z,Not applicable,,
DATAFLOW,OECD.ELS.SPD:DSD_SOCX_AGG@DF_SOCX_AGG(1.0),Social expenditure aggregates,I,ESP,Spain,A,Annual,SOCX,Social expenditure,PT_B1GQ,Percentage of GDP,ES10,Public,_T,Total,TP82,Housing,_Z,Not applicable,1996,,0.253,,A,Normal value,0,Units,1,One,_Z,Not applicable,,
DATAFLOW,OECD.ELS.SPD:DSD_SOCX_AGG@DF_SOCX_AGG(1.0),Social expenditure aggregates,I,ESP,Spain,A,Annual,SOCX,Social expenditure,PT_B1GQ,Percentage of GDP,ES10,Public,_T,Total,TP82,Housing,_Z,Not applicable,1997,,0.237,,A,Normal value,0,Units,1,One,_Z,Not applicable,,
DATAFLOW,OECD.ELS.SPD:DSD_SOCX_AGG@DF_SOCX_AGG(1.0),Social expenditure aggregates,I,ESP,Spain,A,Annual,SOCX,Social expenditure,PT_B1GQ,Percentage of GDP,ES10,Public,_T,Total,TP82,Housing,_Z,Not applicable,1998,,0.24,,A,Normal value,0,Units,1,One,_Z,Not applicable,,
DATAFLOW,OECD.ELS.SPD:DSD_SOCX_AGG@DF_SOCX_AGG(1.0),Social expenditure aggregates,I,ESP,Spain,A,Annual,SOCX,Social expenditure,PT_B1GQ,Percentage of GDP,ES10,Public,_T,Total,TP82,Housing,_Z,Not applicable,1999,,0.22,,A,Normal value,0,Units,1,One,_Z,Not applicable,,
DATAFLOW,OECD.ELS.SPD:DSD_SOCX_AGG@DF_SOCX_AGG(1.0),Social expenditure aggregates,I,ESP,Spain,A,Annual,SOCX,Social expenditure,PT_B1GQ,Percentage of GDP,ES10,Public,_T,Total,TP82,Housing,_Z,Not applicable,2000,,0.16,,A,Normal value,0,Units,1,One,_Z,Not applicable,,
DATAFLOW,OECD.ELS.SPD:DSD_SOCX_AGG@DF_SOCX_AGG(1.0),Social expenditure aggregates,I,ESP,Spain,A,Annual,SOCX,Social expenditure,PT_B1GQ,Percentage of GDP,ES10,Public,_T,Total,TP82,Housing,_Z,Not applicable,2001,,0.165,,A,Normal value,0,Units,1,One,_Z,Not applicable,,
DATAFLOW,OECD.ELS.SPD:DSD_SOCX_AGG@DF_SOCX_AGG(1.0),Social expenditure aggregates,I,ESP,Spain,A,Annual,SOCX,Social expenditure,PT_B1GQ,Percentage of GDP,ES10,Public,_T,Total,TP82,Housing,_Z,Not applicable,2002,,0.148,,A,Normal value,0,Units,1,One,_Z,Not applicable,,
DATAFLOW,OECD.ELS.SPD:DSD_SOCX_AGG@DF_SOCX_AGG(1.0),Social expenditure aggregates,I,ESP,Spain,A,Annual,SOCX,Social expenditure,PT_B1GQ,Percentage of GDP,ES10,Public,_T,Total,TP82,Housing,_Z,Not applicable,2003,,0.152,,A,Normal value,0,Units,1,One,_Z,Not applicable,,
DATAFLOW,OECD.ELS.SPD:DSD_SOCX_AGG@DF_SOCX_AGG(1.0),Social expenditure aggregates,I,ESP,Spain,A,Annual,SOCX,Social expenditure,PT_B1GQ,Percentage of GDP,ES10,Public,_T,Total,TP82,Housing,_Z,Not applicable,2004,,0.153,,A,Normal value,0,Units,1,One,_Z,Not applicable,,
DATAFLOW,OECD.ELS.SPD:DSD_SOCX_AGG@DF_SOCX_AGG(1.0),Social expenditure aggregates,I,ESP,Spain,A,Annual,SOCX,Social expenditure,PT_B1GQ,Percentage of GDP,ES10,Public,_T,Total,TP82,Housing,_Z,Not applicable,2005,,0.168,,A,Normal value,0,Units,1,One,_Z,Not applicable,,
DATAFLOW,OECD.ELS.SPD:DSD_SOCX_AGG@DF_SOCX_AGG(1.0),Social expenditure aggregates,I,ESP,Spain,A,Annual,SOCX,Social expenditure,PT_B1GQ,Percentage of GDP,ES10,Public,_T,Total,TP82,Housing,_Z,Not applicable,2006,,0.165,,A,Normal value,0,Units,1,One,_Z,Not applicable,,
DATAFLOW,OECD.ELS.SPD:DSD_SOCX_AGG@DF_SOCX_AGG(1.0),Social expenditure aggregates,I,ESP,Spain,A,Annual,SOCX,Social expenditure,PT_B1GQ,Percentage of GDP,ES10,Public,_T,Total,TP82,Housing,_Z,Not applicable,2007,,0.181,,A,Normal value,0,Units,1,One,_Z,Not applicable,,
DATAFLOW,OECD.ELS.SPD:DSD_SOCX_AGG@DF_SOCX_AGG(1.0),Social expenditure aggregates,I,ESP,Spain,A,Annual,SOCX,Social expenditure,PT_B1GQ,Percentage of GDP,ES10,Public,_T,Total,TP82,Housing,_Z,Not applicable,2008,,0.187,,A,Normal value,0,Units,1,One,_Z,Not applicable,,
DATAFLOW,OECD.ELS.SPD:DSD_SOCX_AGG@DF_SOCX_AGG(1.0),Social expenditure aggregates,I,ESP,Spain,A,Annual,SOCX,Social expenditure,PT_B1GQ,Percentage of GDP,ES10,Public,_T,Total,TP82,Housing,_Z,Not applicable,2009,,0.196,,A,Normal value,0,Units,1,One,_Z,Not applicable,,
DATAFLOW,OECD.ELS.SPD:DSD_SOCX_AGG@DF_SOCX_AGG(1.0),Social expenditure aggregates,I,ESP,Spain,A,Annual,SOCX,Social expenditure,PT_B1GQ,Percentage of GDP,ES10,Public,_T,Total,TP82,Housing,_Z,Not applicable,2010,,0.214,,A,Normal value,0,Units,1,One,_Z,Not applicable,,
DATAFLOW,OECD.ELS.SPD:DSD_SOCX_AGG@DF_SOCX_AGG(1.0),Social expenditure aggregates,I,ESP,Spain,A,Annual,SOCX,Social expenditure,PT_B1GQ,Percentage of GDP,ES10,Public,_T,Total,TP82,Housing,_Z,Not applicable,2011,,0.228,,A,Normal value,0,Units,1,One,_Z,Not applicable,,
DATAFLOW,OECD.ELS.SPD:DSD_SOCX_AGG@DF_SOCX_AGG(1.0),Social expenditure aggregates,I,ESP,Spain,A,Annual,SOCX,Social expenditure,PT_B1GQ,Percentage of GDP,ES10,Public,_T,Total,TP82,Housing,_Z,Not applicable,2012,,0.147,,A,Normal value,0,Units,1,One,_Z,Not applicable,,
DATAFLOW,OECD.ELS.SPD:DSD_SOCX_AGG@DF_SOCX_AGG(1.0),Social expenditure aggregates,I,ESP,Spain,A,Annual,SOCX,Social expenditure,PT_B1GQ,Percentage of GDP,ES10,Public,_T,Total,TP82,Housing,_Z,Not applicable,2013,,0.102,,A,Normal value,0,Units,1,One,_Z,Not applicable,,
DATAFLOW,OECD.ELS.SPD:DSD_SOCX_AGG@DF_SOCX_AGG(1.0),Social expenditure aggregates,I,ESP,Spain,A,Annual,SOCX,Social expenditure,PT_B1GQ,Percentage of GDP,ES10,Public,_T,Total,TP82,Housing,_Z,Not applicable,2014,,0.106,,A,Normal value,0,Units,1,One,_Z,Not applicable,,
DATAFLOW,OECD.ELS.SPD:DSD_SOCX_AGG@DF_SOCX_AGG(1.0),Social expenditure aggregates,I,ESP,Spain,A,Annual,SOCX,Social expenditure,PT_B1GQ,Percentage of GDP,ES10,Public,_T,Total,TP82,Housing,_Z,Not applicable,2015,,0.101,,A,Normal value,0,Units,1,One,_Z,Not applicable,,
DATAFLOW,OECD.ELS.SPD:DSD_SOCX_AGG@DF_SOCX_AGG(1.0),Social expenditure aggregates,I,ESP,Spain,A,Annual,SOCX,Social expenditure,PT_B1GQ,Percentage of GDP,ES10,Public,_T,Total,TP82,Housing,_Z,Not applicable,2016,,0.104,,A,Normal value,0,Units,1,One,_Z,Not applicable,,
DATAFLOW,OECD.ELS.SPD:DSD_SOCX_AGG@DF_SOCX_AGG(1.0),Social expenditure aggregates,I,ESP,Spain,A,Annual,SOCX,Social expenditure,PT_B1GQ,Percentage of GDP,ES10,Public,_T,Total,TP82,Housing,_Z,Not applicable,2017,,0.105,,A,Normal value,0,Units,1,One,_Z,Not applicable,,
DATAFLOW,OECD.ELS.SPD:DSD_SOCX_AGG@DF_SOCX_AGG(1.0),Social expenditure aggregates,I,ESP,Spain,A,Annual,SOCX,Social expenditure,PT_B1GQ,Percentage of GDP,ES10,Public,_T,Total,TP82,Housing,_Z,Not applicable,2018,,0.107,,A,Normal value,0,Units,1,One,_Z,Not applicable,,
DATAFLOW,OECD.ELS.SPD:DSD_SOCX_AGG@DF_SOCX_AGG(1.0),Social expenditure aggregates,I,ESP,Spain,A,Annual,SOCX,Social expenditure,PT_B1GQ,Percentage of GDP,ES10,Public,_T,Total,TP82,Housing,_Z,Not applicable,2019,,0.111,,A,Normal value,0,Units,1,One,_Z,Not applicable,,
DATAFLOW,OECD.ELS.SPD:DSD_SOCX_AGG@DF_SOCX_AGG(1.0),Social expenditure aggregates,I,ESP,Spain,A,Annual,SOCX,Social expenditure,PT_B1GQ,Percentage of GDP,ES10,Public,_T,Total,TP82,Housing,_Z,Not applicable,2020,,0.13,,A,Normal value,0,Units,1,One,_Z,Not applicable,,
DATAFLOW,OECD.ELS.SPD:DSD_SOCX_AGG@DF_SOCX_AGG(1.0),Social expenditure aggregates,I,ESP,Spain,A,Annual,SOCX,Social expenditure,PT_B1GQ,Percentage of GDP,ES10,Public,_T,Total,TP82,Housing,_Z,Not applicable,2021,,0.126,,A,Normal value,0,Units,1,One,_Z,Not applicable,,
DATAFLOW,OECD.ELS.SPD:DSD_SOCX_AGG@DF_SOCX_AGG(1.0),Social expenditure aggregates,I,CHE,Switzerland,A,Annual,SOCX,Social expenditure,PT_B1GQ,Percentage of GDP,ES10,Public,_T,Total,TP82,Housing,_Z,Not applicable,1980,,0.083,,A,Normal value,0,Units,1,One,_Z,Not applicable,,
DATAFLOW,OECD.ELS.SPD:DSD_SOCX_AGG@DF_SOCX_AGG(1.0),Social expenditure aggregates,I,CHE,Switzerland,A,Annual,SOCX,Social expenditure,PT_B1GQ,Percentage of GDP,ES10,Public,_T,Total,TP82,Housing,_Z,Not applicable,1981,,0.077,,A,Normal value,0,Units,1,One,_Z,Not applicable,,
DATAFLOW,OECD.ELS.SPD:DSD_SOCX_AGG@DF_SOCX_AGG(1.0),Social expenditure aggregates,I,CHE,Switzerland,A,Annual,SOCX,Social expenditure,PT_B1GQ,Percentage of GDP,ES10,Public,_T,Total,TP82,Housing,_Z,Not applicable,1982,,0.073,,A,Normal value,0,Units,1,One,_Z,Not applicable,,
DATAFLOW,OECD.ELS.SPD:DSD_SOCX_AGG@DF_SOCX_AGG(1.0),Social expenditure aggregates,I,CHE,Switzerland,A,Annual,SOCX,Social expenditure,PT_B1GQ,Percentage of GDP,ES10,Public,_T,Total,TP82,Housing,_Z,Not applicable,1983,,0.071,,A,Normal value,0,Units,1,One,_Z,Not applicable,,
DATAFLOW,OECD.ELS.SPD:DSD_SOCX_AGG@DF_SOCX_AGG(1.0),Social expenditure aggregates,I,CHE,Switzerland,A,Annual,SOCX,Social expenditure,PT_B1GQ,Percentage of GDP,ES10,Public,_T,Total,TP82,Housing,_Z,Not applicable,1984,,0.066,,A,Normal value,0,Units,1,One,_Z,Not applicable,,
DATAFLOW,OECD.ELS.SPD:DSD_SOCX_AGG@DF_SOCX_AGG(1.0),Social expenditure aggregates,I,CHE,Switzerland,A,Annual,SOCX,Social expenditure,PT_B1GQ,Percentage of GDP,ES10,Public,_T,Total,TP82,Housing,_Z,Not applicable,1985,,0.062,,A,Normal value,0,Units,1,One,_Z,Not applicable,,
DATAFLOW,OECD.ELS.SPD:DSD_SOCX_AGG@DF_SOCX_AGG(1.0),Social expenditure aggregates,I,CHE,Switzerland,A,Annual,SOCX,Social expenditure,PT_B1GQ,Percentage of GDP,ES10,Public,_T,Total,TP82,Housing,_Z,Not applicable,1986,,0.063,,A,Normal value,0,Units,1,One,_Z,Not applicable,,
DATAFLOW,OECD.ELS.SPD:DSD_SOCX_AGG@DF_SOCX_AGG(1.0),Social expenditure aggregates,I,CHE,Switzerland,A,Annual,SOCX,Social expenditure,PT_B1GQ,Percentage of GDP,ES10,Public,_T,Total,TP82,Housing,_Z,Not applicable,1987,,0.067,,A,Normal value,0,Units,1,One,_Z,Not applicable,,
DATAFLOW,OECD.ELS.SPD:DSD_SOCX_AGG@DF_SOCX_AGG(1.0),Social expenditure aggregates,I,CHE,Switzerland,A,Annual,SOCX,Social expenditure,PT_B1GQ,Percentage of GDP,ES10,Public,_T,Total,TP82,Housing,_Z,Not applicable,1988,,0.06,,A,Normal value,0,Units,1,One,_Z,Not applicable,,
DATAFLOW,OECD.ELS.SPD:DSD_SOCX_AGG@DF_SOCX_AGG(1.0),Social expenditure aggregates,I,CHE,Switzerland,A,Annual,SOCX,Social expenditure,PT_B1GQ,Percentage of GDP,ES10,Public,_T,Total,TP82,Housing,_Z,Not applicable,1989,,0.062,,A,Normal value,0,Units,1,One,_Z,Not applicable,,
DATAFLOW,OECD.ELS.SPD:DSD_SOCX_AGG@DF_SOCX_AGG(1.0),Social expenditure aggregates,I,CHE,Switzerland,A,Annual,SOCX,Social expenditure,PT_B1GQ,Percentage of GDP,ES10,Public,_T,Total,TP82,Housing,_Z,Not applicable,1990,,0.165,,A,Normal value,0,Units,1,One,_Z,Not applicable,,
DATAFLOW,OECD.ELS.SPD:DSD_SOCX_AGG@DF_SOCX_AGG(1.0),Social expenditure aggregates,I,CHE,Switzerland,A,Annual,SOCX,Social expenditure,PT_B1GQ,Percentage of GDP,ES10,Public,_T,Total,TP82,Housing,_Z,Not applicable,1991,,0.177,,A,Normal value,0,Units,1,One,_Z,Not applicable,,
DATAFLOW,OECD.ELS.SPD:DSD_SOCX_AGG@DF_SOCX_AGG(1.0),Social expenditure aggregates,I,CHE,Switzerland,A,Annual,SOCX,Social expenditure,PT_B1GQ,Percentage of GDP,ES10,Public,_T,Total,TP82,Housing,_Z,Not applicable,1992,,0.202,,A,Normal value,0,Units,1,One,_Z,Not applicable,,
DATAFLOW,OECD.ELS.SPD:DSD_SOCX_AGG@DF_SOCX_AGG(1.0),Social expenditure aggregates,I,CHE,Switzerland,A,Annual,SOCX,Social expenditure,PT_B1GQ,Percentage of GDP,ES10,Public,_T,Total,TP82,Housing,_Z,Not applicable,1993,,0.216,,A,Normal value,0,Units,1,One,_Z,Not applicable,,
DATAFLOW,OECD.ELS.SPD:DSD_SOCX_AGG@DF_SOCX_AGG(1.0),Social expenditure aggregates,I,CHE,Switzerland,A,Annual,SOCX,Social expenditure,PT_B1GQ,Percentage of GDP,ES10,Public,_T,Total,TP82,Housing,_Z,Not applicable,1994,,0.22,,A,Normal value,0,Units,1,One,_Z,Not applicable,,
DATAFLOW,OECD.ELS.SPD:DSD_SOCX_AGG@DF_SOCX_AGG(1.0),Social expenditure aggregates,I,CHE,Switzerland,A,Annual,SOCX,Social expenditure,PT_B1GQ,Percentage of GDP,ES10,Public,_T,Total,TP82,Housing,_Z,Not applicable,1995,,0.226,,A,Normal value,0,Units,1,One,_Z,Not applicable,,
DATAFLOW,OECD.ELS.SPD:DSD_SOCX_AGG@DF_SOCX_AGG(1.0),Social expenditure aggregates,I,CHE,Switzerland,A,Annual,SOCX,Social expenditure,PT_B1GQ,Percentage of GDP,ES10,Public,_T,Total,TP82,Housing,_Z,Not applicable,1996,,0.228,,A,Normal value,0,Units,1,One,_Z,Not applicable,,
DATAFLOW,OECD.ELS.SPD:DSD_SOCX_AGG@DF_SOCX_AGG(1.0),Social expenditure aggregates,I,CHE,Switzerland,A,Annual,SOCX,Social expenditure,PT_B1GQ,Percentage of GDP,ES10,Public,_T,Total,TP82,Housing,_Z,Not applicable,1997,,0.246,,A,Normal value,0,Units,1,One,_Z,Not applicable,,
DATAFLOW,OECD.ELS.SPD:DSD_SOCX_AGG@DF_SOCX_AGG(1.0),Social expenditure aggregates,I,CHE,Switzerland,A,Annual,SOCX,Social expenditure,PT_B1GQ,Percentage of GDP,ES10,Public,_T,Total,TP82,Housing,_Z,Not applicable,1998,,0.267,,A,Normal value,0,Units,1,One,_Z,Not applicable,,
DATAFLOW,OECD.ELS.SPD:DSD_SOCX_AGG@DF_SOCX_AGG(1.0),Social expenditure aggregates,I,CHE,Switzerland,A,Annual,SOCX,Social expenditure,PT_B1GQ,Percentage of GDP,ES10,Public,_T,Total,TP82,Housing,_Z,Not applicable,1999,,0.286,,A,Normal value,0,Units,1,One,_Z,Not applicable,,
DATAFLOW,OECD.ELS.SPD:DSD_SOCX_AGG@DF_SOCX_AGG(1.0),Social expenditure aggregates,I,CHE,Switzerland,A,Annual,SOCX,Social expenditure,PT_B1GQ,Percentage of GDP,ES10,Public,_T,Total,TP82,Housing,_Z,Not applicable,2000,,0.282,,A,Normal value,0,Units,1,One,_Z,Not applicable,,
DATAFLOW,OECD.ELS.SPD:DSD_SOCX_AGG@DF_SOCX_AGG(1.0),Social expenditure aggregates,I,CHE,Switzerland,A,Annual,SOCX,Social expenditure,PT_B1GQ,Percentage of GDP,ES10,Public,_T,Total,TP82,Housing,_Z,Not applicable,2001,,0.243,,A,Normal value,0,Units,1,One,_Z,Not applicable,,
DATAFLOW,OECD.ELS.SPD:DSD_SOCX_AGG@DF_SOCX_AGG(1.0),Social expenditure aggregates,I,CHE,Switzerland,A,Annual,SOCX,Social expenditure,PT_B1GQ,Percentage of GDP,ES10,Public,_T,Total,TP82,Housing,_Z,Not applicable,2002,,0.257,,A,Normal value,0,Units,1,One,_Z,Not applicable,,
DATAFLOW,OECD.ELS.SPD:DSD_SOCX_AGG@DF_SOCX_AGG(1.0),Social expenditure aggregates,I,CHE,Switzerland,A,Annual,SOCX,Social expenditure,PT_B1GQ,Percentage of GDP,ES10,Public,_T,Total,TP82,Housing,_Z,Not applicable,2003,,0.269,,A,Normal value,0,Units,1,One,_Z,Not applicable,,
DATAFLOW,OECD.ELS.SPD:DSD_SOCX_AGG@DF_SOCX_AGG(1.0),Social expenditure aggregates,I,CHE,Switzerland,A,Annual,SOCX,Social expenditure,PT_B1GQ,Percentage of GDP,ES10,Public,_T,Total,TP82,Housing,_Z,Not applicable,2004,,0.292,,A,Normal value,0,Units,1,One,_Z,Not applicable,,
DATAFLOW,OECD.ELS.SPD:DSD_SOCX_AGG@DF_SOCX_AGG(1.0),Social expenditure aggregates,I,CHE,Switzerland,A,Annual,SOCX,Social expenditure,PT_B1GQ,Percentage of GDP,ES10,Public,_T,Total,TP82,Housing,_Z,Not applicable,2005,,0.297,,A,Normal value,0,Units,1,One,_Z,Not applicable,,
DATAFLOW,OECD.ELS.SPD:DSD_SOCX_AGG@DF_SOCX_AGG(1.0),Social expenditure aggregates,I,CHE,Switzerland,A,Annual,SOCX,Social expenditure,PT_B1GQ,Percentage of GDP,ES10,Public,_T,Total,TP82,Housing,_Z,Not applicable,2006,,0.296,,A,Normal value,0,Units,1,One,_Z,Not applicable,,
DATAFLOW,OECD.ELS.SPD:DSD_SOCX_AGG@DF_SOCX_AGG(1.0),Social expenditure aggregates,I,CHE,Switzerland,A,Annual,SOCX,Social expenditure,PT_B1GQ,Percentage of GDP,ES10,Public,_T,Total,TP82,Housing,_Z,Not applicable,2007,,0.282,,A,Normal value,0,Units,1,One,_Z,Not applicable,,
DATAFLOW,OECD.ELS.SPD:DSD_SOCX_AGG@DF_SOCX_AGG(1.0),Social expenditure aggregates,I,CHE,Switzerland,A,Annual,SOCX,Social expenditure,PT_B1GQ,Percentage of GDP,ES10,Public,_T,Total,TP82,Housing,_Z,Not applicable,2008,,0.253,,A,Normal value,0,Units,1,One,_Z,Not applicable,,
DATAFLOW,OECD.ELS.SPD:DSD_SOCX_AGG@DF_SOCX_AGG(1.0),Social expenditure aggregates,I,CHE,Switzerland,A,Annual,SOCX,Social expenditure,PT_B1GQ,Percentage of GDP,ES10,Public,_T,Total,TP82,Housing,_Z,Not applicable,2009,,0.267,,A,Normal value,0,Units,1,One,_Z,Not applicable,,
DATAFLOW,OECD.ELS.SPD:DSD_SOCX_AGG@DF_SOCX_AGG(1.0),Social expenditure aggregates,I,CHE,Switzerland,A,Annual,SOCX,Social expenditure,PT_B1GQ,Percentage of GDP,ES10,Public,_T,Total,TP82,Housing,_Z,Not applicable,2010,,0.264,,A,Normal value,0,Units,1,One,_Z,Not applicable,,
DATAFLOW,OECD.ELS.SPD:DSD_SOCX_AGG@DF_SOCX_AGG(1.0),Social expenditure aggregates,I,NLD,Netherlands,A,Annual,SOCX,Social expenditure,PT_B1GQ,Percentage of GDP,ES10,Public,_T,Total,TP82,Housing,_Z,Not applicable,1991,,0.314,,A,Normal value,0,Units,1,One,_Z,Not applicable,,
DATAFLOW,OECD.ELS.SPD:DSD_SOCX_AGG@DF_SOCX_AGG(1.0),Social expenditure aggregates,I,NLD,Netherlands,A,Annual,SOCX,Social expenditure,PT_B1GQ,Percentage of GDP,ES10,Public,_T,Total,TP82,Housing,_Z,Not applicable,1992,,0.3,,A,Normal value,0,Units,1,One,_Z,Not applicable,,
DATAFLOW,OECD.ELS.SPD:DSD_SOCX_AGG@DF_SOCX_AGG(1.0),Social expenditure aggregates,I,NLD,Netherlands,A,Annual,SOCX,Social expenditure,PT_B1GQ,Percentage of GDP,ES10,Public,_T,Total,TP82,Housing,_Z,Not applicable,1993,,0.294,,A,Normal value,0,Units,1,One,_Z,Not applicable,,
DATAFLOW,OECD.ELS.SPD:DSD_SOCX_AGG@DF_SOCX_AGG(1.0),Social expenditure aggregates,I,NLD,Netherlands,A,Annual,SOCX,Social expenditure,PT_B1GQ,Percentage of GDP,ES10,Public,_T,Total,TP82,Housing,_Z,Not applicable,1994,,0.366,,A,Normal value,0,Units,1,One,_Z,Not applicable,,
DATAFLOW,OECD.ELS.SPD:DSD_SOCX_AGG@DF_SOCX_AGG(1.0),Social expenditure aggregates,I,NLD,Netherlands,A,Annual,SOCX,Social expenditure,PT_B1GQ,Percentage of GDP,ES10,Public,_T,Total,TP82,Housing,_Z,Not applicable,1995,,0.36,,A,Normal value,0,Units,1,One,_Z,Not applicable,,
DATAFLOW,OECD.ELS.SPD:DSD_SOCX_AGG@DF_SOCX_AGG(1.0),Social expenditure aggregates,I,NLD,Netherlands,A,Annual,SOCX,Social expenditure,PT_B1GQ,Percentage of GDP,ES10,Public,_T,Total,TP82,Housing,_Z,Not applicable,1996,,0.36,,A,Normal value,0,Units,1,One,_Z,Not applicable,,
DATAFLOW,OECD.ELS.SPD:DSD_SOCX_AGG@DF_SOCX_AGG(1.0),Social expenditure aggregates,I,NLD,Netherlands,A,Annual,SOCX,Social expenditure,PT_B1GQ,Percentage of GDP,ES10,Public,_T,Total,TP82,Housing,_Z,Not applicable,1997,,0.37,,A,Normal value,0,Units,1,One,_Z,Not applicable,,
DATAFLOW,OECD.ELS.SPD:DSD_SOCX_AGG@DF_SOCX_AGG(1.0),Social expenditure aggregates,I,NLD,Netherlands,A,Annual,SOCX,Social expenditure,PT_B1GQ,Percentage of GDP,ES10,Public,_T,Total,TP82,Housing,_Z,Not applicable,1998,,0.382,,A,Normal value,0,Units,1,One,_Z,Not applicable,,
DATAFLOW,OECD.ELS.SPD:DSD_SOCX_AGG@DF_SOCX_AGG(1.0),Social expenditure aggregates,I,NLD,Netherlands,A,Annual,SOCX,Social expenditure,PT_B1GQ,Percentage of GDP,ES10,Public,_T,Total,TP82,Housing,_Z,Not applicable,1999,,0.373,,A,Normal value,0,Units,1,One,_Z,Not applicable,,
DATAFLOW,OECD.ELS.SPD:DSD_SOCX_AGG@DF_SOCX_AGG(1.0),Social expenditure aggregates,I,NLD,Netherlands,A,Annual,SOCX,Social expenditure,PT_B1GQ,Percentage of GDP,ES10,Public,_T,Total,TP82,Housing,_Z,Not applicable,2000,,0.342,,A,Normal value,0,Units,1,One,_Z,Not applicable,,
DATAFLOW,OECD.ELS.SPD:DSD_SOCX_AGG@DF_SOCX_AGG(1.0),Social expenditure aggregates,I,NLD,Netherlands,A,Annual,SOCX,Social expenditure,PT_B1GQ,Percentage of GDP,ES10,Public,_T,Total,TP82,Housing,_Z,Not applicable,2001,,0.324,,A,Normal value,0,Units,1,One,_Z,Not applicable,,
DATAFLOW,OECD.ELS.SPD:DSD_SOCX_AGG@DF_SOCX_AGG(1.0),Social expenditure aggregates,I,NLD,Netherlands,A,Annual,SOCX,Social expenditure,PT_B1GQ,Percentage of GDP,ES10,Public,_T,Total,TP82,Housing,_Z,Not applicable,2002,,0.352,,A,Normal value,0,Units,1,One,_Z,Not applicable,,
DATAFLOW,OECD.ELS.SPD:DSD_SOCX_AGG@DF_SOCX_AGG(1.0),Social expenditure aggregates,I,NLD,Netherlands,A,Annual,SOCX,Social expenditure,PT_B1GQ,Percentage of GDP,ES10,Public,_T,Total,TP82,Housing,_Z,Not applicable,2003,,0.319,,A,Normal value,0,Units,1,One,_Z,Not applicable,,
DATAFLOW,OECD.ELS.SPD:DSD_SOCX_AGG@DF_SOCX_AGG(1.0),Social expenditure aggregates,I,NLD,Netherlands,A,Annual,SOCX,Social expenditure,PT_B1GQ,Percentage of GDP,ES10,Public,_T,Total,TP82,Housing,_Z,Not applicable,2004,,0.317,,A,Normal value,0,Units,1,One,_Z,Not applicable,,
DATAFLOW,OECD.ELS.SPD:DSD_SOCX_AGG@DF_SOCX_AGG(1.0),Social expenditure aggregates,I,NLD,Netherlands,A,Annual,SOCX,Social expenditure,PT_B1GQ,Percentage of GDP,ES10,Public,_T,Total,TP82,Housing,_Z,Not applicable,2005,,0.31,,A,Normal value,0,Units,1,One,_Z,Not applicable,,
DATAFLOW,OECD.ELS.SPD:DSD_SOCX_AGG@DF_SOCX_AGG(1.0),Social expenditure aggregates,I,NLD,Netherlands,A,Annual,SOCX,Social expenditure,PT_B1GQ,Percentage of GDP,ES10,Public,_T,Total,TP82,Housing,_Z,Not applicable,2006,,0.349,,A,Normal value,0,Units,1,One,_Z,Not applicable,,
DATAFLOW,OECD.ELS.SPD:DSD_SOCX_AGG@DF_SOCX_AGG(1.0),Social expenditure aggregates,I,NLD,Netherlands,A,Annual,SOCX,Social expenditure,PT_B1GQ,Percentage of GDP,ES10,Public,_T,Total,TP82,Housing,_Z,Not applicable,2007,,0.347,,A,Normal value,0,Units,1,One,_Z,Not applicable,,
DATAFLOW,OECD.ELS.SPD:DSD_SOCX_AGG@DF_SOCX_AGG(1.0),Social expenditure aggregates,I,NLD,Netherlands,A,Annual,SOCX,Social expenditure,PT_B1GQ,Percentage of GDP,ES10,Public,_T,Total,TP82,Housing,_Z,Not applicable,2008,,0.332,,A,Normal value,0,Units,1,One,_Z,Not applicable,,
DATAFLOW,OECD.ELS.SPD:DSD_SOCX_AGG@DF_SOCX_AGG(1.0),Social expenditure aggregates,I,NLD,Netherlands,A,Annual,SOCX,Social expenditure,PT_B1GQ,Percentage of GDP,ES10,Public,_T,Total,TP82,Housing,_Z,Not applicable,2009,,0.341,,A,Normal value,0,Units,1,One,_Z,Not applicable,,
DATAFLOW,OECD.ELS.SPD:DSD_SOCX_AGG@DF_SOCX_AGG(1.0),Social expenditure aggregates,I,NLD,Netherlands,A,Annual,SOCX,Social expenditure,PT_B1GQ,Percentage of GDP,ES10,Public,_T,Total,TP82,Housing,_Z,Not applicable,2010,,0.349,,A,Normal value,0,Units,1,One,_Z,Not applicable,,
DATAFLOW,OECD.ELS.SPD:DSD_SOCX_AGG@DF_SOCX_AGG(1.0),Social expenditure aggregates,I,NLD,Netherlands,A,Annual,SOCX,Social expenditure,PT_B1GQ,Percentage of GDP,ES10,Public,_T,Total,TP82,Housing,_Z,Not applicable,2011,,0.353,,A,Normal value,0,Units,1,One,_Z,Not applicable,,
DATAFLOW,OECD.ELS.SPD:DSD_SOCX_AGG@DF_SOCX_AGG(1.0),Social expenditure aggregates,I,NLD,Netherlands,A,Annual,SOCX,Social expenditure,PT_B1GQ,Percentage of GDP,ES10,Public,_T,Total,TP82,Housing,_Z,Not applicable,2012,,0.353,,A,Normal value,0,Units,1,One,_Z,Not applicable,,
DATAFLOW,OECD.ELS.SPD:DSD_SOCX_AGG@DF_SOCX_AGG(1.0),Social expenditure aggregates,I,NLD,Netherlands,A,Annual,SOCX,Social expenditure,PT_B1GQ,Percentage of GDP,ES10,Public,_T,Total,TP82,Housing,_Z,Not applicable,2013,,0.37,,A,Normal value,0,Units,1,One,_Z,Not applicable,,
DATAFLOW,OECD.ELS.SPD:DSD_SOCX_AGG@DF_SOCX_AGG(1.0),Social expenditure aggregates,I,NLD,Netherlands,A,Annual,SOCX,Social expenditure,PT_B1GQ,Percentage of GDP,ES10,Public,_T,Total,TP82,Housing,_Z,Not applicable,2014,,0.418,,A,Normal value,0,Units,1,One,_Z,Not applicable,,
DATAFLOW,OECD.ELS.SPD:DSD_SOCX_AGG@DF_SOCX_AGG(1.0),Social expenditure aggregates,I,NLD,Netherlands,A,Annual,SOCX,Social expenditure,PT_B1GQ,Percentage of GDP,ES10,Public,_T,Total,TP82,Housing,_Z,Not applicable,2015,,0.444,,A,Normal value,0,Units,1,One,_Z,Not applicable,,
DATAFLOW,OECD.ELS.SPD:DSD_SOCX_AGG@DF_SOCX_AGG(1.0),Social expenditure aggregates,I,NLD,Netherlands,A,Annual,SOCX,Social expenditure,PT_B1GQ,Percentage of GDP,ES10,Public,_T,Total,TP82,Housing,_Z,Not applicable,2016,,0.464,,A,Normal value,0,Units,1,One,_Z,Not applicable,,
DATAFLOW,OECD.ELS.SPD:DSD_SOCX_AGG@DF_SOCX_AGG(1.0),Social expenditure aggregates,I,NLD,Netherlands,A,Annual,SOCX,Social expenditure,PT_B1GQ,Percentage of GDP,ES10,Public,_T,Total,TP82,Housing,_Z,Not applicable,2017,,0.458,,A,Normal value,0,Units,1,One,_Z,Not applicable,,
DATAFLOW,OECD.ELS.SPD:DSD_SOCX_AGG@DF_SOCX_AGG(1.0),Social expenditure aggregates,I,NLD,Netherlands,A,Annual,SOCX,Social expenditure,PT_B1GQ,Percentage of GDP,ES10,Public,_T,Total,TP82,Housing,_Z,Not applicable,2018,,0.446,,A,Normal value,0,Units,1,One,_Z,Not applicable,,
DATAFLOW,OECD.ELS.SPD:DSD_SOCX_AGG@DF_SOCX_AGG(1.0),Social expenditure aggregates,I,NLD,Netherlands,A,Annual,SOCX,Social expenditure,PT_B1GQ,Percentage of GDP,ES10,Public,_T,Total,TP82,Housing,_Z,Not applicable,2019,,0.428,,A,Normal value,0,Units,1,One,_Z,Not applicable,,
DATAFLOW,OECD.ELS.SPD:DSD_SOCX_AGG@DF_SOCX_AGG(1.0),Social expenditure aggregates,I,NLD,Netherlands,A,Annual,SOCX,Social expenditure,PT_B1GQ,Percentage of GDP,ES10,Public,_T,Total,TP82,Housing,_Z,Not applicable,2020,,0.467,,A,Normal value,0,Units,1,One,_Z,Not applicable,,
DATAFLOW,OECD.ELS.SPD:DSD_SOCX_AGG@DF_SOCX_AGG(1.0),Social expenditure aggregates,I,NLD,Netherlands,A,Annual,SOCX,Social expenditure,PT_B1GQ,Percentage of GDP,ES10,Public,_T,Total,TP82,Housing,_Z,Not applicable,2021,,0.449,,A,Normal value,0,Units,1,One,_Z,Not applicable,,
DATAFLOW,OECD.ELS.SPD:DSD_SOCX_AGG@DF_SOCX_AGG(1.0),Social expenditure aggregates,I,NOR,Norway,A,Annual,SOCX,Social expenditure,PT_B1GQ,Percentage of GDP,ES10,Public,_T,Total,TP82,Housing,_Z,Not applicable,1980,,0.407,,A,Normal value,0,Units,1,One,_Z,Not applicable,,
DATAFLOW,OECD.ELS.SPD:DSD_SOCX_AGG@DF_SOCX_AGG(1.0),Social expenditure aggregates,I,NOR,Norway,A,Annual,SOCX,Social expenditure,PT_B1GQ,Percentage of GDP,ES10,Public,_T,Total,TP82,Housing,_Z,Not applicable,1985,,0.148,,A,Normal value,0,Units,1,One,_Z,Not applicable,,
DATAFLOW,OECD.ELS.SPD:DSD_SOCX_AGG@DF_SOCX_AGG(1.0),Social expenditure aggregates,I,NOR,Norway,A,Annual,SOCX,Social expenditure,PT_B1GQ,Percentage of GDP,ES10,Public,_T,Total,TP82,Housing,_Z,Not applicable,1988,,0.133,,A,Normal value,0,Units,1,One,_Z,Not applicable,,
DATAFLOW,OECD.ELS.SPD:DSD_SOCX_AGG@DF_SOCX_AGG(1.0),Social expenditure aggregates,I,NOR,Norway,A,Annual,SOCX,Social expenditure,PT_B1GQ,Percentage of GDP,ES10,Public,_T,Total,TP82,Housing,_Z,Not applicable,1989,,0.141,,A,Normal value,0,Units,1,One,_Z,Not applicable,,
DATAFLOW,OECD.ELS.SPD:DSD_SOCX_AGG@DF_SOCX_AGG(1.0),Social expenditure aggregates,I,NOR,Norway,A,Annual,SOCX,Social expenditure,PT_B1GQ,Percentage of GDP,ES10,Public,_T,Total,TP82,Housing,_Z,Not applicable,1990,,0.15,,A,Normal value,0,Units,1,One,_Z,Not applicable,,
DATAFLOW,OECD.ELS.SPD:DSD_SOCX_AGG@DF_SOCX_AGG(1.0),Social expenditure aggregates,I,NOR,Norway,A,Annual,SOCX,Social expenditure,PT_B1GQ,Percentage of GDP,ES10,Public,_T,Total,TP82,Housing,_Z,Not applicable,1991,,0.169,,A,Normal value,0,Units,1,One,_Z,Not applicable,,
DATAFLOW,OECD.ELS.SPD:DSD_SOCX_AGG@DF_SOCX_AGG(1.0),Social expenditure aggregates,I,NOR,Norway,A,Annual,SOCX,Social expenditure,PT_B1GQ,Percentage of GDP,ES10,Public,_T,Total,TP82,Housing,_Z,Not applicable,1992,,0.192,,A,Normal value,0,Units,1,One,_Z,Not applicable,,
DATAFLOW,OECD.ELS.SPD:DSD_SOCX_AGG@DF_SOCX_AGG(1.0),Social expenditure aggregates,I,NOR,Norway,A,Annual,SOCX,Social expenditure,PT_B1GQ,Percentage of GDP,ES10,Public,_T,Total,TP82,Housing,_Z,Not applicable,1993,,0.183,,A,Normal value,0,Units,1,One,_Z,Not applicable,,
DATAFLOW,OECD.ELS.SPD:DSD_SOCX_AGG@DF_SOCX_AGG(1.0),Social expenditure aggregates,I,NOR,Norway,A,Annual,SOCX,Social expenditure,PT_B1GQ,Percentage of GDP,ES10,Public,_T,Total,TP82,Housing,_Z,Not applicable,1994,,0.165,,A,Normal value,0,Units,1,One,_Z,Not applicable,,
DATAFLOW,OECD.ELS.SPD:DSD_SOCX_AGG@DF_SOCX_AGG(1.0),Social expenditure aggregates,I,NOR,Norway,A,Annual,SOCX,Social expenditure,PT_B1GQ,Percentage of GDP,ES10,Public,_T,Total,TP82,Housing,_Z,Not applicable,1995,,0.189,,A,Normal value,0,Units,1,One,_Z,Not applicable,,
DATAFLOW,OECD.ELS.SPD:DSD_SOCX_AGG@DF_SOCX_AGG(1.0),Social expenditure aggregates,I,NOR,Norway,A,Annual,SOCX,Social expenditure,PT_B1GQ,Percentage of GDP,ES10,Public,_T,Total,TP82,Housing,_Z,Not applicable,1996,,0.199,,A,Normal value,0,Units,1,One,_Z,Not applicable,,
DATAFLOW,OECD.ELS.SPD:DSD_SOCX_AGG@DF_SOCX_AGG(1.0),Social expenditure aggregates,I,NOR,Norway,A,Annual,SOCX,Social expenditure,PT_B1GQ,Percentage of GDP,ES10,Public,_T,Total,TP82,Housing,_Z,Not applicable,1997,,0.16,,A,Normal value,0,Units,1,One,_Z,Not applicable,,
DATAFLOW,OECD.ELS.SPD:DSD_SOCX_AGG@DF_SOCX_AGG(1.0),Social expenditure aggregates,I,NOR,Norway,A,Annual,SOCX,Social expenditure,PT_B1GQ,Percentage of GDP,ES10,Public,_T,Total,TP82,Housing,_Z,Not applicable,1998,,0.191,,A,Normal value,0,Units,1,One,_Z,Not applicable,,
DATAFLOW,OECD.ELS.SPD:DSD_SOCX_AGG@DF_SOCX_AGG(1.0),Social expenditure aggregates,I,NOR,Norway,A,Annual,SOCX,Social expenditure,PT_B1GQ,Percentage of GDP,ES10,Public,_T,Total,TP82,Housing,_Z,Not applicable,1999,,0.173,,A,Normal value,0,Units,1,One,_Z,Not applicable,,
DATAFLOW,OECD.ELS.SPD:DSD_SOCX_AGG@DF_SOCX_AGG(1.0),Social expenditure aggregates,I,NOR,Norway,A,Annual,SOCX,Social expenditure,PT_B1GQ,Percentage of GDP,ES10,Public,_T,Total,TP82,Housing,_Z,Not applicable,2000,,0.16,,A,Normal value,0,Units,1,One,_Z,Not applicable,,
DATAFLOW,OECD.ELS.SPD:DSD_SOCX_AGG@DF_SOCX_AGG(1.0),Social expenditure aggregates,I,NOR,Norway,A,Annual,SOCX,Social expenditure,PT_B1GQ,Percentage of GDP,ES10,Public,_T,Total,TP82,Housing,_Z,Not applicable,2001,,0.161,,A,Normal value,0,Units,1,One,_Z,Not applicable,,
DATAFLOW,OECD.ELS.SPD:DSD_SOCX_AGG@DF_SOCX_AGG(1.0),Social expenditure aggregates,I,NOR,Norway,A,Annual,SOCX,Social expenditure,PT_B1GQ,Percentage of GDP,ES10,Public,_T,Total,TP82,Housing,_Z,Not applicable,2002,,0.164,,A,Normal value,0,Units,1,One,_Z,Not applicable,,
DATAFLOW,OECD.ELS.SPD:DSD_SOCX_AGG@DF_SOCX_AGG(1.0),Social expenditure aggregates,I,NOR,Norway,A,Annual,SOCX,Social expenditure,PT_B1GQ,Percentage of GDP,ES10,Public,_T,Total,TP82,Housing,_Z,Not applicable,2003,,0.196,,A,Normal value,0,Units,1,One,_Z,Not applicable,,
DATAFLOW,OECD.ELS.SPD:DSD_SOCX_AGG@DF_SOCX_AGG(1.0),Social expenditure aggregates,I,NOR,Norway,A,Annual,SOCX,Social expenditure,PT_B1GQ,Percentage of GDP,ES10,Public,_T,Total,TP82,Housing,_Z,Not applicable,2004,,0.159,,A,Normal value,0,Units,1,One,_Z,Not applicable,,
DATAFLOW,OECD.ELS.SPD:DSD_SOCX_AGG@DF_SOCX_AGG(1.0),Social expenditure aggregates,I,NOR,Norway,A,Annual,SOCX,Social expenditure,PT_B1GQ,Percentage of GDP,ES10,Public,_T,Total,TP82,Housing,_Z,Not applicable,2005,,0.14,,A,Normal value,0,Units,1,One,_Z,Not applicable,,
DATAFLOW,OECD.ELS.SPD:DSD_SOCX_AGG@DF_SOCX_AGG(1.0),Social expenditure aggregates,I,AUS,Australia,A,Annual,SOCX,Social expenditure,PT_B1GQ,Percentage of GDP,ES10,Public,_T,Total,TP82,Housing,_Z,Not applicable,1993,,0.221,,A,Normal value,0,Units,1,One,_Z,Not applicable,,
DATAFLOW,OECD.ELS.SPD:DSD_SOCX_AGG@DF_SOCX_AGG(1.0),Social expenditure aggregates,I,AUS,Australia,A,Annual,SOCX,Social expenditure,PT_B1GQ,Percentage of GDP,ES10,Public,_T,Total,TP82,Housing,_Z,Not applicable,1994,,0.208,,A,Normal value,0,Units,1,One,_Z,Not applicable,,
DATAFLOW,OECD.ELS.SPD:DSD_SOCX_AGG@DF_SOCX_AGG(1.0),Social expenditure aggregates,I,AUS,Australia,A,Annual,SOCX,Social expenditure,PT_B1GQ,Percentage of GDP,ES10,Public,_T,Total,TP82,Housing,_Z,Not applicable,1995,,0.294,,A,Normal value,0,Units,1,One,_Z,Not applicable,,
DATAFLOW,OECD.ELS.SPD:DSD_SOCX_AGG@DF_SOCX_AGG(1.0),Social expenditure aggregates,I,AUS,Australia,A,Annual,SOCX,Social expenditure,PT_B1GQ,Percentage of GDP,ES10,Public,_T,Total,TP82,Housing,_Z,Not applicable,1996,,0.296,,A,Normal value,0,Units,1,One,_Z,Not applicable,,
DATAFLOW,OECD.ELS.SPD:DSD_SOCX_AGG@DF_SOCX_AGG(1.0),Social expenditure aggregates,I,AUS,Australia,A,Annual,SOCX,Social expenditure,PT_B1GQ,Percentage of GDP,ES10,Public,_T,Total,TP82,Housing,_Z,Not applicable,1997,,0.252,,A,Normal value,0,Units,1,One,_Z,Not applicable,,
DATAFLOW,OECD.ELS.SPD:DSD_SOCX_AGG@DF_SOCX_AGG(1.0),Social expenditure aggregates,I,AUS,Australia,A,Annual,SOCX,Social expenditure,PT_B1GQ,Percentage of GDP,ES10,Public,_T,Total,TP82,Housing,_Z,Not applicable,1998,,0.242,,A,Normal value,0,Units,1,One,_Z,Not applicable,,
DATAFLOW,OECD.ELS.SPD:DSD_SOCX_AGG@DF_SOCX_AGG(1.0),Social expenditure aggregates,I,AUS,Australia,A,Annual,SOCX,Social expenditure,PT_B1GQ,Percentage of GDP,ES10,Public,_T,Total,TP82,Housing,_Z,Not applicable,1999,,0.232,,A,Normal value,0,Units,1,One,_Z,Not applicable,,
DATAFLOW,OECD.ELS.SPD:DSD_SOCX_AGG@DF_SOCX_AGG(1.0),Social expenditure aggregates,I,AUS,Australia,A,Annual,SOCX,Social expenditure,PT_B1GQ,Percentage of GDP,ES10,Public,_T,Total,TP82,Housing,_Z,Not applicable,2000,,0.243,,A,Normal value,0,Units,1,One,_Z,Not applicable,,
DATAFLOW,OECD.ELS.SPD:DSD_SOCX_AGG@DF_SOCX_AGG(1.0),Social expenditure aggregates,I,AUS,Australia,A,Annual,SOCX,Social expenditure,PT_B1GQ,Percentage of GDP,ES10,Public,_T,Total,TP82,Housing,_Z,Not applicable,2001,,0.24,,A,Normal value,0,Units,1,One,_Z,Not applicable,,
DATAFLOW,OECD.ELS.SPD:DSD_SOCX_AGG@DF_SOCX_AGG(1.0),Social expenditure aggregates,I,AUS,Australia,A,Annual,SOCX,Social expenditure,PT_B1GQ,Percentage of GDP,ES10,Public,_T,Total,TP82,Housing,_Z,Not applicable,2002,,0.231,,A,Normal value,0,Units,1,One,_Z,Not applicable,,
DATAFLOW,OECD.ELS.SPD:DSD_SOCX_AGG@DF_SOCX_AGG(1.0),Social expenditure aggregates,I,AUS,Australia,A,Annual,SOCX,Social expenditure,PT_B1GQ,Percentage of GDP,ES10,Public,_T,Total,TP82,Housing,_Z,Not applicable,2003,,0.227,,A,Normal value,0,Units,1,One,_Z,Not applicable,,
DATAFLOW,OECD.ELS.SPD:DSD_SOCX_AGG@DF_SOCX_AGG(1.0),Social expenditure aggregates,I,AUS,Australia,A,Annual,SOCX,Social expenditure,PT_B1GQ,Percentage of GDP,ES10,Public,_T,Total,TP82,Housing,_Z,Not applicable,2004,,0.247,,A,Normal value,0,Units,1,One,_Z,Not applicable,,
DATAFLOW,OECD.ELS.SPD:DSD_SOCX_AGG@DF_SOCX_AGG(1.0),Social expenditure aggregates,I,ISL,Iceland,A,Annual,SOCX,Social expenditure,PT_B1GQ,Percentage of GDP,ES10,Public,_T,Total,TP82,Housing,_Z,Not applicable,2015,,0.547,,A,Normal value,0,Units,1,One,_Z,Not applicable,,
DATAFLOW,OECD.ELS.SPD:DSD_SOCX_AGG@DF_SOCX_AGG(1.0),Social expenditure aggregates,I,ISL,Iceland,A,Annual,SOCX,Social expenditure,PT_B1GQ,Percentage of GDP,ES10,Public,_T,Total,TP82,Housing,_Z,Not applicable,2016,,0.465,,A,Normal value,0,Units,1,One,_Z,Not applicable,,
DATAFLOW,OECD.ELS.SPD:DSD_SOCX_AGG@DF_SOCX_AGG(1.0),Social expenditure aggregates,I,ISL,Iceland,A,Annual,SOCX,Social expenditure,PT_B1GQ,Percentage of GDP,ES10,Public,_T,Total,TP82,Housing,_Z,Not applicable,2017,,0.417,,A,Normal value,0,Units,1,One,_Z,Not applicable,,
DATAFLOW,OECD.ELS.SPD:DSD_SOCX_AGG@DF_SOCX_AGG(1.0),Social expenditure aggregates,I,ISL,Iceland,A,Annual,SOCX,Social expenditure,PT_B1GQ,Percentage of GDP,ES10,Public,_T,Total,TP82,Housing,_Z,Not applicable,2018,,0.378,,A,Normal value,0,Units,1,One,_Z,Not applicable,,
DATAFLOW,OECD.ELS.SPD:DSD_SOCX_AGG@DF_SOCX_AGG(1.0),Social expenditure aggregates,I,ISL,Iceland,A,Annual,SOCX,Social expenditure,PT_B1GQ,Percentage of GDP,ES10,Public,_T,Total,TP82,Housing,_Z,Not applicable,2019,,0.362,,A,Normal value,0,Units,1,One,_Z,Not applicable,,
DATAFLOW,OECD.ELS.SPD:DSD_SOCX_AGG@DF_SOCX_AGG(1.0),Social expenditure aggregates,I,ISL,Iceland,A,Annual,SOCX,Social expenditure,PT_B1GQ,Percentage of GDP,ES10,Public,_T,Total,TP82,Housing,_Z,Not applicable,2020,,0.382,,A,Normal value,0,Units,1,One,_Z,Not applicable,,
DATAFLOW,OECD.ELS.SPD:DSD_SOCX_AGG@DF_SOCX_AGG(1.0),Social expenditure aggregates,I,ISL,Iceland,A,Annual,SOCX,Social expenditure,PT_B1GQ,Percentage of GDP,ES10,Public,_T,Total,TP82,Housing,_Z,Not applicable,2021,,0.364,,A,Normal value,0,Units,1,One,_Z,Not applicable,,
DATAFLOW,OECD.ELS.SPD:DSD_SOCX_AGG@DF_SOCX_AGG(1.0),Social expenditure aggregates,I,ITA,Italy,A,Annual,SOCX,Social expenditure,PT_B1GQ,Percentage of GDP,ES10,Public,_T,Total,TP82,Housing,_Z,Not applicable,1980,,0.004,,A,Normal value,0,Units,1,One,_Z,Not applicable,,
DATAFLOW,OECD.ELS.SPD:DSD_SOCX_AGG@DF_SOCX_AGG(1.0),Social expenditure aggregates,I,ITA,Italy,A,Annual,SOCX,Social expenditure,PT_B1GQ,Percentage of GDP,ES10,Public,_T,Total,TP82,Housing,_Z,Not applicable,1981,,0.003,,A,Normal value,0,Units,1,One,_Z,Not applicable,,
DATAFLOW,OECD.ELS.SPD:DSD_SOCX_AGG@DF_SOCX_AGG(1.0),Social expenditure aggregates,I,ITA,Italy,A,Annual,SOCX,Social expenditure,PT_B1GQ,Percentage of GDP,ES10,Public,_T,Total,TP82,Housing,_Z,Not applicable,1982,,0.003,,A,Normal value,0,Units,1,One,_Z,Not applicable,,
DATAFLOW,OECD.ELS.SPD:DSD_SOCX_AGG@DF_SOCX_AGG(1.0),Social expenditure aggregates,I,ITA,Italy,A,Annual,SOCX,Social expenditure,PT_B1GQ,Percentage of GDP,ES10,Public,_T,Total,TP82,Housing,_Z,Not applicable,1983,,0.003,,A,Normal value,0,Units,1,One,_Z,Not applicable,,
DATAFLOW,OECD.ELS.SPD:DSD_SOCX_AGG@DF_SOCX_AGG(1.0),Social expenditure aggregates,I,ITA,Italy,A,Annual,SOCX,Social expenditure,PT_B1GQ,Percentage of GDP,ES10,Public,_T,Total,TP82,Housing,_Z,Not applicable,1984,,0.003,,A,Normal value,0,Units,1,One,_Z,Not applicable,,
DATAFLOW,OECD.ELS.SPD:DSD_SOCX_AGG@DF_SOCX_AGG(1.0),Social expenditure aggregates,I,ITA,Italy,A,Annual,SOCX,Social expenditure,PT_B1GQ,Percentage of GDP,ES10,Public,_T,Total,TP82,Housing,_Z,Not applicable,1985,,0.007,,A,Normal value,0,Units,1,One,_Z,Not applicable,,
DATAFLOW,OECD.ELS.SPD:DSD_SOCX_AGG@DF_SOCX_AGG(1.0),Social expenditure aggregates,I,ITA,Italy,A,Annual,SOCX,Social expenditure,PT_B1GQ,Percentage of GDP,ES10,Public,_T,Total,TP82,Housing,_Z,Not applicable,1986,,0.015,,A,Normal value,0,Units,1,One,_Z,Not applicable,,
DATAFLOW,OECD.ELS.SPD:DSD_SOCX_AGG@DF_SOCX_AGG(1.0),Social expenditure aggregates,I,ITA,Italy,A,Annual,SOCX,Social expenditure,PT_B1GQ,Percentage of GDP,ES10,Public,_T,Total,TP82,Housing,_Z,Not applicable,1987,,0.017,,A,Normal value,0,Units,1,One,_Z,Not applicable,,
DATAFLOW,OECD.ELS.SPD:DSD_SOCX_AGG@DF_SOCX_AGG(1.0),Social expenditure aggregates,I,ITA,Italy,A,Annual,SOCX,Social expenditure,PT_B1GQ,Percentage of GDP,ES10,Public,_T,Total,TP82,Housing,_Z,Not applicable,1988,,0.009,,A,Normal value,0,Units,1,One,_Z,Not applicable,,
DATAFLOW,OECD.ELS.SPD:DSD_SOCX_AGG@DF_SOCX_AGG(1.0),Social expenditure aggregates,I,IRL,Ireland,A,Annual,SOCX,Social expenditure,PT_B1GQ,Percentage of GDP,ES10,Public,_T,Total,TP82,Housing,_Z,Not applicable,1980,,0.68,,A,Normal value,0,Units,1,One,_Z,Not applicable,,
DATAFLOW,OECD.ELS.SPD:DSD_SOCX_AGG@DF_SOCX_AGG(1.0),Social expenditure aggregates,I,IRL,Ireland,A,Annual,SOCX,Social expenditure,PT_B1GQ,Percentage of GDP,ES10,Public,_T,Total,TP82,Housing,_Z,Not applicable,1981,,0.692,,A,Normal value,0,Units,1,One,_Z,Not applicable,,
DATAFLOW,OECD.ELS.SPD:DSD_SOCX_AGG@DF_SOCX_AGG(1.0),Social expenditure aggregates,I,IRL,Ireland,A,Annual,SOCX,Social expenditure,PT_B1GQ,Percentage of GDP,ES10,Public,_T,Total,TP82,Housing,_Z,Not applicable,1982,,0.707,,A,Normal value,0,Units,1,One,_Z,Not applicable,,
DATAFLOW,OECD.ELS.SPD:DSD_SOCX_AGG@DF_SOCX_AGG(1.0),Social expenditure aggregates,I,IRL,Ireland,A,Annual,SOCX,Social expenditure,PT_B1GQ,Percentage of GDP,ES10,Public,_T,Total,TP82,Housing,_Z,Not applicable,1983,,0.818,,A,Normal value,0,Units,1,One,_Z,Not applicable,,
DATAFLOW,OECD.ELS.SPD:DSD_SOCX_AGG@DF_SOCX_AGG(1.0),Social expenditure aggregates,I,IRL,Ireland,A,Annual,SOCX,Social expenditure,PT_B1GQ,Percentage of GDP,ES10,Public,_T,Total,TP82,Housing,_Z,Not applicable,1984,,0.804,,A,Normal value,0,Units,1,One,_Z,Not applicable,,
DATAFLOW,OECD.ELS.SPD:DSD_SOCX_AGG@DF_SOCX_AGG(1.0),Social expenditure aggregates,I,IRL,Ireland,A,Annual,SOCX,Social expenditure,PT_B1GQ,Percentage of GDP,ES10,Public,_T,Total,TP82,Housing,_Z,Not applicable,1985,,0.89,,A,Normal value,0,Units,1,One,_Z,Not applicable,,
DATAFLOW,OECD.ELS.SPD:DSD_SOCX_AGG@DF_SOCX_AGG(1.0),Social expenditure aggregates,I,IRL,Ireland,A,Annual,SOCX,Social expenditure,PT_B1GQ,Percentage of GDP,ES10,Public,_T,Total,TP82,Housing,_Z,Not applicable,1986,,0.864,,A,Normal value,0,Units,1,One,_Z,Not applicable,,
DATAFLOW,OECD.ELS.SPD:DSD_SOCX_AGG@DF_SOCX_AGG(1.0),Social expenditure aggregates,I,IRL,Ireland,A,Annual,SOCX,Social expenditure,PT_B1GQ,Percentage of GDP,ES10,Public,_T,Total,TP82,Housing,_Z,Not applicable,1987,,0.834,,A,Normal value,0,Units,1,One,_Z,Not applicable,,
DATAFLOW,OECD.ELS.SPD:DSD_SOCX_AGG@DF_SOCX_AGG(1.0),Social expenditure aggregates,I,IRL,Ireland,A,Annual,SOCX,Social expenditure,PT_B1GQ,Percentage of GDP,ES10,Public,_T,Total,TP82,Housing,_Z,Not applicable,1988,,0.839,,A,Normal value,0,Units,1,One,_Z,Not applicable,,
DATAFLOW,OECD.ELS.SPD:DSD_SOCX_AGG@DF_SOCX_AGG(1.0),Social expenditure aggregates,I,IRL,Ireland,A,Annual,SOCX,Social expenditure,PT_B1GQ,Percentage of GDP,ES10,Public,_T,Total,TP82,Housing,_Z,Not applicable,1989,,0.661,,A,Normal value,0,Units,1,One,_Z,Not applicable,,
DATAFLOW,OECD.ELS.SPD:DSD_SOCX_AGG@DF_SOCX_AGG(1.0),Social expenditure aggregates,I,IRL,Ireland,A,Annual,SOCX,Social expenditure,PT_B1GQ,Percentage of GDP,ES10,Public,_T,Total,TP82,Housing,_Z,Not applicable,1990,,0.595,,A,Normal value,0,Units,1,One,_Z,Not applicable,,
DATAFLOW,OECD.ELS.SPD:DSD_SOCX_AGG@DF_SOCX_AGG(1.0),Social expenditure aggregates,I,IRL,Ireland,A,Annual,SOCX,Social expenditure,PT_B1GQ,Percentage of GDP,ES10,Public,_T,Total,TP82,Housing,_Z,Not applicable,1991,,0.599,,A,Normal value,0,Units,1,One,_Z,Not applicable,,
DATAFLOW,OECD.ELS.SPD:DSD_SOCX_AGG@DF_SOCX_AGG(1.0),Social expenditure aggregates,I,IRL,Ireland,A,Annual,SOCX,Social expenditure,PT_B1GQ,Percentage of GDP,ES10,Public,_T,Total,TP82,Housing,_Z,Not applicable,1992,,0.583,,A,Normal value,0,Units,1,One,_Z,Not applicable,,
DATAFLOW,OECD.ELS.SPD:DSD_SOCX_AGG@DF_SOCX_AGG(1.0),Social expenditure aggregates,I,IRL,Ireland,A,Annual,SOCX,Social expenditure,PT_B1GQ,Percentage of GDP,ES10,Public,_T,Total,TP82,Housing,_Z,Not applicable,1993,,0.573,,A,Normal value,0,Units,1,One,_Z,Not applicable,,
DATAFLOW,OECD.ELS.SPD:DSD_SOCX_AGG@DF_SOCX_AGG(1.0),Social expenditure aggregates,I,IRL,Ireland,A,Annual,SOCX,Social expenditure,PT_B1GQ,Percentage of GDP,ES10,Public,_T,Total,TP82,Housing,_Z,Not applicable,1994,,0.593,,A,Normal value,0,Units,1,One,_Z,Not applicable,,
DATAFLOW,OECD.ELS.SPD:DSD_SOCX_AGG@DF_SOCX_AGG(1.0),Social expenditure aggregates,I,IRL,Ireland,A,Annual,SOCX,Social expenditure,PT_B1GQ,Percentage of GDP,ES10,Public,_T,Total,TP82,Housing,_Z,Not applicable,1995,,0.575,,A,Normal value,0,Units,1,One,_Z,Not applicable,,
DATAFLOW,OECD.ELS.SPD:DSD_SOCX_AGG@DF_SOCX_AGG(1.0),Social expenditure aggregates,I,IRL,Ireland,A,Annual,SOCX,Social expenditure,PT_B1GQ,Percentage of GDP,ES10,Public,_T,Total,TP82,Housing,_Z,Not applicable,1996,,0.56,,A,Normal value,0,Units,1,One,_Z,Not applicable,,
DATAFLOW,OECD.ELS.SPD:DSD_SOCX_AGG@DF_SOCX_AGG(1.0),Social expenditure aggregates,I,IRL,Ireland,A,Annual,SOCX,Social expenditure,PT_B1GQ,Percentage of GDP,ES10,Public,_T,Total,TP82,Housing,_Z,Not applicable,1997,,0.532,,A,Normal value,0,Units,1,One,_Z,Not applicable,,
DATAFLOW,OECD.ELS.SPD:DSD_SOCX_AGG@DF_SOCX_AGG(1.0),Social expenditure aggregates,I,IRL,Ireland,A,Annual,SOCX,Social expenditure,PT_B1GQ,Percentage of GDP,ES10,Public,_T,Total,TP82,Housing,_Z,Not applicable,1998,,0.503,,A,Normal value,0,Units,1,One,_Z,Not applicable,,
DATAFLOW,OECD.ELS.SPD:DSD_SOCX_AGG@DF_SOCX_AGG(1.0),Social expenditure aggregates,I,IRL,Ireland,A,Annual,SOCX,Social expenditure,PT_B1GQ,Percentage of GDP,ES10,Public,_T,Total,TP82,Housing,_Z,Not applicable,1999,,0.46,,A,Normal value,0,Units,1,One,_Z,Not applicable,,
DATAFLOW,OECD.ELS.SPD:DSD_SOCX_AGG@DF_SOCX_AGG(1.0),Social expenditure aggregates,I,IRL,Ireland,A,Annual,SOCX,Social expenditure,PT_B1GQ,Percentage of GDP,ES10,Public,_T,Total,TP82,Housing,_Z,Not applicable,2000,,0.337,,A,Normal value,0,Units,1,One,_Z,Not applicable,,
DATAFLOW,OECD.ELS.SPD:DSD_SOCX_AGG@DF_SOCX_AGG(1.0),Social expenditure aggregates,I,IRL,Ireland,A,Annual,SOCX,Social expenditure,PT_B1GQ,Percentage of GDP,ES10,Public,_T,Total,TP82,Housing,_Z,Not applicable,2001,,0.365,,A,Normal value,0,Units,1,One,_Z,Not applicable,,
DATAFLOW,OECD.ELS.SPD:DSD_SOCX_AGG@DF_SOCX_AGG(1.0),Social expenditure aggregates,I,IRL,Ireland,A,Annual,SOCX,Social expenditure,PT_B1GQ,Percentage of GDP,ES10,Public,_T,Total,TP82,Housing,_Z,Not applicable,2002,,0.407,,A,Normal value,0,Units,1,One,_Z,Not applicable,,
DATAFLOW,OECD.ELS.SPD:DSD_SOCX_AGG@DF_SOCX_AGG(1.0),Social expenditure aggregates,I,IRL,Ireland,A,Annual,SOCX,Social expenditure,PT_B1GQ,Percentage of GDP,ES10,Public,_T,Total,TP82,Housing,_Z,Not applicable,2003,,0.438,,A,Normal value,0,Units,1,One,_Z,Not applicable,,
DATAFLOW,OECD.ELS.SPD:DSD_SOCX_AGG@DF_SOCX_AGG(1.0),Social expenditure aggregates,I,IRL,Ireland,A,Annual,SOCX,Social expenditure,PT_B1GQ,Percentage of GDP,ES10,Public,_T,Total,TP82,Housing,_Z,Not applicable,2004,,0.423,,A,Normal value,0,Units,1,One,_Z,Not applicable,,
DATAFLOW,OECD.ELS.SPD:DSD_SOCX_AGG@DF_SOCX_AGG(1.0),Social expenditure aggregates,I,IRL,Ireland,A,Annual,SOCX,Social expenditure,PT_B1GQ,Percentage of GDP,ES10,Public,_T,Total,TP82,Housing,_Z,Not applicable,2005,,0.402,,A,Normal value,0,Units,1,One,_Z,Not applicable,,
DATAFLOW,OECD.ELS.SPD:DSD_SOCX_AGG@DF_SOCX_AGG(1.0),Social expenditure aggregates,I,IRL,Ireland,A,Annual,SOCX,Social expenditure,PT_B1GQ,Percentage of GDP,ES10,Public,_T,Total,TP82,Housing,_Z,Not applicable,2006,,0.425,,A,Normal value,0,Units,1,One,_Z,Not applicable,,
DATAFLOW,OECD.ELS.SPD:DSD_SOCX_AGG@DF_SOCX_AGG(1.0),Social expenditure aggregates,I,IRL,Ireland,A,Annual,SOCX,Social expenditure,PT_B1GQ,Percentage of GDP,ES10,Public,_T,Total,TP82,Housing,_Z,Not applicable,2007,,0.434,,A,Normal value,0,Units,1,One,_Z,Not applicable,,
DATAFLOW,OECD.ELS.SPD:DSD_SOCX_AGG@DF_SOCX_AGG(1.0),Social expenditure aggregates,I,IRL,Ireland,A,Annual,SOCX,Social expenditure,PT_B1GQ,Percentage of GDP,ES10,Public,_T,Total,TP82,Housing,_Z,Not applicable,2008,,0.555,,A,Normal value,0,Units,1,One,_Z,Not applicable,,
DATAFLOW,OECD.ELS.SPD:DSD_SOCX_AGG@DF_SOCX_AGG(1.0),Social expenditure aggregates,I,IRL,Ireland,A,Annual,SOCX,Social expenditure,PT_B1GQ,Percentage of GDP,ES10,Public,_T,Total,TP82,Housing,_Z,Not applicable,2009,,0.528,,A,Normal value,0,Units,1,One,_Z,Not applicable,,
DATAFLOW,OECD.ELS.SPD:DSD_SOCX_AGG@DF_SOCX_AGG(1.0),Social expenditure aggregates,I,IRL,Ireland,A,Annual,SOCX,Social expenditure,PT_B1GQ,Percentage of GDP,ES10,Public,_T,Total,TP82,Housing,_Z,Not applicable,2010,,0.847,,A,Normal value,0,Units,1,One,_Z,Not applicable,,
DATAFLOW,OECD.ELS.SPD:DSD_SOCX_AGG@DF_SOCX_AGG(1.0),Social expenditure aggregates,I,IRL,Ireland,A,Annual,SOCX,Social expenditure,PT_B1GQ,Percentage of GDP,ES10,Public,_T,Total,TP82,Housing,_Z,Not applicable,2011,,0.796,,A,Normal value,0,Units,1,One,_Z,Not applicable,,
DATAFLOW,OECD.ELS.SPD:DSD_SOCX_AGG@DF_SOCX_AGG(1.0),Social expenditure aggregates,I,IRL,Ireland,A,Annual,SOCX,Social expenditure,PT_B1GQ,Percentage of GDP,ES10,Public,_T,Total,TP82,Housing,_Z,Not applicable,2012,,0.789,,A,Normal value,0,Units,1,One,_Z,Not applicable,,
DATAFLOW,OECD.ELS.SPD:DSD_SOCX_AGG@DF_SOCX_AGG(1.0),Social expenditure aggregates,I,IRL,Ireland,A,Annual,SOCX,Social expenditure,PT_B1GQ,Percentage of GDP,ES10,Public,_T,Total,TP82,Housing,_Z,Not applicable,2013,,0.726,,A,Normal value,0,Units,1,One,_Z,Not applicable,,
DATAFLOW,OECD.ELS.SPD:DSD_SOCX_AGG@DF_SOCX_AGG(1.0),Social expenditure aggregates,I,IRL,Ireland,A,Annual,SOCX,Social expenditure,PT_B1GQ,Percentage of GDP,ES10,Public,_T,Total,TP82,Housing,_Z,Not applicable,2014,,0.741,,A,Normal value,0,Units,1,One,_Z,Not applicable,,
DATAFLOW,OECD.ELS.SPD:DSD_SOCX_AGG@DF_SOCX_AGG(1.0),Social expenditure aggregates,I,IRL,Ireland,A,Annual,SOCX,Social expenditure,PT_B1GQ,Percentage of GDP,ES10,Public,_T,Total,TP82,Housing,_Z,Not applicable,2015,,0.57,,A,Normal value,0,Units,1,One,_Z,Not applicable,,
DATAFLOW,OECD.ELS.SPD:DSD_SOCX_AGG@DF_SOCX_AGG(1.0),Social expenditure aggregates,I,IRL,Ireland,A,Annual,SOCX,Social expenditure,PT_B1GQ,Percentage of GDP,ES10,Public,_T,Total,TP82,Housing,_Z,Not applicable,2016,,0.572,,A,Normal value,0,Units,1,One,_Z,Not applicable,,
DATAFLOW,OECD.ELS.SPD:DSD_SOCX_AGG@DF_SOCX_AGG(1.0),Social expenditure aggregates,I,IRL,Ireland,A,Annual,SOCX,Social expenditure,PT_B1GQ,Percentage of GDP,ES10,Public,_T,Total,TP82,Housing,_Z,Not applicable,2017,,0.519,,A,Normal value,0,Units,1,One,_Z,Not applicable,,
DATAFLOW,OECD.ELS.SPD:DSD_SOCX_AGG@DF_SOCX_AGG(1.0),Social expenditure aggregates,I,IRL,Ireland,A,Annual,SOCX,Social expenditure,PT_B1GQ,Percentage of GDP,ES10,Public,_T,Total,TP82,Housing,_Z,Not applicable,2018,,0.524,,A,Normal value,0,Units,1,One,_Z,Not applicable,,
DATAFLOW,OECD.ELS.SPD:DSD_SOCX_AGG@DF_SOCX_AGG(1.0),Social expenditure aggregates,I,IRL,Ireland,A,Annual,SOCX,Social expenditure,PT_B1GQ,Percentage of GDP,ES10,Public,_T,Total,TP82,Housing,_Z,Not applicable,2019,,0.526,,A,Normal value,0,Units,1,One,_Z,Not applicable,,
DATAFLOW,OECD.ELS.SPD:DSD_SOCX_AGG@DF_SOCX_AGG(1.0),Social expenditure aggregates,I,IRL,Ireland,A,Annual,SOCX,Social expenditure,PT_B1GQ,Percentage of GDP,ES10,Public,_T,Total,TP82,Housing,_Z,Not applicable,2020,,0.582,,A,Normal value,0,Units,1,One,_Z,Not applicable,,
DATAFLOW,OECD.ELS.SPD:DSD_SOCX_AGG@DF_SOCX_AGG(1.0),Social expenditure aggregates,I,IRL,Ireland,A,Annual,SOCX,Social expenditure,PT_B1GQ,Percentage of GDP,ES10,Public,_T,Total,TP82,Housing,_Z,Not applicable,2021,,0.499,,A,Normal value,0,Units,1,One,_Z,Not applicable,,
DATAFLOW,OECD.ELS.SPD:DSD_SOCX_AGG@DF_SOCX_AGG(1.0),Social expenditure aggregates,I,SWE,Sweden,A,Annual,SOCX,Social expenditure,PT_B1GQ,Percentage of GDP,ES10,Public,_T,Total,TP82,Housing,_Z,Not applicable,1980,,1.007,,A,Normal value,0,Units,1,One,_Z,Not applicable,,
DATAFLOW,OECD.ELS.SPD:DSD_SOCX_AGG@DF_SOCX_AGG(1.0),Social expenditure aggregates,I,SWE,Sweden,A,Annual,SOCX,Social expenditure,PT_B1GQ,Percentage of GDP,ES10,Public,_T,Total,TP82,Housing,_Z,Not applicable,1981,,0.83,,A,Normal value,0,Units,1,One,_Z,Not applicable,,
DATAFLOW,OECD.ELS.SPD:DSD_SOCX_AGG@DF_SOCX_AGG(1.0),Social expenditure aggregates,I,SWE,Sweden,A,Annual,SOCX,Social expenditure,PT_B1GQ,Percentage of GDP,ES10,Public,_T,Total,TP82,Housing,_Z,Not applicable,1982,,0.83,,A,Normal value,0,Units,1,One,_Z,Not applicable,,
DATAFLOW,OECD.ELS.SPD:DSD_SOCX_AGG@DF_SOCX_AGG(1.0),Social expenditure aggregates,I,SWE,Sweden,A,Annual,SOCX,Social expenditure,PT_B1GQ,Percentage of GDP,ES10,Public,_T,Total,TP82,Housing,_Z,Not applicable,1983,,0.78,,A,Normal value,0,Units,1,One,_Z,Not applicable,,
DATAFLOW,OECD.ELS.SPD:DSD_SOCX_AGG@DF_SOCX_AGG(1.0),Social expenditure aggregates,I,SWE,Sweden,A,Annual,SOCX,Social expenditure,PT_B1GQ,Percentage of GDP,ES10,Public,_T,Total,TP82,Housing,_Z,Not applicable,1984,,0.735,,A,Normal value,0,Units,1,One,_Z,Not applicable,,
DATAFLOW,OECD.ELS.SPD:DSD_SOCX_AGG@DF_SOCX_AGG(1.0),Social expenditure aggregates,I,SWE,Sweden,A,Annual,SOCX,Social expenditure,PT_B1GQ,Percentage of GDP,ES10,Public,_T,Total,TP82,Housing,_Z,Not applicable,1985,,0.606,,A,Normal value,0,Units,1,One,_Z,Not applicable,,
DATAFLOW,OECD.ELS.SPD:DSD_SOCX_AGG@DF_SOCX_AGG(1.0),Social expenditure aggregates,I,SWE,Sweden,A,Annual,SOCX,Social expenditure,PT_B1GQ,Percentage of GDP,ES10,Public,_T,Total,TP82,Housing,_Z,Not applicable,1986,,0.638,,A,Normal value,0,Units,1,One,_Z,Not applicable,,
DATAFLOW,OECD.ELS.SPD:DSD_SOCX_AGG@DF_SOCX_AGG(1.0),Social expenditure aggregates,I,SWE,Sweden,A,Annual,SOCX,Social expenditure,PT_B1GQ,Percentage of GDP,ES10,Public,_T,Total,TP82,Housing,_Z,Not applicable,1987,,0.621,,A,Normal value,0,Units,1,One,_Z,Not applicable,,
DATAFLOW,OECD.ELS.SPD:DSD_SOCX_AGG@DF_SOCX_AGG(1.0),Social expenditure aggregates,I,SWE,Sweden,A,Annual,SOCX,Social expenditure,PT_B1GQ,Percentage of GDP,ES10,Public,_T,Total,TP82,Housing,_Z,Not applicable,1988,,0.642,,A,Normal value,0,Units,1,One,_Z,Not applicable,,
DATAFLOW,OECD.ELS.SPD:DSD_SOCX_AGG@DF_SOCX_AGG(1.0),Social expenditure aggregates,I,SWE,Sweden,A,Annual,SOCX,Social expenditure,PT_B1GQ,Percentage of GDP,ES10,Public,_T,Total,TP82,Housing,_Z,Not applicable,1989,,0.593,,A,Normal value,0,Units,1,One,_Z,Not applicable,,
DATAFLOW,OECD.ELS.SPD:DSD_SOCX_AGG@DF_SOCX_AGG(1.0),Social expenditure aggregates,I,SWE,Sweden,A,Annual,SOCX,Social expenditure,PT_B1GQ,Percentage of GDP,ES10,Public,_T,Total,TP82,Housing,_Z,Not applicable,1990,,0.602,,A,Normal value,0,Units,1,One,_Z,Not applicable,,
DATAFLOW,OECD.ELS.SPD:DSD_SOCX_AGG@DF_SOCX_AGG(1.0),Social expenditure aggregates,I,SWE,Sweden,A,Annual,SOCX,Social expenditure,PT_B1GQ,Percentage of GDP,ES10,Public,_T,Total,TP82,Housing,_Z,Not applicable,1991,,0.777,,A,Normal value,0,Units,1,One,_Z,Not applicable,,
DATAFLOW,OECD.ELS.SPD:DSD_SOCX_AGG@DF_SOCX_AGG(1.0),Social expenditure aggregates,I,SWE,Sweden,A,Annual,SOCX,Social expenditure,PT_B1GQ,Percentage of GDP,ES10,Public,_T,Total,TP82,Housing,_Z,Not applicable,1992,,0.861,,A,Normal value,0,Units,1,One,_Z,Not applicable,,
DATAFLOW,OECD.ELS.SPD:DSD_SOCX_AGG@DF_SOCX_AGG(1.0),Social expenditure aggregates,I,SWE,Sweden,A,Annual,SOCX,Social expenditure,PT_B1GQ,Percentage of GDP,ES10,Public,_T,Total,TP82,Housing,_Z,Not applicable,1993,,1.096,,A,Normal value,0,Units,1,One,_Z,Not applicable,,
DATAFLOW,OECD.ELS.SPD:DSD_SOCX_AGG@DF_SOCX_AGG(1.0),Social expenditure aggregates,I,SWE,Sweden,A,Annual,SOCX,Social expenditure,PT_B1GQ,Percentage of GDP,ES10,Public,_T,Total,TP82,Housing,_Z,Not applicable,1994,,1.124,,A,Normal value,0,Units,1,One,_Z,Not applicable,,
DATAFLOW,OECD.ELS.SPD:DSD_SOCX_AGG@DF_SOCX_AGG(1.0),Social expenditure aggregates,I,SWE,Sweden,A,Annual,SOCX,Social expenditure,PT_B1GQ,Percentage of GDP,ES10,Public,_T,Total,TP82,Housing,_Z,Not applicable,1995,,1.041,,A,Normal value,0,Units,1,One,_Z,Not applicable,,
DATAFLOW,OECD.ELS.SPD:DSD_SOCX_AGG@DF_SOCX_AGG(1.0),Social expenditure aggregates,I,SWE,Sweden,A,Annual,SOCX,Social expenditure,PT_B1GQ,Percentage of GDP,ES10,Public,_T,Total,TP82,Housing,_Z,Not applicable,1996,,0.942,,A,Normal value,0,Units,1,One,_Z,Not applicable,,
DATAFLOW,OECD.ELS.SPD:DSD_SOCX_AGG@DF_SOCX_AGG(1.0),Social expenditure aggregates,I,SWE,Sweden,A,Annual,SOCX,Social expenditure,PT_B1GQ,Percentage of GDP,ES10,Public,_T,Total,TP82,Housing,_Z,Not applicable,1997,,0.776,,A,Normal value,0,Units,1,One,_Z,Not applicable,,
DATAFLOW,OECD.ELS.SPD:DSD_SOCX_AGG@DF_SOCX_AGG(1.0),Social expenditure aggregates,I,SWE,Sweden,A,Annual,SOCX,Social expenditure,PT_B1GQ,Percentage of GDP,ES10,Public,_T,Total,TP82,Housing,_Z,Not applicable,1998,,0.713,,A,Normal value,0,Units,1,One,_Z,Not applicable,,
DATAFLOW,OECD.ELS.SPD:DSD_SOCX_AGG@DF_SOCX_AGG(1.0),Social expenditure aggregates,I,SWE,Sweden,A,Annual,SOCX,Social expenditure,PT_B1GQ,Percentage of GDP,ES10,Public,_T,Total,TP82,Housing,_Z,Not applicable,1999,,0.662,,A,Normal value,0,Units,1,One,_Z,Not applicable,,
DATAFLOW,OECD.ELS.SPD:DSD_SOCX_AGG@DF_SOCX_AGG(1.0),Social expenditure aggregates,I,SWE,Sweden,A,Annual,SOCX,Social expenditure,PT_B1GQ,Percentage of GDP,ES10,Public,_T,Total,TP82,Housing,_Z,Not applicable,2000,,0.581,,A,Normal value,0,Units,1,One,_Z,Not applicable,,
DATAFLOW,OECD.ELS.SPD:DSD_SOCX_AGG@DF_SOCX_AGG(1.0),Social expenditure aggregates,I,SWE,Sweden,A,Annual,SOCX,Social expenditure,PT_B1GQ,Percentage of GDP,ES10,Public,_T,Total,TP82,Housing,_Z,Not applicable,2001,,0.575,,A,Normal value,0,Units,1,One,_Z,Not applicable,,
DATAFLOW,OECD.ELS.SPD:DSD_SOCX_AGG@DF_SOCX_AGG(1.0),Social expenditure aggregates,I,SWE,Sweden,A,Annual,SOCX,Social expenditure,PT_B1GQ,Percentage of GDP,ES10,Public,_T,Total,TP82,Housing,_Z,Not applicable,2002,,0.547,,A,Normal value,0,Units,1,One,_Z,Not applicable,,
DATAFLOW,OECD.ELS.SPD:DSD_SOCX_AGG@DF_SOCX_AGG(1.0),Social expenditure aggregates,I,SWE,Sweden,A,Annual,SOCX,Social expenditure,PT_B1GQ,Percentage of GDP,ES10,Public,_T,Total,TP82,Housing,_Z,Not applicable,2003,,0.539,,A,Normal value,0,Units,1,One,_Z,Not applicable,,
DATAFLOW,OECD.ELS.SPD:DSD_SOCX_AGG@DF_SOCX_AGG(1.0),Social expenditure aggregates,I,SWE,Sweden,A,Annual,SOCX,Social expenditure,PT_B1GQ,Percentage of GDP,ES10,Public,_T,Total,TP82,Housing,_Z,Not applicable,2004,,0.515,,A,Normal value,0,Units,1,One,_Z,Not applicable,,
DATAFLOW,OECD.ELS.SPD:DSD_SOCX_AGG@DF_SOCX_AGG(1.0),Social expenditure aggregates,I,SWE,Sweden,A,Annual,SOCX,Social expenditure,PT_B1GQ,Percentage of GDP,ES10,Public,_T,Total,TP82,Housing,_Z,Not applicable,2005,,0.505,,A,Normal value,0,Units,1,One,_Z,Not applicable,,
DATAFLOW,OECD.ELS.SPD:DSD_SOCX_AGG@DF_SOCX_AGG(1.0),Social expenditure aggregates,I,SWE,Sweden,A,Annual,SOCX,Social expenditure,PT_B1GQ,Percentage of GDP,ES10,Public,_T,Total,TP82,Housing,_Z,Not applicable,2006,,0.481,,A,Normal value,0,Units,1,One,_Z,Not applicable,,
DATAFLOW,OECD.ELS.SPD:DSD_SOCX_AGG@DF_SOCX_AGG(1.0),Social expenditure aggregates,I,SWE,Sweden,A,Annual,SOCX,Social expenditure,PT_B1GQ,Percentage of GDP,ES10,Public,_T,Total,TP82,Housing,_Z,Not applicable,2007,,0.445,,A,Normal value,0,Units,1,One,_Z,Not applicable,,
DATAFLOW,OECD.ELS.SPD:DSD_SOCX_AGG@DF_SOCX_AGG(1.0),Social expenditure aggregates,I,SWE,Sweden,A,Annual,SOCX,Social expenditure,PT_B1GQ,Percentage of GDP,ES10,Public,_T,Total,TP82,Housing,_Z,Not applicable,2008,,0.433,,A,Normal value,0,Units,1,One,_Z,Not applicable,,
DATAFLOW,OECD.ELS.SPD:DSD_SOCX_AGG@DF_SOCX_AGG(1.0),Social expenditure aggregates,I,SWE,Sweden,A,Annual,SOCX,Social expenditure,PT_B1GQ,Percentage of GDP,ES10,Public,_T,Total,TP82,Housing,_Z,Not applicable,2009,,0.444,,A,Normal value,0,Units,1,One,_Z,Not applicable,,
DATAFLOW,OECD.ELS.SPD:DSD_SOCX_AGG@DF_SOCX_AGG(1.0),Social expenditure aggregates,I,SWE,Sweden,A,Annual,SOCX,Social expenditure,PT_B1GQ,Percentage of GDP,ES10,Public,_T,Total,TP82,Housing,_Z,Not applicable,2010,,0.43,,A,Normal value,0,Units,1,One,_Z,Not applicable,,
DATAFLOW,OECD.ELS.SPD:DSD_SOCX_AGG@DF_SOCX_AGG(1.0),Social expenditure aggregates,I,SWE,Sweden,A,Annual,SOCX,Social expenditure,PT_B1GQ,Percentage of GDP,ES10,Public,_T,Total,TP82,Housing,_Z,Not applicable,2011,,0.42,,A,Normal value,0,Units,1,One,_Z,Not applicable,,
DATAFLOW,OECD.ELS.SPD:DSD_SOCX_AGG@DF_SOCX_AGG(1.0),Social expenditure aggregates,I,SWE,Sweden,A,Annual,SOCX,Social expenditure,PT_B1GQ,Percentage of GDP,ES10,Public,_T,Total,TP82,Housing,_Z,Not applicable,2012,,0.453,,A,Normal value,0,Units,1,One,_Z,Not applicable,,
DATAFLOW,OECD.ELS.SPD:DSD_SOCX_AGG@DF_SOCX_AGG(1.0),Social expenditure aggregates,I,SWE,Sweden,A,Annual,SOCX,Social expenditure,PT_B1GQ,Percentage of GDP,ES10,Public,_T,Total,TP82,Housing,_Z,Not applicable,2013,,0.455,,A,Normal value,0,Units,1,One,_Z,Not applicable,,
DATAFLOW,OECD.ELS.SPD:DSD_SOCX_AGG@DF_SOCX_AGG(1.0),Social expenditure aggregates,I,SWE,Sweden,A,Annual,SOCX,Social expenditure,PT_B1GQ,Percentage of GDP,ES10,Public,_T,Total,TP82,Housing,_Z,Not applicable,2014,,0.461,,A,Normal value,0,Units,1,One,_Z,Not applicable,,
DATAFLOW,OECD.ELS.SPD:DSD_SOCX_AGG@DF_SOCX_AGG(1.0),Social expenditure aggregates,I,SWE,Sweden,A,Annual,SOCX,Social expenditure,PT_B1GQ,Percentage of GDP,ES10,Public,_T,Total,TP82,Housing,_Z,Not applicable,2015,,0.44,,A,Normal value,0,Units,1,One,_Z,Not applicable,,
DATAFLOW,OECD.ELS.SPD:DSD_SOCX_AGG@DF_SOCX_AGG(1.0),Social expenditure aggregates,I,SWE,Sweden,A,Annual,SOCX,Social expenditure,PT_B1GQ,Percentage of GDP,ES10,Public,_T,Total,TP82,Housing,_Z,Not applicable,2016,,0.416,,A,Normal value,0,Units,1,One,_Z,Not applicable,,
DATAFLOW,OECD.ELS.SPD:DSD_SOCX_AGG@DF_SOCX_AGG(1.0),Social expenditure aggregates,I,SWE,Sweden,A,Annual,SOCX,Social expenditure,PT_B1GQ,Percentage of GDP,ES10,Public,_T,Total,TP82,Housing,_Z,Not applicable,2017,,0.399,,A,Normal value,0,Units,1,One,_Z,Not applicable,,
DATAFLOW,OECD.ELS.SPD:DSD_SOCX_AGG@DF_SOCX_AGG(1.0),Social expenditure aggregates,I,SWE,Sweden,A,Annual,SOCX,Social expenditure,PT_B1GQ,Percentage of GDP,ES10,Public,_T,Total,TP82,Housing,_Z,Not applicable,2018,,0.4,,A,Normal value,0,Units,1,One,_Z,Not applicable,,
DATAFLOW,OECD.ELS.SPD:DSD_SOCX_AGG@DF_SOCX_AGG(1.0),Social expenditure aggregates,I,SWE,Sweden,A,Annual,SOCX,Social expenditure,PT_B1GQ,Percentage of GDP,ES10,Public,_T,Total,TP82,Housing,_Z,Not applicable,2019,,0.378,,A,Normal value,0,Units,1,One,_Z,Not applicable,,
DATAFLOW,OECD.ELS.SPD:DSD_SOCX_AGG@DF_SOCX_AGG(1.0),Social expenditure aggregates,I,SWE,Sweden,A,Annual,SOCX,Social expenditure,PT_B1GQ,Percentage of GDP,ES10,Public,_T,Total,TP82,Housing,_Z,Not applicable,2020,,0.415,,A,Normal value,0,Units,1,One,_Z,Not applicable,,
DATAFLOW,OECD.ELS.SPD:DSD_SOCX_AGG@DF_SOCX_AGG(1.0),Social expenditure aggregates,I,SWE,Sweden,A,Annual,SOCX,Social expenditure,PT_B1GQ,Percentage of GDP,ES10,Public,_T,Total,TP82,Housing,_Z,Not applicable,2021,,0.378,,A,Normal value,0,Units,1,One,_Z,Not applicable,,
DATAFLOW,OECD.ELS.SPD:DSD_SOCX_AGG@DF_SOCX_AGG(1.0),Social expenditure aggregates,I,POL,Poland,A,Annual,SOCX,Social expenditure,PT_B1GQ,Percentage of GDP,ES10,Public,_T,Total,TP82,Housing,_Z,Not applicable,1980,,,,A,Normal value,0,Units,1,One,_Z,Not applicable,,
DATAFLOW,OECD.ELS.SPD:DSD_SOCX_AGG@DF_SOCX_AGG(1.0),Social expenditure aggregates,I,POL,Poland,A,Annual,SOCX,Social expenditure,PT_B1GQ,Percentage of GDP,ES10,Public,_T,Total,TP82,Housing,_Z,Not applicable,1981,,,,A,Normal value,0,Units,1,One,_Z,Not applicable,,
DATAFLOW,OECD.ELS.SPD:DSD_SOCX_AGG@DF_SOCX_AGG(1.0),Social expenditure aggregates,I,POL,Poland,A,Annual,SOCX,Social expenditure,PT_B1GQ,Percentage of GDP,ES10,Public,_T,Total,TP82,Housing,_Z,Not applicable,1982,,,,A,Normal value,0,Units,1,One,_Z,Not applicable,,
DATAFLOW,OECD.ELS.SPD:DSD_SOCX_AGG@DF_SOCX_AGG(1.0),Social expenditure aggregates,I,POL,Poland,A,Annual,SOCX,Social expenditure,PT_B1GQ,Percentage of GDP,ES10,Public,_T,Total,TP82,Housing,_Z,Not applicable,1983,,,,A,Normal value,0,Units,1,One,_Z,Not applicable,,
DATAFLOW,OECD.ELS.SPD:DSD_SOCX_AGG@DF_SOCX_AGG(1.0),Social expenditure aggregates,I,POL,Poland,A,Annual,SOCX,Social expenditure,PT_B1GQ,Percentage of GDP,ES10,Public,_T,Total,TP82,Housing,_Z,Not applicable,1984,,,,A,Normal value,0,Units,1,One,_Z,Not applicable,,
DATAFLOW,OECD.ELS.SPD:DSD_SOCX_AGG@DF_SOCX_AGG(1.0),Social expenditure aggregates,I,POL,Poland,A,Annual,SOCX,Social expenditure,PT_B1GQ,Percentage of GDP,ES10,Public,_T,Total,TP82,Housing,_Z,Not applicable,1985,,,,A,Normal value,0,Units,1,One,_Z,Not applicable,,
DATAFLOW,OECD.ELS.SPD:DSD_SOCX_AGG@DF_SOCX_AGG(1.0),Social expenditure aggregates,I,POL,Poland,A,Annual,SOCX,Social expenditure,PT_B1GQ,Percentage of GDP,ES10,Public,_T,Total,TP82,Housing,_Z,Not applicable,1986,,,,A,Normal value,0,Units,1,One,_Z,Not applicable,,
DATAFLOW,OECD.ELS.SPD:DSD_SOCX_AGG@DF_SOCX_AGG(1.0),Social expenditure aggregates,I,POL,Poland,A,Annual,SOCX,Social expenditure,PT_B1GQ,Percentage of GDP,ES10,Public,_T,Total,TP82,Housing,_Z,Not applicable,1987,,,,A,Normal value,0,Units,1,One,_Z,Not applicable,,
DATAFLOW,OECD.ELS.SPD:DSD_SOCX_AGG@DF_SOCX_AGG(1.0),Social expenditure aggregates,I,POL,Poland,A,Annual,SOCX,Social expenditure,PT_B1GQ,Percentage of GDP,ES10,Public,_T,Total,TP82,Housing,_Z,Not applicable,1988,,,,A,Normal value,0,Units,1,One,_Z,Not applicable,,
DATAFLOW,OECD.ELS.SPD:DSD_SOCX_AGG@DF_SOCX_AGG(1.0),Social expenditure aggregates,I,POL,Poland,A,Annual,SOCX,Social expenditure,PT_B1GQ,Percentage of GDP,ES10,Public,_T,Total,TP82,Housing,_Z,Not applicable,1989,,,,A,Normal value,0,Units,1,One,_Z,Not applicable,,
DATAFLOW,OECD.ELS.SPD:DSD_SOCX_AGG@DF_SOCX_AGG(1.0),Social expenditure aggregates,I,KOR,Korea,A,Annual,SOCX,Social expenditure,PT_B1GQ,Percentage of GDP,ES10,Public,_T,Total,TP82,Housing,_Z,Not applicable,1980,,,,L,Missing value; data exist but were not collected,0,Units,1,One,_Z,Not applicable,,
DATAFLOW,OECD.ELS.SPD:DSD_SOCX_AGG@DF_SOCX_AGG(1.0),Social expenditure aggregates,I,KOR,Korea,A,Annual,SOCX,Social expenditure,PT_B1GQ,Percentage of GDP,ES10,Public,_T,Total,TP82,Housing,_Z,Not applicable,1981,,,,L,Missing value; data exist but were not collected,0,Units,1,One,_Z,Not applicable,,
DATAFLOW,OECD.ELS.SPD:DSD_SOCX_AGG@DF_SOCX_AGG(1.0),Social expenditure aggregates,I,KOR,Korea,A,Annual,SOCX,Social expenditure,PT_B1GQ,Percentage of GDP,ES10,Public,_T,Total,TP82,Housing,_Z,Not applicable,1982,,,,L,Missing value; data exist but were not collected,0,Units,1,One,_Z,Not applicable,,
DATAFLOW,OECD.ELS.SPD:DSD_SOCX_AGG@DF_SOCX_AGG(1.0),Social expenditure aggregates,I,KOR,Korea,A,Annual,SOCX,Social expenditure,PT_B1GQ,Percentage of GDP,ES10,Public,_T,Total,TP82,Housing,_Z,Not applicable,1983,,,,L,Missing value; data exist but were not collected,0,Units,1,One,_Z,Not applicable,,
DATAFLOW,OECD.ELS.SPD:DSD_SOCX_AGG@DF_SOCX_AGG(1.0),Social expenditure aggregates,I,KOR,Korea,A,Annual,SOCX,Social expenditure,PT_B1GQ,Percentage of GDP,ES10,Public,_T,Total,TP82,Housing,_Z,Not applicable,1984,,,,L,Missing value; data exist but were not collected,0,Units,1,One,_Z,Not applicable,,
DATAFLOW,OECD.ELS.SPD:DSD_SOCX_AGG@DF_SOCX_AGG(1.0),Social expenditure aggregates,I,KOR,Korea,A,Annual,SOCX,Social expenditure,PT_B1GQ,Percentage of GDP,ES10,Public,_T,Total,TP82,Housing,_Z,Not applicable,1985,,,,L,Missing value; data exist but were not collected,0,Units,1,One,_Z,Not applicable,,
DATAFLOW,OECD.ELS.SPD:DSD_SOCX_AGG@DF_SOCX_AGG(1.0),Social expenditure aggregates,I,KOR,Korea,A,Annual,SOCX,Social expenditure,PT_B1GQ,Percentage of GDP,ES10,Public,_T,Total,TP82,Housing,_Z,Not applicable,1986,,,,L,Missing value; data exist but were not collected,0,Units,1,One,_Z,Not applicable,,
DATAFLOW,OECD.ELS.SPD:DSD_SOCX_AGG@DF_SOCX_AGG(1.0),Social expenditure aggregates,I,KOR,Korea,A,Annual,SOCX,Social expenditure,PT_B1GQ,Percentage of GDP,ES10,Public,_T,Total,TP82,Housing,_Z,Not applicable,1987,,,,L,Missing value; data exist but were not collected,0,Units,1,One,_Z,Not applicable,,
DATAFLOW,OECD.ELS.SPD:DSD_SOCX_AGG@DF_SOCX_AGG(1.0),Social expenditure aggregates,I,KOR,Korea,A,Annual,SOCX,Social expenditure,PT_B1GQ,Percentage of GDP,ES10,Public,_T,Total,TP82,Housing,_Z,Not applicable,1988,,,,L,Missing value; data exist but were not collected,0,Units,1,One,_Z,Not applicable,,
DATAFLOW,OECD.ELS.SPD:DSD_SOCX_AGG@DF_SOCX_AGG(1.0),Social expenditure aggregates,I,KOR,Korea,A,Annual,SOCX,Social expenditure,PT_B1GQ,Percentage of GDP,ES10,Public,_T,Total,TP82,Housing,_Z,Not applicable,1989,,,,L,Missing value; data exist but were not collected,0,Units,1,One,_Z,Not applicable,,
DATAFLOW,OECD.ELS.SPD:DSD_SOCX_AGG@DF_SOCX_AGG(1.0),Social expenditure aggregates,I,KOR,Korea,A,Annual,SOCX,Social expenditure,PT_B1GQ,Percentage of GDP,ES10,Public,_T,Total,TP82,Housing,_Z,Not applicable,1990,,,,M,Missing value; data cannot exist,0,Units,1,One,_Z,Not applicable,,
DATAFLOW,OECD.ELS.SPD:DSD_SOCX_AGG@DF_SOCX_AGG(1.0),Social expenditure aggregates,I,KOR,Korea,A,Annual,SOCX,Social expenditure,PT_B1GQ,Percentage of GDP,ES10,Public,_T,Total,TP82,Housing,_Z,Not applicable,1991,,,,M,Missing value; data cannot exist,0,Units,1,One,_Z,Not applicable,,
DATAFLOW,OECD.ELS.SPD:DSD_SOCX_AGG@DF_SOCX_AGG(1.0),Social expenditure aggregates,I,KOR,Korea,A,Annual,SOCX,Social expenditure,PT_B1GQ,Percentage of GDP,ES10,Public,_T,Total,TP82,Housing,_Z,Not applicable,1992,,,,M,Missing value; data cannot exist,0,Units,1,One,_Z,Not applicable,,
DATAFLOW,OECD.ELS.SPD:DSD_SOCX_AGG@DF_SOCX_AGG(1.0),Social expenditure aggregates,I,KOR,Korea,A,Annual,SOCX,Social expenditure,PT_B1GQ,Percentage of GDP,ES10,Public,_T,Total,TP82,Housing,_Z,Not applicable,1993,,,,M,Missing value; data cannot exist,0,Units,1,One,_Z,Not applicable,,
DATAFLOW,OECD.ELS.SPD:DSD_SOCX_AGG@DF_SOCX_AGG(1.0),Social expenditure aggregates,I,KOR,Korea,A,Annual,SOCX,Social expenditure,PT_B1GQ,Percentage of GDP,ES10,Public,_T,Total,TP82,Housing,_Z,Not applicable,1994,,,,M,Missing value; data cannot exist,0,Units,1,One,_Z,Not applicable,,
DATAFLOW,OECD.ELS.SPD:DSD_SOCX_AGG@DF_SOCX_AGG(1.0),Social expenditure aggregates,I,KOR,Korea,A,Annual,SOCX,Social expenditure,PT_B1GQ,Percentage of GDP,ES10,Public,_T,Total,TP82,Housing,_Z,Not applicable,1995,,,,M,Missing value; data cannot exist,0,Units,1,One,_Z,Not applicable,,
DATAFLOW,OECD.ELS.SPD:DSD_SOCX_AGG@DF_SOCX_AGG(1.0),Social expenditure aggregates,I,KOR,Korea,A,Annual,SOCX,Social expenditure,PT_B1GQ,Percentage of GDP,ES10,Public,_T,Total,TP82,Housing,_Z,Not applicable,1996,,,,M,Missing value; data cannot exist,0,Units,1,One,_Z,Not applicable,,
DATAFLOW,OECD.ELS.SPD:DSD_SOCX_AGG@DF_SOCX_AGG(1.0),Social expenditure aggregates,I,KOR,Korea,A,Annual,SOCX,Social expenditure,PT_B1GQ,Percentage of GDP,ES10,Public,_T,Total,TP82,Housing,_Z,Not applicable,1997,,,,M,Missing value; data cannot exist,0,Units,1,One,_Z,Not applicable,,
DATAFLOW,OECD.ELS.SPD:DSD_SOCX_AGG@DF_SOCX_AGG(1.0),Social expenditure aggregates,I,KOR,Korea,A,Annual,SOCX,Social expenditure,PT_B1GQ,Percentage of GDP,ES10,Public,_T,Total,TP82,Housing,_Z,Not applicable,1998,,,,M,Missing value; data cannot exist,0,Units,1,One,_Z,Not applicable,,
DATAFLOW,OECD.ELS.SPD:DSD_SOCX_AGG@DF_SOCX_AGG(1.0),Social expenditure aggregates,I,KOR,Korea,A,Annual,SOCX,Social expenditure,PT_B1GQ,Percentage of GDP,ES10,Public,_T,Total,TP82,Housing,_Z,Not applicable,1999,,,,M,Missing value; data cannot exist,0,Units,1,One,_Z,Not applicable,,
DATAFLOW,OECD.ELS.SPD:DSD_SOCX_AGG@DF_SOCX_AGG(1.0),Social expenditure aggregates,I,KOR,Korea,A,Annual,SOCX,Social expenditure,PT_B1GQ,Percentage of GDP,ES10,Public,_T,Total,TP82,Housing,_Z,Not applicable,2000,,,,M,Missing value; data cannot exist,0,Units,1,One,_Z,Not applicable,,
DATAFLOW,OECD.ELS.SPD:DSD_SOCX_AGG@DF_SOCX_AGG(1.0),Social expenditure aggregates,I,KOR,Korea,A,Annual,SOCX,Social expenditure,PT_B1GQ,Percentage of GDP,ES10,Public,_T,Total,TP82,Housing,_Z,Not applicable,2001,,,,M,Missing value; data cannot exist,0,Units,1,One,_Z,Not applicable,,
DATAFLOW,OECD.ELS.SPD:DSD_SOCX_AGG@DF_SOCX_AGG(1.0),Social expenditure aggregates,I,KOR,Korea,A,Annual,SOCX,Social expenditure,PT_B1GQ,Percentage of GDP,ES10,Public,_T,Total,TP82,Housing,_Z,Not applicable,2002,,,,M,Missing value; data cannot exist,0,Units,1,One,_Z,Not applicable,,
DATAFLOW,OECD.ELS.SPD:DSD_SOCX_AGG@DF_SOCX_AGG(1.0),Social expenditure aggregates,I,KOR,Korea,A,Annual,SOCX,Social expenditure,PT_B1GQ,Percentage of GDP,ES10,Public,_T,Total,TP82,Housing,_Z,Not applicable,2003,,,,M,Missing value; data cannot exist,0,Units,1,One,_Z,Not applicable,,
DATAFLOW,OECD.ELS.SPD:DSD_SOCX_AGG@DF_SOCX_AGG(1.0),Social expenditure aggregates,I,POL,Poland,A,Annual,SOCX,Social expenditure,PT_B1GQ,Percentage of GDP,ES10,Public,_T,Total,TP82,Housing,_Z,Not applicable,2002,,,,M,Missing value; data cannot exist,0,Units,1,One,_Z,Not applicable,,
DATAFLOW,OECD.ELS.SPD:DSD_SOCX_AGG@DF_SOCX_AGG(1.0),Social expenditure aggregates,I,TUR,Türkiye,A,Annual,SOCX,Social expenditure,PT_B1GQ,Percentage of GDP,ES10,Public,_T,Total,TP82,Housing,_Z,Not applicable,2000,,,,M,Missing value; data cannot exist,0,Units,1,One,_Z,Not applicable,,
DATAFLOW,OECD.ELS.SPD:DSD_SOCX_AGG@DF_SOCX_AGG(1.0),Social expenditure aggregates,I,TUR,Türkiye,A,Annual,SOCX,Social expenditure,PT_B1GQ,Percentage of GDP,ES10,Public,_T,Total,TP82,Housing,_Z,Not applicable,2001,,,,M,Missing value; data cannot exist,0,Units,1,One,_Z,Not applicable,,
DATAFLOW,OECD.ELS.SPD:DSD_SOCX_AGG@DF_SOCX_AGG(1.0),Social expenditure aggregates,I,TUR,Türkiye,A,Annual,SOCX,Social expenditure,PT_B1GQ,Percentage of GDP,ES10,Public,_T,Total,TP82,Housing,_Z,Not applicable,2002,,,,M,Missing value; data cannot exist,0,Units,1,One,_Z,Not applicable,,
DATAFLOW,OECD.ELS.SPD:DSD_SOCX_AGG@DF_SOCX_AGG(1.0),Social expenditure aggregates,I,TUR,Türkiye,A,Annual,SOCX,Social expenditure,PT_B1GQ,Percentage of GDP,ES10,Public,_T,Total,TP82,Housing,_Z,Not applicable,2003,,,,M,Missing value; data cannot exist,0,Units,1,One,_Z,Not applicable,,
DATAFLOW,OECD.ELS.SPD:DSD_SOCX_AGG@DF_SOCX_AGG(1.0),Social expenditure aggregates,I,TUR,Türkiye,A,Annual,SOCX,Social expenditure,PT_B1GQ,Percentage of GDP,ES10,Public,_T,Total,TP82,Housing,_Z,Not applicable,2004,,,,M,Missing value; data cannot exist,0,Units,1,One,_Z,Not applicable,,
DATAFLOW,OECD.ELS.SPD:DSD_SOCX_AGG@DF_SOCX_AGG(1.0),Social expenditure aggregates,I,TUR,Türkiye,A,Annual,SOCX,Social expenditure,PT_B1GQ,Percentage of GDP,ES10,Public,_T,Total,TP82,Housing,_Z,Not applicable,2005,,,,M,Missing value; data cannot exist,0,Units,1,One,_Z,Not applicable,,
DATAFLOW,OECD.ELS.SPD:DSD_SOCX_AGG@DF_SOCX_AGG(1.0),Social expenditure aggregates,I,TUR,Türkiye,A,Annual,SOCX,Social expenditure,PT_B1GQ,Percentage of GDP,ES10,Public,_T,Total,TP82,Housing,_Z,Not applicable,2006,,,,M,Missing value; data cannot exist,0,Units,1,One,_Z,Not applicable,,
DATAFLOW,OECD.ELS.SPD:DSD_SOCX_AGG@DF_SOCX_AGG(1.0),Social expenditure aggregates,I,TUR,Türkiye,A,Annual,SOCX,Social expenditure,PT_B1GQ,Percentage of GDP,ES10,Public,_T,Total,TP82,Housing,_Z,Not applicable,2007,,,,M,Missing value; data cannot exist,0,Units,1,One,_Z,Not applicable,,
DATAFLOW,OECD.ELS.SPD:DSD_SOCX_AGG@DF_SOCX_AGG(1.0),Social expenditure aggregates,I,TUR,Türkiye,A,Annual,SOCX,Social expenditure,PT_B1GQ,Percentage of GDP,ES10,Public,_T,Total,TP82,Housing,_Z,Not applicable,2008,,,,M,Missing value; data cannot exist,0,Units,1,One,_Z,Not applicable,,
DATAFLOW,OECD.ELS.SPD:DSD_SOCX_AGG@DF_SOCX_AGG(1.0),Social expenditure aggregates,I,TUR,Türkiye,A,Annual,SOCX,Social expenditure,PT_B1GQ,Percentage of GDP,ES10,Public,_T,Total,TP82,Housing,_Z,Not applicable,2009,,,,M,Missing value; data cannot exist,0,Units,1,One,_Z,Not applicable,,
DATAFLOW,OECD.ELS.SPD:DSD_SOCX_AGG@DF_SOCX_AGG(1.0),Social expenditure aggregates,I,TUR,Türkiye,A,Annual,SOCX,Social expenditure,PT_B1GQ,Percentage of GDP,ES10,Public,_T,Total,TP82,Housing,_Z,Not applicable,2010,,,,M,Missing value; data cannot exist,0,Units,1,One,_Z,Not applicable,,
DATAFLOW,OECD.ELS.SPD:DSD_SOCX_AGG@DF_SOCX_AGG(1.0),Social expenditure aggregates,I,TUR,Türkiye,A,Annual,SOCX,Social expenditure,PT_B1GQ,Percentage of GDP,ES10,Public,_T,Total,TP82,Housing,_Z,Not applicable,2011,,,,M,Missing value; data cannot exist,0,Units,1,One,_Z,Not applicable,,
DATAFLOW,OECD.ELS.SPD:DSD_SOCX_AGG@DF_SOCX_AGG(1.0),Social expenditure aggregates,I,TUR,Türkiye,A,Annual,SOCX,Social expenditure,PT_B1GQ,Percentage of GDP,ES10,Public,_T,Total,TP82,Housing,_Z,Not applicable,2012,,,,M,Missing value; data cannot exist,0,Units,1,One,_Z,Not applicable,,
DATAFLOW,OECD.ELS.SPD:DSD_SOCX_AGG@DF_SOCX_AGG(1.0),Social expenditure aggregates,I,TUR,Türkiye,A,Annual,SOCX,Social expenditure,PT_B1GQ,Percentage of GDP,ES10,Public,_T,Total,TP82,Housing,_Z,Not applicable,2013,,,,M,Missing value; data cannot exist,0,Units,1,One,_Z,Not applicable,,
DATAFLOW,OECD.ELS.SPD:DSD_SOCX_AGG@DF_SOCX_AGG(1.0),Social expenditure aggregates,I,TUR,Türkiye,A,Annual,SOCX,Social expenditure,PT_B1GQ,Percentage of GDP,ES10,Public,_T,Total,TP82,Housing,_Z,Not applicable,2014,,,,M,Missing value; data cannot exist,0,Units,1,One,_Z,Not applicable,,
DATAFLOW,OECD.ELS.SPD:DSD_SOCX_AGG@DF_SOCX_AGG(1.0),Social expenditure aggregates,I,TUR,Türkiye,A,Annual,SOCX,Social expenditure,PT_B1GQ,Percentage of GDP,ES10,Public,_T,Total,TP82,Housing,_Z,Not applicable,2015,,,,M,Missing value; data cannot exist,0,Units,1,One,_Z,Not applicable,,
DATAFLOW,OECD.ELS.SPD:DSD_SOCX_AGG@DF_SOCX_AGG(1.0),Social expenditure aggregates,I,TUR,Türkiye,A,Annual,SOCX,Social expenditure,PT_B1GQ,Percentage of GDP,ES10,Public,_T,Total,TP82,Housing,_Z,Not applicable,2016,,,,M,Missing value; data cannot exist,0,Units,1,One,_Z,Not applicable,,
DATAFLOW,OECD.ELS.SPD:DSD_SOCX_AGG@DF_SOCX_AGG(1.0),Social expenditure aggregates,I,TUR,Türkiye,A,Annual,SOCX,Social expenditure,PT_B1GQ,Percentage of GDP,ES10,Public,_T,Total,TP82,Housing,_Z,Not applicable,2017,,,,M,Missing value; data cannot exist,0,Units,1,One,_Z,Not applicable,,
DATAFLOW,OECD.ELS.SPD:DSD_SOCX_AGG@DF_SOCX_AGG(1.0),Social expenditure aggregates,I,TUR,Türkiye,A,Annual,SOCX,Social expenditure,PT_B1GQ,Percentage of GDP,ES10,Public,_T,Total,TP82,Housing,_Z,Not applicable,2018,,,,M,Missing value; data cannot exist,0,Units,1,One,_Z,Not applicable,,
DATAFLOW,OECD.ELS.SPD:DSD_SOCX_AGG@DF_SOCX_AGG(1.0),Social expenditure aggregates,I,TUR,Türkiye,A,Annual,SOCX,Social expenditure,PT_B1GQ,Percentage of GDP,ES10,Public,_T,Total,TP82,Housing,_Z,Not applicable,2019,,,,M,Missing value; data cannot exist,0,Units,1,One,_Z,Not applicable,,
DATAFLOW,OECD.ELS.SPD:DSD_SOCX_AGG@DF_SOCX_AGG(1.0),Social expenditure aggregates,I,TUR,Türkiye,A,Annual,SOCX,Social expenditure,PT_B1GQ,Percentage of GDP,ES10,Public,_T,Total,TP82,Housing,_Z,Not applicable,2020,,,,M,Missing value; data cannot exist,0,Units,1,One,_Z,Not applicable,,
DATAFLOW,OECD.ELS.SPD:DSD_SOCX_AGG@DF_SOCX_AGG(1.0),Social expenditure aggregates,I,TUR,Türkiye,A,Annual,SOCX,Social expenditure,PT_B1GQ,Percentage of GDP,ES10,Public,_T,Total,TP82,Housing,_Z,Not applicable,2021,,,,M,Missing value; data cannot exist,0,Units,1,One,_Z,Not applicable,,
DATAFLOW,OECD.ELS.SPD:DSD_SOCX_AGG@DF_SOCX_AGG(1.0),Social expenditure aggregates,I,GBR,United Kingdom,A,Annual,SOCX,Social expenditure,PT_B1GQ,Percentage of GDP,ES10,Public,_T,Total,TP82,Housing,_Z,Not applicable,1980,,0.129,,A,Normal value,0,Units,1,One,_Z,Not applicable,,
DATAFLOW,OECD.ELS.SPD:DSD_SOCX_AGG@DF_SOCX_AGG(1.0),Social expenditure aggregates,I,GBR,United Kingdom,A,Annual,SOCX,Social expenditure,PT_B1GQ,Percentage of GDP,ES10,Public,_T,Total,TP82,Housing,_Z,Not applicable,1981,,0.201,,A,Normal value,0,Units,1,One,_Z,Not applicable,,
DATAFLOW,OECD.ELS.SPD:DSD_SOCX_AGG@DF_SOCX_AGG(1.0),Social expenditure aggregates,I,GBR,United Kingdom,A,Annual,SOCX,Social expenditure,PT_B1GQ,Percentage of GDP,ES10,Public,_T,Total,TP82,Housing,_Z,Not applicable,1982,,0.337,,A,Normal value,0,Units,1,One,_Z,Not applicable,,
DATAFLOW,OECD.ELS.SPD:DSD_SOCX_AGG@DF_SOCX_AGG(1.0),Social expenditure aggregates,I,GBR,United Kingdom,A,Annual,SOCX,Social expenditure,PT_B1GQ,Percentage of GDP,ES10,Public,_T,Total,TP82,Housing,_Z,Not applicable,1983,,0.76,,A,Normal value,0,Units,1,One,_Z,Not applicable,,
DATAFLOW,OECD.ELS.SPD:DSD_SOCX_AGG@DF_SOCX_AGG(1.0),Social expenditure aggregates,I,GBR,United Kingdom,A,Annual,SOCX,Social expenditure,PT_B1GQ,Percentage of GDP,ES10,Public,_T,Total,TP82,Housing,_Z,Not applicable,1984,,0.823,,A,Normal value,0,Units,1,One,_Z,Not applicable,,
DATAFLOW,OECD.ELS.SPD:DSD_SOCX_AGG@DF_SOCX_AGG(1.0),Social expenditure aggregates,I,GBR,United Kingdom,A,Annual,SOCX,Social expenditure,PT_B1GQ,Percentage of GDP,ES10,Public,_T,Total,TP82,Housing,_Z,Not applicable,1985,,1.217,,A,Normal value,0,Units,1,One,_Z,Not applicable,,
DATAFLOW,OECD.ELS.SPD:DSD_SOCX_AGG@DF_SOCX_AGG(1.0),Social expenditure aggregates,I,GBR,United Kingdom,A,Annual,SOCX,Social expenditure,PT_B1GQ,Percentage of GDP,ES10,Public,_T,Total,TP82,Housing,_Z,Not applicable,1986,,1.216,,A,Normal value,0,Units,1,One,_Z,Not applicable,,
DATAFLOW,OECD.ELS.SPD:DSD_SOCX_AGG@DF_SOCX_AGG(1.0),Social expenditure aggregates,I,GBR,United Kingdom,A,Annual,SOCX,Social expenditure,PT_B1GQ,Percentage of GDP,ES10,Public,_T,Total,TP82,Housing,_Z,Not applicable,1987,,1.151,,A,Normal value,0,Units,1,One,_Z,Not applicable,,
DATAFLOW,OECD.ELS.SPD:DSD_SOCX_AGG@DF_SOCX_AGG(1.0),Social expenditure aggregates,I,GBR,United Kingdom,A,Annual,SOCX,Social expenditure,PT_B1GQ,Percentage of GDP,ES10,Public,_T,Total,TP82,Housing,_Z,Not applicable,1988,,0.995,,A,Normal value,0,Units,1,One,_Z,Not applicable,,
DATAFLOW,OECD.ELS.SPD:DSD_SOCX_AGG@DF_SOCX_AGG(1.0),Social expenditure aggregates,I,GBR,United Kingdom,A,Annual,SOCX,Social expenditure,PT_B1GQ,Percentage of GDP,ES10,Public,_T,Total,TP82,Housing,_Z,Not applicable,1989,,1.011,,A,Normal value,0,Units,1,One,_Z,Not applicable,,
DATAFLOW,OECD.ELS.SPD:DSD_SOCX_AGG@DF_SOCX_AGG(1.0),Social expenditure aggregates,I,GBR,United Kingdom,A,Annual,SOCX,Social expenditure,PT_B1GQ,Percentage of GDP,ES10,Public,_T,Total,TP82,Housing,_Z,Not applicable,1990,,0.817,,A,Normal value,0,Units,1,One,_Z,Not applicable,,
DATAFLOW,OECD.ELS.SPD:DSD_SOCX_AGG@DF_SOCX_AGG(1.0),Social expenditure aggregates,I,GBR,United Kingdom,A,Annual,SOCX,Social expenditure,PT_B1GQ,Percentage of GDP,ES10,Public,_T,Total,TP82,Housing,_Z,Not applicable,1991,,0.972,,A,Normal value,0,Units,1,One,_Z,Not applicable,,
DATAFLOW,OECD.ELS.SPD:DSD_SOCX_AGG@DF_SOCX_AGG(1.0),Social expenditure aggregates,I,GBR,United Kingdom,A,Annual,SOCX,Social expenditure,PT_B1GQ,Percentage of GDP,ES10,Public,_T,Total,TP82,Housing,_Z,Not applicable,1992,,1.152,,A,Normal value,0,Units,1,One,_Z,Not applicable,,
DATAFLOW,OECD.ELS.SPD:DSD_SOCX_AGG@DF_SOCX_AGG(1.0),Social expenditure aggregates,I,GBR,United Kingdom,A,Annual,SOCX,Social expenditure,PT_B1GQ,Percentage of GDP,ES10,Public,_T,Total,TP82,Housing,_Z,Not applicable,1993,,1.29,,A,Normal value,0,Units,1,One,_Z,Not applicable,,
DATAFLOW,OECD.ELS.SPD:DSD_SOCX_AGG@DF_SOCX_AGG(1.0),Social expenditure aggregates,I,GBR,United Kingdom,A,Annual,SOCX,Social expenditure,PT_B1GQ,Percentage of GDP,ES10,Public,_T,Total,TP82,Housing,_Z,Not applicable,1994,,1.313,,A,Normal value,0,Units,1,One,_Z,Not applicable,,
DATAFLOW,OECD.ELS.SPD:DSD_SOCX_AGG@DF_SOCX_AGG(1.0),Social expenditure aggregates,I,GBR,United Kingdom,A,Annual,SOCX,Social expenditure,PT_B1GQ,Percentage of GDP,ES10,Public,_T,Total,TP82,Housing,_Z,Not applicable,1995,,1.259,,A,Normal value,0,Units,1,One,_Z,Not applicable,,
DATAFLOW,OECD.ELS.SPD:DSD_SOCX_AGG@DF_SOCX_AGG(1.0),Social expenditure aggregates,I,GBR,United Kingdom,A,Annual,SOCX,Social expenditure,PT_B1GQ,Percentage of GDP,ES10,Public,_T,Total,TP82,Housing,_Z,Not applicable,1996,,1.24,,A,Normal value,0,Units,1,One,_Z,Not applicable,,
DATAFLOW,OECD.ELS.SPD:DSD_SOCX_AGG@DF_SOCX_AGG(1.0),Social expenditure aggregates,I,GBR,United Kingdom,A,Annual,SOCX,Social expenditure,PT_B1GQ,Percentage of GDP,ES10,Public,_T,Total,TP82,Housing,_Z,Not applicable,1997,,1.162,,A,Normal value,0,Units,1,One,_Z,Not applicable,,
DATAFLOW,OECD.ELS.SPD:DSD_SOCX_AGG@DF_SOCX_AGG(1.0),Social expenditure aggregates,I,GBR,United Kingdom,A,Annual,SOCX,Social expenditure,PT_B1GQ,Percentage of GDP,ES10,Public,_T,Total,TP82,Housing,_Z,Not applicable,1998,,1.098,,A,Normal value,0,Units,1,One,_Z,Not applicable,,
DATAFLOW,OECD.ELS.SPD:DSD_SOCX_AGG@DF_SOCX_AGG(1.0),Social expenditure aggregates,I,GBR,United Kingdom,A,Annual,SOCX,Social expenditure,PT_B1GQ,Percentage of GDP,ES10,Public,_T,Total,TP82,Housing,_Z,Not applicable,1999,,1.052,,A,Normal value,0,Units,1,One,_Z,Not applicable,,
DATAFLOW,OECD.ELS.SPD:DSD_SOCX_AGG@DF_SOCX_AGG(1.0),Social expenditure aggregates,I,GBR,United Kingdom,A,Annual,SOCX,Social expenditure,PT_B1GQ,Percentage of GDP,ES10,Public,_T,Total,TP82,Housing,_Z,Not applicable,2000,,1.009,,A,Normal value,0,Units,1,One,_Z,Not applicable,,
DATAFLOW,OECD.ELS.SPD:DSD_SOCX_AGG@DF_SOCX_AGG(1.0),Social expenditure aggregates,I,GBR,United Kingdom,A,Annual,SOCX,Social expenditure,PT_B1GQ,Percentage of GDP,ES10,Public,_T,Total,TP82,Housing,_Z,Not applicable,2001,,1.007,,A,Normal value,0,Units,1,One,_Z,Not applicable,,
DATAFLOW,OECD.ELS.SPD:DSD_SOCX_AGG@DF_SOCX_AGG(1.0),Social expenditure aggregates,I,GBR,United Kingdom,A,Annual,SOCX,Social expenditure,PT_B1GQ,Percentage of GDP,ES10,Public,_T,Total,TP82,Housing,_Z,Not applicable,2002,,1.052,,A,Normal value,0,Units,1,One,_Z,Not applicable,,
DATAFLOW,OECD.ELS.SPD:DSD_SOCX_AGG@DF_SOCX_AGG(1.0),Social expenditure aggregates,I,GBR,United Kingdom,A,Annual,SOCX,Social expenditure,PT_B1GQ,Percentage of GDP,ES10,Public,_T,Total,TP82,Housing,_Z,Not applicable,2003,,1.225,,A,Normal value,0,Units,1,One,_Z,Not applicable,,
DATAFLOW,OECD.ELS.SPD:DSD_SOCX_AGG@DF_SOCX_AGG(1.0),Social expenditure aggregates,I,GBR,United Kingdom,A,Annual,SOCX,Social expenditure,PT_B1GQ,Percentage of GDP,ES10,Public,_T,Total,TP82,Housing,_Z,Not applicable,2004,,1.249,,A,Normal value,0,Units,1,One,_Z,Not applicable,,
DATAFLOW,OECD.ELS.SPD:DSD_SOCX_AGG@DF_SOCX_AGG(1.0),Social expenditure aggregates,I,GBR,United Kingdom,A,Annual,SOCX,Social expenditure,PT_B1GQ,Percentage of GDP,ES10,Public,_T,Total,TP82,Housing,_Z,Not applicable,2005,,1.252,,A,Normal value,0,Units,1,One,_Z,Not applicable,,
DATAFLOW,OECD.ELS.SPD:DSD_SOCX_AGG@DF_SOCX_AGG(1.0),Social expenditure aggregates,I,GBR,United Kingdom,A,Annual,SOCX,Social expenditure,PT_B1GQ,Percentage of GDP,ES10,Public,_T,Total,TP82,Housing,_Z,Not applicable,2006,,1.263,,A,Normal value,0,Units,1,One,_Z,Not applicable,,
DATAFLOW,OECD.ELS.SPD:DSD_SOCX_AGG@DF_SOCX_AGG(1.0),Social expenditure aggregates,I,GBR,United Kingdom,A,Annual,SOCX,Social expenditure,PT_B1GQ,Percentage of GDP,ES10,Public,_T,Total,TP82,Housing,_Z,Not applicable,2007,,1.299,,A,Normal value,0,Units,1,One,_Z,Not applicable,,
DATAFLOW,OECD.ELS.SPD:DSD_SOCX_AGG@DF_SOCX_AGG(1.0),Social expenditure aggregates,I,GBR,United Kingdom,A,Annual,SOCX,Social expenditure,PT_B1GQ,Percentage of GDP,ES10,Public,_T,Total,TP82,Housing,_Z,Not applicable,2008,,1.38,,A,Normal value,0,Units,1,One,_Z,Not applicable,,
DATAFLOW,OECD.ELS.SPD:DSD_SOCX_AGG@DF_SOCX_AGG(1.0),Social expenditure aggregates,I,GBR,United Kingdom,A,Annual,SOCX,Social expenditure,PT_B1GQ,Percentage of GDP,ES10,Public,_T,Total,TP82,Housing,_Z,Not applicable,2009,,1.615,,A,Normal value,0,Units,1,One,_Z,Not applicable,,
DATAFLOW,OECD.ELS.SPD:DSD_SOCX_AGG@DF_SOCX_AGG(1.0),Social expenditure aggregates,I,GBR,United Kingdom,A,Annual,SOCX,Social expenditure,PT_B1GQ,Percentage of GDP,ES10,Public,_T,Total,TP82,Housing,_Z,Not applicable,2010,,1.663,,A,Normal value,0,Units,1,One,_Z,Not applicable,,
DATAFLOW,OECD.ELS.SPD:DSD_SOCX_AGG@DF_SOCX_AGG(1.0),Social expenditure aggregates,I,GBR,United Kingdom,A,Annual,SOCX,Social expenditure,PT_B1GQ,Percentage of GDP,ES10,Public,_T,Total,TP82,Housing,_Z,Not applicable,2011,,1.696,,A,Normal value,0,Units,1,One,_Z,Not applicable,,
DATAFLOW,OECD.ELS.SPD:DSD_SOCX_AGG@DF_SOCX_AGG(1.0),Social expenditure aggregates,I,GBR,United Kingdom,A,Annual,SOCX,Social expenditure,PT_B1GQ,Percentage of GDP,ES10,Public,_T,Total,TP82,Housing,_Z,Not applicable,2012,,1.717,,A,Normal value,0,Units,1,One,_Z,Not applicable,,
DATAFLOW,OECD.ELS.SPD:DSD_SOCX_AGG@DF_SOCX_AGG(1.0),Social expenditure aggregates,I,GBR,United Kingdom,A,Annual,SOCX,Social expenditure,PT_B1GQ,Percentage of GDP,ES10,Public,_T,Total,TP82,Housing,_Z,Not applicable,2013,,1.642,,A,Normal value,0,Units,1,One,_Z,Not applicable,,
DATAFLOW,OECD.ELS.SPD:DSD_SOCX_AGG@DF_SOCX_AGG(1.0),Social expenditure aggregates,I,GBR,United Kingdom,A,Annual,SOCX,Social expenditure,PT_B1GQ,Percentage of GDP,ES10,Public,_T,Total,TP82,Housing,_Z,Not applicable,2014,,1.576,,A,Normal value,0,Units,1,One,_Z,Not applicable,,
DATAFLOW,OECD.ELS.SPD:DSD_SOCX_AGG@DF_SOCX_AGG(1.0),Social expenditure aggregates,I,GBR,United Kingdom,A,Annual,SOCX,Social expenditure,PT_B1GQ,Percentage of GDP,ES10,Public,_T,Total,TP82,Housing,_Z,Not applicable,2015,,1.513,,A,Normal value,0,Units,1,One,_Z,Not applicable,,
DATAFLOW,OECD.ELS.SPD:DSD_SOCX_AGG@DF_SOCX_AGG(1.0),Social expenditure aggregates,I,GBR,United Kingdom,A,Annual,SOCX,Social expenditure,PT_B1GQ,Percentage of GDP,ES10,Public,_T,Total,TP82,Housing,_Z,Not applicable,2016,,1.419,,A,Normal value,0,Units,1,One,_Z,Not applicable,,
DATAFLOW,OECD.ELS.SPD:DSD_SOCX_AGG@DF_SOCX_AGG(1.0),Social expenditure aggregates,I,GBR,United Kingdom,A,Annual,SOCX,Social expenditure,PT_B1GQ,Percentage of GDP,ES10,Public,_T,Total,TP82,Housing,_Z,Not applicable,2017,,1.335,,A,Normal value,0,Units,1,One,_Z,Not applicable,,
DATAFLOW,OECD.ELS.SPD:DSD_SOCX_AGG@DF_SOCX_AGG(1.0),Social expenditure aggregates,I,GBR,United Kingdom,A,Annual,SOCX,Social expenditure,PT_B1GQ,Percentage of GDP,ES10,Public,_T,Total,TP82,Housing,_Z,Not applicable,2018,,1.284,,A,Normal value,0,Units,1,One,_Z,Not applicable,,
DATAFLOW,OECD.ELS.SPD:DSD_SOCX_AGG@DF_SOCX_AGG(1.0),Social expenditure aggregates,I,GBR,United Kingdom,A,Annual,SOCX,Social expenditure,PT_B1GQ,Percentage of GDP,ES10,Public,_T,Total,TP82,Housing,_Z,Not applicable,2019,,1.125,,A,Normal value,0,Units,1,One,_Z,Not applicable,,
DATAFLOW,OECD.ELS.SPD:DSD_SOCX_AGG@DF_SOCX_AGG(1.0),Social expenditure aggregates,I,GBR,United Kingdom,A,Annual,SOCX,Social expenditure,PT_B1GQ,Percentage of GDP,ES10,Public,_T,Total,TP82,Housing,_Z,Not applicable,2020,,1.37,,A,Normal value,0,Units,1,One,_Z,Not applicable,,
DATAFLOW,OECD.ELS.SPD:DSD_SOCX_AGG@DF_SOCX_AGG(1.0),Social expenditure aggregates,I,GBR,United Kingdom,A,Annual,SOCX,Social expenditure,PT_B1GQ,Percentage of GDP,ES10,Public,_T,Total,TP82,Housing,_Z,Not applicable,2021,,1.279,,A,Normal value,0,Units,1,One,_Z,Not applicable,,
DATAFLOW,OECD.ELS.SPD:DSD_SOCX_AGG@DF_SOCX_AGG(1.0),Social expenditure aggregates,I,GBR,United Kingdom,A,Annual,SOCX,Social expenditure,PT_B1GQ,Percentage of GDP,ES10,Public,_T,Total,TP82,Housing,_Z,Not applicable,2022,,1.172,,A,Normal value,0,Units,1,One,_Z,Not applicable,,
DATAFLOW,OECD.ELS.SPD:DSD_SOCX_AGG@DF_SOCX_AGG(1.0),Social expenditure aggregates,I,ITA,Italy,A,Annual,SOCX,Social expenditure,PT_B1GQ,Percentage of GDP,ES10,Public,_T,Total,TP82,Housing,_Z,Not applicable,1989,,0.007,,A,Normal value,0,Units,1,One,_Z,Not applicable,,
DATAFLOW,OECD.ELS.SPD:DSD_SOCX_AGG@DF_SOCX_AGG(1.0),Social expenditure aggregates,I,ITA,Italy,A,Annual,SOCX,Social expenditure,PT_B1GQ,Percentage of GDP,ES10,Public,_T,Total,TP82,Housing,_Z,Not applicable,1990,,0.007,,A,Normal value,0,Units,1,One,_Z,Not applicable,,
DATAFLOW,OECD.ELS.SPD:DSD_SOCX_AGG@DF_SOCX_AGG(1.0),Social expenditure aggregates,I,ITA,Italy,A,Annual,SOCX,Social expenditure,PT_B1GQ,Percentage of GDP,ES10,Public,_T,Total,TP82,Housing,_Z,Not applicable,1991,,0.008,,A,Normal value,0,Units,1,One,_Z,Not applicable,,
DATAFLOW,OECD.ELS.SPD:DSD_SOCX_AGG@DF_SOCX_AGG(1.0),Social expenditure aggregates,I,ITA,Italy,A,Annual,SOCX,Social expenditure,PT_B1GQ,Percentage of GDP,ES10,Public,_T,Total,TP82,Housing,_Z,Not applicable,1992,,0.01,,A,Normal value,0,Units,1,One,_Z,Not applicable,,
DATAFLOW,OECD.ELS.SPD:DSD_SOCX_AGG@DF_SOCX_AGG(1.0),Social expenditure aggregates,I,ITA,Italy,A,Annual,SOCX,Social expenditure,PT_B1GQ,Percentage of GDP,ES10,Public,_T,Total,TP82,Housing,_Z,Not applicable,1993,,0.011,,A,Normal value,0,Units,1,One,_Z,Not applicable,,
DATAFLOW,OECD.ELS.SPD:DSD_SOCX_AGG@DF_SOCX_AGG(1.0),Social expenditure aggregates,I,ITA,Italy,A,Annual,SOCX,Social expenditure,PT_B1GQ,Percentage of GDP,ES10,Public,_T,Total,TP82,Housing,_Z,Not applicable,1994,,0.011,,A,Normal value,0,Units,1,One,_Z,Not applicable,,
DATAFLOW,OECD.ELS.SPD:DSD_SOCX_AGG@DF_SOCX_AGG(1.0),Social expenditure aggregates,I,ITA,Italy,A,Annual,SOCX,Social expenditure,PT_B1GQ,Percentage of GDP,ES10,Public,_T,Total,TP82,Housing,_Z,Not applicable,1995,,0.005,,A,Normal value,0,Units,1,One,_Z,Not applicable,,
DATAFLOW,OECD.ELS.SPD:DSD_SOCX_AGG@DF_SOCX_AGG(1.0),Social expenditure aggregates,I,ITA,Italy,A,Annual,SOCX,Social expenditure,PT_B1GQ,Percentage of GDP,ES10,Public,_T,Total,TP82,Housing,_Z,Not applicable,1996,,0.005,,A,Normal value,0,Units,1,One,_Z,Not applicable,,
DATAFLOW,OECD.ELS.SPD:DSD_SOCX_AGG@DF_SOCX_AGG(1.0),Social expenditure aggregates,I,ITA,Italy,A,Annual,SOCX,Social expenditure,PT_B1GQ,Percentage of GDP,ES10,Public,_T,Total,TP82,Housing,_Z,Not applicable,1997,,0.006,,A,Normal value,0,Units,1,One,_Z,Not applicable,,
DATAFLOW,OECD.ELS.SPD:DSD_SOCX_AGG@DF_SOCX_AGG(1.0),Social expenditure aggregates,I,ITA,Italy,A,Annual,SOCX,Social expenditure,PT_B1GQ,Percentage of GDP,ES10,Public,_T,Total,TP82,Housing,_Z,Not applicable,1998,,0.006,,A,Normal value,0,Units,1,One,_Z,Not applicable,,
DATAFLOW,OECD.ELS.SPD:DSD_SOCX_AGG@DF_SOCX_AGG(1.0),Social expenditure aggregates,I,ITA,Italy,A,Annual,SOCX,Social expenditure,PT_B1GQ,Percentage of GDP,ES10,Public,_T,Total,TP82,Housing,_Z,Not applicable,1999,,0.006,,A,Normal value,0,Units,1,One,_Z,Not applicable,,
DATAFLOW,OECD.ELS.SPD:DSD_SOCX_AGG@DF_SOCX_AGG(1.0),Social expenditure aggregates,I,ITA,Italy,A,Annual,SOCX,Social expenditure,PT_B1GQ,Percentage of GDP,ES10,Public,_T,Total,TP82,Housing,_Z,Not applicable,2000,,0.006,,A,Normal value,0,Units,1,One,_Z,Not applicable,,
DATAFLOW,OECD.ELS.SPD:DSD_SOCX_AGG@DF_SOCX_AGG(1.0),Social expenditure aggregates,I,ITA,Italy,A,Annual,SOCX,Social expenditure,PT_B1GQ,Percentage of GDP,ES10,Public,_T,Total,TP82,Housing,_Z,Not applicable,2001,,0.007,,A,Normal value,0,Units,1,One,_Z,Not applicable,,
DATAFLOW,OECD.ELS.SPD:DSD_SOCX_AGG@DF_SOCX_AGG(1.0),Social expenditure aggregates,I,ITA,Italy,A,Annual,SOCX,Social expenditure,PT_B1GQ,Percentage of GDP,ES10,Public,_T,Total,TP82,Housing,_Z,Not applicable,2002,,0.008,,A,Normal value,0,Units,1,One,_Z,Not applicable,,
DATAFLOW,OECD.ELS.SPD:DSD_SOCX_AGG@DF_SOCX_AGG(1.0),Social expenditure aggregates,I,ITA,Italy,A,Annual,SOCX,Social expenditure,PT_B1GQ,Percentage of GDP,ES10,Public,_T,Total,TP82,Housing,_Z,Not applicable,2003,,0.01,,A,Normal value,0,Units,1,One,_Z,Not applicable,,
DATAFLOW,OECD.ELS.SPD:DSD_SOCX_AGG@DF_SOCX_AGG(1.0),Social expenditure aggregates,I,ITA,Italy,A,Annual,SOCX,Social expenditure,PT_B1GQ,Percentage of GDP,ES10,Public,_T,Total,TP82,Housing,_Z,Not applicable,2004,,0.011,,A,Normal value,0,Units,1,One,_Z,Not applicable,,
DATAFLOW,OECD.ELS.SPD:DSD_SOCX_AGG@DF_SOCX_AGG(1.0),Social expenditure aggregates,I,ITA,Italy,A,Annual,SOCX,Social expenditure,PT_B1GQ,Percentage of GDP,ES10,Public,_T,Total,TP82,Housing,_Z,Not applicable,2005,,0.013,,A,Normal value,0,Units,1,One,_Z,Not applicable,,
DATAFLOW,OECD.ELS.SPD:DSD_SOCX_AGG@DF_SOCX_AGG(1.0),Social expenditure aggregates,I,ITA,Italy,A,Annual,SOCX,Social expenditure,PT_B1GQ,Percentage of GDP,ES10,Public,_T,Total,TP82,Housing,_Z,Not applicable,2006,,0.015,,A,Normal value,0,Units,1,One,_Z,Not applicable,,
DATAFLOW,OECD.ELS.SPD:DSD_SOCX_AGG@DF_SOCX_AGG(1.0),Social expenditure aggregates,I,ITA,Italy,A,Annual,SOCX,Social expenditure,PT_B1GQ,Percentage of GDP,ES10,Public,_T,Total,TP82,Housing,_Z,Not applicable,2007,,0.019,,A,Normal value,0,Units,1,One,_Z,Not applicable,,
DATAFLOW,OECD.ELS.SPD:DSD_SOCX_AGG@DF_SOCX_AGG(1.0),Social expenditure aggregates,I,ITA,Italy,A,Annual,SOCX,Social expenditure,PT_B1GQ,Percentage of GDP,ES10,Public,_T,Total,TP82,Housing,_Z,Not applicable,2008,,0.026,,A,Normal value,0,Units,1,One,_Z,Not applicable,,
DATAFLOW,OECD.ELS.SPD:DSD_SOCX_AGG@DF_SOCX_AGG(1.0),Social expenditure aggregates,I,ITA,Italy,A,Annual,SOCX,Social expenditure,PT_B1GQ,Percentage of GDP,ES10,Public,_T,Total,TP82,Housing,_Z,Not applicable,2009,,0.031,,A,Normal value,0,Units,1,One,_Z,Not applicable,,
DATAFLOW,OECD.ELS.SPD:DSD_SOCX_AGG@DF_SOCX_AGG(1.0),Social expenditure aggregates,I,ITA,Italy,A,Annual,SOCX,Social expenditure,PT_B1GQ,Percentage of GDP,ES10,Public,_T,Total,TP82,Housing,_Z,Not applicable,2010,,0.031,,A,Normal value,0,Units,1,One,_Z,Not applicable,,
DATAFLOW,OECD.ELS.SPD:DSD_SOCX_AGG@DF_SOCX_AGG(1.0),Social expenditure aggregates,I,ITA,Italy,A,Annual,SOCX,Social expenditure,PT_B1GQ,Percentage of GDP,ES10,Public,_T,Total,TP82,Housing,_Z,Not applicable,2011,,0.03,,A,Normal value,0,Units,1,One,_Z,Not applicable,,
DATAFLOW,OECD.ELS.SPD:DSD_SOCX_AGG@DF_SOCX_AGG(1.0),Social expenditure aggregates,I,ITA,Italy,A,Annual,SOCX,Social expenditure,PT_B1GQ,Percentage of GDP,ES10,Public,_T,Total,TP82,Housing,_Z,Not applicable,2012,,0.035,,A,Normal value,0,Units,1,One,_Z,Not applicable,,
DATAFLOW,OECD.ELS.SPD:DSD_SOCX_AGG@DF_SOCX_AGG(1.0),Social expenditure aggregates,I,ITA,Italy,A,Annual,SOCX,Social expenditure,PT_B1GQ,Percentage of GDP,ES10,Public,_T,Total,TP82,Housing,_Z,Not applicable,2013,,0.033,,A,Normal value,0,Units,1,One,_Z,Not applicable,,
DATAFLOW,OECD.ELS.SPD:DSD_SOCX_AGG@DF_SOCX_AGG(1.0),Social expenditure aggregates,I,ITA,Italy,A,Annual,SOCX,Social expenditure,PT_B1GQ,Percentage of GDP,ES10,Public,_T,Total,TP82,Housing,_Z,Not applicable,2014,,0.032,,A,Normal value,0,Units,1,One,_Z,Not applicable,,
DATAFLOW,OECD.ELS.SPD:DSD_SOCX_AGG@DF_SOCX_AGG(1.0),Social expenditure aggregates,I,ITA,Italy,A,Annual,SOCX,Social expenditure,PT_B1GQ,Percentage of GDP,ES10,Public,_T,Total,TP82,Housing,_Z,Not applicable,2015,,0.04,,A,Normal value,0,Units,1,One,_Z,Not applicable,,
DATAFLOW,OECD.ELS.SPD:DSD_SOCX_AGG@DF_SOCX_AGG(1.0),Social expenditure aggregates,I,ITA,Italy,A,Annual,SOCX,Social expenditure,PT_B1GQ,Percentage of GDP,ES10,Public,_T,Total,TP82,Housing,_Z,Not applicable,2016,,0.038,,A,Normal value,0,Units,1,One,_Z,Not applicable,,
DATAFLOW,OECD.ELS.SPD:DSD_SOCX_AGG@DF_SOCX_AGG(1.0),Social expenditure aggregates,I,ITA,Italy,A,Annual,SOCX,Social expenditure,PT_B1GQ,Percentage of GDP,ES10,Public,_T,Total,TP82,Housing,_Z,Not applicable,2017,,0.038,,A,Normal value,0,Units,1,One,_Z,Not applicable,,
DATAFLOW,OECD.ELS.SPD:DSD_SOCX_AGG@DF_SOCX_AGG(1.0),Social expenditure aggregates,I,ITA,Italy,A,Annual,SOCX,Social expenditure,PT_B1GQ,Percentage of GDP,ES10,Public,_T,Total,TP82,Housing,_Z,Not applicable,2018,,0.03,,A,Normal value,0,Units,1,One,_Z,Not applicable,,
DATAFLOW,OECD.ELS.SPD:DSD_SOCX_AGG@DF_SOCX_AGG(1.0),Social expenditure aggregates,I,ITA,Italy,A,Annual,SOCX,Social expenditure,PT_B1GQ,Percentage of GDP,ES10,Public,_T,Total,TP82,Housing,_Z,Not applicable,2019,,0.033,,A,Normal value,0,Units,1,One,_Z,Not applicable,,
DATAFLOW,OECD.ELS.SPD:DSD_SOCX_AGG@DF_SOCX_AGG(1.0),Social expenditure aggregates,I,ITA,Italy,A,Annual,SOCX,Social expenditure,PT_B1GQ,Percentage of GDP,ES10,Public,_T,Total,TP82,Housing,_Z,Not applicable,2020,,0.041,,A,Normal value,0,Units,1,One,_Z,Not applicable,,
DATAFLOW,OECD.ELS.SPD:DSD_SOCX_AGG@DF_SOCX_AGG(1.0),Social expenditure aggregates,I,ITA,Italy,A,Annual,SOCX,Social expenditure,PT_B1GQ,Percentage of GDP,ES10,Public,_T,Total,TP82,Housing,_Z,Not applicable,2021,,0.041,,A,Normal value,0,Units,1,One,_Z,Not applicable,,
DATAFLOW,OECD.ELS.SPD:DSD_SOCX_AGG@DF_SOCX_AGG(1.0),Social expenditure aggregates,I,TUR,Türkiye,A,Annual,SOCX,Social expenditure,PT_B1GQ,Percentage of GDP,ES10,Public,_T,Total,TP82,Housing,_Z,Not applicable,1996,,0.018,,A,Normal value,0,Units,1,One,_Z,Not applicable,,
DATAFLOW,OECD.ELS.SPD:DSD_SOCX_AGG@DF_SOCX_AGG(1.0),Social expenditure aggregates,I,TUR,Türkiye,A,Annual,SOCX,Social expenditure,PT_B1GQ,Percentage of GDP,ES10,Public,_T,Total,TP82,Housing,_Z,Not applicable,1997,,0.009,,A,Normal value,0,Units,1,One,_Z,Not applicable,,
DATAFLOW,OECD.ELS.SPD:DSD_SOCX_AGG@DF_SOCX_AGG(1.0),Social expenditure aggregates,I,TUR,Türkiye,A,Annual,SOCX,Social expenditure,PT_B1GQ,Percentage of GDP,ES10,Public,_T,Total,TP82,Housing,_Z,Not applicable,1998,,0.004,,A,Normal value,0,Units,1,One,_Z,Not applicable,,
DATAFLOW,OECD.ELS.SPD:DSD_SOCX_AGG@DF_SOCX_AGG(1.0),Social expenditure aggregates,I,TUR,Türkiye,A,Annual,SOCX,Social expenditure,PT_B1GQ,Percentage of GDP,ES10,Public,_T,Total,TP82,Housing,_Z,Not applicable,1999,,0.003,,A,Normal value,0,Units,1,One,_Z,Not applicable,,
DATAFLOW,OECD.ELS.SPD:DSD_SOCX_AGG@DF_SOCX_AGG(1.0),Social expenditure aggregates,I,POL,Poland,A,Annual,SOCX,Social expenditure,PT_B1GQ,Percentage of GDP,ES10,Public,_T,Total,TP82,Housing,_Z,Not applicable,1990,,0.049,,A,Normal value,0,Units,1,One,_Z,Not applicable,,
DATAFLOW,OECD.ELS.SPD:DSD_SOCX_AGG@DF_SOCX_AGG(1.0),Social expenditure aggregates,I,POL,Poland,A,Annual,SOCX,Social expenditure,PT_B1GQ,Percentage of GDP,ES10,Public,_T,Total,TP82,Housing,_Z,Not applicable,1991,,0.087,,A,Normal value,0,Units,1,One,_Z,Not applicable,,
DATAFLOW,OECD.ELS.SPD:DSD_SOCX_AGG@DF_SOCX_AGG(1.0),Social expenditure aggregates,I,POL,Poland,A,Annual,SOCX,Social expenditure,PT_B1GQ,Percentage of GDP,ES10,Public,_T,Total,TP82,Housing,_Z,Not applicable,1992,,0.155,,A,Normal value,0,Units,1,One,_Z,Not applicable,,
DATAFLOW,OECD.ELS.SPD:DSD_SOCX_AGG@DF_SOCX_AGG(1.0),Social expenditure aggregates,I,POL,Poland,A,Annual,SOCX,Social expenditure,PT_B1GQ,Percentage of GDP,ES10,Public,_T,Total,TP82,Housing,_Z,Not applicable,1994,,0.015,,A,Normal value,0,Units,1,One,_Z,Not applicable,,
DATAFLOW,OECD.ELS.SPD:DSD_SOCX_AGG@DF_SOCX_AGG(1.0),Social expenditure aggregates,I,POL,Poland,A,Annual,SOCX,Social expenditure,PT_B1GQ,Percentage of GDP,ES10,Public,_T,Total,TP82,Housing,_Z,Not applicable,1995,,0.066,,A,Normal value,0,Units,1,One,_Z,Not applicable,,
DATAFLOW,OECD.ELS.SPD:DSD_SOCX_AGG@DF_SOCX_AGG(1.0),Social expenditure aggregates,I,POL,Poland,A,Annual,SOCX,Social expenditure,PT_B1GQ,Percentage of GDP,ES10,Public,_T,Total,TP82,Housing,_Z,Not applicable,1996,,0.118,,A,Normal value,0,Units,1,One,_Z,Not applicable,,
DATAFLOW,OECD.ELS.SPD:DSD_SOCX_AGG@DF_SOCX_AGG(1.0),Social expenditure aggregates,I,POL,Poland,A,Annual,SOCX,Social expenditure,PT_B1GQ,Percentage of GDP,ES10,Public,_T,Total,TP82,Housing,_Z,Not applicable,1997,,0.123,,A,Normal value,0,Units,1,One,_Z,Not applicable,,
DATAFLOW,OECD.ELS.SPD:DSD_SOCX_AGG@DF_SOCX_AGG(1.0),Social expenditure aggregates,I,POL,Poland,A,Annual,SOCX,Social expenditure,PT_B1GQ,Percentage of GDP,ES10,Public,_T,Total,TP82,Housing,_Z,Not applicable,1998,,0.151,,A,Normal value,0,Units,1,One,_Z,Not applicable,,
DATAFLOW,OECD.ELS.SPD:DSD_SOCX_AGG@DF_SOCX_AGG(1.0),Social expenditure aggregates,I,POL,Poland,A,Annual,SOCX,Social expenditure,PT_B1GQ,Percentage of GDP,ES10,Public,_T,Total,TP82,Housing,_Z,Not applicable,1999,,0.169,,A,Normal value,0,Units,1,One,_Z,Not applicable,,
DATAFLOW,OECD.ELS.SPD:DSD_SOCX_AGG@DF_SOCX_AGG(1.0),Social expenditure aggregates,I,POL,Poland,A,Annual,SOCX,Social expenditure,PT_B1GQ,Percentage of GDP,ES10,Public,_T,Total,TP82,Housing,_Z,Not applicable,2000,,0.166,,A,Normal value,0,Units,1,One,_Z,Not applicable,,
DATAFLOW,OECD.ELS.SPD:DSD_SOCX_AGG@DF_SOCX_AGG(1.0),Social expenditure aggregates,I,POL,Poland,A,Annual,SOCX,Social expenditure,PT_B1GQ,Percentage of GDP,ES10,Public,_T,Total,TP82,Housing,_Z,Not applicable,2001,,0.191,,A,Normal value,0,Units,1,One,_Z,Not applicable,,
DATAFLOW,OECD.ELS.SPD:DSD_SOCX_AGG@DF_SOCX_AGG(1.0),Social expenditure aggregates,I,POL,Poland,A,Annual,SOCX,Social expenditure,PT_B1GQ,Percentage of GDP,ES10,Public,_T,Total,TP82,Housing,_Z,Not applicable,2003,,0.171,,A,Normal value,0,Units,1,One,_Z,Not applicable,,
DATAFLOW,OECD.ELS.SPD:DSD_SOCX_AGG@DF_SOCX_AGG(1.0),Social expenditure aggregates,I,POL,Poland,A,Annual,SOCX,Social expenditure,PT_B1GQ,Percentage of GDP,ES10,Public,_T,Total,TP82,Housing,_Z,Not applicable,2004,,0.147,,A,Normal value,0,Units,1,One,_Z,Not applicable,,
DATAFLOW,OECD.ELS.SPD:DSD_SOCX_AGG@DF_SOCX_AGG(1.0),Social expenditure aggregates,I,POL,Poland,A,Annual,SOCX,Social expenditure,PT_B1GQ,Percentage of GDP,ES10,Public,_T,Total,TP82,Housing,_Z,Not applicable,2005,,0.125,,A,Normal value,0,Units,1,One,_Z,Not applicable,,
DATAFLOW,OECD.ELS.SPD:DSD_SOCX_AGG@DF_SOCX_AGG(1.0),Social expenditure aggregates,I,POL,Poland,A,Annual,SOCX,Social expenditure,PT_B1GQ,Percentage of GDP,ES10,Public,_T,Total,TP82,Housing,_Z,Not applicable,2006,,0.109,,A,Normal value,0,Units,1,One,_Z,Not applicable,,
DATAFLOW,OECD.ELS.SPD:DSD_SOCX_AGG@DF_SOCX_AGG(1.0),Social expenditure aggregates,I,POL,Poland,A,Annual,SOCX,Social expenditure,PT_B1GQ,Percentage of GDP,ES10,Public,_T,Total,TP82,Housing,_Z,Not applicable,2007,,0.088,,A,Normal value,0,Units,1,One,_Z,Not applicable,,
DATAFLOW,OECD.ELS.SPD:DSD_SOCX_AGG@DF_SOCX_AGG(1.0),Social expenditure aggregates,I,POL,Poland,A,Annual,SOCX,Social expenditure,PT_B1GQ,Percentage of GDP,ES10,Public,_T,Total,TP82,Housing,_Z,Not applicable,2008,,0.063,,A,Normal value,0,Units,1,One,_Z,Not applicable,,
DATAFLOW,OECD.ELS.SPD:DSD_SOCX_AGG@DF_SOCX_AGG(1.0),Social expenditure aggregates,I,POL,Poland,A,Annual,SOCX,Social expenditure,PT_B1GQ,Percentage of GDP,ES10,Public,_T,Total,TP82,Housing,_Z,Not applicable,2009,,0.059,,A,Normal value,0,Units,1,One,_Z,Not applicable,,
DATAFLOW,OECD.ELS.SPD:DSD_SOCX_AGG@DF_SOCX_AGG(1.0),Social expenditure aggregates,I,POL,Poland,A,Annual,SOCX,Social expenditure,PT_B1GQ,Percentage of GDP,ES10,Public,_T,Total,TP82,Housing,_Z,Not applicable,2010,,0.06,,A,Normal value,0,Units,1,One,_Z,Not applicable,,
DATAFLOW,OECD.ELS.SPD:DSD_SOCX_AGG@DF_SOCX_AGG(1.0),Social expenditure aggregates,I,POL,Poland,A,Annual,SOCX,Social expenditure,PT_B1GQ,Percentage of GDP,ES10,Public,_T,Total,TP82,Housing,_Z,Not applicable,2011,,0.057,,A,Normal value,0,Units,1,One,_Z,Not applicable,,
DATAFLOW,OECD.ELS.SPD:DSD_SOCX_AGG@DF_SOCX_AGG(1.0),Social expenditure aggregates,I,POL,Poland,A,Annual,SOCX,Social expenditure,PT_B1GQ,Percentage of GDP,ES10,Public,_T,Total,TP82,Housing,_Z,Not applicable,2012,,0.057,,A,Normal value,0,Units,1,One,_Z,Not applicable,,
DATAFLOW,OECD.ELS.SPD:DSD_SOCX_AGG@DF_SOCX_AGG(1.0),Social expenditure aggregates,I,POL,Poland,A,Annual,SOCX,Social expenditure,PT_B1GQ,Percentage of GDP,ES10,Public,_T,Total,TP82,Housing,_Z,Not applicable,2013,,0.057,,A,Normal value,0,Units,1,One,_Z,Not applicable,,
DATAFLOW,OECD.ELS.SPD:DSD_SOCX_AGG@DF_SOCX_AGG(1.0),Social expenditure aggregates,I,POL,Poland,A,Annual,SOCX,Social expenditure,PT_B1GQ,Percentage of GDP,ES10,Public,_T,Total,TP82,Housing,_Z,Not applicable,2014,,0.057,,A,Normal value,0,Units,1,One,_Z,Not applicable,,
DATAFLOW,OECD.ELS.SPD:DSD_SOCX_AGG@DF_SOCX_AGG(1.0),Social expenditure aggregates,I,POL,Poland,A,Annual,SOCX,Social expenditure,PT_B1GQ,Percentage of GDP,ES10,Public,_T,Total,TP82,Housing,_Z,Not applicable,2015,,0.049,,A,Normal value,0,Units,1,One,_Z,Not applicable,,
DATAFLOW,OECD.ELS.SPD:DSD_SOCX_AGG@DF_SOCX_AGG(1.0),Social expenditure aggregates,I,POL,Poland,A,Annual,SOCX,Social expenditure,PT_B1GQ,Percentage of GDP,ES10,Public,_T,Total,TP82,Housing,_Z,Not applicable,2016,,0.044,,A,Normal value,0,Units,1,One,_Z,Not applicable,,
DATAFLOW,OECD.ELS.SPD:DSD_SOCX_AGG@DF_SOCX_AGG(1.0),Social expenditure aggregates,I,POL,Poland,A,Annual,SOCX,Social expenditure,PT_B1GQ,Percentage of GDP,ES10,Public,_T,Total,TP82,Housing,_Z,Not applicable,2017,,0.037,,A,Normal value,0,Units,1,One,_Z,Not applicable,,
DATAFLOW,OECD.ELS.SPD:DSD_SOCX_AGG@DF_SOCX_AGG(1.0),Social expenditure aggregates,I,POL,Poland,A,Annual,SOCX,Social expenditure,PT_B1GQ,Percentage of GDP,ES10,Public,_T,Total,TP82,Housing,_Z,Not applicable,2018,,0.031,,A,Normal value,0,Units,1,One,_Z,Not applicable,,
DATAFLOW,OECD.ELS.SPD:DSD_SOCX_AGG@DF_SOCX_AGG(1.0),Social expenditure aggregates,I,POL,Poland,A,Annual,SOCX,Social expenditure,PT_B1GQ,Percentage of GDP,ES10,Public,_T,Total,TP82,Housing,_Z,Not applicable,2019,,0.026,,A,Normal value,0,Units,1,One,_Z,Not applicable,,
DATAFLOW,OECD.ELS.SPD:DSD_SOCX_AGG@DF_SOCX_AGG(1.0),Social expenditure aggregates,I,POL,Poland,A,Annual,SOCX,Social expenditure,PT_B1GQ,Percentage of GDP,ES10,Public,_T,Total,TP82,Housing,_Z,Not applicable,2020,,0.025,,A,Normal value,0,Units,1,One,_Z,Not applicable,,
DATAFLOW,OECD.ELS.SPD:DSD_SOCX_AGG@DF_SOCX_AGG(1.0),Social expenditure aggregates,I,POL,Poland,A,Annual,SOCX,Social expenditure,PT_B1GQ,Percentage of GDP,ES10,Public,_T,Total,TP82,Housing,_Z,Not applicable,2021,,0.024,,A,Normal value,0,Units,1,One,_Z,Not applicable,,
DATAFLOW,OECD.ELS.SPD:DSD_SOCX_AGG@DF_SOCX_AGG(1.0),Social expenditure aggregates,I,NOR,Norway,A,Annual,SOCX,Social expenditure,PT_B1GQ,Percentage of GDP,ES10,Public,_T,Total,TP82,Housing,_Z,Not applicable,2006,,0.136,,A,Normal value,0,Units,1,One,_Z,Not applicable,,
DATAFLOW,OECD.ELS.SPD:DSD_SOCX_AGG@DF_SOCX_AGG(1.0),Social expenditure aggregates,I,NOR,Norway,A,Annual,SOCX,Social expenditure,PT_B1GQ,Percentage of GDP,ES10,Public,_T,Total,TP82,Housing,_Z,Not applicable,2007,,0.137,,A,Normal value,0,Units,1,One,_Z,Not applicable,,
DATAFLOW,OECD.ELS.SPD:DSD_SOCX_AGG@DF_SOCX_AGG(1.0),Social expenditure aggregates,I,NOR,Norway,A,Annual,SOCX,Social expenditure,PT_B1GQ,Percentage of GDP,ES10,Public,_T,Total,TP82,Housing,_Z,Not applicable,2008,,0.121,,A,Normal value,0,Units,1,One,_Z,Not applicable,,
DATAFLOW,OECD.ELS.SPD:DSD_SOCX_AGG@DF_SOCX_AGG(1.0),Social expenditure aggregates,I,NOR,Norway,A,Annual,SOCX,Social expenditure,PT_B1GQ,Percentage of GDP,ES10,Public,_T,Total,TP82,Housing,_Z,Not applicable,2009,,0.139,,A,Normal value,0,Units,1,One,_Z,Not applicable,,
DATAFLOW,OECD.ELS.SPD:DSD_SOCX_AGG@DF_SOCX_AGG(1.0),Social expenditure aggregates,I,NOR,Norway,A,Annual,SOCX,Social expenditure,PT_B1GQ,Percentage of GDP,ES10,Public,_T,Total,TP82,Housing,_Z,Not applicable,2010,,0.146,,A,Normal value,0,Units,1,One,_Z,Not applicable,,
DATAFLOW,OECD.ELS.SPD:DSD_SOCX_AGG@DF_SOCX_AGG(1.0),Social expenditure aggregates,I,NOR,Norway,A,Annual,SOCX,Social expenditure,PT_B1GQ,Percentage of GDP,ES10,Public,_T,Total,TP82,Housing,_Z,Not applicable,2011,,0.148,,A,Normal value,0,Units,1,One,_Z,Not applicable,,
DATAFLOW,OECD.ELS.SPD:DSD_SOCX_AGG@DF_SOCX_AGG(1.0),Social expenditure aggregates,I,NOR,Norway,A,Annual,SOCX,Social expenditure,PT_B1GQ,Percentage of GDP,ES10,Public,_T,Total,TP82,Housing,_Z,Not applicable,2012,,0.132,,A,Normal value,0,Units,1,One,_Z,Not applicable,,
DATAFLOW,OECD.ELS.SPD:DSD_SOCX_AGG@DF_SOCX_AGG(1.0),Social expenditure aggregates,I,NOR,Norway,A,Annual,SOCX,Social expenditure,PT_B1GQ,Percentage of GDP,ES10,Public,_T,Total,TP82,Housing,_Z,Not applicable,2013,,0.128,,A,Normal value,0,Units,1,One,_Z,Not applicable,,
DATAFLOW,OECD.ELS.SPD:DSD_SOCX_AGG@DF_SOCX_AGG(1.0),Social expenditure aggregates,I,NOR,Norway,A,Annual,SOCX,Social expenditure,PT_B1GQ,Percentage of GDP,ES10,Public,_T,Total,TP82,Housing,_Z,Not applicable,2014,,0.124,,A,Normal value,0,Units,1,One,_Z,Not applicable,,
DATAFLOW,OECD.ELS.SPD:DSD_SOCX_AGG@DF_SOCX_AGG(1.0),Social expenditure aggregates,I,NOR,Norway,A,Annual,SOCX,Social expenditure,PT_B1GQ,Percentage of GDP,ES10,Public,_T,Total,TP82,Housing,_Z,Not applicable,2015,,0.126,,A,Normal value,0,Units,1,One,_Z,Not applicable,,
DATAFLOW,OECD.ELS.SPD:DSD_SOCX_AGG@DF_SOCX_AGG(1.0),Social expenditure aggregates,I,NOR,Norway,A,Annual,SOCX,Social expenditure,PT_B1GQ,Percentage of GDP,ES10,Public,_T,Total,TP82,Housing,_Z,Not applicable,2016,,0.132,,A,Normal value,0,Units,1,One,_Z,Not applicable,,
DATAFLOW,OECD.ELS.SPD:DSD_SOCX_AGG@DF_SOCX_AGG(1.0),Social expenditure aggregates,I,NOR,Norway,A,Annual,SOCX,Social expenditure,PT_B1GQ,Percentage of GDP,ES10,Public,_T,Total,TP82,Housing,_Z,Not applicable,2017,,0.117,,A,Normal value,0,Units,1,One,_Z,Not applicable,,
DATAFLOW,OECD.ELS.SPD:DSD_SOCX_AGG@DF_SOCX_AGG(1.0),Social expenditure aggregates,I,NOR,Norway,A,Annual,SOCX,Social expenditure,PT_B1GQ,Percentage of GDP,ES10,Public,_T,Total,TP82,Housing,_Z,Not applicable,2018,,0.112,,A,Normal value,0,Units,1,One,_Z,Not applicable,,
DATAFLOW,OECD.ELS.SPD:DSD_SOCX_AGG@DF_SOCX_AGG(1.0),Social expenditure aggregates,I,NOR,Norway,A,Annual,SOCX,Social expenditure,PT_B1GQ,Percentage of GDP,ES10,Public,_T,Total,TP82,Housing,_Z,Not applicable,2019,,0.123,,A,Normal value,0,Units,1,One,_Z,Not applicable,,
DATAFLOW,OECD.ELS.SPD:DSD_SOCX_AGG@DF_SOCX_AGG(1.0),Social expenditure aggregates,I,NOR,Norway,A,Annual,SOCX,Social expenditure,PT_B1GQ,Percentage of GDP,ES10,Public,_T,Total,TP82,Housing,_Z,Not applicable,2020,,0.133,,A,Normal value,0,Units,1,One,_Z,Not applicable,,
DATAFLOW,OECD.ELS.SPD:DSD_SOCX_AGG@DF_SOCX_AGG(1.0),Social expenditure aggregates,I,NOR,Norway,A,Annual,SOCX,Social expenditure,PT_B1GQ,Percentage of GDP,ES10,Public,_T,Total,TP82,Housing,_Z,Not applicable,2021,,0.107,,A,Normal value,0,Units,1,One,_Z,Not applicable,,
DATAFLOW,OECD.ELS.SPD:DSD_SOCX_AGG@DF_SOCX_AGG(1.0),Social expenditure aggregates,I,AUS,Australia,A,Annual,SOCX,Social expenditure,PT_B1GQ,Percentage of GDP,ES10,Public,_T,Total,TP82,Housing,_Z,Not applicable,2005,,0.245,,A,Normal value,0,Units,1,One,_Z,Not applicable,,
DATAFLOW,OECD.ELS.SPD:DSD_SOCX_AGG@DF_SOCX_AGG(1.0),Social expenditure aggregates,I,AUS,Australia,A,Annual,SOCX,Social expenditure,PT_B1GQ,Percentage of GDP,ES10,Public,_T,Total,TP82,Housing,_Z,Not applicable,2006,,0.206,,A,Normal value,0,Units,1,One,_Z,Not applicable,,
DATAFLOW,OECD.ELS.SPD:DSD_SOCX_AGG@DF_SOCX_AGG(1.0),Social expenditure aggregates,I,AUS,Australia,A,Annual,SOCX,Social expenditure,PT_B1GQ,Percentage of GDP,ES10,Public,_T,Total,TP82,Housing,_Z,Not applicable,2007,,0.293,,A,Normal value,0,Units,1,One,_Z,Not applicable,,
DATAFLOW,OECD.ELS.SPD:DSD_SOCX_AGG@DF_SOCX_AGG(1.0),Social expenditure aggregates,I,AUS,Australia,A,Annual,SOCX,Social expenditure,PT_B1GQ,Percentage of GDP,ES10,Public,_T,Total,TP82,Housing,_Z,Not applicable,2008,,0.262,,A,Normal value,0,Units,1,One,_Z,Not applicable,,
DATAFLOW,OECD.ELS.SPD:DSD_SOCX_AGG@DF_SOCX_AGG(1.0),Social expenditure aggregates,I,AUS,Australia,A,Annual,SOCX,Social expenditure,PT_B1GQ,Percentage of GDP,ES10,Public,_T,Total,TP82,Housing,_Z,Not applicable,2009,,0.346,,A,Normal value,0,Units,1,One,_Z,Not applicable,,
DATAFLOW,OECD.ELS.SPD:DSD_SOCX_AGG@DF_SOCX_AGG(1.0),Social expenditure aggregates,I,AUS,Australia,A,Annual,SOCX,Social expenditure,PT_B1GQ,Percentage of GDP,ES10,Public,_T,Total,TP82,Housing,_Z,Not applicable,2010,,0.366,,A,Normal value,0,Units,1,One,_Z,Not applicable,,
DATAFLOW,OECD.ELS.SPD:DSD_SOCX_AGG@DF_SOCX_AGG(1.0),Social expenditure aggregates,I,AUS,Australia,A,Annual,SOCX,Social expenditure,PT_B1GQ,Percentage of GDP,ES10,Public,_T,Total,TP82,Housing,_Z,Not applicable,2011,,0.38,,A,Normal value,0,Units,1,One,_Z,Not applicable,,
DATAFLOW,OECD.ELS.SPD:DSD_SOCX_AGG@DF_SOCX_AGG(1.0),Social expenditure aggregates,I,AUS,Australia,A,Annual,SOCX,Social expenditure,PT_B1GQ,Percentage of GDP,ES10,Public,_T,Total,TP82,Housing,_Z,Not applicable,2012,,0.399,,A,Normal value,0,Units,1,One,_Z,Not applicable,,
DATAFLOW,OECD.ELS.SPD:DSD_SOCX_AGG@DF_SOCX_AGG(1.0),Social expenditure aggregates,I,AUS,Australia,A,Annual,SOCX,Social expenditure,PT_B1GQ,Percentage of GDP,ES10,Public,_T,Total,TP82,Housing,_Z,Not applicable,2013,,0.368,,A,Normal value,0,Units,1,One,_Z,Not applicable,,
DATAFLOW,OECD.ELS.SPD:DSD_SOCX_AGG@DF_SOCX_AGG(1.0),Social expenditure aggregates,I,AUS,Australia,A,Annual,SOCX,Social expenditure,PT_B1GQ,Percentage of GDP,ES10,Public,_T,Total,TP82,Housing,_Z,Not applicable,2014,,0.393,,A,Normal value,0,Units,1,One,_Z,Not applicable,,
DATAFLOW,OECD.ELS.SPD:DSD_SOCX_AGG@DF_SOCX_AGG(1.0),Social expenditure aggregates,I,AUS,Australia,A,Annual,SOCX,Social expenditure,PT_B1GQ,Percentage of GDP,ES10,Public,_T,Total,TP82,Housing,_Z,Not applicable,2015,,0.395,,A,Normal value,0,Units,1,One,_Z,Not applicable,,
DATAFLOW,OECD.ELS.SPD:DSD_SOCX_AGG@DF_SOCX_AGG(1.0),Social expenditure aggregates,I,AUS,Australia,A,Annual,SOCX,Social expenditure,PT_B1GQ,Percentage of GDP,ES10,Public,_T,Total,TP82,Housing,_Z,Not applicable,2016,,0.371,,A,Normal value,0,Units,1,One,_Z,Not applicable,,
DATAFLOW,OECD.ELS.SPD:DSD_SOCX_AGG@DF_SOCX_AGG(1.0),Social expenditure aggregates,I,CHE,Switzerland,A,Annual,SOCX,Social expenditure,PT_B1GQ,Percentage of GDP,ES10,Public,_T,Total,TP82,Housing,_Z,Not applicable,2011,,0.276,,A,Normal value,0,Units,1,One,_Z,Not applicable,,
DATAFLOW,OECD.ELS.SPD:DSD_SOCX_AGG@DF_SOCX_AGG(1.0),Social expenditure aggregates,I,CHE,Switzerland,A,Annual,SOCX,Social expenditure,PT_B1GQ,Percentage of GDP,ES10,Public,_T,Total,TP82,Housing,_Z,Not applicable,2012,,0.296,,A,Normal value,0,Units,1,One,_Z,Not applicable,,
DATAFLOW,OECD.ELS.SPD:DSD_SOCX_AGG@DF_SOCX_AGG(1.0),Social expenditure aggregates,I,CHE,Switzerland,A,Annual,SOCX,Social expenditure,PT_B1GQ,Percentage of GDP,ES10,Public,_T,Total,TP82,Housing,_Z,Not applicable,2013,,0.296,,A,Normal value,0,Units,1,One,_Z,Not applicable,,
DATAFLOW,OECD.ELS.SPD:DSD_SOCX_AGG@DF_SOCX_AGG(1.0),Social expenditure aggregates,I,CHE,Switzerland,A,Annual,SOCX,Social expenditure,PT_B1GQ,Percentage of GDP,ES10,Public,_T,Total,TP82,Housing,_Z,Not applicable,2014,,0.301,,A,Normal value,0,Units,1,One,_Z,Not applicable,,
DATAFLOW,OECD.ELS.SPD:DSD_SOCX_AGG@DF_SOCX_AGG(1.0),Social expenditure aggregates,I,CHE,Switzerland,A,Annual,SOCX,Social expenditure,PT_B1GQ,Percentage of GDP,ES10,Public,_T,Total,TP82,Housing,_Z,Not applicable,2015,,0.314,,A,Normal value,0,Units,1,One,_Z,Not applicable,,
DATAFLOW,OECD.ELS.SPD:DSD_SOCX_AGG@DF_SOCX_AGG(1.0),Social expenditure aggregates,I,CHE,Switzerland,A,Annual,SOCX,Social expenditure,PT_B1GQ,Percentage of GDP,ES10,Public,_T,Total,TP82,Housing,_Z,Not applicable,2016,,0.326,,A,Normal value,0,Units,1,One,_Z,Not applicable,,
DATAFLOW,OECD.ELS.SPD:DSD_SOCX_AGG@DF_SOCX_AGG(1.0),Social expenditure aggregates,I,CHE,Switzerland,A,Annual,SOCX,Social expenditure,PT_B1GQ,Percentage of GDP,ES10,Public,_T,Total,TP82,Housing,_Z,Not applicable,2017,,0.328,,A,Normal value,0,Units,1,One,_Z,Not applicable,,
DATAFLOW,OECD.ELS.SPD:DSD_SOCX_AGG@DF_SOCX_AGG(1.0),Social expenditure aggregates,I,CHE,Switzerland,A,Annual,SOCX,Social expenditure,PT_B1GQ,Percentage of GDP,ES10,Public,_T,Total,TP82,Housing,_Z,Not applicable,2018,,0.321,,A,Normal value,0,Units,1,One,_Z,Not applicable,,
DATAFLOW,OECD.ELS.SPD:DSD_SOCX_AGG@DF_SOCX_AGG(1.0),Social expenditure aggregates,I,CHE,Switzerland,A,Annual,SOCX,Social expenditure,PT_B1GQ,Percentage of GDP,ES10,Public,_T,Total,TP82,Housing,_Z,Not applicable,2019,,0.322,,A,Normal value,0,Units,1,One,_Z,Not applicable,,
DATAFLOW,OECD.ELS.SPD:DSD_SOCX_AGG@DF_SOCX_AGG(1.0),Social expenditure aggregates,I,CHE,Switzerland,A,Annual,SOCX,Social expenditure,PT_B1GQ,Percentage of GDP,ES10,Public,_T,Total,TP82,Housing,_Z,Not applicable,2020,,0.332,,A,Normal value,0,Units,1,One,_Z,Not applicable,,
DATAFLOW,OECD.ELS.SPD:DSD_SOCX_AGG@DF_SOCX_AGG(1.0),Social expenditure aggregates,I,CHE,Switzerland,A,Annual,SOCX,Social expenditure,PT_B1GQ,Percentage of GDP,ES10,Public,_T,Total,TP82,Housing,_Z,Not applicable,2021,,0.313,,A,Normal value,0,Units,1,One,_Z,Not applicable,,
DATAFLOW,OECD.ELS.SPD:DSD_SOCX_AGG@DF_SOCX_AGG(1.0),Social expenditure aggregates,I,USA,United States,A,Annual,SOCX,Social expenditure,PT_B1GQ,Percentage of GDP,ES10,Public,_T,Total,TP82,Housing,_Z,Not applicable,1980,,0.194,,A,Normal value,0,Units,1,One,_Z,Not applicable,,
DATAFLOW,OECD.ELS.SPD:DSD_SOCX_AGG@DF_SOCX_AGG(1.0),Social expenditure aggregates,I,USA,United States,A,Annual,SOCX,Social expenditure,PT_B1GQ,Percentage of GDP,ES10,Public,_T,Total,TP82,Housing,_Z,Not applicable,1981,,0.217,,A,Normal value,0,Units,1,One,_Z,Not applicable,,
DATAFLOW,OECD.ELS.SPD:DSD_SOCX_AGG@DF_SOCX_AGG(1.0),Social expenditure aggregates,I,USA,United States,A,Annual,SOCX,Social expenditure,PT_B1GQ,Percentage of GDP,ES10,Public,_T,Total,TP82,Housing,_Z,Not applicable,1982,,0.241,,A,Normal value,0,Units,1,One,_Z,Not applicable,,
DATAFLOW,OECD.ELS.SPD:DSD_SOCX_AGG@DF_SOCX_AGG(1.0),Social expenditure aggregates,I,PRT,Portugal,A,Annual,SOCX,Social expenditure,PT_B1GQ,Percentage of GDP,ES10,Public,_T,Total,TP82,Housing,_Z,Not applicable,1981,,0.001,,A,Normal value,0,Units,1,One,_Z,Not applicable,,
DATAFLOW,OECD.ELS.SPD:DSD_SOCX_AGG@DF_SOCX_AGG(1.0),Social expenditure aggregates,I,PRT,Portugal,A,Annual,SOCX,Social expenditure,PT_B1GQ,Percentage of GDP,ES10,Public,_T,Total,TP82,Housing,_Z,Not applicable,1982,,0.001,,A,Normal value,0,Units,1,One,_Z,Not applicable,,
DATAFLOW,OECD.ELS.SPD:DSD_SOCX_AGG@DF_SOCX_AGG(1.0),Social expenditure aggregates,I,PRT,Portugal,A,Annual,SOCX,Social expenditure,PT_B1GQ,Percentage of GDP,ES10,Public,_T,Total,TP82,Housing,_Z,Not applicable,1983,,0.001,,A,Normal value,0,Units,1,One,_Z,Not applicable,,
DATAFLOW,OECD.ELS.SPD:DSD_SOCX_AGG@DF_SOCX_AGG(1.0),Social expenditure aggregates,I,PRT,Portugal,A,Annual,SOCX,Social expenditure,PT_B1GQ,Percentage of GDP,ES10,Public,_T,Total,TP82,Housing,_Z,Not applicable,1984,,0.001,,A,Normal value,0,Units,1,One,_Z,Not applicable,,
DATAFLOW,OECD.ELS.SPD:DSD_SOCX_AGG@DF_SOCX_AGG(1.0),Social expenditure aggregates,I,PRT,Portugal,A,Annual,SOCX,Social expenditure,PT_B1GQ,Percentage of GDP,ES10,Public,_T,Total,TP82,Housing,_Z,Not applicable,1985,,0.001,,A,Normal value,0,Units,1,One,_Z,Not applicable,,
DATAFLOW,OECD.ELS.SPD:DSD_SOCX_AGG@DF_SOCX_AGG(1.0),Social expenditure aggregates,I,PRT,Portugal,A,Annual,SOCX,Social expenditure,PT_B1GQ,Percentage of GDP,ES10,Public,_T,Total,TP82,Housing,_Z,Not applicable,1986,,0.002,,A,Normal value,0,Units,1,One,_Z,Not applicable,,
DATAFLOW,OECD.ELS.SPD:DSD_SOCX_AGG@DF_SOCX_AGG(1.0),Social expenditure aggregates,I,PRT,Portugal,A,Annual,SOCX,Social expenditure,PT_B1GQ,Percentage of GDP,ES10,Public,_T,Total,TP82,Housing,_Z,Not applicable,1987,,0.004,,A,Normal value,0,Units,1,One,_Z,Not applicable,,
DATAFLOW,OECD.ELS.SPD:DSD_SOCX_AGG@DF_SOCX_AGG(1.0),Social expenditure aggregates,I,PRT,Portugal,A,Annual,SOCX,Social expenditure,PT_B1GQ,Percentage of GDP,ES10,Public,_T,Total,TP82,Housing,_Z,Not applicable,1988,,0.004,,A,Normal value,0,Units,1,One,_Z,Not applicable,,
DATAFLOW,OECD.ELS.SPD:DSD_SOCX_AGG@DF_SOCX_AGG(1.0),Social expenditure aggregates,I,PRT,Portugal,A,Annual,SOCX,Social expenditure,PT_B1GQ,Percentage of GDP,ES10,Public,_T,Total,TP82,Housing,_Z,Not applicable,1989,,0.005,,A,Normal value,0,Units,1,One,_Z,Not applicable,,
DATAFLOW,OECD.ELS.SPD:DSD_SOCX_AGG@DF_SOCX_AGG(1.0),Social expenditure aggregates,I,PRT,Portugal,A,Annual,SOCX,Social expenditure,PT_B1GQ,Percentage of GDP,ES10,Public,_T,Total,TP82,Housing,_Z,Not applicable,1990,,0.006,,A,Normal value,0,Units,1,One,_Z,Not applicable,,
DATAFLOW,OECD.ELS.SPD:DSD_SOCX_AGG@DF_SOCX_AGG(1.0),Social expenditure aggregates,I,PRT,Portugal,A,Annual,SOCX,Social expenditure,PT_B1GQ,Percentage of GDP,ES10,Public,_T,Total,TP82,Housing,_Z,Not applicable,1991,,0.004,,A,Normal value,0,Units,1,One,_Z,Not applicable,,
DATAFLOW,OECD.ELS.SPD:DSD_SOCX_AGG@DF_SOCX_AGG(1.0),Social expenditure aggregates,I,PRT,Portugal,A,Annual,SOCX,Social expenditure,PT_B1GQ,Percentage of GDP,ES10,Public,_T,Total,TP82,Housing,_Z,Not applicable,1992,,0.004,,A,Normal value,0,Units,1,One,_Z,Not applicable,,
DATAFLOW,OECD.ELS.SPD:DSD_SOCX_AGG@DF_SOCX_AGG(1.0),Social expenditure aggregates,I,PRT,Portugal,A,Annual,SOCX,Social expenditure,PT_B1GQ,Percentage of GDP,ES10,Public,_T,Total,TP82,Housing,_Z,Not applicable,1993,,0.004,,A,Normal value,0,Units,1,One,_Z,Not applicable,,
DATAFLOW,OECD.ELS.SPD:DSD_SOCX_AGG@DF_SOCX_AGG(1.0),Social expenditure aggregates,I,PRT,Portugal,A,Annual,SOCX,Social expenditure,PT_B1GQ,Percentage of GDP,ES10,Public,_T,Total,TP82,Housing,_Z,Not applicable,1994,,0.004,,A,Normal value,0,Units,1,One,_Z,Not applicable,,
DATAFLOW,OECD.ELS.SPD:DSD_SOCX_AGG@DF_SOCX_AGG(1.0),Social expenditure aggregates,I,PRT,Portugal,A,Annual,SOCX,Social expenditure,PT_B1GQ,Percentage of GDP,ES10,Public,_T,Total,TP82,Housing,_Z,Not applicable,1995,,0.004,,A,Normal value,0,Units,1,One,_Z,Not applicable,,
DATAFLOW,OECD.ELS.SPD:DSD_SOCX_AGG@DF_SOCX_AGG(1.0),Social expenditure aggregates,I,PRT,Portugal,A,Annual,SOCX,Social expenditure,PT_B1GQ,Percentage of GDP,ES10,Public,_T,Total,TP82,Housing,_Z,Not applicable,1996,,0.004,,A,Normal value,0,Units,1,One,_Z,Not applicable,,
DATAFLOW,OECD.ELS.SPD:DSD_SOCX_AGG@DF_SOCX_AGG(1.0),Social expenditure aggregates,I,PRT,Portugal,A,Annual,SOCX,Social expenditure,PT_B1GQ,Percentage of GDP,ES10,Public,_T,Total,TP82,Housing,_Z,Not applicable,1997,,0.003,,A,Normal value,0,Units,1,One,_Z,Not applicable,,
DATAFLOW,OECD.ELS.SPD:DSD_SOCX_AGG@DF_SOCX_AGG(1.0),Social expenditure aggregates,I,PRT,Portugal,A,Annual,SOCX,Social expenditure,PT_B1GQ,Percentage of GDP,ES10,Public,_T,Total,TP82,Housing,_Z,Not applicable,1998,,0.003,,A,Normal value,0,Units,1,One,_Z,Not applicable,,
DATAFLOW,OECD.ELS.SPD:DSD_SOCX_AGG@DF_SOCX_AGG(1.0),Social expenditure aggregates,I,PRT,Portugal,A,Annual,SOCX,Social expenditure,PT_B1GQ,Percentage of GDP,ES10,Public,_T,Total,TP82,Housing,_Z,Not applicable,1999,,0.003,,A,Normal value,0,Units,1,One,_Z,Not applicable,,
DATAFLOW,OECD.ELS.SPD:DSD_SOCX_AGG@DF_SOCX_AGG(1.0),Social expenditure aggregates,I,PRT,Portugal,A,Annual,SOCX,Social expenditure,PT_B1GQ,Percentage of GDP,ES10,Public,_T,Total,TP82,Housing,_Z,Not applicable,2000,,0.002,,A,Normal value,0,Units,1,One,_Z,Not applicable,,
DATAFLOW,OECD.ELS.SPD:DSD_SOCX_AGG@DF_SOCX_AGG(1.0),Social expenditure aggregates,I,PRT,Portugal,A,Annual,SOCX,Social expenditure,PT_B1GQ,Percentage of GDP,ES10,Public,_T,Total,TP82,Housing,_Z,Not applicable,2001,,0.002,,A,Normal value,0,Units,1,One,_Z,Not applicable,,
DATAFLOW,OECD.ELS.SPD:DSD_SOCX_AGG@DF_SOCX_AGG(1.0),Social expenditure aggregates,I,PRT,Portugal,A,Annual,SOCX,Social expenditure,PT_B1GQ,Percentage of GDP,ES10,Public,_T,Total,TP82,Housing,_Z,Not applicable,2002,,0.002,,A,Normal value,0,Units,1,One,_Z,Not applicable,,
DATAFLOW,OECD.ELS.SPD:DSD_SOCX_AGG@DF_SOCX_AGG(1.0),Social expenditure aggregates,I,PRT,Portugal,A,Annual,SOCX,Social expenditure,PT_B1GQ,Percentage of GDP,ES10,Public,_T,Total,TP82,Housing,_Z,Not applicable,2003,,0.002,,A,Normal value,0,Units,1,One,_Z,Not applicable,,
DATAFLOW,OECD.ELS.SPD:DSD_SOCX_AGG@DF_SOCX_AGG(1.0),Social expenditure aggregates,I,PRT,Portugal,A,Annual,SOCX,Social expenditure,PT_B1GQ,Percentage of GDP,ES10,Public,_T,Total,TP82,Housing,_Z,Not applicable,2004,,0.004,,A,Normal value,0,Units,1,One,_Z,Not applicable,,
DATAFLOW,OECD.ELS.SPD:DSD_SOCX_AGG@DF_SOCX_AGG(1.0),Social expenditure aggregates,I,PRT,Portugal,A,Annual,SOCX,Social expenditure,PT_B1GQ,Percentage of GDP,ES10,Public,_T,Total,TP82,Housing,_Z,Not applicable,2005,,0.004,,A,Normal value,0,Units,1,One,_Z,Not applicable,,
DATAFLOW,OECD.ELS.SPD:DSD_SOCX_AGG@DF_SOCX_AGG(1.0),Social expenditure aggregates,I,PRT,Portugal,A,Annual,SOCX,Social expenditure,PT_B1GQ,Percentage of GDP,ES10,Public,_T,Total,TP82,Housing,_Z,Not applicable,2006,,0.004,,A,Normal value,0,Units,1,One,_Z,Not applicable,,
DATAFLOW,OECD.ELS.SPD:DSD_SOCX_AGG@DF_SOCX_AGG(1.0),Social expenditure aggregates,I,PRT,Portugal,A,Annual,SOCX,Social expenditure,PT_B1GQ,Percentage of GDP,ES10,Public,_T,Total,TP82,Housing,_Z,Not applicable,2007,,0.003,,A,Normal value,0,Units,1,One,_Z,Not applicable,,
DATAFLOW,OECD.ELS.SPD:DSD_SOCX_AGG@DF_SOCX_AGG(1.0),Social expenditure aggregates,I,PRT,Portugal,A,Annual,SOCX,Social expenditure,PT_B1GQ,Percentage of GDP,ES10,Public,_T,Total,TP82,Housing,_Z,Not applicable,2008,,0.002,,A,Normal value,0,Units,1,One,_Z,Not applicable,,
DATAFLOW,OECD.ELS.SPD:DSD_SOCX_AGG@DF_SOCX_AGG(1.0),Social expenditure aggregates,I,PRT,Portugal,A,Annual,SOCX,Social expenditure,PT_B1GQ,Percentage of GDP,ES10,Public,_T,Total,TP82,Housing,_Z,Not applicable,2009,,0.002,,A,Normal value,0,Units,1,One,_Z,Not applicable,,
DATAFLOW,OECD.ELS.SPD:DSD_SOCX_AGG@DF_SOCX_AGG(1.0),Social expenditure aggregates,I,PRT,Portugal,A,Annual,SOCX,Social expenditure,PT_B1GQ,Percentage of GDP,ES10,Public,_T,Total,TP82,Housing,_Z,Not applicable,2010,,0.002,,A,Normal value,0,Units,1,One,_Z,Not applicable,,
DATAFLOW,OECD.ELS.SPD:DSD_SOCX_AGG@DF_SOCX_AGG(1.0),Social expenditure aggregates,I,PRT,Portugal,A,Annual,SOCX,Social expenditure,PT_B1GQ,Percentage of GDP,ES10,Public,_T,Total,TP82,Housing,_Z,Not applicable,2011,,0.003,,A,Normal value,0,Units,1,One,_Z,Not applicable,,
DATAFLOW,OECD.ELS.SPD:DSD_SOCX_AGG@DF_SOCX_AGG(1.0),Social expenditure aggregates,I,PRT,Portugal,A,Annual,SOCX,Social expenditure,PT_B1GQ,Percentage of GDP,ES10,Public,_T,Total,TP82,Housing,_Z,Not applicable,2012,,0.003,,A,Normal value,0,Units,1,One,_Z,Not applicable,,
DATAFLOW,OECD.ELS.SPD:DSD_SOCX_AGG@DF_SOCX_AGG(1.0),Social expenditure aggregates,I,PRT,Portugal,A,Annual,SOCX,Social expenditure,PT_B1GQ,Percentage of GDP,ES10,Public,_T,Total,TP82,Housing,_Z,Not applicable,2013,,0.003,,A,Normal value,0,Units,1,One,_Z,Not applicable,,
DATAFLOW,OECD.ELS.SPD:DSD_SOCX_AGG@DF_SOCX_AGG(1.0),Social expenditure aggregates,I,PRT,Portugal,A,Annual,SOCX,Social expenditure,PT_B1GQ,Percentage of GDP,ES10,Public,_T,Total,TP82,Housing,_Z,Not applicable,2014,,0.003,,A,Normal value,0,Units,1,One,_Z,Not applicable,,
DATAFLOW,OECD.ELS.SPD:DSD_SOCX_AGG@DF_SOCX_AGG(1.0),Social expenditure aggregates,I,PRT,Portugal,A,Annual,SOCX,Social expenditure,PT_B1GQ,Percentage of GDP,ES10,Public,_T,Total,TP82,Housing,_Z,Not applicable,2015,,0.003,,A,Normal value,0,Units,1,One,_Z,Not applicable,,
DATAFLOW,OECD.ELS.SPD:DSD_SOCX_AGG@DF_SOCX_AGG(1.0),Social expenditure aggregates,I,PRT,Portugal,A,Annual,SOCX,Social expenditure,PT_B1GQ,Percentage of GDP,ES10,Public,_T,Total,TP82,Housing,_Z,Not applicable,2016,,0.003,,A,Normal value,0,Units,1,One,_Z,Not applicable,,
DATAFLOW,OECD.ELS.SPD:DSD_SOCX_AGG@DF_SOCX_AGG(1.0),Social expenditure aggregates,I,PRT,Portugal,A,Annual,SOCX,Social expenditure,PT_B1GQ,Percentage of GDP,ES10,Public,_T,Total,TP82,Housing,_Z,Not applicable,2017,,0.002,,A,Normal value,0,Units,1,One,_Z,Not applicable,,
DATAFLOW,OECD.ELS.SPD:DSD_SOCX_AGG@DF_SOCX_AGG(1.0),Social expenditure aggregates,I,PRT,Portugal,A,Annual,SOCX,Social expenditure,PT_B1GQ,Percentage of GDP,ES10,Public,_T,Total,TP82,Housing,_Z,Not applicable,2018,,0.002,,A,Normal value,0,Units,1,One,_Z,Not applicable,,
DATAFLOW,OECD.ELS.SPD:DSD_SOCX_AGG@DF_SOCX_AGG(1.0),Social expenditure aggregates,I,PRT,Portugal,A,Annual,SOCX,Social expenditure,PT_B1GQ,Percentage of GDP,ES10,Public,_T,Total,TP82,Housing,_Z,Not applicable,2019,,0.002,,A,Normal value,0,Units,1,One,_Z,Not applicable,,
DATAFLOW,OECD.ELS.SPD:DSD_SOCX_AGG@DF_SOCX_AGG(1.0),Social expenditure aggregates,I,PRT,Portugal,A,Annual,SOCX,Social expenditure,PT_B1GQ,Percentage of GDP,ES10,Public,_T,Total,TP82,Housing,_Z,Not applicable,2020,,0.002,,A,Normal value,0,Units,1,One,_Z,Not applicable,,
DATAFLOW,OECD.ELS.SPD:DSD_SOCX_AGG@DF_SOCX_AGG(1.0),Social expenditure aggregates,I,JPN,Japan,A,Annual,SOCX,Social expenditure,PT_B1GQ,Percentage of GDP,ES10,Public,_T,Total,TP82,Housing,_Z,Not applicable,1980,,0.023,,A,Normal value,0,Units,1,One,_Z,Not applicable,,
DATAFLOW,OECD.ELS.SPD:DSD_SOCX_AGG@DF_SOCX_AGG(1.0),Social expenditure aggregates,I,JPN,Japan,A,Annual,SOCX,Social expenditure,PT_B1GQ,Percentage of GDP,ES10,Public,_T,Total,TP82,Housing,_Z,Not applicable,1981,,0.025,,A,Normal value,0,Units,1,One,_Z,Not applicable,,
DATAFLOW,OECD.ELS.SPD:DSD_SOCX_AGG@DF_SOCX_AGG(1.0),Social expenditure aggregates,I,JPN,Japan,A,Annual,SOCX,Social expenditure,PT_B1GQ,Percentage of GDP,ES10,Public,_T,Total,TP82,Housing,_Z,Not applicable,1982,,0.027,,A,Normal value,0,Units,1,One,_Z,Not applicable,,
DATAFLOW,OECD.ELS.SPD:DSD_SOCX_AGG@DF_SOCX_AGG(1.0),Social expenditure aggregates,I,JPN,Japan,A,Annual,SOCX,Social expenditure,PT_B1GQ,Percentage of GDP,ES10,Public,_T,Total,TP82,Housing,_Z,Not applicable,1983,,0.028,,A,Normal value,0,Units,1,One,_Z,Not applicable,,
DATAFLOW,OECD.ELS.SPD:DSD_SOCX_AGG@DF_SOCX_AGG(1.0),Social expenditure aggregates,I,JPN,Japan,A,Annual,SOCX,Social expenditure,PT_B1GQ,Percentage of GDP,ES10,Public,_T,Total,TP82,Housing,_Z,Not applicable,1984,,0.029,,A,Normal value,0,Units,1,One,_Z,Not applicable,,
DATAFLOW,OECD.ELS.SPD:DSD_SOCX_AGG@DF_SOCX_AGG(1.0),Social expenditure aggregates,I,JPN,Japan,A,Annual,SOCX,Social expenditure,PT_B1GQ,Percentage of GDP,ES10,Public,_T,Total,TP82,Housing,_Z,Not applicable,1985,,0.029,,A,Normal value,0,Units,1,One,_Z,Not applicable,,
DATAFLOW,OECD.ELS.SPD:DSD_SOCX_AGG@DF_SOCX_AGG(1.0),Social expenditure aggregates,I,JPN,Japan,A,Annual,SOCX,Social expenditure,PT_B1GQ,Percentage of GDP,ES10,Public,_T,Total,TP82,Housing,_Z,Not applicable,1986,,0.028,,A,Normal value,0,Units,1,One,_Z,Not applicable,,
DATAFLOW,OECD.ELS.SPD:DSD_SOCX_AGG@DF_SOCX_AGG(1.0),Social expenditure aggregates,I,JPN,Japan,A,Annual,SOCX,Social expenditure,PT_B1GQ,Percentage of GDP,ES10,Public,_T,Total,TP82,Housing,_Z,Not applicable,1987,,0.027,,A,Normal value,0,Units,1,One,_Z,Not applicable,,
DATAFLOW,OECD.ELS.SPD:DSD_SOCX_AGG@DF_SOCX_AGG(1.0),Social expenditure aggregates,I,JPN,Japan,A,Annual,SOCX,Social expenditure,PT_B1GQ,Percentage of GDP,ES10,Public,_T,Total,TP82,Housing,_Z,Not applicable,1988,,0.025,,A,Normal value,0,Units,1,One,_Z,Not applicable,,
DATAFLOW,OECD.ELS.SPD:DSD_SOCX_AGG@DF_SOCX_AGG(1.0),Social expenditure aggregates,I,JPN,Japan,A,Annual,SOCX,Social expenditure,PT_B1GQ,Percentage of GDP,ES10,Public,_T,Total,TP82,Housing,_Z,Not applicable,1989,,0.024,,A,Normal value,0,Units,1,One,_Z,Not applicable,,
DATAFLOW,OECD.ELS.SPD:DSD_SOCX_AGG@DF_SOCX_AGG(1.0),Social expenditure aggregates,I,JPN,Japan,A,Annual,SOCX,Social expenditure,PT_B1GQ,Percentage of GDP,ES10,Public,_T,Total,TP82,Housing,_Z,Not applicable,1990,,0.022,,A,Normal value,0,Units,1,One,_Z,Not applicable,,
DATAFLOW,OECD.ELS.SPD:DSD_SOCX_AGG@DF_SOCX_AGG(1.0),Social expenditure aggregates,I,JPN,Japan,A,Annual,SOCX,Social expenditure,PT_B1GQ,Percentage of GDP,ES10,Public,_T,Total,TP82,Housing,_Z,Not applicable,1991,,0.021,,A,Normal value,0,Units,1,One,_Z,Not applicable,,
DATAFLOW,OECD.ELS.SPD:DSD_SOCX_AGG@DF_SOCX_AGG(1.0),Social expenditure aggregates,I,JPN,Japan,A,Annual,SOCX,Social expenditure,PT_B1GQ,Percentage of GDP,ES10,Public,_T,Total,TP82,Housing,_Z,Not applicable,1992,,0.021,,A,Normal value,0,Units,1,One,_Z,Not applicable,,
DATAFLOW,OECD.ELS.SPD:DSD_SOCX_AGG@DF_SOCX_AGG(1.0),Social expenditure aggregates,I,JPN,Japan,A,Annual,SOCX,Social expenditure,PT_B1GQ,Percentage of GDP,ES10,Public,_T,Total,TP82,Housing,_Z,Not applicable,1993,,0.022,,A,Normal value,0,Units,1,One,_Z,Not applicable,,
DATAFLOW,OECD.ELS.SPD:DSD_SOCX_AGG@DF_SOCX_AGG(1.0),Social expenditure aggregates,I,JPN,Japan,A,Annual,SOCX,Social expenditure,PT_B1GQ,Percentage of GDP,ES10,Public,_T,Total,TP82,Housing,_Z,Not applicable,1994,,0.023,,A,Normal value,0,Units,1,One,_Z,Not applicable,,
DATAFLOW,OECD.ELS.SPD:DSD_SOCX_AGG@DF_SOCX_AGG(1.0),Social expenditure aggregates,I,JPN,Japan,A,Annual,SOCX,Social expenditure,PT_B1GQ,Percentage of GDP,ES10,Public,_T,Total,TP82,Housing,_Z,Not applicable,1995,,0.024,,A,Normal value,0,Units,1,One,_Z,Not applicable,,
DATAFLOW,OECD.ELS.SPD:DSD_SOCX_AGG@DF_SOCX_AGG(1.0),Social expenditure aggregates,I,JPN,Japan,A,Annual,SOCX,Social expenditure,PT_B1GQ,Percentage of GDP,ES10,Public,_T,Total,TP82,Housing,_Z,Not applicable,1996,,0.026,,A,Normal value,0,Units,1,One,_Z,Not applicable,,
DATAFLOW,OECD.ELS.SPD:DSD_SOCX_AGG@DF_SOCX_AGG(1.0),Social expenditure aggregates,I,JPN,Japan,A,Annual,SOCX,Social expenditure,PT_B1GQ,Percentage of GDP,ES10,Public,_T,Total,TP82,Housing,_Z,Not applicable,1997,,0.028,,A,Normal value,0,Units,1,One,_Z,Not applicable,,
DATAFLOW,OECD.ELS.SPD:DSD_SOCX_AGG@DF_SOCX_AGG(1.0),Social expenditure aggregates,I,JPN,Japan,A,Annual,SOCX,Social expenditure,PT_B1GQ,Percentage of GDP,ES10,Public,_T,Total,TP82,Housing,_Z,Not applicable,1998,,0.03,,A,Normal value,0,Units,1,One,_Z,Not applicable,,
DATAFLOW,OECD.ELS.SPD:DSD_SOCX_AGG@DF_SOCX_AGG(1.0),Social expenditure aggregates,I,JPN,Japan,A,Annual,SOCX,Social expenditure,PT_B1GQ,Percentage of GDP,ES10,Public,_T,Total,TP82,Housing,_Z,Not applicable,1999,,0.034,,A,Normal value,0,Units,1,One,_Z,Not applicable,,
DATAFLOW,OECD.ELS.SPD:DSD_SOCX_AGG@DF_SOCX_AGG(1.0),Social expenditure aggregates,I,JPN,Japan,A,Annual,SOCX,Social expenditure,PT_B1GQ,Percentage of GDP,ES10,Public,_T,Total,TP82,Housing,_Z,Not applicable,2000,,0.038,,A,Normal value,0,Units,1,One,_Z,Not applicable,,
DATAFLOW,OECD.ELS.SPD:DSD_SOCX_AGG@DF_SOCX_AGG(1.0),Social expenditure aggregates,I,JPN,Japan,A,Annual,SOCX,Social expenditure,PT_B1GQ,Percentage of GDP,ES10,Public,_T,Total,TP82,Housing,_Z,Not applicable,2001,,0.042,,A,Normal value,0,Units,1,One,_Z,Not applicable,,
DATAFLOW,OECD.ELS.SPD:DSD_SOCX_AGG@DF_SOCX_AGG(1.0),Social expenditure aggregates,I,JPN,Japan,A,Annual,SOCX,Social expenditure,PT_B1GQ,Percentage of GDP,ES10,Public,_T,Total,TP82,Housing,_Z,Not applicable,2002,,0.048,,A,Normal value,0,Units,1,One,_Z,Not applicable,,
DATAFLOW,OECD.ELS.SPD:DSD_SOCX_AGG@DF_SOCX_AGG(1.0),Social expenditure aggregates,I,JPN,Japan,A,Annual,SOCX,Social expenditure,PT_B1GQ,Percentage of GDP,ES10,Public,_T,Total,TP82,Housing,_Z,Not applicable,2003,,0.054,,A,Normal value,0,Units,1,One,_Z,Not applicable,,
DATAFLOW,OECD.ELS.SPD:DSD_SOCX_AGG@DF_SOCX_AGG(1.0),Social expenditure aggregates,I,JPN,Japan,A,Annual,SOCX,Social expenditure,PT_B1GQ,Percentage of GDP,ES10,Public,_T,Total,TP82,Housing,_Z,Not applicable,2004,,0.058,,A,Normal value,0,Units,1,One,_Z,Not applicable,,
DATAFLOW,OECD.ELS.SPD:DSD_SOCX_AGG@DF_SOCX_AGG(1.0),Social expenditure aggregates,I,JPN,Japan,A,Annual,SOCX,Social expenditure,PT_B1GQ,Percentage of GDP,ES10,Public,_T,Total,TP82,Housing,_Z,Not applicable,2005,,0.08,,A,Normal value,0,Units,1,One,_Z,Not applicable,,
DATAFLOW,OECD.ELS.SPD:DSD_SOCX_AGG@DF_SOCX_AGG(1.0),Social expenditure aggregates,I,JPN,Japan,A,Annual,SOCX,Social expenditure,PT_B1GQ,Percentage of GDP,ES10,Public,_T,Total,TP82,Housing,_Z,Not applicable,2006,,0.068,,A,Normal value,0,Units,1,One,_Z,Not applicable,,
DATAFLOW,OECD.ELS.SPD:DSD_SOCX_AGG@DF_SOCX_AGG(1.0),Social expenditure aggregates,I,JPN,Japan,A,Annual,SOCX,Social expenditure,PT_B1GQ,Percentage of GDP,ES10,Public,_T,Total,TP82,Housing,_Z,Not applicable,2007,,0.07,,A,Normal value,0,Units,1,One,_Z,Not applicable,,
DATAFLOW,OECD.ELS.SPD:DSD_SOCX_AGG@DF_SOCX_AGG(1.0),Social expenditure aggregates,I,JPN,Japan,A,Annual,SOCX,Social expenditure,PT_B1GQ,Percentage of GDP,ES10,Public,_T,Total,TP82,Housing,_Z,Not applicable,2008,,0.077,,A,Normal value,0,Units,1,One,_Z,Not applicable,,
DATAFLOW,OECD.ELS.SPD:DSD_SOCX_AGG@DF_SOCX_AGG(1.0),Social expenditure aggregates,I,JPN,Japan,A,Annual,SOCX,Social expenditure,PT_B1GQ,Percentage of GDP,ES10,Public,_T,Total,TP82,Housing,_Z,Not applicable,2009,,0.092,,A,Normal value,0,Units,1,One,_Z,Not applicable,,
DATAFLOW,OECD.ELS.SPD:DSD_SOCX_AGG@DF_SOCX_AGG(1.0),Social expenditure aggregates,I,JPN,Japan,A,Annual,SOCX,Social expenditure,PT_B1GQ,Percentage of GDP,ES10,Public,_T,Total,TP82,Housing,_Z,Not applicable,2010,,0.102,,A,Normal value,0,Units,1,One,_Z,Not applicable,,
DATAFLOW,OECD.ELS.SPD:DSD_SOCX_AGG@DF_SOCX_AGG(1.0),Social expenditure aggregates,I,JPN,Japan,A,Annual,SOCX,Social expenditure,PT_B1GQ,Percentage of GDP,ES10,Public,_T,Total,TP82,Housing,_Z,Not applicable,2011,,0.11,,A,Normal value,0,Units,1,One,_Z,Not applicable,,
DATAFLOW,OECD.ELS.SPD:DSD_SOCX_AGG@DF_SOCX_AGG(1.0),Social expenditure aggregates,I,JPN,Japan,A,Annual,SOCX,Social expenditure,PT_B1GQ,Percentage of GDP,ES10,Public,_T,Total,TP82,Housing,_Z,Not applicable,2012,,0.114,,A,Normal value,0,Units,1,One,_Z,Not applicable,,
DATAFLOW,OECD.ELS.SPD:DSD_SOCX_AGG@DF_SOCX_AGG(1.0),Social expenditure aggregates,I,JPN,Japan,A,Annual,SOCX,Social expenditure,PT_B1GQ,Percentage of GDP,ES10,Public,_T,Total,TP82,Housing,_Z,Not applicable,2013,,0.115,,A,Normal value,0,Units,1,One,_Z,Not applicable,,
DATAFLOW,OECD.ELS.SPD:DSD_SOCX_AGG@DF_SOCX_AGG(1.0),Social expenditure aggregates,I,JPN,Japan,A,Annual,SOCX,Social expenditure,PT_B1GQ,Percentage of GDP,ES10,Public,_T,Total,TP82,Housing,_Z,Not applicable,2014,,0.113,,A,Normal value,0,Units,1,One,_Z,Not applicable,,
DATAFLOW,OECD.ELS.SPD:DSD_SOCX_AGG@DF_SOCX_AGG(1.0),Social expenditure aggregates,I,JPN,Japan,A,Annual,SOCX,Social expenditure,PT_B1GQ,Percentage of GDP,ES10,Public,_T,Total,TP82,Housing,_Z,Not applicable,2015,,0.115,,A,Normal value,0,Units,1,One,_Z,Not applicable,,
DATAFLOW,OECD.ELS.SPD:DSD_SOCX_AGG@DF_SOCX_AGG(1.0),Social expenditure aggregates,I,JPN,Japan,A,Annual,SOCX,Social expenditure,PT_B1GQ,Percentage of GDP,ES10,Public,_T,Total,TP82,Housing,_Z,Not applicable,2016,,0.111,,A,Normal value,0,Units,1,One,_Z,Not applicable,,
DATAFLOW,OECD.ELS.SPD:DSD_SOCX_AGG@DF_SOCX_AGG(1.0),Social expenditure aggregates,I,JPN,Japan,A,Annual,SOCX,Social expenditure,PT_B1GQ,Percentage of GDP,ES10,Public,_T,Total,TP82,Housing,_Z,Not applicable,2017,,0.111,,A,Normal value,0,Units,1,One,_Z,Not applicable,,
DATAFLOW,OECD.ELS.SPD:DSD_SOCX_AGG@DF_SOCX_AGG(1.0),Social expenditure aggregates,I,JPN,Japan,A,Annual,SOCX,Social expenditure,PT_B1GQ,Percentage of GDP,ES10,Public,_T,Total,TP82,Housing,_Z,Not applicable,2018,,0.109,,A,Normal value,0,Units,1,One,_Z,Not applicable,,
DATAFLOW,OECD.ELS.SPD:DSD_SOCX_AGG@DF_SOCX_AGG(1.0),Social expenditure aggregates,I,JPN,Japan,A,Annual,SOCX,Social expenditure,PT_B1GQ,Percentage of GDP,ES10,Public,_T,Total,TP82,Housing,_Z,Not applicable,2019,,0.109,,A,Normal value,0,Units,1,One,_Z,Not applicable,,
DATAFLOW,OECD.ELS.SPD:DSD_SOCX_AGG@DF_SOCX_AGG(1.0),Social expenditure aggregates,I,JPN,Japan,A,Annual,SOCX,Social expenditure,PT_B1GQ,Percentage of GDP,ES10,Public,_T,Total,TP82,Housing,_Z,Not applicable,2020,,0.12,,A,Normal value,0,Units,1,One,_Z,Not applicable,,
DATAFLOW,OECD.ELS.SPD:DSD_SOCX_AGG@DF_SOCX_AGG(1.0),Social expenditure aggregates,I,JPN,Japan,A,Annual,SOCX,Social expenditure,PT_B1GQ,Percentage of GDP,ES10,Public,_T,Total,TP82,Housing,_Z,Not applicable,2021,,0.115,,A,Normal value,0,Units,1,One,_Z,Not applicable,,
DATAFLOW,OECD.ELS.SPD:DSD_SOCX_AGG@DF_SOCX_AGG(1.0),Social expenditure aggregates,I,JPN,Japan,A,Annual,SOCX,Social expenditure,PT_B1GQ,Percentage of GDP,ES10,Public,_T,Total,TP82,Housing,_Z,Not applicable,2022,,0.111,,A,Normal value,0,Units,1,One,_Z,Not applicable,,
DATAFLOW,OECD.ELS.SPD:DSD_SOCX_AGG@DF_SOCX_AGG(1.0),Social expenditure aggregates,I,TUR,Türkiye,A,Annual,SOCX,Social expenditure,PT_B1GQ,Percentage of GDP,ES10,Public,_T,Total,TP82,Housing,_Z,Not applicable,1980,,0,,A,Normal value,0,Units,1,One,_Z,Not applicable,,
DATAFLOW,OECD.ELS.SPD:DSD_SOCX_AGG@DF_SOCX_AGG(1.0),Social expenditure aggregates,I,TUR,Türkiye,A,Annual,SOCX,Social expenditure,PT_B1GQ,Percentage of GDP,ES10,Public,_T,Total,TP82,Housing,_Z,Not applicable,1981,,0,,A,Normal value,0,Units,1,One,_Z,Not applicable,,
DATAFLOW,OECD.ELS.SPD:DSD_SOCX_AGG@DF_SOCX_AGG(1.0),Social expenditure aggregates,I,TUR,Türkiye,A,Annual,SOCX,Social expenditure,PT_B1GQ,Percentage of GDP,ES10,Public,_T,Total,TP82,Housing,_Z,Not applicable,1982,,0,,A,Normal value,0,Units,1,One,_Z,Not applicable,,
DATAFLOW,OECD.ELS.SPD:DSD_SOCX_AGG@DF_SOCX_AGG(1.0),Social expenditure aggregates,I,TUR,Türkiye,A,Annual,SOCX,Social expenditure,PT_B1GQ,Percentage of GDP,ES10,Public,_T,Total,TP82,Housing,_Z,Not applicable,1983,,0,,A,Normal value,0,Units,1,One,_Z,Not applicable,,
DATAFLOW,OECD.ELS.SPD:DSD_SOCX_AGG@DF_SOCX_AGG(1.0),Social expenditure aggregates,I,TUR,Türkiye,A,Annual,SOCX,Social expenditure,PT_B1GQ,Percentage of GDP,ES10,Public,_T,Total,TP82,Housing,_Z,Not applicable,1984,,0,,A,Normal value,0,Units,1,One,_Z,Not applicable,,
DATAFLOW,OECD.ELS.SPD:DSD_SOCX_AGG@DF_SOCX_AGG(1.0),Social expenditure aggregates,I,TUR,Türkiye,A,Annual,SOCX,Social expenditure,PT_B1GQ,Percentage of GDP,ES10,Public,_T,Total,TP82,Housing,_Z,Not applicable,1985,,0,,A,Normal value,0,Units,1,One,_Z,Not applicable,,
DATAFLOW,OECD.ELS.SPD:DSD_SOCX_AGG@DF_SOCX_AGG(1.0),Social expenditure aggregates,I,TUR,Türkiye,A,Annual,SOCX,Social expenditure,PT_B1GQ,Percentage of GDP,ES10,Public,_T,Total,TP82,Housing,_Z,Not applicable,1986,,0,,A,Normal value,0,Units,1,One,_Z,Not applicable,,
DATAFLOW,OECD.ELS.SPD:DSD_SOCX_AGG@DF_SOCX_AGG(1.0),Social expenditure aggregates,I,TUR,Türkiye,A,Annual,SOCX,Social expenditure,PT_B1GQ,Percentage of GDP,ES10,Public,_T,Total,TP82,Housing,_Z,Not applicable,1987,,0,,A,Normal value,0,Units,1,One,_Z,Not applicable,,
DATAFLOW,OECD.ELS.SPD:DSD_SOCX_AGG@DF_SOCX_AGG(1.0),Social expenditure aggregates,I,TUR,Türkiye,A,Annual,SOCX,Social expenditure,PT_B1GQ,Percentage of GDP,ES10,Public,_T,Total,TP82,Housing,_Z,Not applicable,1988,,0,,A,Normal value,0,Units,1,One,_Z,Not applicable,,
DATAFLOW,OECD.ELS.SPD:DSD_SOCX_AGG@DF_SOCX_AGG(1.0),Social expenditure aggregates,I,TUR,Türkiye,A,Annual,SOCX,Social expenditure,PT_B1GQ,Percentage of GDP,ES10,Public,_T,Total,TP82,Housing,_Z,Not applicable,1989,,0,,A,Normal value,0,Units,1,One,_Z,Not applicable,,
DATAFLOW,OECD.ELS.SPD:DSD_SOCX_AGG@DF_SOCX_AGG(1.0),Social expenditure aggregates,I,TUR,Türkiye,A,Annual,SOCX,Social expenditure,PT_B1GQ,Percentage of GDP,ES10,Public,_T,Total,TP82,Housing,_Z,Not applicable,1990,,0,,A,Normal value,0,Units,1,One,_Z,Not applicable,,
DATAFLOW,OECD.ELS.SPD:DSD_SOCX_AGG@DF_SOCX_AGG(1.0),Social expenditure aggregates,I,TUR,Türkiye,A,Annual,SOCX,Social expenditure,PT_B1GQ,Percentage of GDP,ES10,Public,_T,Total,TP82,Housing,_Z,Not applicable,1991,,0,,A,Normal value,0,Units,1,One,_Z,Not applicable,,
DATAFLOW,OECD.ELS.SPD:DSD_SOCX_AGG@DF_SOCX_AGG(1.0),Social expenditure aggregates,I,TUR,Türkiye,A,Annual,SOCX,Social expenditure,PT_B1GQ,Percentage of GDP,ES10,Public,_T,Total,TP82,Housing,_Z,Not applicable,1992,,0,,A,Normal value,0,Units,1,One,_Z,Not applicable,,
DATAFLOW,OECD.ELS.SPD:DSD_SOCX_AGG@DF_SOCX_AGG(1.0),Social expenditure aggregates,I,TUR,Türkiye,A,Annual,SOCX,Social expenditure,PT_B1GQ,Percentage of GDP,ES10,Public,_T,Total,TP82,Housing,_Z,Not applicable,1993,,0,,A,Normal value,0,Units,1,One,_Z,Not applicable,,
DATAFLOW,OECD.ELS.SPD:DSD_SOCX_AGG@DF_SOCX_AGG(1.0),Social expenditure aggregates,I,TUR,Türkiye,A,Annual,SOCX,Social expenditure,PT_B1GQ,Percentage of GDP,ES10,Public,_T,Total,TP82,Housing,_Z,Not applicable,1994,,0,,A,Normal value,0,Units,1,One,_Z,Not applicable,,
DATAFLOW,OECD.ELS.SPD:DSD_SOCX_AGG@DF_SOCX_AGG(1.0),Social expenditure aggregates,I,TUR,Türkiye,A,Annual,SOCX,Social expenditure,PT_B1GQ,Percentage of GDP,ES10,Public,_T,Total,TP82,Housing,_Z,Not applicable,1995,,0,,A,Normal value,0,Units,1,One,_Z,Not applicable,,
DATAFLOW,OECD.ELS.SPD:DSD_SOCX_AGG@DF_SOCX_AGG(1.0),Social expenditure aggregates,I,PRT,Portugal,A,Annual,SOCX,Social expenditure,PT_B1GQ,Percentage of GDP,ES10,Public,_T,Total,TP82,Housing,_Z,Not applicable,1980,,0,,A,Normal value,0,Units,1,One,_Z,Not applicable,,
DATAFLOW,OECD.ELS.SPD:DSD_SOCX_AGG@DF_SOCX_AGG(1.0),Social expenditure aggregates,I,POL,Poland,A,Annual,SOCX,Social expenditure,PT_B1GQ,Percentage of GDP,ES10,Public,_T,Total,TP82,Housing,_Z,Not applicable,1993,,0,,A,Normal value,0,Units,1,One,_Z,Not applicable,,
DATAFLOW,OECD.ELS.SPD:DSD_SOCX_AGG@DF_SOCX_AGG(1.0),Social expenditure aggregates,I,EST,Estonia,A,Annual,SOCX,Social expenditure,PT_B1GQ,Percentage of GDP,ES10,Public,_T,Total,TP82,Housing,_Z,Not applicable,1980,,,,A,Normal value,0,Units,1,One,_Z,Not applicable,,
DATAFLOW,OECD.ELS.SPD:DSD_SOCX_AGG@DF_SOCX_AGG(1.0),Social expenditure aggregates,I,EST,Estonia,A,Annual,SOCX,Social expenditure,PT_B1GQ,Percentage of GDP,ES10,Public,_T,Total,TP82,Housing,_Z,Not applicable,1981,,,,A,Normal value,0,Units,1,One,_Z,Not applicable,,
DATAFLOW,OECD.ELS.SPD:DSD_SOCX_AGG@DF_SOCX_AGG(1.0),Social expenditure aggregates,I,EST,Estonia,A,Annual,SOCX,Social expenditure,PT_B1GQ,Percentage of GDP,ES10,Public,_T,Total,TP82,Housing,_Z,Not applicable,1982,,,,A,Normal value,0,Units,1,One,_Z,Not applicable,,
DATAFLOW,OECD.ELS.SPD:DSD_SOCX_AGG@DF_SOCX_AGG(1.0),Social expenditure aggregates,I,EST,Estonia,A,Annual,SOCX,Social expenditure,PT_B1GQ,Percentage of GDP,ES10,Public,_T,Total,TP82,Housing,_Z,Not applicable,1983,,,,A,Normal value,0,Units,1,One,_Z,Not applicable,,
DATAFLOW,OECD.ELS.SPD:DSD_SOCX_AGG@DF_SOCX_AGG(1.0),Social expenditure aggregates,I,EST,Estonia,A,Annual,SOCX,Social expenditure,PT_B1GQ,Percentage of GDP,ES10,Public,_T,Total,TP82,Housing,_Z,Not applicable,1984,,,,A,Normal value,0,Units,1,One,_Z,Not applicable,,
DATAFLOW,OECD.ELS.SPD:DSD_SOCX_AGG@DF_SOCX_AGG(1.0),Social expenditure aggregates,I,EST,Estonia,A,Annual,SOCX,Social expenditure,PT_B1GQ,Percentage of GDP,ES10,Public,_T,Total,TP82,Housing,_Z,Not applicable,1985,,,,A,Normal value,0,Units,1,One,_Z,Not applicable,,
DATAFLOW,OECD.ELS.SPD:DSD_SOCX_AGG@DF_SOCX_AGG(1.0),Social expenditure aggregates,I,EST,Estonia,A,Annual,SOCX,Social expenditure,PT_B1GQ,Percentage of GDP,ES10,Public,_T,Total,TP82,Housing,_Z,Not applicable,1986,,,,A,Normal value,0,Units,1,One,_Z,Not applicable,,
DATAFLOW,OECD.ELS.SPD:DSD_SOCX_AGG@DF_SOCX_AGG(1.0),Social expenditure aggregates,I,EST,Estonia,A,Annual,SOCX,Social expenditure,PT_B1GQ,Percentage of GDP,ES10,Public,_T,Total,TP82,Housing,_Z,Not applicable,1987,,,,A,Normal value,0,Units,1,One,_Z,Not applicable,,
DATAFLOW,OECD.ELS.SPD:DSD_SOCX_AGG@DF_SOCX_AGG(1.0),Social expenditure aggregates,I,EST,Estonia,A,Annual,SOCX,Social expenditure,PT_B1GQ,Percentage of GDP,ES10,Public,_T,Total,TP82,Housing,_Z,Not applicable,1988,,,,A,Normal value,0,Units,1,One,_Z,Not applicable,,
DATAFLOW,OECD.ELS.SPD:DSD_SOCX_AGG@DF_SOCX_AGG(1.0),Social expenditure aggregates,I,EST,Estonia,A,Annual,SOCX,Social expenditure,PT_B1GQ,Percentage of GDP,ES10,Public,_T,Total,TP82,Housing,_Z,Not applicable,1989,,,,A,Normal value,0,Units,1,One,_Z,Not applicable,,
DATAFLOW,OECD.ELS.SPD:DSD_SOCX_AGG@DF_SOCX_AGG(1.0),Social expenditure aggregates,I,EST,Estonia,A,Annual,SOCX,Social expenditure,PT_B1GQ,Percentage of GDP,ES10,Public,_T,Total,TP82,Housing,_Z,Not applicable,1990,,,,A,Normal value,0,Units,1,One,_Z,Not applicable,,
DATAFLOW,OECD.ELS.SPD:DSD_SOCX_AGG@DF_SOCX_AGG(1.0),Social expenditure aggregates,I,EST,Estonia,A,Annual,SOCX,Social expenditure,PT_B1GQ,Percentage of GDP,ES10,Public,_T,Total,TP82,Housing,_Z,Not applicable,1991,,,,A,Normal value,0,Units,1,One,_Z,Not applicable,,
DATAFLOW,OECD.ELS.SPD:DSD_SOCX_AGG@DF_SOCX_AGG(1.0),Social expenditure aggregates,I,EST,Estonia,A,Annual,SOCX,Social expenditure,PT_B1GQ,Percentage of GDP,ES10,Public,_T,Total,TP82,Housing,_Z,Not applicable,1992,,,,A,Normal value,0,Units,1,One,_Z,Not applicable,,
DATAFLOW,OECD.ELS.SPD:DSD_SOCX_AGG@DF_SOCX_AGG(1.0),Social expenditure aggregates,I,CRI,Costa Rica,A,Annual,SOCX,Social expenditure,PT_B1GQ,Percentage of GDP,ES10,Public,_T,Total,TP82,Housing,_Z,Not applicable,1980,,,,A,Normal value,0,Units,1,One,_Z,Not applicable,,
DATAFLOW,OECD.ELS.SPD:DSD_SOCX_AGG@DF_SOCX_AGG(1.0),Social expenditure aggregates,I,CRI,Costa Rica,A,Annual,SOCX,Social expenditure,PT_B1GQ,Percentage of GDP,ES10,Public,_T,Total,TP82,Housing,_Z,Not applicable,1981,,,,A,Normal value,0,Units,1,One,_Z,Not applicable,,
DATAFLOW,OECD.ELS.SPD:DSD_SOCX_AGG@DF_SOCX_AGG(1.0),Social expenditure aggregates,I,CRI,Costa Rica,A,Annual,SOCX,Social expenditure,PT_B1GQ,Percentage of GDP,ES10,Public,_T,Total,TP82,Housing,_Z,Not applicable,1982,,,,A,Normal value,0,Units,1,One,_Z,Not applicable,,
DATAFLOW,OECD.ELS.SPD:DSD_SOCX_AGG@DF_SOCX_AGG(1.0),Social expenditure aggregates,I,CRI,Costa Rica,A,Annual,SOCX,Social expenditure,PT_B1GQ,Percentage of GDP,ES10,Public,_T,Total,TP82,Housing,_Z,Not applicable,1983,,,,A,Normal value,0,Units,1,One,_Z,Not applicable,,
DATAFLOW,OECD.ELS.SPD:DSD_SOCX_AGG@DF_SOCX_AGG(1.0),Social expenditure aggregates,I,CRI,Costa Rica,A,Annual,SOCX,Social expenditure,PT_B1GQ,Percentage of GDP,ES10,Public,_T,Total,TP82,Housing,_Z,Not applicable,1984,,,,A,Normal value,0,Units,1,One,_Z,Not applicable,,
DATAFLOW,OECD.ELS.SPD:DSD_SOCX_AGG@DF_SOCX_AGG(1.0),Social expenditure aggregates,I,CRI,Costa Rica,A,Annual,SOCX,Social expenditure,PT_B1GQ,Percentage of GDP,ES10,Public,_T,Total,TP82,Housing,_Z,Not applicable,1985,,,,A,Normal value,0,Units,1,One,_Z,Not applicable,,
DATAFLOW,OECD.ELS.SPD:DSD_SOCX_AGG@DF_SOCX_AGG(1.0),Social expenditure aggregates,I,CRI,Costa Rica,A,Annual,SOCX,Social expenditure,PT_B1GQ,Percentage of GDP,ES10,Public,_T,Total,TP82,Housing,_Z,Not applicable,1986,,,,A,Normal value,0,Units,1,One,_Z,Not applicable,,
DATAFLOW,OECD.ELS.SPD:DSD_SOCX_AGG@DF_SOCX_AGG(1.0),Social expenditure aggregates,I,CRI,Costa Rica,A,Annual,SOCX,Social expenditure,PT_B1GQ,Percentage of GDP,ES10,Public,_T,Total,TP82,Housing,_Z,Not applicable,1987,,,,A,Normal value,0,Units,1,One,_Z,Not applicable,,
DATAFLOW,OECD.ELS.SPD:DSD_SOCX_AGG@DF_SOCX_AGG(1.0),Social expenditure aggregates,I,CRI,Costa Rica,A,Annual,SOCX,Social expenditure,PT_B1GQ,Percentage of GDP,ES10,Public,_T,Total,TP82,Housing,_Z,Not applicable,1988,,,,A,Normal value,0,Units,1,One,_Z,Not applicable,,
DATAFLOW,OECD.ELS.SPD:DSD_SOCX_AGG@DF_SOCX_AGG(1.0),Social expenditure aggregates,I,CRI,Costa Rica,A,Annual,SOCX,Social expenditure,PT_B1GQ,Percentage of GDP,ES10,Public,_T,Total,TP82,Housing,_Z,Not applicable,1989,,,,A,Normal value,0,Units,1,One,_Z,Not applicable,,
DATAFLOW,OECD.ELS.SPD:DSD_SOCX_AGG@DF_SOCX_AGG(1.0),Social expenditure aggregates,I,CRI,Costa Rica,A,Annual,SOCX,Social expenditure,PT_B1GQ,Percentage of GDP,ES10,Public,_T,Total,TP82,Housing,_Z,Not applicable,1990,,,,A,Normal value,0,Units,1,One,_Z,Not applicable,,
DATAFLOW,OECD.ELS.SPD:DSD_SOCX_AGG@DF_SOCX_AGG(1.0),Social expenditure aggregates,I,HUN,Hungary,A,Annual,SOCX,Social expenditure,PT_B1GQ,Percentage of GDP,ES10,Public,_T,Total,TP82,Housing,_Z,Not applicable,1980,,,,A,Normal value,0,Units,1,One,_Z,Not applicable,,
DATAFLOW,OECD.ELS.SPD:DSD_SOCX_AGG@DF_SOCX_AGG(1.0),Social expenditure aggregates,I,HUN,Hungary,A,Annual,SOCX,Social expenditure,PT_B1GQ,Percentage of GDP,ES10,Public,_T,Total,TP82,Housing,_Z,Not applicable,1981,,,,A,Normal value,0,Units,1,One,_Z,Not applicable,,
DATAFLOW,OECD.ELS.SPD:DSD_SOCX_AGG@DF_SOCX_AGG(1.0),Social expenditure aggregates,I,HUN,Hungary,A,Annual,SOCX,Social expenditure,PT_B1GQ,Percentage of GDP,ES10,Public,_T,Total,TP82,Housing,_Z,Not applicable,1982,,,,A,Normal value,0,Units,1,One,_Z,Not applicable,,
DATAFLOW,OECD.ELS.SPD:DSD_SOCX_AGG@DF_SOCX_AGG(1.0),Social expenditure aggregates,I,HUN,Hungary,A,Annual,SOCX,Social expenditure,PT_B1GQ,Percentage of GDP,ES10,Public,_T,Total,TP82,Housing,_Z,Not applicable,1983,,,,A,Normal value,0,Units,1,One,_Z,Not applicable,,
DATAFLOW,OECD.ELS.SPD:DSD_SOCX_AGG@DF_SOCX_AGG(1.0),Social expenditure aggregates,I,HUN,Hungary,A,Annual,SOCX,Social expenditure,PT_B1GQ,Percentage of GDP,ES10,Public,_T,Total,TP82,Housing,_Z,Not applicable,1984,,,,A,Normal value,0,Units,1,One,_Z,Not applicable,,
DATAFLOW,OECD.ELS.SPD:DSD_SOCX_AGG@DF_SOCX_AGG(1.0),Social expenditure aggregates,I,HUN,Hungary,A,Annual,SOCX,Social expenditure,PT_B1GQ,Percentage of GDP,ES10,Public,_T,Total,TP82,Housing,_Z,Not applicable,1985,,,,A,Normal value,0,Units,1,One,_Z,Not applicable,,
DATAFLOW,OECD.ELS.SPD:DSD_SOCX_AGG@DF_SOCX_AGG(1.0),Social expenditure aggregates,I,HUN,Hungary,A,Annual,SOCX,Social expenditure,PT_B1GQ,Percentage of GDP,ES10,Public,_T,Total,TP82,Housing,_Z,Not applicable,1986,,,,A,Normal value,0,Units,1,One,_Z,Not applicable,,
DATAFLOW,OECD.ELS.SPD:DSD_SOCX_AGG@DF_SOCX_AGG(1.0),Social expenditure aggregates,I,HUN,Hungary,A,Annual,SOCX,Social expenditure,PT_B1GQ,Percentage of GDP,ES10,Public,_T,Total,TP82,Housing,_Z,Not applicable,1987,,,,A,Normal value,0,Units,1,One,_Z,Not applicable,,
DATAFLOW,OECD.ELS.SPD:DSD_SOCX_AGG@DF_SOCX_AGG(1.0),Social expenditure aggregates,I,HUN,Hungary,A,Annual,SOCX,Social expenditure,PT_B1GQ,Percentage of GDP,ES10,Public,_T,Total,TP82,Housing,_Z,Not applicable,1988,,,,A,Normal value,0,Units,1,One,_Z,Not applicable,,
DATAFLOW,OECD.ELS.SPD:DSD_SOCX_AGG@DF_SOCX_AGG(1.0),Social expenditure aggregates,I,HUN,Hungary,A,Annual,SOCX,Social expenditure,PT_B1GQ,Percentage of GDP,ES10,Public,_T,Total,TP82,Housing,_Z,Not applicable,1989,,,,A,Normal value,0,Units,1,One,_Z,Not applicable,,
DATAFLOW,OECD.ELS.SPD:DSD_SOCX_AGG@DF_SOCX_AGG(1.0),Social expenditure aggregates,I,HUN,Hungary,A,Annual,SOCX,Social expenditure,PT_B1GQ,Percentage of GDP,ES10,Public,_T,Total,TP82,Housing,_Z,Not applicable,1990,,,,A,Normal value,0,Units,1,One,_Z,Not applicable,,
DATAFLOW,OECD.ELS.SPD:DSD_SOCX_AGG@DF_SOCX_AGG(1.0),Social expenditure aggregates,I,CZE,Czechia,A,Annual,SOCX,Social expenditure,PT_B1GQ,Percentage of GDP,ES10,Public,_T,Total,TP82,Housing,_Z,Not applicable,1980,,,,A,Normal value,0,Units,1,One,_Z,Not applicable,,
DATAFLOW,OECD.ELS.SPD:DSD_SOCX_AGG@DF_SOCX_AGG(1.0),Social expenditure aggregates,I,CZE,Czechia,A,Annual,SOCX,Social expenditure,PT_B1GQ,Percentage of GDP,ES10,Public,_T,Total,TP82,Housing,_Z,Not applicable,1981,,,,A,Normal value,0,Units,1,One,_Z,Not applicable,,
DATAFLOW,OECD.ELS.SPD:DSD_SOCX_AGG@DF_SOCX_AGG(1.0),Social expenditure aggregates,I,CZE,Czechia,A,Annual,SOCX,Social expenditure,PT_B1GQ,Percentage of GDP,ES10,Public,_T,Total,TP82,Housing,_Z,Not applicable,1982,,,,A,Normal value,0,Units,1,One,_Z,Not applicable,,
DATAFLOW,OECD.ELS.SPD:DSD_SOCX_AGG@DF_SOCX_AGG(1.0),Social expenditure aggregates,I,CZE,Czechia,A,Annual,SOCX,Social expenditure,PT_B1GQ,Percentage of GDP,ES10,Public,_T,Total,TP82,Housing,_Z,Not applicable,1983,,,,A,Normal value,0,Units,1,One,_Z,Not applicable,,
DATAFLOW,OECD.ELS.SPD:DSD_SOCX_AGG@DF_SOCX_AGG(1.0),Social expenditure aggregates,I,CZE,Czechia,A,Annual,SOCX,Social expenditure,PT_B1GQ,Percentage of GDP,ES10,Public,_T,Total,TP82,Housing,_Z,Not applicable,1984,,,,A,Normal value,0,Units,1,One,_Z,Not applicable,,
DATAFLOW,OECD.ELS.SPD:DSD_SOCX_AGG@DF_SOCX_AGG(1.0),Social expenditure aggregates,I,CZE,Czechia,A,Annual,SOCX,Social expenditure,PT_B1GQ,Percentage of GDP,ES10,Public,_T,Total,TP82,Housing,_Z,Not applicable,1985,,,,A,Normal value,0,Units,1,One,_Z,Not applicable,,
DATAFLOW,OECD.ELS.SPD:DSD_SOCX_AGG@DF_SOCX_AGG(1.0),Social expenditure aggregates,I,CZE,Czechia,A,Annual,SOCX,Social expenditure,PT_B1GQ,Percentage of GDP,ES10,Public,_T,Total,TP82,Housing,_Z,Not applicable,1986,,,,A,Normal value,0,Units,1,One,_Z,Not applicable,,
DATAFLOW,OECD.ELS.SPD:DSD_SOCX_AGG@DF_SOCX_AGG(1.0),Social expenditure aggregates,I,CZE,Czechia,A,Annual,SOCX,Social expenditure,PT_B1GQ,Percentage of GDP,ES10,Public,_T,Total,TP82,Housing,_Z,Not applicable,1987,,,,A,Normal value,0,Units,1,One,_Z,Not applicable,,
DATAFLOW,OECD.ELS.SPD:DSD_SOCX_AGG@DF_SOCX_AGG(1.0),Social expenditure aggregates,I,CZE,Czechia,A,Annual,SOCX,Social expenditure,PT_B1GQ,Percentage of GDP,ES10,Public,_T,Total,TP82,Housing,_Z,Not applicable,1988,,,,A,Normal value,0,Units,1,One,_Z,Not applicable,,
DATAFLOW,OECD.ELS.SPD:DSD_SOCX_AGG@DF_SOCX_AGG(1.0),Social expenditure aggregates,I,CZE,Czechia,A,Annual,SOCX,Social expenditure,PT_B1GQ,Percentage of GDP,ES10,Public,_T,Total,TP82,Housing,_Z,Not applicable,1989,,,,A,Normal value,0,Units,1,One,_Z,Not applicable,,
DATAFLOW,OECD.ELS.SPD:DSD_SOCX_AGG@DF_SOCX_AGG(1.0),Social expenditure aggregates,I,CHL,Chile,A,Annual,SOCX,Social expenditure,PT_B1GQ,Percentage of GDP,ES10,Public,_T,Total,TP82,Housing,_Z,Not applicable,1985,,,,A,Normal value,0,Units,1,One,_Z,Not applicable,,
DATAFLOW,OECD.ELS.SPD:DSD_SOCX_AGG@DF_SOCX_AGG(1.0),Social expenditure aggregates,I,CHL,Chile,A,Annual,SOCX,Social expenditure,PT_B1GQ,Percentage of GDP,ES10,Public,_T,Total,TP82,Housing,_Z,Not applicable,1984,,,,A,Normal value,0,Units,1,One,_Z,Not applicable,,
DATAFLOW,OECD.ELS.SPD:DSD_SOCX_AGG@DF_SOCX_AGG(1.0),Social expenditure aggregates,I,CHL,Chile,A,Annual,SOCX,Social expenditure,PT_B1GQ,Percentage of GDP,ES10,Public,_T,Total,TP82,Housing,_Z,Not applicable,1983,,,,A,Normal value,0,Units,1,One,_Z,Not applicable,,
DATAFLOW,OECD.ELS.SPD:DSD_SOCX_AGG@DF_SOCX_AGG(1.0),Social expenditure aggregates,I,CHL,Chile,A,Annual,SOCX,Social expenditure,PT_B1GQ,Percentage of GDP,ES10,Public,_T,Total,TP82,Housing,_Z,Not applicable,1982,,,,A,Normal value,0,Units,1,One,_Z,Not applicable,,
DATAFLOW,OECD.ELS.SPD:DSD_SOCX_AGG@DF_SOCX_AGG(1.0),Social expenditure aggregates,I,CHL,Chile,A,Annual,SOCX,Social expenditure,PT_B1GQ,Percentage of GDP,ES10,Public,_T,Total,TP82,Housing,_Z,Not applicable,1981,,,,A,Normal value,0,Units,1,One,_Z,Not applicable,,
DATAFLOW,OECD.ELS.SPD:DSD_SOCX_AGG@DF_SOCX_AGG(1.0),Social expenditure aggregates,I,CHL,Chile,A,Annual,SOCX,Social expenditure,PT_B1GQ,Percentage of GDP,ES10,Public,_T,Total,TP82,Housing,_Z,Not applicable,1980,,,,A,Normal value,0,Units,1,One,_Z,Not applicable,,
DATAFLOW,OECD.ELS.SPD:DSD_SOCX_AGG@DF_SOCX_AGG(1.0),Social expenditure aggregates,I,CZE,Czechia,A,Annual,SOCX,Social expenditure,PT_B1GQ,Percentage of GDP,ES10,Public,_T,Total,TP82,Housing,_Z,Not applicable,1990,,,,L,Missing value; data exist but were not collected,0,Units,1,One,_Z,Not applicable,,
DATAFLOW,OECD.ELS.SPD:DSD_SOCX_AGG@DF_SOCX_AGG(1.0),Social expenditure aggregates,I,CZE,Czechia,A,Annual,SOCX,Social expenditure,PT_B1GQ,Percentage of GDP,ES10,Public,_T,Total,TP82,Housing,_Z,Not applicable,1991,,,,L,Missing value; data exist but were not collected,0,Units,1,One,_Z,Not applicable,,
DATAFLOW,OECD.ELS.SPD:DSD_SOCX_AGG@DF_SOCX_AGG(1.0),Social expenditure aggregates,I,CZE,Czechia,A,Annual,SOCX,Social expenditure,PT_B1GQ,Percentage of GDP,ES10,Public,_T,Total,TP82,Housing,_Z,Not applicable,1992,,,,L,Missing value; data exist but were not collected,0,Units,1,One,_Z,Not applicable,,
DATAFLOW,OECD.ELS.SPD:DSD_SOCX_AGG@DF_SOCX_AGG(1.0),Social expenditure aggregates,I,CZE,Czechia,A,Annual,SOCX,Social expenditure,PT_B1GQ,Percentage of GDP,ES10,Public,_T,Total,TP82,Housing,_Z,Not applicable,1993,,,,L,Missing value; data exist but were not collected,0,Units,1,One,_Z,Not applicable,,
DATAFLOW,OECD.ELS.SPD:DSD_SOCX_AGG@DF_SOCX_AGG(1.0),Social expenditure aggregates,I,ISL,Iceland,A,Annual,SOCX,Social expenditure,PT_B1GQ,Percentage of GDP,ES10,Public,_T,Total,TP82,Housing,_Z,Not applicable,1984,,,,L,Missing value; data exist but were not collected,0,Units,1,One,_Z,Not applicable,,
DATAFLOW,OECD.ELS.SPD:DSD_SOCX_AGG@DF_SOCX_AGG(1.0),Social expenditure aggregates,I,ISL,Iceland,A,Annual,SOCX,Social expenditure,PT_B1GQ,Percentage of GDP,ES10,Public,_T,Total,TP82,Housing,_Z,Not applicable,1983,,,,L,Missing value; data exist but were not collected,0,Units,1,One,_Z,Not applicable,,
DATAFLOW,OECD.ELS.SPD:DSD_SOCX_AGG@DF_SOCX_AGG(1.0),Social expenditure aggregates,I,ISL,Iceland,A,Annual,SOCX,Social expenditure,PT_B1GQ,Percentage of GDP,ES10,Public,_T,Total,TP82,Housing,_Z,Not applicable,1982,,,,L,Missing value; data exist but were not collected,0,Units,1,One,_Z,Not applicable,,
DATAFLOW,OECD.ELS.SPD:DSD_SOCX_AGG@DF_SOCX_AGG(1.0),Social expenditure aggregates,I,ISL,Iceland,A,Annual,SOCX,Social expenditure,PT_B1GQ,Percentage of GDP,ES10,Public,_T,Total,TP82,Housing,_Z,Not applicable,1981,,,,L,Missing value; data exist but were not collected,0,Units,1,One,_Z,Not applicable,,
DATAFLOW,OECD.ELS.SPD:DSD_SOCX_AGG@DF_SOCX_AGG(1.0),Social expenditure aggregates,I,ISL,Iceland,A,Annual,SOCX,Social expenditure,PT_B1GQ,Percentage of GDP,ES10,Public,_T,Total,TP82,Housing,_Z,Not applicable,1980,,,,L,Missing value; data exist but were not collected,0,Units,1,One,_Z,Not applicable,,
DATAFLOW,OECD.ELS.SPD:DSD_SOCX_AGG@DF_SOCX_AGG(1.0),Social expenditure aggregates,I,AUT,Austria,A,Annual,SOCX,Social expenditure,PT_B1GQ,Percentage of GDP,ES10,Public,_T,Total,TP82,Housing,_Z,Not applicable,1981,,,,L,Missing value; data exist but were not collected,0,Units,1,One,_Z,Not applicable,,
DATAFLOW,OECD.ELS.SPD:DSD_SOCX_AGG@DF_SOCX_AGG(1.0),Social expenditure aggregates,I,AUT,Austria,A,Annual,SOCX,Social expenditure,PT_B1GQ,Percentage of GDP,ES10,Public,_T,Total,TP82,Housing,_Z,Not applicable,1982,,,,L,Missing value; data exist but were not collected,0,Units,1,One,_Z,Not applicable,,
DATAFLOW,OECD.ELS.SPD:DSD_SOCX_AGG@DF_SOCX_AGG(1.0),Social expenditure aggregates,I,AUT,Austria,A,Annual,SOCX,Social expenditure,PT_B1GQ,Percentage of GDP,ES10,Public,_T,Total,TP82,Housing,_Z,Not applicable,1983,,,,L,Missing value; data exist but were not collected,0,Units,1,One,_Z,Not applicable,,
DATAFLOW,OECD.ELS.SPD:DSD_SOCX_AGG@DF_SOCX_AGG(1.0),Social expenditure aggregates,I,AUT,Austria,A,Annual,SOCX,Social expenditure,PT_B1GQ,Percentage of GDP,ES10,Public,_T,Total,TP82,Housing,_Z,Not applicable,1984,,,,L,Missing value; data exist but were not collected,0,Units,1,One,_Z,Not applicable,,
DATAFLOW,OECD.ELS.SPD:DSD_SOCX_AGG@DF_SOCX_AGG(1.0),Social expenditure aggregates,I,AUT,Austria,A,Annual,SOCX,Social expenditure,PT_B1GQ,Percentage of GDP,ES10,Public,_T,Total,TP82,Housing,_Z,Not applicable,1986,,,,L,Missing value; data exist but were not collected,0,Units,1,One,_Z,Not applicable,,
DATAFLOW,OECD.ELS.SPD:DSD_SOCX_AGG@DF_SOCX_AGG(1.0),Social expenditure aggregates,I,AUT,Austria,A,Annual,SOCX,Social expenditure,PT_B1GQ,Percentage of GDP,ES10,Public,_T,Total,TP82,Housing,_Z,Not applicable,1987,,,,L,Missing value; data exist but were not collected,0,Units,1,One,_Z,Not applicable,,
DATAFLOW,OECD.ELS.SPD:DSD_SOCX_AGG@DF_SOCX_AGG(1.0),Social expenditure aggregates,I,AUT,Austria,A,Annual,SOCX,Social expenditure,PT_B1GQ,Percentage of GDP,ES10,Public,_T,Total,TP82,Housing,_Z,Not applicable,1988,,,,L,Missing value; data exist but were not collected,0,Units,1,One,_Z,Not applicable,,
DATAFLOW,OECD.ELS.SPD:DSD_SOCX_AGG@DF_SOCX_AGG(1.0),Social expenditure aggregates,I,AUT,Austria,A,Annual,SOCX,Social expenditure,PT_B1GQ,Percentage of GDP,ES10,Public,_T,Total,TP82,Housing,_Z,Not applicable,1989,,,,L,Missing value; data exist but were not collected,0,Units,1,One,_Z,Not applicable,,
DATAFLOW,OECD.ELS.SPD:DSD_SOCX_AGG@DF_SOCX_AGG(1.0),Social expenditure aggregates,I,HUN,Hungary,A,Annual,SOCX,Social expenditure,PT_B1GQ,Percentage of GDP,ES10,Public,_T,Total,TP82,Housing,_Z,Not applicable,1991,,,,L,Missing value; data exist but were not collected,0,Units,1,One,_Z,Not applicable,,
DATAFLOW,OECD.ELS.SPD:DSD_SOCX_AGG@DF_SOCX_AGG(1.0),Social expenditure aggregates,I,HUN,Hungary,A,Annual,SOCX,Social expenditure,PT_B1GQ,Percentage of GDP,ES10,Public,_T,Total,TP82,Housing,_Z,Not applicable,1992,,,,L,Missing value; data exist but were not collected,0,Units,1,One,_Z,Not applicable,,
DATAFLOW,OECD.ELS.SPD:DSD_SOCX_AGG@DF_SOCX_AGG(1.0),Social expenditure aggregates,I,HUN,Hungary,A,Annual,SOCX,Social expenditure,PT_B1GQ,Percentage of GDP,ES10,Public,_T,Total,TP82,Housing,_Z,Not applicable,1993,,,,L,Missing value; data exist but were not collected,0,Units,1,One,_Z,Not applicable,,
DATAFLOW,OECD.ELS.SPD:DSD_SOCX_AGG@DF_SOCX_AGG(1.0),Social expenditure aggregates,I,HUN,Hungary,A,Annual,SOCX,Social expenditure,PT_B1GQ,Percentage of GDP,ES10,Public,_T,Total,TP82,Housing,_Z,Not applicable,1994,,,,L,Missing value; data exist but were not collected,0,Units,1,One,_Z,Not applicable,,
DATAFLOW,OECD.ELS.SPD:DSD_SOCX_AGG@DF_SOCX_AGG(1.0),Social expenditure aggregates,I,HUN,Hungary,A,Annual,SOCX,Social expenditure,PT_B1GQ,Percentage of GDP,ES10,Public,_T,Total,TP82,Housing,_Z,Not applicable,1995,,,,L,Missing value; data exist but were not collected,0,Units,1,One,_Z,Not applicable,,
DATAFLOW,OECD.ELS.SPD:DSD_SOCX_AGG@DF_SOCX_AGG(1.0),Social expenditure aggregates,I,HUN,Hungary,A,Annual,SOCX,Social expenditure,PT_B1GQ,Percentage of GDP,ES10,Public,_T,Total,TP82,Housing,_Z,Not applicable,1996,,,,L,Missing value; data exist but were not collected,0,Units,1,One,_Z,Not applicable,,
DATAFLOW,OECD.ELS.SPD:DSD_SOCX_AGG@DF_SOCX_AGG(1.0),Social expenditure aggregates,I,HUN,Hungary,A,Annual,SOCX,Social expenditure,PT_B1GQ,Percentage of GDP,ES10,Public,_T,Total,TP82,Housing,_Z,Not applicable,1997,,,,L,Missing value; data exist but were not collected,0,Units,1,One,_Z,Not applicable,,
DATAFLOW,OECD.ELS.SPD:DSD_SOCX_AGG@DF_SOCX_AGG(1.0),Social expenditure aggregates,I,HUN,Hungary,A,Annual,SOCX,Social expenditure,PT_B1GQ,Percentage of GDP,ES10,Public,_T,Total,TP82,Housing,_Z,Not applicable,1998,,,,L,Missing value; data exist but were not collected,0,Units,1,One,_Z,Not applicable,,
DATAFLOW,OECD.ELS.SPD:DSD_SOCX_AGG@DF_SOCX_AGG(1.0),Social expenditure aggregates,I,EST,Estonia,A,Annual,SOCX,Social expenditure,PT_B1GQ,Percentage of GDP,ES10,Public,_T,Total,TP82,Housing,_Z,Not applicable,1998,,,,L,Missing value; data exist but were not collected,0,Units,1,One,_Z,Not applicable,,
DATAFLOW,OECD.ELS.SPD:DSD_SOCX_AGG@DF_SOCX_AGG(1.0),Social expenditure aggregates,I,EST,Estonia,A,Annual,SOCX,Social expenditure,PT_B1GQ,Percentage of GDP,ES10,Public,_T,Total,TP82,Housing,_Z,Not applicable,1997,,,,L,Missing value; data exist but were not collected,0,Units,1,One,_Z,Not applicable,,
DATAFLOW,OECD.ELS.SPD:DSD_SOCX_AGG@DF_SOCX_AGG(1.0),Social expenditure aggregates,I,EST,Estonia,A,Annual,SOCX,Social expenditure,PT_B1GQ,Percentage of GDP,ES10,Public,_T,Total,TP82,Housing,_Z,Not applicable,1996,,,,L,Missing value; data exist but were not collected,0,Units,1,One,_Z,Not applicable,,
DATAFLOW,OECD.ELS.SPD:DSD_SOCX_AGG@DF_SOCX_AGG(1.0),Social expenditure aggregates,I,EST,Estonia,A,Annual,SOCX,Social expenditure,PT_B1GQ,Percentage of GDP,ES10,Public,_T,Total,TP82,Housing,_Z,Not applicable,1995,,,,L,Missing value; data exist but were not collected,0,Units,1,One,_Z,Not applicable,,
DATAFLOW,OECD.ELS.SPD:DSD_SOCX_AGG@DF_SOCX_AGG(1.0),Social expenditure aggregates,I,EST,Estonia,A,Annual,SOCX,Social expenditure,PT_B1GQ,Percentage of GDP,ES10,Public,_T,Total,TP82,Housing,_Z,Not applicable,1994,,,,L,Missing value; data exist but were not collected,0,Units,1,One,_Z,Not applicable,,
DATAFLOW,OECD.ELS.SPD:DSD_SOCX_AGG@DF_SOCX_AGG(1.0),Social expenditure aggregates,I,EST,Estonia,A,Annual,SOCX,Social expenditure,PT_B1GQ,Percentage of GDP,ES10,Public,_T,Total,TP82,Housing,_Z,Not applicable,1993,,,,L,Missing value; data exist but were not collected,0,Units,1,One,_Z,Not applicable,,
DATAFLOW,OECD.ELS.SPD:DSD_SOCX_AGG@DF_SOCX_AGG(1.0),Social expenditure aggregates,I,BEL,Belgium,A,Annual,SOCX,Social expenditure,PT_B1GQ,Percentage of GDP,ES10,Public,_T,Total,TP82,Housing,_Z,Not applicable,1980,,,,M,Missing value; data cannot exist,0,Units,1,One,_Z,Not applicable,,
DATAFLOW,OECD.ELS.SPD:DSD_SOCX_AGG@DF_SOCX_AGG(1.0),Social expenditure aggregates,I,BEL,Belgium,A,Annual,SOCX,Social expenditure,PT_B1GQ,Percentage of GDP,ES10,Public,_T,Total,TP82,Housing,_Z,Not applicable,1981,,,,M,Missing value; data cannot exist,0,Units,1,One,_Z,Not applicable,,
DATAFLOW,OECD.ELS.SPD:DSD_SOCX_AGG@DF_SOCX_AGG(1.0),Social expenditure aggregates,I,BEL,Belgium,A,Annual,SOCX,Social expenditure,PT_B1GQ,Percentage of GDP,ES10,Public,_T,Total,TP82,Housing,_Z,Not applicable,1982,,,,M,Missing value; data cannot exist,0,Units,1,One,_Z,Not applicable,,
DATAFLOW,OECD.ELS.SPD:DSD_SOCX_AGG@DF_SOCX_AGG(1.0),Social expenditure aggregates,I,BEL,Belgium,A,Annual,SOCX,Social expenditure,PT_B1GQ,Percentage of GDP,ES10,Public,_T,Total,TP82,Housing,_Z,Not applicable,1983,,,,M,Missing value; data cannot exist,0,Units,1,One,_Z,Not applicable,,
DATAFLOW,OECD.ELS.SPD:DSD_SOCX_AGG@DF_SOCX_AGG(1.0),Social expenditure aggregates,I,BEL,Belgium,A,Annual,SOCX,Social expenditure,PT_B1GQ,Percentage of GDP,ES10,Public,_T,Total,TP82,Housing,_Z,Not applicable,1984,,,,M,Missing value; data cannot exist,0,Units,1,One,_Z,Not applicable,,
DATAFLOW,OECD.ELS.SPD:DSD_SOCX_AGG@DF_SOCX_AGG(1.0),Social expenditure aggregates,I,BEL,Belgium,A,Annual,SOCX,Social expenditure,PT_B1GQ,Percentage of GDP,ES10,Public,_T,Total,TP82,Housing,_Z,Not applicable,1985,,,,M,Missing value; data cannot exist,0,Units,1,One,_Z,Not applicable,,
DATAFLOW,OECD.ELS.SPD:DSD_SOCX_AGG@DF_SOCX_AGG(1.0),Social expenditure aggregates,I,BEL,Belgium,A,Annual,SOCX,Social expenditure,PT_B1GQ,Percentage of GDP,ES10,Public,_T,Total,TP82,Housing,_Z,Not applicable,1986,,,,M,Missing value; data cannot exist,0,Units,1,One,_Z,Not applicable,,
DATAFLOW,OECD.ELS.SPD:DSD_SOCX_AGG@DF_SOCX_AGG(1.0),Social expenditure aggregates,I,BEL,Belgium,A,Annual,SOCX,Social expenditure,PT_B1GQ,Percentage of GDP,ES10,Public,_T,Total,TP82,Housing,_Z,Not applicable,1987,,,,M,Missing value; data cannot exist,0,Units,1,One,_Z,Not applicable,,
DATAFLOW,OECD.ELS.SPD:DSD_SOCX_AGG@DF_SOCX_AGG(1.0),Social expenditure aggregates,I,BEL,Belgium,A,Annual,SOCX,Social expenditure,PT_B1GQ,Percentage of GDP,ES10,Public,_T,Total,TP82,Housing,_Z,Not applicable,1988,,,,M,Missing value; data cannot exist,0,Units,1,One,_Z,Not applicable,,
DATAFLOW,OECD.ELS.SPD:DSD_SOCX_AGG@DF_SOCX_AGG(1.0),Social expenditure aggregates,I,BEL,Belgium,A,Annual,SOCX,Social expenditure,PT_B1GQ,Percentage of GDP,ES10,Public,_T,Total,TP82,Housing,_Z,Not applicable,1989,,,,M,Missing value; data cannot exist,0,Units,1,One,_Z,Not applicable,,
DATAFLOW,OECD.ELS.SPD:DSD_SOCX_AGG@DF_SOCX_AGG(1.0),Social expenditure aggregates,I,BEL,Belgium,A,Annual,SOCX,Social expenditure,PT_B1GQ,Percentage of GDP,ES10,Public,_T,Total,TP82,Housing,_Z,Not applicable,1990,,,,M,Missing value; data cannot exist,0,Units,1,One,_Z,Not applicable,,
DATAFLOW,OECD.ELS.SPD:DSD_SOCX_AGG@DF_SOCX_AGG(1.0),Social expenditure aggregates,I,BEL,Belgium,A,Annual,SOCX,Social expenditure,PT_B1GQ,Percentage of GDP,ES10,Public,_T,Total,TP82,Housing,_Z,Not applicable,1991,,,,M,Missing value; data cannot exist,0,Units,1,One,_Z,Not applicable,,
DATAFLOW,OECD.ELS.SPD:DSD_SOCX_AGG@DF_SOCX_AGG(1.0),Social expenditure aggregates,I,BEL,Belgium,A,Annual,SOCX,Social expenditure,PT_B1GQ,Percentage of GDP,ES10,Public,_T,Total,TP82,Housing,_Z,Not applicable,1992,,,,M,Missing value; data cannot exist,0,Units,1,One,_Z,Not applicable,,
DATAFLOW,OECD.ELS.SPD:DSD_SOCX_AGG@DF_SOCX_AGG(1.0),Social expenditure aggregates,I,BEL,Belgium,A,Annual,SOCX,Social expenditure,PT_B1GQ,Percentage of GDP,ES10,Public,_T,Total,TP82,Housing,_Z,Not applicable,1993,,,,M,Missing value; data cannot exist,0,Units,1,One,_Z,Not applicable,,
DATAFLOW,OECD.ELS.SPD:DSD_SOCX_AGG@DF_SOCX_AGG(1.0),Social expenditure aggregates,I,BEL,Belgium,A,Annual,SOCX,Social expenditure,PT_B1GQ,Percentage of GDP,ES10,Public,_T,Total,TP82,Housing,_Z,Not applicable,1994,,,,M,Missing value; data cannot exist,0,Units,1,One,_Z,Not applicable,,
DATAFLOW,OECD.ELS.SPD:DSD_SOCX_AGG@DF_SOCX_AGG(1.0),Social expenditure aggregates,I,BEL,Belgium,A,Annual,SOCX,Social expenditure,PT_B1GQ,Percentage of GDP,ES10,Public,_T,Total,TP82,Housing,_Z,Not applicable,1995,,,,M,Missing value; data cannot exist,0,Units,1,One,_Z,Not applicable,,
DATAFLOW,OECD.ELS.SPD:DSD_SOCX_AGG@DF_SOCX_AGG(1.0),Social expenditure aggregates,I,BEL,Belgium,A,Annual,SOCX,Social expenditure,PT_B1GQ,Percentage of GDP,ES10,Public,_T,Total,TP82,Housing,_Z,Not applicable,1996,,,,M,Missing value; data cannot exist,0,Units,1,One,_Z,Not applicable,,
DATAFLOW,OECD.ELS.SPD:DSD_SOCX_AGG@DF_SOCX_AGG(1.0),Social expenditure aggregates,I,BEL,Belgium,A,Annual,SOCX,Social expenditure,PT_B1GQ,Percentage of GDP,ES10,Public,_T,Total,TP82,Housing,_Z,Not applicable,1997,,,,M,Missing value; data cannot exist,0,Units,1,One,_Z,Not applicable,,
DATAFLOW,OECD.ELS.SPD:DSD_SOCX_AGG@DF_SOCX_AGG(1.0),Social expenditure aggregates,I,BEL,Belgium,A,Annual,SOCX,Social expenditure,PT_B1GQ,Percentage of GDP,ES10,Public,_T,Total,TP82,Housing,_Z,Not applicable,1998,,,,M,Missing value; data cannot exist,0,Units,1,One,_Z,Not applicable,,
DATAFLOW,OECD.ELS.SPD:DSD_SOCX_AGG@DF_SOCX_AGG(1.0),Social expenditure aggregates,I,BEL,Belgium,A,Annual,SOCX,Social expenditure,PT_B1GQ,Percentage of GDP,ES10,Public,_T,Total,TP82,Housing,_Z,Not applicable,1999,,,,M,Missing value; data cannot exist,0,Units,1,One,_Z,Not applicable,,
DATAFLOW,OECD.ELS.SPD:DSD_SOCX_AGG@DF_SOCX_AGG(1.0),Social expenditure aggregates,I,CRI,Costa Rica,A,Annual,SOCX,Social expenditure,PT_B1GQ,Percentage of GDP,ES10,Public,_T,Total,TP82,Housing,_Z,Not applicable,1991,,,,L,Missing value; data exist but were not collected,0,Units,1,One,_Z,Not applicable,,
DATAFLOW,OECD.ELS.SPD:DSD_SOCX_AGG@DF_SOCX_AGG(1.0),Social expenditure aggregates,I,CRI,Costa Rica,A,Annual,SOCX,Social expenditure,PT_B1GQ,Percentage of GDP,ES10,Public,_T,Total,TP82,Housing,_Z,Not applicable,1992,,,,L,Missing value; data exist but were not collected,0,Units,1,One,_Z,Not applicable,,
DATAFLOW,OECD.ELS.SPD:DSD_SOCX_AGG@DF_SOCX_AGG(1.0),Social expenditure aggregates,I,CRI,Costa Rica,A,Annual,SOCX,Social expenditure,PT_B1GQ,Percentage of GDP,ES10,Public,_T,Total,TP82,Housing,_Z,Not applicable,1993,,,,L,Missing value; data exist but were not collected,0,Units,1,One,_Z,Not applicable,,
DATAFLOW,OECD.ELS.SPD:DSD_SOCX_AGG@DF_SOCX_AGG(1.0),Social expenditure aggregates,I,CRI,Costa Rica,A,Annual,SOCX,Social expenditure,PT_B1GQ,Percentage of GDP,ES10,Public,_T,Total,TP82,Housing,_Z,Not applicable,1994,,,,L,Missing value; data exist but were not collected,0,Units,1,One,_Z,Not applicable,,
DATAFLOW,OECD.ELS.SPD:DSD_SOCX_AGG@DF_SOCX_AGG(1.0),Social expenditure aggregates,I,CRI,Costa Rica,A,Annual,SOCX,Social expenditure,PT_B1GQ,Percentage of GDP,ES10,Public,_T,Total,TP82,Housing,_Z,Not applicable,1995,,,,L,Missing value; data exist but were not collected,0,Units,1,One,_Z,Not applicable,,
DATAFLOW,OECD.ELS.SPD:DSD_SOCX_AGG@DF_SOCX_AGG(1.0),Social expenditure aggregates,I,CRI,Costa Rica,A,Annual,SOCX,Social expenditure,PT_B1GQ,Percentage of GDP,ES10,Public,_T,Total,TP82,Housing,_Z,Not applicable,1996,,,,L,Missing value; data exist but were not collected,0,Units,1,One,_Z,Not applicable,,
DATAFLOW,OECD.ELS.SPD:DSD_SOCX_AGG@DF_SOCX_AGG(1.0),Social expenditure aggregates,I,CRI,Costa Rica,A,Annual,SOCX,Social expenditure,PT_B1GQ,Percentage of GDP,ES10,Public,_T,Total,TP82,Housing,_Z,Not applicable,1997,,,,L,Missing value; data exist but were not collected,0,Units,1,One,_Z,Not applicable,,
DATAFLOW,OECD.ELS.SPD:DSD_SOCX_AGG@DF_SOCX_AGG(1.0),Social expenditure aggregates,I,CRI,Costa Rica,A,Annual,SOCX,Social expenditure,PT_B1GQ,Percentage of GDP,ES10,Public,_T,Total,TP82,Housing,_Z,Not applicable,1998,,,,L,Missing value; data exist but were not collected,0,Units,1,One,_Z,Not applicable,,
DATAFLOW,OECD.ELS.SPD:DSD_SOCX_AGG@DF_SOCX_AGG(1.0),Social expenditure aggregates,I,CRI,Costa Rica,A,Annual,SOCX,Social expenditure,PT_B1GQ,Percentage of GDP,ES10,Public,_T,Total,TP82,Housing,_Z,Not applicable,1999,,,,L,Missing value; data exist but were not collected,0,Units,1,One,_Z,Not applicable,,
DATAFLOW,OECD.ELS.SPD:DSD_SOCX_AGG@DF_SOCX_AGG(1.0),Social expenditure aggregates,I,CRI,Costa Rica,A,Annual,SOCX,Social expenditure,PT_B1GQ,Percentage of GDP,ES10,Public,_T,Total,TP82,Housing,_Z,Not applicable,2000,,,,L,Missing value; data exist but were not collected,0,Units,1,One,_Z,Not applicable,,
DATAFLOW,OECD.ELS.SPD:DSD_SOCX_AGG@DF_SOCX_AGG(1.0),Social expenditure aggregates,I,CRI,Costa Rica,A,Annual,SOCX,Social expenditure,PT_B1GQ,Percentage of GDP,ES10,Public,_T,Total,TP82,Housing,_Z,Not applicable,2001,,,,L,Missing value; data exist but were not collected,0,Units,1,One,_Z,Not applicable,,
DATAFLOW,OECD.ELS.SPD:DSD_SOCX_AGG@DF_SOCX_AGG(1.0),Social expenditure aggregates,I,CRI,Costa Rica,A,Annual,SOCX,Social expenditure,PT_B1GQ,Percentage of GDP,ES10,Public,_T,Total,TP82,Housing,_Z,Not applicable,2002,,,,L,Missing value; data exist but were not collected,0,Units,1,One,_Z,Not applicable,,
DATAFLOW,OECD.ELS.SPD:DSD_SOCX_AGG@DF_SOCX_AGG(1.0),Social expenditure aggregates,I,CRI,Costa Rica,A,Annual,SOCX,Social expenditure,PT_B1GQ,Percentage of GDP,ES10,Public,_T,Total,TP82,Housing,_Z,Not applicable,2003,,,,L,Missing value; data exist but were not collected,0,Units,1,One,_Z,Not applicable,,
DATAFLOW,OECD.ELS.SPD:DSD_SOCX_AGG@DF_SOCX_AGG(1.0),Social expenditure aggregates,I,CRI,Costa Rica,A,Annual,SOCX,Social expenditure,PT_B1GQ,Percentage of GDP,ES10,Public,_T,Total,TP82,Housing,_Z,Not applicable,2004,,,,L,Missing value; data exist but were not collected,0,Units,1,One,_Z,Not applicable,,
DATAFLOW,OECD.ELS.SPD:DSD_SOCX_AGG@DF_SOCX_AGG(1.0),Social expenditure aggregates,I,CRI,Costa Rica,A,Annual,SOCX,Social expenditure,PT_B1GQ,Percentage of GDP,ES10,Public,_T,Total,TP82,Housing,_Z,Not applicable,2005,,,,L,Missing value; data exist but were not collected,0,Units,1,One,_Z,Not applicable,,
DATAFLOW,OECD.ELS.SPD:DSD_SOCX_AGG@DF_SOCX_AGG(1.0),Social expenditure aggregates,I,CRI,Costa Rica,A,Annual,SOCX,Social expenditure,PT_B1GQ,Percentage of GDP,ES10,Public,_T,Total,TP82,Housing,_Z,Not applicable,2006,,,,L,Missing value; data exist but were not collected,0,Units,1,One,_Z,Not applicable,,
DATAFLOW,OECD.ELS.SPD:DSD_SOCX_AGG@DF_SOCX_AGG(1.0),Social expenditure aggregates,I,CRI,Costa Rica,A,Annual,SOCX,Social expenditure,PT_B1GQ,Percentage of GDP,ES10,Public,_T,Total,TP82,Housing,_Z,Not applicable,2007,,,,L,Missing value; data exist but were not collected,0,Units,1,One,_Z,Not applicable,,
DATAFLOW,OECD.ELS.SPD:DSD_SOCX_AGG@DF_SOCX_AGG(1.0),Social expenditure aggregates,I,CRI,Costa Rica,A,Annual,SOCX,Social expenditure,PT_B1GQ,Percentage of GDP,ES10,Public,_T,Total,TP82,Housing,_Z,Not applicable,2008,,,,L,Missing value; data exist but were not collected,0,Units,1,One,_Z,Not applicable,,
DATAFLOW,OECD.ELS.SPD:DSD_SOCX_AGG@DF_SOCX_AGG(1.0),Social expenditure aggregates,I,CRI,Costa Rica,A,Annual,SOCX,Social expenditure,PT_B1GQ,Percentage of GDP,ES10,Public,_T,Total,TP82,Housing,_Z,Not applicable,2009,,,,L,Missing value; data exist but were not collected,0,Units,1,One,_Z,Not applicable,,
DATAFLOW,OECD.ELS.SPD:DSD_SOCX_AGG@DF_SOCX_AGG(1.0),Social expenditure aggregates,I,CRI,Costa Rica,A,Annual,SOCX,Social expenditure,PT_B1GQ,Percentage of GDP,ES10,Public,_T,Total,TP82,Housing,_Z,Not applicable,2010,,,,L,Missing value; data exist but were not collected,0,Units,1,One,_Z,Not applicable,,
DATAFLOW,OECD.ELS.SPD:DSD_SOCX_AGG@DF_SOCX_AGG(1.0),Social expenditure aggregates,I,COL,Colombia,A,Annual,SOCX,Social expenditure,PT_B1GQ,Percentage of GDP,ES10,Public,_T,Total,TP82,Housing,_Z,Not applicable,1980,,,,L,Missing value; data exist but were not collected,0,Units,1,One,_Z,Not applicable,,
DATAFLOW,OECD.ELS.SPD:DSD_SOCX_AGG@DF_SOCX_AGG(1.0),Social expenditure aggregates,I,COL,Colombia,A,Annual,SOCX,Social expenditure,PT_B1GQ,Percentage of GDP,ES10,Public,_T,Total,TP82,Housing,_Z,Not applicable,1981,,,,L,Missing value; data exist but were not collected,0,Units,1,One,_Z,Not applicable,,
DATAFLOW,OECD.ELS.SPD:DSD_SOCX_AGG@DF_SOCX_AGG(1.0),Social expenditure aggregates,I,COL,Colombia,A,Annual,SOCX,Social expenditure,PT_B1GQ,Percentage of GDP,ES10,Public,_T,Total,TP82,Housing,_Z,Not applicable,1982,,,,L,Missing value; data exist but were not collected,0,Units,1,One,_Z,Not applicable,,
DATAFLOW,OECD.ELS.SPD:DSD_SOCX_AGG@DF_SOCX_AGG(1.0),Social expenditure aggregates,I,COL,Colombia,A,Annual,SOCX,Social expenditure,PT_B1GQ,Percentage of GDP,ES10,Public,_T,Total,TP82,Housing,_Z,Not applicable,1983,,,,L,Missing value; data exist but were not collected,0,Units,1,One,_Z,Not applicable,,
DATAFLOW,OECD.ELS.SPD:DSD_SOCX_AGG@DF_SOCX_AGG(1.0),Social expenditure aggregates,I,COL,Colombia,A,Annual,SOCX,Social expenditure,PT_B1GQ,Percentage of GDP,ES10,Public,_T,Total,TP82,Housing,_Z,Not applicable,1984,,,,L,Missing value; data exist but were not collected,0,Units,1,One,_Z,Not applicable,,
DATAFLOW,OECD.ELS.SPD:DSD_SOCX_AGG@DF_SOCX_AGG(1.0),Social expenditure aggregates,I,COL,Colombia,A,Annual,SOCX,Social expenditure,PT_B1GQ,Percentage of GDP,ES10,Public,_T,Total,TP82,Housing,_Z,Not applicable,1985,,,,L,Missing value; data exist but were not collected,0,Units,1,One,_Z,Not applicable,,
DATAFLOW,OECD.ELS.SPD:DSD_SOCX_AGG@DF_SOCX_AGG(1.0),Social expenditure aggregates,I,COL,Colombia,A,Annual,SOCX,Social expenditure,PT_B1GQ,Percentage of GDP,ES10,Public,_T,Total,TP82,Housing,_Z,Not applicable,1986,,,,L,Missing value; data exist but were not collected,0,Units,1,One,_Z,Not applicable,,
DATAFLOW,OECD.ELS.SPD:DSD_SOCX_AGG@DF_SOCX_AGG(1.0),Social expenditure aggregates,I,COL,Colombia,A,Annual,SOCX,Social expenditure,PT_B1GQ,Percentage of GDP,ES10,Public,_T,Total,TP82,Housing,_Z,Not applicable,1987,,,,L,Missing value; data exist but were not collected,0,Units,1,One,_Z,Not applicable,,
DATAFLOW,OECD.ELS.SPD:DSD_SOCX_AGG@DF_SOCX_AGG(1.0),Social expenditure aggregates,I,COL,Colombia,A,Annual,SOCX,Social expenditure,PT_B1GQ,Percentage of GDP,ES10,Public,_T,Total,TP82,Housing,_Z,Not applicable,1988,,,,L,Missing value; data exist but were not collected,0,Units,1,One,_Z,Not applicable,,
DATAFLOW,OECD.ELS.SPD:DSD_SOCX_AGG@DF_SOCX_AGG(1.0),Social expenditure aggregates,I,COL,Colombia,A,Annual,SOCX,Social expenditure,PT_B1GQ,Percentage of GDP,ES10,Public,_T,Total,TP82,Housing,_Z,Not applicable,1989,,,,L,Missing value; data exist but were not collected,0,Units,1,One,_Z,Not applicable,,
DATAFLOW,OECD.ELS.SPD:DSD_SOCX_AGG@DF_SOCX_AGG(1.0),Social expenditure aggregates,I,COL,Colombia,A,Annual,SOCX,Social expenditure,PT_B1GQ,Percentage of GDP,ES10,Public,_T,Total,TP82,Housing,_Z,Not applicable,1990,,,,L,Missing value; data exist but were not collected,0,Units,1,One,_Z,Not applicable,,
DATAFLOW,OECD.ELS.SPD:DSD_SOCX_AGG@DF_SOCX_AGG(1.0),Social expenditure aggregates,I,COL,Colombia,A,Annual,SOCX,Social expenditure,PT_B1GQ,Percentage of GDP,ES10,Public,_T,Total,TP82,Housing,_Z,Not applicable,1991,,,,L,Missing value; data exist but were not collected,0,Units,1,One,_Z,Not applicable,,
DATAFLOW,OECD.ELS.SPD:DSD_SOCX_AGG@DF_SOCX_AGG(1.0),Social expenditure aggregates,I,COL,Colombia,A,Annual,SOCX,Social expenditure,PT_B1GQ,Percentage of GDP,ES10,Public,_T,Total,TP82,Housing,_Z,Not applicable,1992,,,,L,Missing value; data exist but were not collected,0,Units,1,One,_Z,Not applicable,,
DATAFLOW,OECD.ELS.SPD:DSD_SOCX_AGG@DF_SOCX_AGG(1.0),Social expenditure aggregates,I,COL,Colombia,A,Annual,SOCX,Social expenditure,PT_B1GQ,Percentage of GDP,ES10,Public,_T,Total,TP82,Housing,_Z,Not applicable,1993,,,,L,Missing value; data exist but were not collected,0,Units,1,One,_Z,Not applicable,,
DATAFLOW,OECD.ELS.SPD:DSD_SOCX_AGG@DF_SOCX_AGG(1.0),Social expenditure aggregates,I,COL,Colombia,A,Annual,SOCX,Social expenditure,PT_B1GQ,Percentage of GDP,ES10,Public,_T,Total,TP82,Housing,_Z,Not applicable,1994,,,,L,Missing value; data exist but were not collected,0,Units,1,One,_Z,Not applicable,,
DATAFLOW,OECD.ELS.SPD:DSD_SOCX_AGG@DF_SOCX_AGG(1.0),Social expenditure aggregates,I,COL,Colombia,A,Annual,SOCX,Social expenditure,PT_B1GQ,Percentage of GDP,ES10,Public,_T,Total,TP82,Housing,_Z,Not applicable,1995,,,,L,Missing value; data exist but were not collected,0,Units,1,One,_Z,Not applicable,,
DATAFLOW,OECD.ELS.SPD:DSD_SOCX_AGG@DF_SOCX_AGG(1.0),Social expenditure aggregates,I,COL,Colombia,A,Annual,SOCX,Social expenditure,PT_B1GQ,Percentage of GDP,ES10,Public,_T,Total,TP82,Housing,_Z,Not applicable,1996,,,,L,Missing value; data exist but were not collected,0,Units,1,One,_Z,Not applicable,,
DATAFLOW,OECD.ELS.SPD:DSD_SOCX_AGG@DF_SOCX_AGG(1.0),Social expenditure aggregates,I,COL,Colombia,A,Annual,SOCX,Social expenditure,PT_B1GQ,Percentage of GDP,ES10,Public,_T,Total,TP82,Housing,_Z,Not applicable,1997,,,,L,Missing value; data exist but were not collected,0,Units,1,One,_Z,Not applicable,,
DATAFLOW,OECD.ELS.SPD:DSD_SOCX_AGG@DF_SOCX_AGG(1.0),Social expenditure aggregates,I,COL,Colombia,A,Annual,SOCX,Social expenditure,PT_B1GQ,Percentage of GDP,ES10,Public,_T,Total,TP82,Housing,_Z,Not applicable,1998,,,,L,Missing value; data exist but were not collected,0,Units,1,One,_Z,Not applicable,,
DATAFLOW,OECD.ELS.SPD:DSD_SOCX_AGG@DF_SOCX_AGG(1.0),Social expenditure aggregates,I,COL,Colombia,A,Annual,SOCX,Social expenditure,PT_B1GQ,Percentage of GDP,ES10,Public,_T,Total,TP82,Housing,_Z,Not applicable,1999,,,,L,Missing value; data exist but were not collected,0,Units,1,One,_Z,Not applicable,,
DATAFLOW,OECD.ELS.SPD:DSD_SOCX_AGG@DF_SOCX_AGG(1.0),Social expenditure aggregates,I,COL,Colombia,A,Annual,SOCX,Social expenditure,PT_B1GQ,Percentage of GDP,ES10,Public,_T,Total,TP82,Housing,_Z,Not applicable,2000,,,,L,Missing value; data exist but were not collected,0,Units,1,One,_Z,Not applicable,,
DATAFLOW,OECD.ELS.SPD:DSD_SOCX_AGG@DF_SOCX_AGG(1.0),Social expenditure aggregates,I,COL,Colombia,A,Annual,SOCX,Social expenditure,PT_B1GQ,Percentage of GDP,ES10,Public,_T,Total,TP82,Housing,_Z,Not applicable,2001,,,,L,Missing value; data exist but were not collected,0,Units,1,One,_Z,Not applicable,,
DATAFLOW,OECD.ELS.SPD:DSD_SOCX_AGG@DF_SOCX_AGG(1.0),Social expenditure aggregates,I,COL,Colombia,A,Annual,SOCX,Social expenditure,PT_B1GQ,Percentage of GDP,ES10,Public,_T,Total,TP82,Housing,_Z,Not applicable,2002,,,,L,Missing value; data exist but were not collected,0,Units,1,One,_Z,Not applicable,,
DATAFLOW,OECD.ELS.SPD:DSD_SOCX_AGG@DF_SOCX_AGG(1.0),Social expenditure aggregates,I,COL,Colombia,A,Annual,SOCX,Social expenditure,PT_B1GQ,Percentage of GDP,ES10,Public,_T,Total,TP82,Housing,_Z,Not applicable,2003,,,,L,Missing value; data exist but were not collected,0,Units,1,One,_Z,Not applicable,,
DATAFLOW,OECD.ELS.SPD:DSD_SOCX_AGG@DF_SOCX_AGG(1.0),Social expenditure aggregates,I,COL,Colombia,A,Annual,SOCX,Social expenditure,PT_B1GQ,Percentage of GDP,ES10,Public,_T,Total,TP82,Housing,_Z,Not applicable,2004,,,,L,Missing value; data exist but were not collected,0,Units,1,One,_Z,Not applicable,,
DATAFLOW,OECD.ELS.SPD:DSD_SOCX_AGG@DF_SOCX_AGG(1.0),Social expenditure aggregates,I,COL,Colombia,A,Annual,SOCX,Social expenditure,PT_B1GQ,Percentage of GDP,ES10,Public,_T,Total,TP82,Housing,_Z,Not applicable,2005,,,,L,Missing value; data exist but were not collected,0,Units,1,One,_Z,Not applicable,,
DATAFLOW,OECD.ELS.SPD:DSD_SOCX_AGG@DF_SOCX_AGG(1.0),Social expenditure aggregates,I,COL,Colombia,A,Annual,SOCX,Social expenditure,PT_B1GQ,Percentage of GDP,ES10,Public,_T,Total,TP82,Housing,_Z,Not applicable,2006,,,,L,Missing value; data exist but were not collected,0,Units,1,One,_Z,Not applicable,,
DATAFLOW,OECD.ELS.SPD:DSD_SOCX_AGG@DF_SOCX_AGG(1.0),Social expenditure aggregates,I,COL,Colombia,A,Annual,SOCX,Social expenditure,PT_B1GQ,Percentage of GDP,ES10,Public,_T,Total,TP82,Housing,_Z,Not applicable,2007,,,,L,Missing value; data exist but were not collected,0,Units,1,One,_Z,Not applicable,,
DATAFLOW,OECD.ELS.SPD:DSD_SOCX_AGG@DF_SOCX_AGG(1.0),Social expenditure aggregates,I,COL,Colombia,A,Annual,SOCX,Social expenditure,PT_B1GQ,Percentage of GDP,ES10,Public,_T,Total,TP82,Housing,_Z,Not applicable,2008,,,,L,Missing value; data exist but were not collected,0,Units,1,One,_Z,Not applicable,,
DATAFLOW,OECD.ELS.SPD:DSD_SOCX_AGG@DF_SOCX_AGG(1.0),Social expenditure aggregates,I,COL,Colombia,A,Annual,SOCX,Social expenditure,PT_B1GQ,Percentage of GDP,ES10,Public,_T,Total,TP82,Housing,_Z,Not applicable,2009,,,,L,Missing value; data exist but were not collected,0,Units,1,One,_Z,Not applicable,,
DATAFLOW,OECD.ELS.SPD:DSD_SOCX_AGG@DF_SOCX_AGG(1.0),Social expenditure aggregates,I,FIN,Finland,A,Annual,SOCX,Social expenditure,PT_B1GQ,Percentage of GDP,ES10,Public,_T,Total,TP82,Housing,_Z,Not applicable,1980,,0.204,,A,Normal value,0,Units,1,One,_Z,Not applicable,,
DATAFLOW,OECD.ELS.SPD:DSD_SOCX_AGG@DF_SOCX_AGG(1.0),Social expenditure aggregates,I,FIN,Finland,A,Annual,SOCX,Social expenditure,PT_B1GQ,Percentage of GDP,ES10,Public,_T,Total,TP82,Housing,_Z,Not applicable,1981,,0.203,,A,Normal value,0,Units,1,One,_Z,Not applicable,,
DATAFLOW,OECD.ELS.SPD:DSD_SOCX_AGG@DF_SOCX_AGG(1.0),Social expenditure aggregates,I,FIN,Finland,A,Annual,SOCX,Social expenditure,PT_B1GQ,Percentage of GDP,ES10,Public,_T,Total,TP82,Housing,_Z,Not applicable,1982,,0.21,,A,Normal value,0,Units,1,One,_Z,Not applicable,,
DATAFLOW,OECD.ELS.SPD:DSD_SOCX_AGG@DF_SOCX_AGG(1.0),Social expenditure aggregates,I,FIN,Finland,A,Annual,SOCX,Social expenditure,PT_B1GQ,Percentage of GDP,ES10,Public,_T,Total,TP82,Housing,_Z,Not applicable,1983,,0.204,,A,Normal value,0,Units,1,One,_Z,Not applicable,,
DATAFLOW,OECD.ELS.SPD:DSD_SOCX_AGG@DF_SOCX_AGG(1.0),Social expenditure aggregates,I,FIN,Finland,A,Annual,SOCX,Social expenditure,PT_B1GQ,Percentage of GDP,ES10,Public,_T,Total,TP82,Housing,_Z,Not applicable,1984,,0.184,,A,Normal value,0,Units,1,One,_Z,Not applicable,,
DATAFLOW,OECD.ELS.SPD:DSD_SOCX_AGG@DF_SOCX_AGG(1.0),Social expenditure aggregates,I,FIN,Finland,A,Annual,SOCX,Social expenditure,PT_B1GQ,Percentage of GDP,ES10,Public,_T,Total,TP82,Housing,_Z,Not applicable,1985,,0.171,,A,Normal value,0,Units,1,One,_Z,Not applicable,,
DATAFLOW,OECD.ELS.SPD:DSD_SOCX_AGG@DF_SOCX_AGG(1.0),Social expenditure aggregates,I,FIN,Finland,A,Annual,SOCX,Social expenditure,PT_B1GQ,Percentage of GDP,ES10,Public,_T,Total,TP82,Housing,_Z,Not applicable,1986,,0.159,,A,Normal value,0,Units,1,One,_Z,Not applicable,,
DATAFLOW,OECD.ELS.SPD:DSD_SOCX_AGG@DF_SOCX_AGG(1.0),Social expenditure aggregates,I,FIN,Finland,A,Annual,SOCX,Social expenditure,PT_B1GQ,Percentage of GDP,ES10,Public,_T,Total,TP82,Housing,_Z,Not applicable,1987,,0.134,,A,Normal value,0,Units,1,One,_Z,Not applicable,,
DATAFLOW,OECD.ELS.SPD:DSD_SOCX_AGG@DF_SOCX_AGG(1.0),Social expenditure aggregates,I,FIN,Finland,A,Annual,SOCX,Social expenditure,PT_B1GQ,Percentage of GDP,ES10,Public,_T,Total,TP82,Housing,_Z,Not applicable,1988,,0.15,,A,Normal value,0,Units,1,One,_Z,Not applicable,,
DATAFLOW,OECD.ELS.SPD:DSD_SOCX_AGG@DF_SOCX_AGG(1.0),Social expenditure aggregates,I,FIN,Finland,A,Annual,SOCX,Social expenditure,PT_B1GQ,Percentage of GDP,ES10,Public,_T,Total,TP82,Housing,_Z,Not applicable,1989,,0.163,,A,Normal value,0,Units,1,One,_Z,Not applicable,,
DATAFLOW,OECD.ELS.SPD:DSD_SOCX_AGG@DF_SOCX_AGG(1.0),Social expenditure aggregates,I,FIN,Finland,A,Annual,SOCX,Social expenditure,PT_B1GQ,Percentage of GDP,ES10,Public,_T,Total,TP82,Housing,_Z,Not applicable,1990,,0.177,,A,Normal value,0,Units,1,One,_Z,Not applicable,,
DATAFLOW,OECD.ELS.SPD:DSD_SOCX_AGG@DF_SOCX_AGG(1.0),Social expenditure aggregates,I,FIN,Finland,A,Annual,SOCX,Social expenditure,PT_B1GQ,Percentage of GDP,ES10,Public,_T,Total,TP82,Housing,_Z,Not applicable,1991,,0.248,,A,Normal value,0,Units,1,One,_Z,Not applicable,,
DATAFLOW,OECD.ELS.SPD:DSD_SOCX_AGG@DF_SOCX_AGG(1.0),Social expenditure aggregates,I,FIN,Finland,A,Annual,SOCX,Social expenditure,PT_B1GQ,Percentage of GDP,ES10,Public,_T,Total,TP82,Housing,_Z,Not applicable,1992,,0.371,,A,Normal value,0,Units,1,One,_Z,Not applicable,,
DATAFLOW,OECD.ELS.SPD:DSD_SOCX_AGG@DF_SOCX_AGG(1.0),Social expenditure aggregates,I,FIN,Finland,A,Annual,SOCX,Social expenditure,PT_B1GQ,Percentage of GDP,ES10,Public,_T,Total,TP82,Housing,_Z,Not applicable,1993,,0.373,,A,Normal value,0,Units,1,One,_Z,Not applicable,,
DATAFLOW,OECD.ELS.SPD:DSD_SOCX_AGG@DF_SOCX_AGG(1.0),Social expenditure aggregates,I,FIN,Finland,A,Annual,SOCX,Social expenditure,PT_B1GQ,Percentage of GDP,ES10,Public,_T,Total,TP82,Housing,_Z,Not applicable,1994,,0.453,,A,Normal value,0,Units,1,One,_Z,Not applicable,,
DATAFLOW,OECD.ELS.SPD:DSD_SOCX_AGG@DF_SOCX_AGG(1.0),Social expenditure aggregates,I,FIN,Finland,A,Annual,SOCX,Social expenditure,PT_B1GQ,Percentage of GDP,ES10,Public,_T,Total,TP82,Housing,_Z,Not applicable,1995,,0.448,,A,Normal value,0,Units,1,One,_Z,Not applicable,,
DATAFLOW,OECD.ELS.SPD:DSD_SOCX_AGG@DF_SOCX_AGG(1.0),Social expenditure aggregates,I,FIN,Finland,A,Annual,SOCX,Social expenditure,PT_B1GQ,Percentage of GDP,ES10,Public,_T,Total,TP82,Housing,_Z,Not applicable,1996,,0.379,,A,Normal value,0,Units,1,One,_Z,Not applicable,,
DATAFLOW,OECD.ELS.SPD:DSD_SOCX_AGG@DF_SOCX_AGG(1.0),Social expenditure aggregates,I,FIN,Finland,A,Annual,SOCX,Social expenditure,PT_B1GQ,Percentage of GDP,ES10,Public,_T,Total,TP82,Housing,_Z,Not applicable,1997,,0.329,,A,Normal value,0,Units,1,One,_Z,Not applicable,,
DATAFLOW,OECD.ELS.SPD:DSD_SOCX_AGG@DF_SOCX_AGG(1.0),Social expenditure aggregates,I,FIN,Finland,A,Annual,SOCX,Social expenditure,PT_B1GQ,Percentage of GDP,ES10,Public,_T,Total,TP82,Housing,_Z,Not applicable,1998,,0.365,,A,Normal value,0,Units,1,One,_Z,Not applicable,,
DATAFLOW,OECD.ELS.SPD:DSD_SOCX_AGG@DF_SOCX_AGG(1.0),Social expenditure aggregates,I,FIN,Finland,A,Annual,SOCX,Social expenditure,PT_B1GQ,Percentage of GDP,ES10,Public,_T,Total,TP82,Housing,_Z,Not applicable,1999,,0.392,,A,Normal value,0,Units,1,One,_Z,Not applicable,,
DATAFLOW,OECD.ELS.SPD:DSD_SOCX_AGG@DF_SOCX_AGG(1.0),Social expenditure aggregates,I,FIN,Finland,A,Annual,SOCX,Social expenditure,PT_B1GQ,Percentage of GDP,ES10,Public,_T,Total,TP82,Housing,_Z,Not applicable,2000,,0.343,,A,Normal value,0,Units,1,One,_Z,Not applicable,,
DATAFLOW,OECD.ELS.SPD:DSD_SOCX_AGG@DF_SOCX_AGG(1.0),Social expenditure aggregates,I,FIN,Finland,A,Annual,SOCX,Social expenditure,PT_B1GQ,Percentage of GDP,ES10,Public,_T,Total,TP82,Housing,_Z,Not applicable,2001,,0.277,,A,Normal value,0,Units,1,One,_Z,Not applicable,,
DATAFLOW,OECD.ELS.SPD:DSD_SOCX_AGG@DF_SOCX_AGG(1.0),Social expenditure aggregates,I,FIN,Finland,A,Annual,SOCX,Social expenditure,PT_B1GQ,Percentage of GDP,ES10,Public,_T,Total,TP82,Housing,_Z,Not applicable,2002,,0.278,,A,Normal value,0,Units,1,One,_Z,Not applicable,,
DATAFLOW,OECD.ELS.SPD:DSD_SOCX_AGG@DF_SOCX_AGG(1.0),Social expenditure aggregates,I,FIN,Finland,A,Annual,SOCX,Social expenditure,PT_B1GQ,Percentage of GDP,ES10,Public,_T,Total,TP82,Housing,_Z,Not applicable,2003,,0.283,,A,Normal value,0,Units,1,One,_Z,Not applicable,,
DATAFLOW,OECD.ELS.SPD:DSD_SOCX_AGG@DF_SOCX_AGG(1.0),Social expenditure aggregates,I,FIN,Finland,A,Annual,SOCX,Social expenditure,PT_B1GQ,Percentage of GDP,ES10,Public,_T,Total,TP82,Housing,_Z,Not applicable,2004,,0.275,,A,Normal value,0,Units,1,One,_Z,Not applicable,,
DATAFLOW,OECD.ELS.SPD:DSD_SOCX_AGG@DF_SOCX_AGG(1.0),Social expenditure aggregates,I,FIN,Finland,A,Annual,SOCX,Social expenditure,PT_B1GQ,Percentage of GDP,ES10,Public,_T,Total,TP82,Housing,_Z,Not applicable,2005,,0.265,,A,Normal value,0,Units,1,One,_Z,Not applicable,,
DATAFLOW,OECD.ELS.SPD:DSD_SOCX_AGG@DF_SOCX_AGG(1.0),Social expenditure aggregates,I,FIN,Finland,A,Annual,SOCX,Social expenditure,PT_B1GQ,Percentage of GDP,ES10,Public,_T,Total,TP82,Housing,_Z,Not applicable,2006,,0.254,,A,Normal value,0,Units,1,One,_Z,Not applicable,,
DATAFLOW,OECD.ELS.SPD:DSD_SOCX_AGG@DF_SOCX_AGG(1.0),Social expenditure aggregates,I,FIN,Finland,A,Annual,SOCX,Social expenditure,PT_B1GQ,Percentage of GDP,ES10,Public,_T,Total,TP82,Housing,_Z,Not applicable,2007,,0.23,,A,Normal value,0,Units,1,One,_Z,Not applicable,,
DATAFLOW,OECD.ELS.SPD:DSD_SOCX_AGG@DF_SOCX_AGG(1.0),Social expenditure aggregates,I,FIN,Finland,A,Annual,SOCX,Social expenditure,PT_B1GQ,Percentage of GDP,ES10,Public,_T,Total,TP82,Housing,_Z,Not applicable,2008,,0.4,,A,Normal value,0,Units,1,One,_Z,Not applicable,,
DATAFLOW,OECD.ELS.SPD:DSD_SOCX_AGG@DF_SOCX_AGG(1.0),Social expenditure aggregates,I,FIN,Finland,A,Annual,SOCX,Social expenditure,PT_B1GQ,Percentage of GDP,ES10,Public,_T,Total,TP82,Housing,_Z,Not applicable,2009,,0.469,,A,Normal value,0,Units,1,One,_Z,Not applicable,,
DATAFLOW,OECD.ELS.SPD:DSD_SOCX_AGG@DF_SOCX_AGG(1.0),Social expenditure aggregates,I,FIN,Finland,A,Annual,SOCX,Social expenditure,PT_B1GQ,Percentage of GDP,ES10,Public,_T,Total,TP82,Housing,_Z,Not applicable,2010,,0.491,,A,Normal value,0,Units,1,One,_Z,Not applicable,,
DATAFLOW,OECD.ELS.SPD:DSD_SOCX_AGG@DF_SOCX_AGG(1.0),Social expenditure aggregates,I,FIN,Finland,A,Annual,SOCX,Social expenditure,PT_B1GQ,Percentage of GDP,ES10,Public,_T,Total,TP82,Housing,_Z,Not applicable,2011,,0.492,,A,Normal value,0,Units,1,One,_Z,Not applicable,,
DATAFLOW,OECD.ELS.SPD:DSD_SOCX_AGG@DF_SOCX_AGG(1.0),Social expenditure aggregates,I,FIN,Finland,A,Annual,SOCX,Social expenditure,PT_B1GQ,Percentage of GDP,ES10,Public,_T,Total,TP82,Housing,_Z,Not applicable,2012,,0.523,,A,Normal value,0,Units,1,One,_Z,Not applicable,,
DATAFLOW,OECD.ELS.SPD:DSD_SOCX_AGG@DF_SOCX_AGG(1.0),Social expenditure aggregates,I,FIN,Finland,A,Annual,SOCX,Social expenditure,PT_B1GQ,Percentage of GDP,ES10,Public,_T,Total,TP82,Housing,_Z,Not applicable,2013,,0.559,,A,Normal value,0,Units,1,One,_Z,Not applicable,,
DATAFLOW,OECD.ELS.SPD:DSD_SOCX_AGG@DF_SOCX_AGG(1.0),Social expenditure aggregates,I,FIN,Finland,A,Annual,SOCX,Social expenditure,PT_B1GQ,Percentage of GDP,ES10,Public,_T,Total,TP82,Housing,_Z,Not applicable,2014,,0.602,,A,Normal value,0,Units,1,One,_Z,Not applicable,,
DATAFLOW,OECD.ELS.SPD:DSD_SOCX_AGG@DF_SOCX_AGG(1.0),Social expenditure aggregates,I,FIN,Finland,A,Annual,SOCX,Social expenditure,PT_B1GQ,Percentage of GDP,ES10,Public,_T,Total,TP82,Housing,_Z,Not applicable,2015,,0.69,,A,Normal value,0,Units,1,One,_Z,Not applicable,,
DATAFLOW,OECD.ELS.SPD:DSD_SOCX_AGG@DF_SOCX_AGG(1.0),Social expenditure aggregates,I,FIN,Finland,A,Annual,SOCX,Social expenditure,PT_B1GQ,Percentage of GDP,ES10,Public,_T,Total,TP82,Housing,_Z,Not applicable,2016,,0.762,,A,Normal value,0,Units,1,One,_Z,Not applicable,,
DATAFLOW,OECD.ELS.SPD:DSD_SOCX_AGG@DF_SOCX_AGG(1.0),Social expenditure aggregates,I,FIN,Finland,A,Annual,SOCX,Social expenditure,PT_B1GQ,Percentage of GDP,ES10,Public,_T,Total,TP82,Housing,_Z,Not applicable,2017,,0.82,,A,Normal value,0,Units,1,One,_Z,Not applicable,,
DATAFLOW,OECD.ELS.SPD:DSD_SOCX_AGG@DF_SOCX_AGG(1.0),Social expenditure aggregates,I,FIN,Finland,A,Annual,SOCX,Social expenditure,PT_B1GQ,Percentage of GDP,ES10,Public,_T,Total,TP82,Housing,_Z,Not applicable,2018,,0.901,,A,Normal value,0,Units,1,One,_Z,Not applicable,,
DATAFLOW,OECD.ELS.SPD:DSD_SOCX_AGG@DF_SOCX_AGG(1.0),Social expenditure aggregates,I,FIN,Finland,A,Annual,SOCX,Social expenditure,PT_B1GQ,Percentage of GDP,ES10,Public,_T,Total,TP82,Housing,_Z,Not applicable,2019,,0.883,,A,Normal value,0,Units,1,One,_Z,Not applicable,,
DATAFLOW,OECD.ELS.SPD:DSD_SOCX_AGG@DF_SOCX_AGG(1.0),Social expenditure aggregates,I,FIN,Finland,A,Annual,SOCX,Social expenditure,PT_B1GQ,Percentage of GDP,ES10,Public,_T,Total,TP82,Housing,_Z,Not applicable,2020,,0.932,,A,Normal value,0,Units,1,One,_Z,Not applicable,,
DATAFLOW,OECD.ELS.SPD:DSD_SOCX_AGG@DF_SOCX_AGG(1.0),Social expenditure aggregates,I,FIN,Finland,A,Annual,SOCX,Social expenditure,PT_B1GQ,Percentage of GDP,ES10,Public,_T,Total,TP82,Housing,_Z,Not applicable,2021,,0.9,,A,Normal value,0,Units,1,One,_Z,Not applicable,,
DATAFLOW,OECD.ELS.SPD:DSD_SOCX_AGG@DF_SOCX_AGG(1.0),Social expenditure aggregates,I,DEU,Germany,A,Annual,SOCX,Social expenditure,PT_B1GQ,Percentage of GDP,ES10,Public,_T,Total,TP82,Housing,_Z,Not applicable,1980,,0.12,,A,Normal value,0,Units,1,One,_Z,Not applicable,,
DATAFLOW,OECD.ELS.SPD:DSD_SOCX_AGG@DF_SOCX_AGG(1.0),Social expenditure aggregates,I,DEU,Germany,A,Annual,SOCX,Social expenditure,PT_B1GQ,Percentage of GDP,ES10,Public,_T,Total,TP82,Housing,_Z,Not applicable,1981,,0.151,,A,Normal value,0,Units,1,One,_Z,Not applicable,,
DATAFLOW,OECD.ELS.SPD:DSD_SOCX_AGG@DF_SOCX_AGG(1.0),Social expenditure aggregates,I,DEU,Germany,A,Annual,SOCX,Social expenditure,PT_B1GQ,Percentage of GDP,ES10,Public,_T,Total,TP82,Housing,_Z,Not applicable,1982,,0.161,,A,Normal value,0,Units,1,One,_Z,Not applicable,,
DATAFLOW,OECD.ELS.SPD:DSD_SOCX_AGG@DF_SOCX_AGG(1.0),Social expenditure aggregates,I,DEU,Germany,A,Annual,SOCX,Social expenditure,PT_B1GQ,Percentage of GDP,ES10,Public,_T,Total,TP82,Housing,_Z,Not applicable,1983,,0.15,,A,Normal value,0,Units,1,One,_Z,Not applicable,,
DATAFLOW,OECD.ELS.SPD:DSD_SOCX_AGG@DF_SOCX_AGG(1.0),Social expenditure aggregates,I,DEU,Germany,A,Annual,SOCX,Social expenditure,PT_B1GQ,Percentage of GDP,ES10,Public,_T,Total,TP82,Housing,_Z,Not applicable,1984,,0.133,,A,Normal value,0,Units,1,One,_Z,Not applicable,,
DATAFLOW,OECD.ELS.SPD:DSD_SOCX_AGG@DF_SOCX_AGG(1.0),Social expenditure aggregates,I,DEU,Germany,A,Annual,SOCX,Social expenditure,PT_B1GQ,Percentage of GDP,ES10,Public,_T,Total,TP82,Housing,_Z,Not applicable,1985,,0.13,,A,Normal value,0,Units,1,One,_Z,Not applicable,,
DATAFLOW,OECD.ELS.SPD:DSD_SOCX_AGG@DF_SOCX_AGG(1.0),Social expenditure aggregates,I,DEU,Germany,A,Annual,SOCX,Social expenditure,PT_B1GQ,Percentage of GDP,ES10,Public,_T,Total,TP82,Housing,_Z,Not applicable,1986,,0.168,,A,Normal value,0,Units,1,One,_Z,Not applicable,,
DATAFLOW,OECD.ELS.SPD:DSD_SOCX_AGG@DF_SOCX_AGG(1.0),Social expenditure aggregates,I,DEU,Germany,A,Annual,SOCX,Social expenditure,PT_B1GQ,Percentage of GDP,ES10,Public,_T,Total,TP82,Housing,_Z,Not applicable,1987,,0.182,,A,Normal value,0,Units,1,One,_Z,Not applicable,,
DATAFLOW,OECD.ELS.SPD:DSD_SOCX_AGG@DF_SOCX_AGG(1.0),Social expenditure aggregates,I,DEU,Germany,A,Annual,SOCX,Social expenditure,PT_B1GQ,Percentage of GDP,ES10,Public,_T,Total,TP82,Housing,_Z,Not applicable,1988,,0.171,,A,Normal value,0,Units,1,One,_Z,Not applicable,,
DATAFLOW,OECD.ELS.SPD:DSD_SOCX_AGG@DF_SOCX_AGG(1.0),Social expenditure aggregates,I,DEU,Germany,A,Annual,SOCX,Social expenditure,PT_B1GQ,Percentage of GDP,ES10,Public,_T,Total,TP82,Housing,_Z,Not applicable,1989,,0.16,,A,Normal value,0,Units,1,One,_Z,Not applicable,,
DATAFLOW,OECD.ELS.SPD:DSD_SOCX_AGG@DF_SOCX_AGG(1.0),Social expenditure aggregates,I,DEU,Germany,A,Annual,SOCX,Social expenditure,PT_B1GQ,Percentage of GDP,ES10,Public,_T,Total,TP82,Housing,_Z,Not applicable,1990,,0.247,,A,Normal value,0,Units,1,One,_Z,Not applicable,,
DATAFLOW,OECD.ELS.SPD:DSD_SOCX_AGG@DF_SOCX_AGG(1.0),Social expenditure aggregates,I,DEU,Germany,A,Annual,SOCX,Social expenditure,PT_B1GQ,Percentage of GDP,ES10,Public,_T,Total,TP82,Housing,_Z,Not applicable,1991,,0.241,,A,Normal value,0,Units,1,One,_Z,Not applicable,,
DATAFLOW,OECD.ELS.SPD:DSD_SOCX_AGG@DF_SOCX_AGG(1.0),Social expenditure aggregates,I,DEU,Germany,A,Annual,SOCX,Social expenditure,PT_B1GQ,Percentage of GDP,ES10,Public,_T,Total,TP82,Housing,_Z,Not applicable,1992,,0.303,,A,Normal value,0,Units,1,One,_Z,Not applicable,,
DATAFLOW,OECD.ELS.SPD:DSD_SOCX_AGG@DF_SOCX_AGG(1.0),Social expenditure aggregates,I,DEU,Germany,A,Annual,SOCX,Social expenditure,PT_B1GQ,Percentage of GDP,ES10,Public,_T,Total,TP82,Housing,_Z,Not applicable,1993,,0.303,,A,Normal value,0,Units,1,One,_Z,Not applicable,,
DATAFLOW,OECD.ELS.SPD:DSD_SOCX_AGG@DF_SOCX_AGG(1.0),Social expenditure aggregates,I,DEU,Germany,A,Annual,SOCX,Social expenditure,PT_B1GQ,Percentage of GDP,ES10,Public,_T,Total,TP82,Housing,_Z,Not applicable,1994,,0.262,,A,Normal value,0,Units,1,One,_Z,Not applicable,,
DATAFLOW,OECD.ELS.SPD:DSD_SOCX_AGG@DF_SOCX_AGG(1.0),Social expenditure aggregates,I,DEU,Germany,A,Annual,SOCX,Social expenditure,PT_B1GQ,Percentage of GDP,ES10,Public,_T,Total,TP82,Housing,_Z,Not applicable,1995,,0.27,,A,Normal value,0,Units,1,One,_Z,Not applicable,,
DATAFLOW,OECD.ELS.SPD:DSD_SOCX_AGG@DF_SOCX_AGG(1.0),Social expenditure aggregates,I,DEU,Germany,A,Annual,SOCX,Social expenditure,PT_B1GQ,Percentage of GDP,ES10,Public,_T,Total,TP82,Housing,_Z,Not applicable,1996,,0.283,,A,Normal value,0,Units,1,One,_Z,Not applicable,,
DATAFLOW,OECD.ELS.SPD:DSD_SOCX_AGG@DF_SOCX_AGG(1.0),Social expenditure aggregates,I,DEU,Germany,A,Annual,SOCX,Social expenditure,PT_B1GQ,Percentage of GDP,ES10,Public,_T,Total,TP82,Housing,_Z,Not applicable,1997,,0.301,,A,Normal value,0,Units,1,One,_Z,Not applicable,,
DATAFLOW,OECD.ELS.SPD:DSD_SOCX_AGG@DF_SOCX_AGG(1.0),Social expenditure aggregates,I,DEU,Germany,A,Annual,SOCX,Social expenditure,PT_B1GQ,Percentage of GDP,ES10,Public,_T,Total,TP82,Housing,_Z,Not applicable,1998,,0.307,,A,Normal value,0,Units,1,One,_Z,Not applicable,,
DATAFLOW,OECD.ELS.SPD:DSD_SOCX_AGG@DF_SOCX_AGG(1.0),Social expenditure aggregates,I,DEU,Germany,A,Annual,SOCX,Social expenditure,PT_B1GQ,Percentage of GDP,ES10,Public,_T,Total,TP82,Housing,_Z,Not applicable,1999,,0.294,,A,Normal value,0,Units,1,One,_Z,Not applicable,,
DATAFLOW,OECD.ELS.SPD:DSD_SOCX_AGG@DF_SOCX_AGG(1.0),Social expenditure aggregates,I,DEU,Germany,A,Annual,SOCX,Social expenditure,PT_B1GQ,Percentage of GDP,ES10,Public,_T,Total,TP82,Housing,_Z,Not applicable,2000,,0.308,,A,Normal value,0,Units,1,One,_Z,Not applicable,,
DATAFLOW,OECD.ELS.SPD:DSD_SOCX_AGG@DF_SOCX_AGG(1.0),Social expenditure aggregates,I,DEU,Germany,A,Annual,SOCX,Social expenditure,PT_B1GQ,Percentage of GDP,ES10,Public,_T,Total,TP82,Housing,_Z,Not applicable,2001,,0.293,,A,Normal value,0,Units,1,One,_Z,Not applicable,,
DATAFLOW,OECD.ELS.SPD:DSD_SOCX_AGG@DF_SOCX_AGG(1.0),Social expenditure aggregates,I,DEU,Germany,A,Annual,SOCX,Social expenditure,PT_B1GQ,Percentage of GDP,ES10,Public,_T,Total,TP82,Housing,_Z,Not applicable,2002,,0.319,,A,Normal value,0,Units,1,One,_Z,Not applicable,,
DATAFLOW,OECD.ELS.SPD:DSD_SOCX_AGG@DF_SOCX_AGG(1.0),Social expenditure aggregates,I,DEU,Germany,A,Annual,SOCX,Social expenditure,PT_B1GQ,Percentage of GDP,ES10,Public,_T,Total,TP82,Housing,_Z,Not applicable,2003,,0.343,,A,Normal value,0,Units,1,One,_Z,Not applicable,,
DATAFLOW,OECD.ELS.SPD:DSD_SOCX_AGG@DF_SOCX_AGG(1.0),Social expenditure aggregates,I,DEU,Germany,A,Annual,SOCX,Social expenditure,PT_B1GQ,Percentage of GDP,ES10,Public,_T,Total,TP82,Housing,_Z,Not applicable,2004,,0.363,,A,Normal value,0,Units,1,One,_Z,Not applicable,,
DATAFLOW,OECD.ELS.SPD:DSD_SOCX_AGG@DF_SOCX_AGG(1.0),Social expenditure aggregates,I,DEU,Germany,A,Annual,SOCX,Social expenditure,PT_B1GQ,Percentage of GDP,ES10,Public,_T,Total,TP82,Housing,_Z,Not applicable,2005,,0.623,,A,Normal value,0,Units,1,One,_Z,Not applicable,,
DATAFLOW,OECD.ELS.SPD:DSD_SOCX_AGG@DF_SOCX_AGG(1.0),Social expenditure aggregates,I,DEU,Germany,A,Annual,SOCX,Social expenditure,PT_B1GQ,Percentage of GDP,ES10,Public,_T,Total,TP82,Housing,_Z,Not applicable,2006,,0.658,,A,Normal value,0,Units,1,One,_Z,Not applicable,,
DATAFLOW,OECD.ELS.SPD:DSD_SOCX_AGG@DF_SOCX_AGG(1.0),Social expenditure aggregates,I,DEU,Germany,A,Annual,SOCX,Social expenditure,PT_B1GQ,Percentage of GDP,ES10,Public,_T,Total,TP82,Housing,_Z,Not applicable,2007,,0.621,,A,Normal value,0,Units,1,One,_Z,Not applicable,,
DATAFLOW,OECD.ELS.SPD:DSD_SOCX_AGG@DF_SOCX_AGG(1.0),Social expenditure aggregates,I,DEU,Germany,A,Annual,SOCX,Social expenditure,PT_B1GQ,Percentage of GDP,ES10,Public,_T,Total,TP82,Housing,_Z,Not applicable,2008,,0.594,,A,Normal value,0,Units,1,One,_Z,Not applicable,,
DATAFLOW,OECD.ELS.SPD:DSD_SOCX_AGG@DF_SOCX_AGG(1.0),Social expenditure aggregates,I,DEU,Germany,A,Annual,SOCX,Social expenditure,PT_B1GQ,Percentage of GDP,ES10,Public,_T,Total,TP82,Housing,_Z,Not applicable,2009,,0.665,,A,Normal value,0,Units,1,One,_Z,Not applicable,,
DATAFLOW,OECD.ELS.SPD:DSD_SOCX_AGG@DF_SOCX_AGG(1.0),Social expenditure aggregates,I,DEU,Germany,A,Annual,SOCX,Social expenditure,PT_B1GQ,Percentage of GDP,ES10,Public,_T,Total,TP82,Housing,_Z,Not applicable,2010,,0.649,,A,Normal value,0,Units,1,One,_Z,Not applicable,,
DATAFLOW,OECD.ELS.SPD:DSD_SOCX_AGG@DF_SOCX_AGG(1.0),Social expenditure aggregates,I,DEU,Germany,A,Annual,SOCX,Social expenditure,PT_B1GQ,Percentage of GDP,ES10,Public,_T,Total,TP82,Housing,_Z,Not applicable,2011,,0.6,,A,Normal value,0,Units,1,One,_Z,Not applicable,,
DATAFLOW,OECD.ELS.SPD:DSD_SOCX_AGG@DF_SOCX_AGG(1.0),Social expenditure aggregates,I,DEU,Germany,A,Annual,SOCX,Social expenditure,PT_B1GQ,Percentage of GDP,ES10,Public,_T,Total,TP82,Housing,_Z,Not applicable,2012,,0.579,,A,Normal value,0,Units,1,One,_Z,Not applicable,,
DATAFLOW,OECD.ELS.SPD:DSD_SOCX_AGG@DF_SOCX_AGG(1.0),Social expenditure aggregates,I,DEU,Germany,A,Annual,SOCX,Social expenditure,PT_B1GQ,Percentage of GDP,ES10,Public,_T,Total,TP82,Housing,_Z,Not applicable,2013,,0.578,,A,Normal value,0,Units,1,One,_Z,Not applicable,,
DATAFLOW,OECD.ELS.SPD:DSD_SOCX_AGG@DF_SOCX_AGG(1.0),Social expenditure aggregates,I,DEU,Germany,A,Annual,SOCX,Social expenditure,PT_B1GQ,Percentage of GDP,ES10,Public,_T,Total,TP82,Housing,_Z,Not applicable,2014,,0.562,,A,Normal value,0,Units,1,One,_Z,Not applicable,,
DATAFLOW,OECD.ELS.SPD:DSD_SOCX_AGG@DF_SOCX_AGG(1.0),Social expenditure aggregates,I,DEU,Germany,A,Annual,SOCX,Social expenditure,PT_B1GQ,Percentage of GDP,ES10,Public,_T,Total,TP82,Housing,_Z,Not applicable,2015,,0.546,,A,Normal value,0,Units,1,One,_Z,Not applicable,,
DATAFLOW,OECD.ELS.SPD:DSD_SOCX_AGG@DF_SOCX_AGG(1.0),Social expenditure aggregates,I,DEU,Germany,A,Annual,SOCX,Social expenditure,PT_B1GQ,Percentage of GDP,ES10,Public,_T,Total,TP82,Housing,_Z,Not applicable,2016,,0.541,,A,Normal value,0,Units,1,One,_Z,Not applicable,,
DATAFLOW,OECD.ELS.SPD:DSD_SOCX_AGG@DF_SOCX_AGG(1.0),Social expenditure aggregates,I,DEU,Germany,A,Annual,SOCX,Social expenditure,PT_B1GQ,Percentage of GDP,ES10,Public,_T,Total,TP82,Housing,_Z,Not applicable,2017,,0.546,,A,Normal value,0,Units,1,One,_Z,Not applicable,,
DATAFLOW,OECD.ELS.SPD:DSD_SOCX_AGG@DF_SOCX_AGG(1.0),Social expenditure aggregates,I,DEU,Germany,A,Annual,SOCX,Social expenditure,PT_B1GQ,Percentage of GDP,ES10,Public,_T,Total,TP82,Housing,_Z,Not applicable,2018,,0.529,,A,Normal value,0,Units,1,One,_Z,Not applicable,,
DATAFLOW,OECD.ELS.SPD:DSD_SOCX_AGG@DF_SOCX_AGG(1.0),Social expenditure aggregates,I,DEU,Germany,A,Annual,SOCX,Social expenditure,PT_B1GQ,Percentage of GDP,ES10,Public,_T,Total,TP82,Housing,_Z,Not applicable,2019,,0.488,,A,Normal value,0,Units,1,One,_Z,Not applicable,,
DATAFLOW,OECD.ELS.SPD:DSD_SOCX_AGG@DF_SOCX_AGG(1.0),Social expenditure aggregates,I,DEU,Germany,A,Annual,SOCX,Social expenditure,PT_B1GQ,Percentage of GDP,ES10,Public,_T,Total,TP82,Housing,_Z,Not applicable,2020,,0.544,,A,Normal value,0,Units,1,One,_Z,Not applicable,,
DATAFLOW,OECD.ELS.SPD:DSD_SOCX_AGG@DF_SOCX_AGG(1.0),Social expenditure aggregates,I,DEU,Germany,A,Annual,SOCX,Social expenditure,PT_B1GQ,Percentage of GDP,ES10,Public,_T,Total,TP82,Housing,_Z,Not applicable,2021,,0.528,,A,Normal value,0,Units,1,One,_Z,Not applicable,,
DATAFLOW,OECD.ELS.SPD:DSD_SOCX_AGG@DF_SOCX_AGG(1.0),Social expenditure aggregates,I,CAN,Canada,A,Annual,SOCX,Social expenditure,PT_B1GQ,Percentage of GDP,ES10,Public,_T,Total,TP82,Housing,_Z,Not applicable,1980,,0.743,,A,Normal value,0,Units,1,One,_Z,Not applicable,,
DATAFLOW,OECD.ELS.SPD:DSD_SOCX_AGG@DF_SOCX_AGG(1.0),Social expenditure aggregates,I,CAN,Canada,A,Annual,SOCX,Social expenditure,PT_B1GQ,Percentage of GDP,ES10,Public,_T,Total,TP82,Housing,_Z,Not applicable,1981,,0.631,,A,Normal value,0,Units,1,One,_Z,Not applicable,,
DATAFLOW,OECD.ELS.SPD:DSD_SOCX_AGG@DF_SOCX_AGG(1.0),Social expenditure aggregates,I,CAN,Canada,A,Annual,SOCX,Social expenditure,PT_B1GQ,Percentage of GDP,ES10,Public,_T,Total,TP82,Housing,_Z,Not applicable,1982,,0.75,,A,Normal value,0,Units,1,One,_Z,Not applicable,,
DATAFLOW,OECD.ELS.SPD:DSD_SOCX_AGG@DF_SOCX_AGG(1.0),Social expenditure aggregates,I,CAN,Canada,A,Annual,SOCX,Social expenditure,PT_B1GQ,Percentage of GDP,ES10,Public,_T,Total,TP82,Housing,_Z,Not applicable,1983,,0.798,,A,Normal value,0,Units,1,One,_Z,Not applicable,,
DATAFLOW,OECD.ELS.SPD:DSD_SOCX_AGG@DF_SOCX_AGG(1.0),Social expenditure aggregates,I,CAN,Canada,A,Annual,SOCX,Social expenditure,PT_B1GQ,Percentage of GDP,ES10,Public,_T,Total,TP82,Housing,_Z,Not applicable,1984,,0.741,,A,Normal value,0,Units,1,One,_Z,Not applicable,,
DATAFLOW,OECD.ELS.SPD:DSD_SOCX_AGG@DF_SOCX_AGG(1.0),Social expenditure aggregates,I,CAN,Canada,A,Annual,SOCX,Social expenditure,PT_B1GQ,Percentage of GDP,ES10,Public,_T,Total,TP82,Housing,_Z,Not applicable,1985,,0.659,,A,Normal value,0,Units,1,One,_Z,Not applicable,,
DATAFLOW,OECD.ELS.SPD:DSD_SOCX_AGG@DF_SOCX_AGG(1.0),Social expenditure aggregates,I,CAN,Canada,A,Annual,SOCX,Social expenditure,PT_B1GQ,Percentage of GDP,ES10,Public,_T,Total,TP82,Housing,_Z,Not applicable,1986,,0.582,,A,Normal value,0,Units,1,One,_Z,Not applicable,,
DATAFLOW,OECD.ELS.SPD:DSD_SOCX_AGG@DF_SOCX_AGG(1.0),Social expenditure aggregates,I,CAN,Canada,A,Annual,SOCX,Social expenditure,PT_B1GQ,Percentage of GDP,ES10,Public,_T,Total,TP82,Housing,_Z,Not applicable,1987,,0.554,,A,Normal value,0,Units,1,One,_Z,Not applicable,,
DATAFLOW,OECD.ELS.SPD:DSD_SOCX_AGG@DF_SOCX_AGG(1.0),Social expenditure aggregates,I,CAN,Canada,A,Annual,SOCX,Social expenditure,PT_B1GQ,Percentage of GDP,ES10,Public,_T,Total,TP82,Housing,_Z,Not applicable,1988,,0.518,,A,Normal value,0,Units,1,One,_Z,Not applicable,,
DATAFLOW,OECD.ELS.SPD:DSD_SOCX_AGG@DF_SOCX_AGG(1.0),Social expenditure aggregates,I,CAN,Canada,A,Annual,SOCX,Social expenditure,PT_B1GQ,Percentage of GDP,ES10,Public,_T,Total,TP82,Housing,_Z,Not applicable,1989,,0.537,,A,Normal value,0,Units,1,One,_Z,Not applicable,,
DATAFLOW,OECD.ELS.SPD:DSD_SOCX_AGG@DF_SOCX_AGG(1.0),Social expenditure aggregates,I,CAN,Canada,A,Annual,SOCX,Social expenditure,PT_B1GQ,Percentage of GDP,ES10,Public,_T,Total,TP82,Housing,_Z,Not applicable,1990,,0.635,,A,Normal value,0,Units,1,One,_Z,Not applicable,,
DATAFLOW,OECD.ELS.SPD:DSD_SOCX_AGG@DF_SOCX_AGG(1.0),Social expenditure aggregates,I,CAN,Canada,A,Annual,SOCX,Social expenditure,PT_B1GQ,Percentage of GDP,ES10,Public,_T,Total,TP82,Housing,_Z,Not applicable,1991,,0.555,,A,Normal value,0,Units,1,One,_Z,Not applicable,,
DATAFLOW,OECD.ELS.SPD:DSD_SOCX_AGG@DF_SOCX_AGG(1.0),Social expenditure aggregates,I,CAN,Canada,A,Annual,SOCX,Social expenditure,PT_B1GQ,Percentage of GDP,ES10,Public,_T,Total,TP82,Housing,_Z,Not applicable,1992,,0.622,,A,Normal value,0,Units,1,One,_Z,Not applicable,,
DATAFLOW,OECD.ELS.SPD:DSD_SOCX_AGG@DF_SOCX_AGG(1.0),Social expenditure aggregates,I,CAN,Canada,A,Annual,SOCX,Social expenditure,PT_B1GQ,Percentage of GDP,ES10,Public,_T,Total,TP82,Housing,_Z,Not applicable,1993,,0.653,,A,Normal value,0,Units,1,One,_Z,Not applicable,,
DATAFLOW,OECD.ELS.SPD:DSD_SOCX_AGG@DF_SOCX_AGG(1.0),Social expenditure aggregates,I,CAN,Canada,A,Annual,SOCX,Social expenditure,PT_B1GQ,Percentage of GDP,ES10,Public,_T,Total,TP82,Housing,_Z,Not applicable,1994,,0.619,,A,Normal value,0,Units,1,One,_Z,Not applicable,,
DATAFLOW,OECD.ELS.SPD:DSD_SOCX_AGG@DF_SOCX_AGG(1.0),Social expenditure aggregates,I,CAN,Canada,A,Annual,SOCX,Social expenditure,PT_B1GQ,Percentage of GDP,ES10,Public,_T,Total,TP82,Housing,_Z,Not applicable,1995,,0.615,,A,Normal value,0,Units,1,One,_Z,Not applicable,,
DATAFLOW,OECD.ELS.SPD:DSD_SOCX_AGG@DF_SOCX_AGG(1.0),Social expenditure aggregates,I,CAN,Canada,A,Annual,SOCX,Social expenditure,PT_B1GQ,Percentage of GDP,ES10,Public,_T,Total,TP82,Housing,_Z,Not applicable,1996,,0.587,,A,Normal value,0,Units,1,One,_Z,Not applicable,,
DATAFLOW,OECD.ELS.SPD:DSD_SOCX_AGG@DF_SOCX_AGG(1.0),Social expenditure aggregates,I,CAN,Canada,A,Annual,SOCX,Social expenditure,PT_B1GQ,Percentage of GDP,ES10,Public,_T,Total,TP82,Housing,_Z,Not applicable,1997,,0.582,,A,Normal value,0,Units,1,One,_Z,Not applicable,,
DATAFLOW,OECD.ELS.SPD:DSD_SOCX_AGG@DF_SOCX_AGG(1.0),Social expenditure aggregates,I,CAN,Canada,A,Annual,SOCX,Social expenditure,PT_B1GQ,Percentage of GDP,ES10,Public,_T,Total,TP82,Housing,_Z,Not applicable,1998,,0.599,,A,Normal value,0,Units,1,One,_Z,Not applicable,,
DATAFLOW,OECD.ELS.SPD:DSD_SOCX_AGG@DF_SOCX_AGG(1.0),Social expenditure aggregates,I,CAN,Canada,A,Annual,SOCX,Social expenditure,PT_B1GQ,Percentage of GDP,ES10,Public,_T,Total,TP82,Housing,_Z,Not applicable,1999,,0.558,,A,Normal value,0,Units,1,One,_Z,Not applicable,,
DATAFLOW,OECD.ELS.SPD:DSD_SOCX_AGG@DF_SOCX_AGG(1.0),Social expenditure aggregates,I,CAN,Canada,A,Annual,SOCX,Social expenditure,PT_B1GQ,Percentage of GDP,ES10,Public,_T,Total,TP82,Housing,_Z,Not applicable,2000,,0.555,,A,Normal value,0,Units,1,One,_Z,Not applicable,,
DATAFLOW,OECD.ELS.SPD:DSD_SOCX_AGG@DF_SOCX_AGG(1.0),Social expenditure aggregates,I,CAN,Canada,A,Annual,SOCX,Social expenditure,PT_B1GQ,Percentage of GDP,ES10,Public,_T,Total,TP82,Housing,_Z,Not applicable,2001,,0.502,,A,Normal value,0,Units,1,One,_Z,Not applicable,,
DATAFLOW,OECD.ELS.SPD:DSD_SOCX_AGG@DF_SOCX_AGG(1.0),Social expenditure aggregates,I,CAN,Canada,A,Annual,SOCX,Social expenditure,PT_B1GQ,Percentage of GDP,ES10,Public,_T,Total,TP82,Housing,_Z,Not applicable,2002,,0.488,,A,Normal value,0,Units,1,One,_Z,Not applicable,,
DATAFLOW,OECD.ELS.SPD:DSD_SOCX_AGG@DF_SOCX_AGG(1.0),Social expenditure aggregates,I,CAN,Canada,A,Annual,SOCX,Social expenditure,PT_B1GQ,Percentage of GDP,ES10,Public,_T,Total,TP82,Housing,_Z,Not applicable,2003,,0.47,,A,Normal value,0,Units,1,One,_Z,Not applicable,,
DATAFLOW,OECD.ELS.SPD:DSD_SOCX_AGG@DF_SOCX_AGG(1.0),Social expenditure aggregates,I,CAN,Canada,A,Annual,SOCX,Social expenditure,PT_B1GQ,Percentage of GDP,ES10,Public,_T,Total,TP82,Housing,_Z,Not applicable,2004,,0.452,,A,Normal value,0,Units,1,One,_Z,Not applicable,,
DATAFLOW,OECD.ELS.SPD:DSD_SOCX_AGG@DF_SOCX_AGG(1.0),Social expenditure aggregates,I,CAN,Canada,A,Annual,SOCX,Social expenditure,PT_B1GQ,Percentage of GDP,ES10,Public,_T,Total,TP82,Housing,_Z,Not applicable,2005,,0.418,,A,Normal value,0,Units,1,One,_Z,Not applicable,,
DATAFLOW,OECD.ELS.SPD:DSD_SOCX_AGG@DF_SOCX_AGG(1.0),Social expenditure aggregates,I,CAN,Canada,A,Annual,SOCX,Social expenditure,PT_B1GQ,Percentage of GDP,ES10,Public,_T,Total,TP82,Housing,_Z,Not applicable,2006,,0.402,,A,Normal value,0,Units,1,One,_Z,Not applicable,,
DATAFLOW,OECD.ELS.SPD:DSD_SOCX_AGG@DF_SOCX_AGG(1.0),Social expenditure aggregates,I,CAN,Canada,A,Annual,SOCX,Social expenditure,PT_B1GQ,Percentage of GDP,ES10,Public,_T,Total,TP82,Housing,_Z,Not applicable,2007,,0.373,,A,Normal value,0,Units,1,One,_Z,Not applicable,,
DATAFLOW,OECD.ELS.SPD:DSD_SOCX_AGG@DF_SOCX_AGG(1.0),Social expenditure aggregates,I,CAN,Canada,A,Annual,SOCX,Social expenditure,PT_B1GQ,Percentage of GDP,ES10,Public,_T,Total,TP82,Housing,_Z,Not applicable,2008,,0.388,,A,Normal value,0,Units,1,One,_Z,Not applicable,,
DATAFLOW,OECD.ELS.SPD:DSD_SOCX_AGG@DF_SOCX_AGG(1.0),Social expenditure aggregates,I,CAN,Canada,A,Annual,SOCX,Social expenditure,PT_B1GQ,Percentage of GDP,ES10,Public,_T,Total,TP82,Housing,_Z,Not applicable,2009,,0.418,,A,Normal value,0,Units,1,One,_Z,Not applicable,,
DATAFLOW,OECD.ELS.SPD:DSD_SOCX_AGG@DF_SOCX_AGG(1.0),Social expenditure aggregates,I,CAN,Canada,A,Annual,SOCX,Social expenditure,PT_B1GQ,Percentage of GDP,ES10,Public,_T,Total,TP82,Housing,_Z,Not applicable,2010,,0.426,,A,Normal value,0,Units,1,One,_Z,Not applicable,,
DATAFLOW,OECD.ELS.SPD:DSD_SOCX_AGG@DF_SOCX_AGG(1.0),Social expenditure aggregates,I,CAN,Canada,A,Annual,SOCX,Social expenditure,PT_B1GQ,Percentage of GDP,ES10,Public,_T,Total,TP82,Housing,_Z,Not applicable,2011,,0.348,,A,Normal value,0,Units,1,One,_Z,Not applicable,,
DATAFLOW,OECD.ELS.SPD:DSD_SOCX_AGG@DF_SOCX_AGG(1.0),Social expenditure aggregates,I,CAN,Canada,A,Annual,SOCX,Social expenditure,PT_B1GQ,Percentage of GDP,ES10,Public,_T,Total,TP82,Housing,_Z,Not applicable,2012,,0.339,,A,Normal value,0,Units,1,One,_Z,Not applicable,,
DATAFLOW,OECD.ELS.SPD:DSD_SOCX_AGG@DF_SOCX_AGG(1.0),Social expenditure aggregates,I,CAN,Canada,A,Annual,SOCX,Social expenditure,PT_B1GQ,Percentage of GDP,ES10,Public,_T,Total,TP82,Housing,_Z,Not applicable,2013,,0.318,,A,Normal value,0,Units,1,One,_Z,Not applicable,,
DATAFLOW,OECD.ELS.SPD:DSD_SOCX_AGG@DF_SOCX_AGG(1.0),Social expenditure aggregates,I,CAN,Canada,A,Annual,SOCX,Social expenditure,PT_B1GQ,Percentage of GDP,ES10,Public,_T,Total,TP82,Housing,_Z,Not applicable,2014,,0.307,,A,Normal value,0,Units,1,One,_Z,Not applicable,,
DATAFLOW,OECD.ELS.SPD:DSD_SOCX_AGG@DF_SOCX_AGG(1.0),Social expenditure aggregates,I,CAN,Canada,A,Annual,SOCX,Social expenditure,PT_B1GQ,Percentage of GDP,ES10,Public,_T,Total,TP82,Housing,_Z,Not applicable,2015,,0.305,,A,Normal value,0,Units,1,One,_Z,Not applicable,,
DATAFLOW,OECD.ELS.SPD:DSD_SOCX_AGG@DF_SOCX_AGG(1.0),Social expenditure aggregates,I,CAN,Canada,A,Annual,SOCX,Social expenditure,PT_B1GQ,Percentage of GDP,ES10,Public,_T,Total,TP82,Housing,_Z,Not applicable,2016,,0.302,,A,Normal value,0,Units,1,One,_Z,Not applicable,,
DATAFLOW,OECD.ELS.SPD:DSD_SOCX_AGG@DF_SOCX_AGG(1.0),Social expenditure aggregates,I,CAN,Canada,A,Annual,SOCX,Social expenditure,PT_B1GQ,Percentage of GDP,ES10,Public,_T,Total,TP82,Housing,_Z,Not applicable,2017,,0.337,,A,Normal value,0,Units,1,One,_Z,Not applicable,,
DATAFLOW,OECD.ELS.SPD:DSD_SOCX_AGG@DF_SOCX_AGG(1.0),Social expenditure aggregates,I,CAN,Canada,A,Annual,SOCX,Social expenditure,PT_B1GQ,Percentage of GDP,ES10,Public,_T,Total,TP82,Housing,_Z,Not applicable,2018,,0.283,,A,Normal value,0,Units,1,One,_Z,Not applicable,,
DATAFLOW,OECD.ELS.SPD:DSD_SOCX_AGG@DF_SOCX_AGG(1.0),Social expenditure aggregates,I,CAN,Canada,A,Annual,SOCX,Social expenditure,PT_B1GQ,Percentage of GDP,ES10,Public,_T,Total,TP82,Housing,_Z,Not applicable,2019,,0.266,,A,Normal value,0,Units,1,One,_Z,Not applicable,,
DATAFLOW,OECD.ELS.SPD:DSD_SOCX_AGG@DF_SOCX_AGG(1.0),Social expenditure aggregates,I,CAN,Canada,A,Annual,SOCX,Social expenditure,PT_B1GQ,Percentage of GDP,ES10,Public,_T,Total,TP82,Housing,_Z,Not applicable,2020,,0.39,,A,Normal value,0,Units,1,One,_Z,Not applicable,,
DATAFLOW,OECD.ELS.SPD:DSD_SOCX_AGG@DF_SOCX_AGG(1.0),Social expenditure aggregates,I,CAN,Canada,A,Annual,SOCX,Social expenditure,PT_B1GQ,Percentage of GDP,ES10,Public,_T,Total,TP82,Housing,_Z,Not applicable,2021,,0.298,,A,Normal value,0,Units,1,One,_Z,Not applicable,,
DATAFLOW,OECD.ELS.SPD:DSD_SOCX_AGG@DF_SOCX_AGG(1.0),Social expenditure aggregates,I,CAN,Canada,A,Annual,SOCX,Social expenditure,PT_B1GQ,Percentage of GDP,ES10,Public,_T,Total,TP82,Housing,_Z,Not applicable,2022,,0.263,,A,Normal value,0,Units,1,One,_Z,Not applicable,,
DATAFLOW,OECD.ELS.SPD:DSD_SOCX_AGG@DF_SOCX_AGG(1.0),Social expenditure aggregates,I,FRA,France,A,Annual,SOCX,Social expenditure,PT_B1GQ,Percentage of GDP,ES10,Public,_T,Total,TP82,Housing,_Z,Not applicable,1980,,0.415,,A,Normal value,0,Units,1,One,_Z,Not applicable,,
DATAFLOW,OECD.ELS.SPD:DSD_SOCX_AGG@DF_SOCX_AGG(1.0),Social expenditure aggregates,I,FRA,France,A,Annual,SOCX,Social expenditure,PT_B1GQ,Percentage of GDP,ES10,Public,_T,Total,TP82,Housing,_Z,Not applicable,1981,,0.463,,A,Normal value,0,Units,1,One,_Z,Not applicable,,
DATAFLOW,OECD.ELS.SPD:DSD_SOCX_AGG@DF_SOCX_AGG(1.0),Social expenditure aggregates,I,FRA,France,A,Annual,SOCX,Social expenditure,PT_B1GQ,Percentage of GDP,ES10,Public,_T,Total,TP82,Housing,_Z,Not applicable,1982,,0.62,,A,Normal value,0,Units,1,One,_Z,Not applicable,,
DATAFLOW,OECD.ELS.SPD:DSD_SOCX_AGG@DF_SOCX_AGG(1.0),Social expenditure aggregates,I,FRA,France,A,Annual,SOCX,Social expenditure,PT_B1GQ,Percentage of GDP,ES10,Public,_T,Total,TP82,Housing,_Z,Not applicable,1983,,0.641,,A,Normal value,0,Units,1,One,_Z,Not applicable,,
DATAFLOW,OECD.ELS.SPD:DSD_SOCX_AGG@DF_SOCX_AGG(1.0),Social expenditure aggregates,I,FRA,France,A,Annual,SOCX,Social expenditure,PT_B1GQ,Percentage of GDP,ES10,Public,_T,Total,TP82,Housing,_Z,Not applicable,1984,,0.663,,A,Normal value,0,Units,1,One,_Z,Not applicable,,
DATAFLOW,OECD.ELS.SPD:DSD_SOCX_AGG@DF_SOCX_AGG(1.0),Social expenditure aggregates,I,FRA,France,A,Annual,SOCX,Social expenditure,PT_B1GQ,Percentage of GDP,ES10,Public,_T,Total,TP82,Housing,_Z,Not applicable,1985,,0.682,,A,Normal value,0,Units,1,One,_Z,Not applicable,,
DATAFLOW,OECD.ELS.SPD:DSD_SOCX_AGG@DF_SOCX_AGG(1.0),Social expenditure aggregates,I,FRA,France,A,Annual,SOCX,Social expenditure,PT_B1GQ,Percentage of GDP,ES10,Public,_T,Total,TP82,Housing,_Z,Not applicable,1986,,0.702,,A,Normal value,0,Units,1,One,_Z,Not applicable,,
DATAFLOW,OECD.ELS.SPD:DSD_SOCX_AGG@DF_SOCX_AGG(1.0),Social expenditure aggregates,I,FRA,France,A,Annual,SOCX,Social expenditure,PT_B1GQ,Percentage of GDP,ES10,Public,_T,Total,TP82,Housing,_Z,Not applicable,1987,,0.713,,A,Normal value,0,Units,1,One,_Z,Not applicable,,
DATAFLOW,OECD.ELS.SPD:DSD_SOCX_AGG@DF_SOCX_AGG(1.0),Social expenditure aggregates,I,FRA,France,A,Annual,SOCX,Social expenditure,PT_B1GQ,Percentage of GDP,ES10,Public,_T,Total,TP82,Housing,_Z,Not applicable,1988,,0.706,,A,Normal value,0,Units,1,One,_Z,Not applicable,,
DATAFLOW,OECD.ELS.SPD:DSD_SOCX_AGG@DF_SOCX_AGG(1.0),Social expenditure aggregates,I,FRA,France,A,Annual,SOCX,Social expenditure,PT_B1GQ,Percentage of GDP,ES10,Public,_T,Total,TP82,Housing,_Z,Not applicable,1989,,0.705,,A,Normal value,0,Units,1,One,_Z,Not applicable,,
DATAFLOW,OECD.ELS.SPD:DSD_SOCX_AGG@DF_SOCX_AGG(1.0),Social expenditure aggregates,I,FRA,France,A,Annual,SOCX,Social expenditure,PT_B1GQ,Percentage of GDP,ES10,Public,_T,Total,TP82,Housing,_Z,Not applicable,1990,,0.741,,A,Normal value,0,Units,1,One,_Z,Not applicable,,
DATAFLOW,OECD.ELS.SPD:DSD_SOCX_AGG@DF_SOCX_AGG(1.0),Social expenditure aggregates,I,FRA,France,A,Annual,SOCX,Social expenditure,PT_B1GQ,Percentage of GDP,ES10,Public,_T,Total,TP82,Housing,_Z,Not applicable,1991,,0.761,,A,Normal value,0,Units,1,One,_Z,Not applicable,,
DATAFLOW,OECD.ELS.SPD:DSD_SOCX_AGG@DF_SOCX_AGG(1.0),Social expenditure aggregates,I,FRA,France,A,Annual,SOCX,Social expenditure,PT_B1GQ,Percentage of GDP,ES10,Public,_T,Total,TP82,Housing,_Z,Not applicable,1992,,0.801,,A,Normal value,0,Units,1,One,_Z,Not applicable,,
DATAFLOW,OECD.ELS.SPD:DSD_SOCX_AGG@DF_SOCX_AGG(1.0),Social expenditure aggregates,I,FRA,France,A,Annual,SOCX,Social expenditure,PT_B1GQ,Percentage of GDP,ES10,Public,_T,Total,TP82,Housing,_Z,Not applicable,1993,,0.873,,A,Normal value,0,Units,1,One,_Z,Not applicable,,
DATAFLOW,OECD.ELS.SPD:DSD_SOCX_AGG@DF_SOCX_AGG(1.0),Social expenditure aggregates,I,FRA,France,A,Annual,SOCX,Social expenditure,PT_B1GQ,Percentage of GDP,ES10,Public,_T,Total,TP82,Housing,_Z,Not applicable,1994,,0.905,,A,Normal value,0,Units,1,One,_Z,Not applicable,,
DATAFLOW,OECD.ELS.SPD:DSD_SOCX_AGG@DF_SOCX_AGG(1.0),Social expenditure aggregates,I,FRA,France,A,Annual,SOCX,Social expenditure,PT_B1GQ,Percentage of GDP,ES10,Public,_T,Total,TP82,Housing,_Z,Not applicable,1995,,0.91,,A,Normal value,0,Units,1,One,_Z,Not applicable,,
DATAFLOW,OECD.ELS.SPD:DSD_SOCX_AGG@DF_SOCX_AGG(1.0),Social expenditure aggregates,I,FRA,France,A,Annual,SOCX,Social expenditure,PT_B1GQ,Percentage of GDP,ES10,Public,_T,Total,TP82,Housing,_Z,Not applicable,1996,,0.905,,A,Normal value,0,Units,1,One,_Z,Not applicable,,
DATAFLOW,OECD.ELS.SPD:DSD_SOCX_AGG@DF_SOCX_AGG(1.0),Social expenditure aggregates,I,FRA,France,A,Annual,SOCX,Social expenditure,PT_B1GQ,Percentage of GDP,ES10,Public,_T,Total,TP82,Housing,_Z,Not applicable,1997,,0.9,,A,Normal value,0,Units,1,One,_Z,Not applicable,,
DATAFLOW,OECD.ELS.SPD:DSD_SOCX_AGG@DF_SOCX_AGG(1.0),Social expenditure aggregates,I,FRA,France,A,Annual,SOCX,Social expenditure,PT_B1GQ,Percentage of GDP,ES10,Public,_T,Total,TP82,Housing,_Z,Not applicable,1998,,0.889,,A,Normal value,0,Units,1,One,_Z,Not applicable,,
DATAFLOW,OECD.ELS.SPD:DSD_SOCX_AGG@DF_SOCX_AGG(1.0),Social expenditure aggregates,I,FRA,France,A,Annual,SOCX,Social expenditure,PT_B1GQ,Percentage of GDP,ES10,Public,_T,Total,TP82,Housing,_Z,Not applicable,1999,,0.879,,A,Normal value,0,Units,1,One,_Z,Not applicable,,
DATAFLOW,OECD.ELS.SPD:DSD_SOCX_AGG@DF_SOCX_AGG(1.0),Social expenditure aggregates,I,FRA,France,A,Annual,SOCX,Social expenditure,PT_B1GQ,Percentage of GDP,ES10,Public,_T,Total,TP82,Housing,_Z,Not applicable,2000,,0.856,,A,Normal value,0,Units,1,One,_Z,Not applicable,,
DATAFLOW,OECD.ELS.SPD:DSD_SOCX_AGG@DF_SOCX_AGG(1.0),Social expenditure aggregates,I,FRA,France,A,Annual,SOCX,Social expenditure,PT_B1GQ,Percentage of GDP,ES10,Public,_T,Total,TP82,Housing,_Z,Not applicable,2001,,0.838,,A,Normal value,0,Units,1,One,_Z,Not applicable,,
DATAFLOW,OECD.ELS.SPD:DSD_SOCX_AGG@DF_SOCX_AGG(1.0),Social expenditure aggregates,I,FRA,France,A,Annual,SOCX,Social expenditure,PT_B1GQ,Percentage of GDP,ES10,Public,_T,Total,TP82,Housing,_Z,Not applicable,2002,,0.852,,A,Normal value,0,Units,1,One,_Z,Not applicable,,
DATAFLOW,OECD.ELS.SPD:DSD_SOCX_AGG@DF_SOCX_AGG(1.0),Social expenditure aggregates,I,FRA,France,A,Annual,SOCX,Social expenditure,PT_B1GQ,Percentage of GDP,ES10,Public,_T,Total,TP82,Housing,_Z,Not applicable,2003,,0.826,,A,Normal value,0,Units,1,One,_Z,Not applicable,,
DATAFLOW,OECD.ELS.SPD:DSD_SOCX_AGG@DF_SOCX_AGG(1.0),Social expenditure aggregates,I,FRA,France,A,Annual,SOCX,Social expenditure,PT_B1GQ,Percentage of GDP,ES10,Public,_T,Total,TP82,Housing,_Z,Not applicable,2004,,0.819,,A,Normal value,0,Units,1,One,_Z,Not applicable,,
DATAFLOW,OECD.ELS.SPD:DSD_SOCX_AGG@DF_SOCX_AGG(1.0),Social expenditure aggregates,I,FRA,France,A,Annual,SOCX,Social expenditure,PT_B1GQ,Percentage of GDP,ES10,Public,_T,Total,TP82,Housing,_Z,Not applicable,2005,,0.792,,A,Normal value,0,Units,1,One,_Z,Not applicable,,
DATAFLOW,OECD.ELS.SPD:DSD_SOCX_AGG@DF_SOCX_AGG(1.0),Social expenditure aggregates,I,FRA,France,A,Annual,SOCX,Social expenditure,PT_B1GQ,Percentage of GDP,ES10,Public,_T,Total,TP82,Housing,_Z,Not applicable,2006,,0.781,,A,Normal value,0,Units,1,One,_Z,Not applicable,,
DATAFLOW,OECD.ELS.SPD:DSD_SOCX_AGG@DF_SOCX_AGG(1.0),Social expenditure aggregates,I,FRA,France,A,Annual,SOCX,Social expenditure,PT_B1GQ,Percentage of GDP,ES10,Public,_T,Total,TP82,Housing,_Z,Not applicable,2007,,0.759,,A,Normal value,0,Units,1,One,_Z,Not applicable,,
DATAFLOW,OECD.ELS.SPD:DSD_SOCX_AGG@DF_SOCX_AGG(1.0),Social expenditure aggregates,I,FRA,France,A,Annual,SOCX,Social expenditure,PT_B1GQ,Percentage of GDP,ES10,Public,_T,Total,TP82,Housing,_Z,Not applicable,2008,,0.792,,A,Normal value,0,Units,1,One,_Z,Not applicable,,
DATAFLOW,OECD.ELS.SPD:DSD_SOCX_AGG@DF_SOCX_AGG(1.0),Social expenditure aggregates,I,FRA,France,A,Annual,SOCX,Social expenditure,PT_B1GQ,Percentage of GDP,ES10,Public,_T,Total,TP82,Housing,_Z,Not applicable,2009,,0.834,,A,Normal value,0,Units,1,One,_Z,Not applicable,,
DATAFLOW,OECD.ELS.SPD:DSD_SOCX_AGG@DF_SOCX_AGG(1.0),Social expenditure aggregates,I,FRA,France,A,Annual,SOCX,Social expenditure,PT_B1GQ,Percentage of GDP,ES10,Public,_T,Total,TP82,Housing,_Z,Not applicable,2010,,0.822,,A,Normal value,0,Units,1,One,_Z,Not applicable,,
DATAFLOW,OECD.ELS.SPD:DSD_SOCX_AGG@DF_SOCX_AGG(1.0),Social expenditure aggregates,I,FRA,France,A,Annual,SOCX,Social expenditure,PT_B1GQ,Percentage of GDP,ES10,Public,_T,Total,TP82,Housing,_Z,Not applicable,2011,,0.818,,A,Normal value,0,Units,1,One,_Z,Not applicable,,
DATAFLOW,OECD.ELS.SPD:DSD_SOCX_AGG@DF_SOCX_AGG(1.0),Social expenditure aggregates,I,FRA,France,A,Annual,SOCX,Social expenditure,PT_B1GQ,Percentage of GDP,ES10,Public,_T,Total,TP82,Housing,_Z,Not applicable,2012,,0.822,,A,Normal value,0,Units,1,One,_Z,Not applicable,,
DATAFLOW,OECD.ELS.SPD:DSD_SOCX_AGG@DF_SOCX_AGG(1.0),Social expenditure aggregates,I,FRA,France,A,Annual,SOCX,Social expenditure,PT_B1GQ,Percentage of GDP,ES10,Public,_T,Total,TP82,Housing,_Z,Not applicable,2013,,0.838,,A,Normal value,0,Units,1,One,_Z,Not applicable,,
DATAFLOW,OECD.ELS.SPD:DSD_SOCX_AGG@DF_SOCX_AGG(1.0),Social expenditure aggregates,I,FRA,France,A,Annual,SOCX,Social expenditure,PT_B1GQ,Percentage of GDP,ES10,Public,_T,Total,TP82,Housing,_Z,Not applicable,2014,,0.84,,A,Normal value,0,Units,1,One,_Z,Not applicable,,
DATAFLOW,OECD.ELS.SPD:DSD_SOCX_AGG@DF_SOCX_AGG(1.0),Social expenditure aggregates,I,FRA,France,A,Annual,SOCX,Social expenditure,PT_B1GQ,Percentage of GDP,ES10,Public,_T,Total,TP82,Housing,_Z,Not applicable,2015,,0.83,,A,Normal value,0,Units,1,One,_Z,Not applicable,,
DATAFLOW,OECD.ELS.SPD:DSD_SOCX_AGG@DF_SOCX_AGG(1.0),Social expenditure aggregates,I,FRA,France,A,Annual,SOCX,Social expenditure,PT_B1GQ,Percentage of GDP,ES10,Public,_T,Total,TP82,Housing,_Z,Not applicable,2016,,0.82,,A,Normal value,0,Units,1,One,_Z,Not applicable,,
DATAFLOW,OECD.ELS.SPD:DSD_SOCX_AGG@DF_SOCX_AGG(1.0),Social expenditure aggregates,I,FRA,France,A,Annual,SOCX,Social expenditure,PT_B1GQ,Percentage of GDP,ES10,Public,_T,Total,TP82,Housing,_Z,Not applicable,2017,,0.793,,A,Normal value,0,Units,1,One,_Z,Not applicable,,
DATAFLOW,OECD.ELS.SPD:DSD_SOCX_AGG@DF_SOCX_AGG(1.0),Social expenditure aggregates,I,FRA,France,A,Annual,SOCX,Social expenditure,PT_B1GQ,Percentage of GDP,ES10,Public,_T,Total,TP82,Housing,_Z,Not applicable,2018,,0.729,,A,Normal value,0,Units,1,One,_Z,Not applicable,,
DATAFLOW,OECD.ELS.SPD:DSD_SOCX_AGG@DF_SOCX_AGG(1.0),Social expenditure aggregates,I,FRA,France,A,Annual,SOCX,Social expenditure,PT_B1GQ,Percentage of GDP,ES10,Public,_T,Total,TP82,Housing,_Z,Not applicable,2019,,0.693,,A,Normal value,0,Units,1,One,_Z,Not applicable,,
DATAFLOW,OECD.ELS.SPD:DSD_SOCX_AGG@DF_SOCX_AGG(1.0),Social expenditure aggregates,I,FRA,France,A,Annual,SOCX,Social expenditure,PT_B1GQ,Percentage of GDP,ES10,Public,_T,Total,TP82,Housing,_Z,Not applicable,2020,,0.725,,A,Normal value,0,Units,1,One,_Z,Not applicable,,
DATAFLOW,OECD.ELS.SPD:DSD_SOCX_AGG@DF_SOCX_AGG(1.0),Social expenditure aggregates,I,FRA,France,A,Annual,SOCX,Social expenditure,PT_B1GQ,Percentage of GDP,ES10,Public,_T,Total,TP82,Housing,_Z,Not applicable,2021,,0.632,,A,Normal value,0,Units,1,One,_Z,Not applicable,,
DATAFLOW,OECD.ELS.SPD:DSD_SOCX_AGG@DF_SOCX_AGG(1.0),Social expenditure aggregates,I,FRA,France,A,Annual,SOCX,Social expenditure,PT_B1GQ,Percentage of GDP,ES10,Public,_T,Total,TP82,Housing,_Z,Not applicable,2022,,0.586,,A,Normal value,0,Units,1,One,_Z,Not applicable,,
DATAFLOW,OECD.ELS.SPD:DSD_SOCX_AGG@DF_SOCX_AGG(1.0),Social expenditure aggregates,I,BEL,Belgium,A,Annual,SOCX,Social expenditure,PT_B1GQ,Percentage of GDP,ES10,Public,_T,Total,TP82,Housing,_Z,Not applicable,2000,,0.033,,A,Normal value,0,Units,1,One,_Z,Not applicable,,
DATAFLOW,OECD.ELS.SPD:DSD_SOCX_AGG@DF_SOCX_AGG(1.0),Social expenditure aggregates,I,BEL,Belgium,A,Annual,SOCX,Social expenditure,PT_B1GQ,Percentage of GDP,ES10,Public,_T,Total,TP82,Housing,_Z,Not applicable,2001,,0.043,,A,Normal value,0,Units,1,One,_Z,Not applicable,,
DATAFLOW,OECD.ELS.SPD:DSD_SOCX_AGG@DF_SOCX_AGG(1.0),Social expenditure aggregates,I,BEL,Belgium,A,Annual,SOCX,Social expenditure,PT_B1GQ,Percentage of GDP,ES10,Public,_T,Total,TP82,Housing,_Z,Not applicable,2002,,0.054,,A,Normal value,0,Units,1,One,_Z,Not applicable,,
DATAFLOW,OECD.ELS.SPD:DSD_SOCX_AGG@DF_SOCX_AGG(1.0),Social expenditure aggregates,I,BEL,Belgium,A,Annual,SOCX,Social expenditure,PT_B1GQ,Percentage of GDP,ES10,Public,_T,Total,TP82,Housing,_Z,Not applicable,2003,,0.056,,A,Normal value,0,Units,1,One,_Z,Not applicable,,
DATAFLOW,OECD.ELS.SPD:DSD_SOCX_AGG@DF_SOCX_AGG(1.0),Social expenditure aggregates,I,BEL,Belgium,A,Annual,SOCX,Social expenditure,PT_B1GQ,Percentage of GDP,ES10,Public,_T,Total,TP82,Housing,_Z,Not applicable,2004,,0.058,,A,Normal value,0,Units,1,One,_Z,Not applicable,,
DATAFLOW,OECD.ELS.SPD:DSD_SOCX_AGG@DF_SOCX_AGG(1.0),Social expenditure aggregates,I,BEL,Belgium,A,Annual,SOCX,Social expenditure,PT_B1GQ,Percentage of GDP,ES10,Public,_T,Total,TP82,Housing,_Z,Not applicable,2005,,0.065,,A,Normal value,0,Units,1,One,_Z,Not applicable,,
DATAFLOW,OECD.ELS.SPD:DSD_SOCX_AGG@DF_SOCX_AGG(1.0),Social expenditure aggregates,I,BEL,Belgium,A,Annual,SOCX,Social expenditure,PT_B1GQ,Percentage of GDP,ES10,Public,_T,Total,TP82,Housing,_Z,Not applicable,2006,,0.129,,A,Normal value,0,Units,1,One,_Z,Not applicable,,
DATAFLOW,OECD.ELS.SPD:DSD_SOCX_AGG@DF_SOCX_AGG(1.0),Social expenditure aggregates,I,BEL,Belgium,A,Annual,SOCX,Social expenditure,PT_B1GQ,Percentage of GDP,ES10,Public,_T,Total,TP82,Housing,_Z,Not applicable,2007,,0.141,,A,Normal value,0,Units,1,One,_Z,Not applicable,,
DATAFLOW,OECD.ELS.SPD:DSD_SOCX_AGG@DF_SOCX_AGG(1.0),Social expenditure aggregates,I,BEL,Belgium,A,Annual,SOCX,Social expenditure,PT_B1GQ,Percentage of GDP,ES10,Public,_T,Total,TP82,Housing,_Z,Not applicable,2008,,0.225,,A,Normal value,0,Units,1,One,_Z,Not applicable,,
DATAFLOW,OECD.ELS.SPD:DSD_SOCX_AGG@DF_SOCX_AGG(1.0),Social expenditure aggregates,I,BEL,Belgium,A,Annual,SOCX,Social expenditure,PT_B1GQ,Percentage of GDP,ES10,Public,_T,Total,TP82,Housing,_Z,Not applicable,2009,,0.241,,A,Normal value,0,Units,1,One,_Z,Not applicable,,
DATAFLOW,OECD.ELS.SPD:DSD_SOCX_AGG@DF_SOCX_AGG(1.0),Social expenditure aggregates,I,BEL,Belgium,A,Annual,SOCX,Social expenditure,PT_B1GQ,Percentage of GDP,ES10,Public,_T,Total,TP82,Housing,_Z,Not applicable,2010,,0.216,,A,Normal value,0,Units,1,One,_Z,Not applicable,,
DATAFLOW,OECD.ELS.SPD:DSD_SOCX_AGG@DF_SOCX_AGG(1.0),Social expenditure aggregates,I,BEL,Belgium,A,Annual,SOCX,Social expenditure,PT_B1GQ,Percentage of GDP,ES10,Public,_T,Total,TP82,Housing,_Z,Not applicable,2011,,0.224,,A,Normal value,0,Units,1,One,_Z,Not applicable,,
DATAFLOW,OECD.ELS.SPD:DSD_SOCX_AGG@DF_SOCX_AGG(1.0),Social expenditure aggregates,I,BEL,Belgium,A,Annual,SOCX,Social expenditure,PT_B1GQ,Percentage of GDP,ES10,Public,_T,Total,TP82,Housing,_Z,Not applicable,2012,,0.249,,A,Normal value,0,Units,1,One,_Z,Not applicable,,
DATAFLOW,OECD.ELS.SPD:DSD_SOCX_AGG@DF_SOCX_AGG(1.0),Social expenditure aggregates,I,BEL,Belgium,A,Annual,SOCX,Social expenditure,PT_B1GQ,Percentage of GDP,ES10,Public,_T,Total,TP82,Housing,_Z,Not applicable,2013,,0.242,,A,Normal value,0,Units,1,One,_Z,Not applicable,,
DATAFLOW,OECD.ELS.SPD:DSD_SOCX_AGG@DF_SOCX_AGG(1.0),Social expenditure aggregates,I,BEL,Belgium,A,Annual,SOCX,Social expenditure,PT_B1GQ,Percentage of GDP,ES10,Public,_T,Total,TP82,Housing,_Z,Not applicable,2014,,0.247,,A,Normal value,0,Units,1,One,_Z,Not applicable,,
DATAFLOW,OECD.ELS.SPD:DSD_SOCX_AGG@DF_SOCX_AGG(1.0),Social expenditure aggregates,I,BEL,Belgium,A,Annual,SOCX,Social expenditure,PT_B1GQ,Percentage of GDP,ES10,Public,_T,Total,TP82,Housing,_Z,Not applicable,2015,,0.229,,A,Normal value,0,Units,1,One,_Z,Not applicable,,
DATAFLOW,OECD.ELS.SPD:DSD_SOCX_AGG@DF_SOCX_AGG(1.0),Social expenditure aggregates,I,BEL,Belgium,A,Annual,SOCX,Social expenditure,PT_B1GQ,Percentage of GDP,ES10,Public,_T,Total,TP82,Housing,_Z,Not applicable,2016,,0.235,,A,Normal value,0,Units,1,One,_Z,Not applicable,,
DATAFLOW,OECD.ELS.SPD:DSD_SOCX_AGG@DF_SOCX_AGG(1.0),Social expenditure aggregates,I,BEL,Belgium,A,Annual,SOCX,Social expenditure,PT_B1GQ,Percentage of GDP,ES10,Public,_T,Total,TP82,Housing,_Z,Not applicable,2017,,0.243,,A,Normal value,0,Units,1,One,_Z,Not applicable,,
DATAFLOW,OECD.ELS.SPD:DSD_SOCX_AGG@DF_SOCX_AGG(1.0),Social expenditure aggregates,I,BEL,Belgium,A,Annual,SOCX,Social expenditure,PT_B1GQ,Percentage of GDP,ES10,Public,_T,Total,TP82,Housing,_Z,Not applicable,2018,,0.229,,A,Normal value,0,Units,1,One,_Z,Not applicable,,
DATAFLOW,OECD.ELS.SPD:DSD_SOCX_AGG@DF_SOCX_AGG(1.0),Social expenditure aggregates,I,BEL,Belgium,A,Annual,SOCX,Social expenditure,PT_B1GQ,Percentage of GDP,ES10,Public,_T,Total,TP82,Housing,_Z,Not applicable,2019,,0.235,,A,Normal value,0,Units,1,One,_Z,Not applicable,,
DATAFLOW,OECD.ELS.SPD:DSD_SOCX_AGG@DF_SOCX_AGG(1.0),Social expenditure aggregates,I,BEL,Belgium,A,Annual,SOCX,Social expenditure,PT_B1GQ,Percentage of GDP,ES10,Public,_T,Total,TP82,Housing,_Z,Not applicable,2020,,0.232,,A,Normal value,0,Units,1,One,_Z,Not applicable,,
DATAFLOW,OECD.ELS.SPD:DSD_SOCX_AGG@DF_SOCX_AGG(1.0),Social expenditure aggregates,I,BEL,Belgium,A,Annual,SOCX,Social expenditure,PT_B1GQ,Percentage of GDP,ES10,Public,_T,Total,TP82,Housing,_Z,Not applicable,2021,,0.233,,A,Normal value,0,Units,1,One,_Z,Not applicable,,
DATAFLOW,OECD.ELS.SPD:DSD_SOCX_AGG@DF_SOCX_AGG(1.0),Social expenditure aggregates,I,DNK,Denmark,A,Annual,SOCX,Social expenditure,PT_B1GQ,Percentage of GDP,ES10,Public,_T,Total,TP82,Housing,_Z,Not applicable,1980,,0.374,,A,Normal value,0,Units,1,One,_Z,Not applicable,,
DATAFLOW,OECD.ELS.SPD:DSD_SOCX_AGG@DF_SOCX_AGG(1.0),Social expenditure aggregates,I,DNK,Denmark,A,Annual,SOCX,Social expenditure,PT_B1GQ,Percentage of GDP,ES10,Public,_T,Total,TP82,Housing,_Z,Not applicable,1981,,0.396,,A,Normal value,0,Units,1,One,_Z,Not applicable,,
DATAFLOW,OECD.ELS.SPD:DSD_SOCX_AGG@DF_SOCX_AGG(1.0),Social expenditure aggregates,I,DNK,Denmark,A,Annual,SOCX,Social expenditure,PT_B1GQ,Percentage of GDP,ES10,Public,_T,Total,TP82,Housing,_Z,Not applicable,1982,,0.398,,A,Normal value,0,Units,1,One,_Z,Not applicable,,
DATAFLOW,OECD.ELS.SPD:DSD_SOCX_AGG@DF_SOCX_AGG(1.0),Social expenditure aggregates,I,DNK,Denmark,A,Annual,SOCX,Social expenditure,PT_B1GQ,Percentage of GDP,ES10,Public,_T,Total,TP82,Housing,_Z,Not applicable,1983,,0.43,,A,Normal value,0,Units,1,One,_Z,Not applicable,,
DATAFLOW,OECD.ELS.SPD:DSD_SOCX_AGG@DF_SOCX_AGG(1.0),Social expenditure aggregates,I,DNK,Denmark,A,Annual,SOCX,Social expenditure,PT_B1GQ,Percentage of GDP,ES10,Public,_T,Total,TP82,Housing,_Z,Not applicable,1984,,0.444,,A,Normal value,0,Units,1,One,_Z,Not applicable,,
DATAFLOW,OECD.ELS.SPD:DSD_SOCX_AGG@DF_SOCX_AGG(1.0),Social expenditure aggregates,I,DNK,Denmark,A,Annual,SOCX,Social expenditure,PT_B1GQ,Percentage of GDP,ES10,Public,_T,Total,TP82,Housing,_Z,Not applicable,1985,,0.45,,A,Normal value,0,Units,1,One,_Z,Not applicable,,
DATAFLOW,OECD.ELS.SPD:DSD_SOCX_AGG@DF_SOCX_AGG(1.0),Social expenditure aggregates,I,DNK,Denmark,A,Annual,SOCX,Social expenditure,PT_B1GQ,Percentage of GDP,ES10,Public,_T,Total,TP82,Housing,_Z,Not applicable,1986,,0.456,,A,Normal value,0,Units,1,One,_Z,Not applicable,,
DATAFLOW,OECD.ELS.SPD:DSD_SOCX_AGG@DF_SOCX_AGG(1.0),Social expenditure aggregates,I,DNK,Denmark,A,Annual,SOCX,Social expenditure,PT_B1GQ,Percentage of GDP,ES10,Public,_T,Total,TP82,Housing,_Z,Not applicable,1987,,0.502,,A,Normal value,0,Units,1,One,_Z,Not applicable,,
DATAFLOW,OECD.ELS.SPD:DSD_SOCX_AGG@DF_SOCX_AGG(1.0),Social expenditure aggregates,I,DNK,Denmark,A,Annual,SOCX,Social expenditure,PT_B1GQ,Percentage of GDP,ES10,Public,_T,Total,TP82,Housing,_Z,Not applicable,1988,,0.539,,A,Normal value,0,Units,1,One,_Z,Not applicable,,
DATAFLOW,OECD.ELS.SPD:DSD_SOCX_AGG@DF_SOCX_AGG(1.0),Social expenditure aggregates,I,DNK,Denmark,A,Annual,SOCX,Social expenditure,PT_B1GQ,Percentage of GDP,ES10,Public,_T,Total,TP82,Housing,_Z,Not applicable,1989,,0.578,,A,Normal value,0,Units,1,One,_Z,Not applicable,,
DATAFLOW,OECD.ELS.SPD:DSD_SOCX_AGG@DF_SOCX_AGG(1.0),Social expenditure aggregates,I,DNK,Denmark,A,Annual,SOCX,Social expenditure,PT_B1GQ,Percentage of GDP,ES10,Public,_T,Total,TP82,Housing,_Z,Not applicable,1990,,0.633,,A,Normal value,0,Units,1,One,_Z,Not applicable,,
DATAFLOW,OECD.ELS.SPD:DSD_SOCX_AGG@DF_SOCX_AGG(1.0),Social expenditure aggregates,I,DNK,Denmark,A,Annual,SOCX,Social expenditure,PT_B1GQ,Percentage of GDP,ES10,Public,_T,Total,TP82,Housing,_Z,Not applicable,1991,,0.686,,A,Normal value,0,Units,1,One,_Z,Not applicable,,
DATAFLOW,OECD.ELS.SPD:DSD_SOCX_AGG@DF_SOCX_AGG(1.0),Social expenditure aggregates,I,DNK,Denmark,A,Annual,SOCX,Social expenditure,PT_B1GQ,Percentage of GDP,ES10,Public,_T,Total,TP82,Housing,_Z,Not applicable,1992,,0.725,,A,Normal value,0,Units,1,One,_Z,Not applicable,,
DATAFLOW,OECD.ELS.SPD:DSD_SOCX_AGG@DF_SOCX_AGG(1.0),Social expenditure aggregates,I,DNK,Denmark,A,Annual,SOCX,Social expenditure,PT_B1GQ,Percentage of GDP,ES10,Public,_T,Total,TP82,Housing,_Z,Not applicable,1993,,0.783,,A,Normal value,0,Units,1,One,_Z,Not applicable,,
DATAFLOW,OECD.ELS.SPD:DSD_SOCX_AGG@DF_SOCX_AGG(1.0),Social expenditure aggregates,I,DNK,Denmark,A,Annual,SOCX,Social expenditure,PT_B1GQ,Percentage of GDP,ES10,Public,_T,Total,TP82,Housing,_Z,Not applicable,1994,,0.759,,A,Normal value,0,Units,1,One,_Z,Not applicable,,
DATAFLOW,OECD.ELS.SPD:DSD_SOCX_AGG@DF_SOCX_AGG(1.0),Social expenditure aggregates,I,DNK,Denmark,A,Annual,SOCX,Social expenditure,PT_B1GQ,Percentage of GDP,ES10,Public,_T,Total,TP82,Housing,_Z,Not applicable,1995,,0.747,,A,Normal value,0,Units,1,One,_Z,Not applicable,,
DATAFLOW,OECD.ELS.SPD:DSD_SOCX_AGG@DF_SOCX_AGG(1.0),Social expenditure aggregates,I,DNK,Denmark,A,Annual,SOCX,Social expenditure,PT_B1GQ,Percentage of GDP,ES10,Public,_T,Total,TP82,Housing,_Z,Not applicable,1996,,0.718,,A,Normal value,0,Units,1,One,_Z,Not applicable,,
DATAFLOW,OECD.ELS.SPD:DSD_SOCX_AGG@DF_SOCX_AGG(1.0),Social expenditure aggregates,I,DNK,Denmark,A,Annual,SOCX,Social expenditure,PT_B1GQ,Percentage of GDP,ES10,Public,_T,Total,TP82,Housing,_Z,Not applicable,1997,,0.707,,A,Normal value,0,Units,1,One,_Z,Not applicable,,
DATAFLOW,OECD.ELS.SPD:DSD_SOCX_AGG@DF_SOCX_AGG(1.0),Social expenditure aggregates,I,DNK,Denmark,A,Annual,SOCX,Social expenditure,PT_B1GQ,Percentage of GDP,ES10,Public,_T,Total,TP82,Housing,_Z,Not applicable,1998,,0.708,,A,Normal value,0,Units,1,One,_Z,Not applicable,,
DATAFLOW,OECD.ELS.SPD:DSD_SOCX_AGG@DF_SOCX_AGG(1.0),Social expenditure aggregates,I,DNK,Denmark,A,Annual,SOCX,Social expenditure,PT_B1GQ,Percentage of GDP,ES10,Public,_T,Total,TP82,Housing,_Z,Not applicable,1999,,0.689,,A,Normal value,0,Units,1,One,_Z,Not applicable,,
DATAFLOW,OECD.ELS.SPD:DSD_SOCX_AGG@DF_SOCX_AGG(1.0),Social expenditure aggregates,I,DNK,Denmark,A,Annual,SOCX,Social expenditure,PT_B1GQ,Percentage of GDP,ES10,Public,_T,Total,TP82,Housing,_Z,Not applicable,2000,,0.647,,A,Normal value,0,Units,1,One,_Z,Not applicable,,
DATAFLOW,OECD.ELS.SPD:DSD_SOCX_AGG@DF_SOCX_AGG(1.0),Social expenditure aggregates,I,DNK,Denmark,A,Annual,SOCX,Social expenditure,PT_B1GQ,Percentage of GDP,ES10,Public,_T,Total,TP82,Housing,_Z,Not applicable,2001,,0.642,,A,Normal value,0,Units,1,One,_Z,Not applicable,,
DATAFLOW,OECD.ELS.SPD:DSD_SOCX_AGG@DF_SOCX_AGG(1.0),Social expenditure aggregates,I,DNK,Denmark,A,Annual,SOCX,Social expenditure,PT_B1GQ,Percentage of GDP,ES10,Public,_T,Total,TP82,Housing,_Z,Not applicable,2002,,0.649,,A,Normal value,0,Units,1,One,_Z,Not applicable,,
DATAFLOW,OECD.ELS.SPD:DSD_SOCX_AGG@DF_SOCX_AGG(1.0),Social expenditure aggregates,I,DNK,Denmark,A,Annual,SOCX,Social expenditure,PT_B1GQ,Percentage of GDP,ES10,Public,_T,Total,TP82,Housing,_Z,Not applicable,2003,,0.677,,A,Normal value,0,Units,1,One,_Z,Not applicable,,
DATAFLOW,OECD.ELS.SPD:DSD_SOCX_AGG@DF_SOCX_AGG(1.0),Social expenditure aggregates,I,DNK,Denmark,A,Annual,SOCX,Social expenditure,PT_B1GQ,Percentage of GDP,ES10,Public,_T,Total,TP82,Housing,_Z,Not applicable,2004,,0.692,,A,Normal value,0,Units,1,One,_Z,Not applicable,,
DATAFLOW,OECD.ELS.SPD:DSD_SOCX_AGG@DF_SOCX_AGG(1.0),Social expenditure aggregates,I,DNK,Denmark,A,Annual,SOCX,Social expenditure,PT_B1GQ,Percentage of GDP,ES10,Public,_T,Total,TP82,Housing,_Z,Not applicable,2005,,0.687,,A,Normal value,0,Units,1,One,_Z,Not applicable,,
DATAFLOW,OECD.ELS.SPD:DSD_SOCX_AGG@DF_SOCX_AGG(1.0),Social expenditure aggregates,I,DNK,Denmark,A,Annual,SOCX,Social expenditure,PT_B1GQ,Percentage of GDP,ES10,Public,_T,Total,TP82,Housing,_Z,Not applicable,2006,,0.635,,A,Normal value,0,Units,1,One,_Z,Not applicable,,
DATAFLOW,OECD.ELS.SPD:DSD_SOCX_AGG@DF_SOCX_AGG(1.0),Social expenditure aggregates,I,DNK,Denmark,A,Annual,SOCX,Social expenditure,PT_B1GQ,Percentage of GDP,ES10,Public,_T,Total,TP82,Housing,_Z,Not applicable,2007,,0.639,,A,Normal value,0,Units,1,One,_Z,Not applicable,,
DATAFLOW,OECD.ELS.SPD:DSD_SOCX_AGG@DF_SOCX_AGG(1.0),Social expenditure aggregates,I,DNK,Denmark,A,Annual,SOCX,Social expenditure,PT_B1GQ,Percentage of GDP,ES10,Public,_T,Total,TP82,Housing,_Z,Not applicable,2008,,0.624,,A,Normal value,0,Units,1,One,_Z,Not applicable,,
DATAFLOW,OECD.ELS.SPD:DSD_SOCX_AGG@DF_SOCX_AGG(1.0),Social expenditure aggregates,I,DNK,Denmark,A,Annual,SOCX,Social expenditure,PT_B1GQ,Percentage of GDP,ES10,Public,_T,Total,TP82,Housing,_Z,Not applicable,2009,,0.672,,A,Normal value,0,Units,1,One,_Z,Not applicable,,
DATAFLOW,OECD.ELS.SPD:DSD_SOCX_AGG@DF_SOCX_AGG(1.0),Social expenditure aggregates,I,DNK,Denmark,A,Annual,SOCX,Social expenditure,PT_B1GQ,Percentage of GDP,ES10,Public,_T,Total,TP82,Housing,_Z,Not applicable,2010,,0.672,,A,Normal value,0,Units,1,One,_Z,Not applicable,,
DATAFLOW,OECD.ELS.SPD:DSD_SOCX_AGG@DF_SOCX_AGG(1.0),Social expenditure aggregates,I,DNK,Denmark,A,Annual,SOCX,Social expenditure,PT_B1GQ,Percentage of GDP,ES10,Public,_T,Total,TP82,Housing,_Z,Not applicable,2011,,0.687,,A,Normal value,0,Units,1,One,_Z,Not applicable,,
DATAFLOW,OECD.ELS.SPD:DSD_SOCX_AGG@DF_SOCX_AGG(1.0),Social expenditure aggregates,I,DNK,Denmark,A,Annual,SOCX,Social expenditure,PT_B1GQ,Percentage of GDP,ES10,Public,_T,Total,TP82,Housing,_Z,Not applicable,2012,,0.696,,A,Normal value,0,Units,1,One,_Z,Not applicable,,
DATAFLOW,OECD.ELS.SPD:DSD_SOCX_AGG@DF_SOCX_AGG(1.0),Social expenditure aggregates,I,DNK,Denmark,A,Annual,SOCX,Social expenditure,PT_B1GQ,Percentage of GDP,ES10,Public,_T,Total,TP82,Housing,_Z,Not applicable,2013,,0.687,,A,Normal value,0,Units,1,One,_Z,Not applicable,,
DATAFLOW,OECD.ELS.SPD:DSD_SOCX_AGG@DF_SOCX_AGG(1.0),Social expenditure aggregates,I,DNK,Denmark,A,Annual,SOCX,Social expenditure,PT_B1GQ,Percentage of GDP,ES10,Public,_T,Total,TP82,Housing,_Z,Not applicable,2014,,0.699,,A,Normal value,0,Units,1,One,_Z,Not applicable,,
DATAFLOW,OECD.ELS.SPD:DSD_SOCX_AGG@DF_SOCX_AGG(1.0),Social expenditure aggregates,I,DNK,Denmark,A,Annual,SOCX,Social expenditure,PT_B1GQ,Percentage of GDP,ES10,Public,_T,Total,TP82,Housing,_Z,Not applicable,2015,,0.702,,A,Normal value,0,Units,1,One,_Z,Not applicable,,
DATAFLOW,OECD.ELS.SPD:DSD_SOCX_AGG@DF_SOCX_AGG(1.0),Social expenditure aggregates,I,DNK,Denmark,A,Annual,SOCX,Social expenditure,PT_B1GQ,Percentage of GDP,ES10,Public,_T,Total,TP82,Housing,_Z,Not applicable,2016,,0.682,,A,Normal value,0,Units,1,One,_Z,Not applicable,,
DATAFLOW,OECD.ELS.SPD:DSD_SOCX_AGG@DF_SOCX_AGG(1.0),Social expenditure aggregates,I,DNK,Denmark,A,Annual,SOCX,Social expenditure,PT_B1GQ,Percentage of GDP,ES10,Public,_T,Total,TP82,Housing,_Z,Not applicable,2017,,0.668,,A,Normal value,0,Units,1,One,_Z,Not applicable,,
DATAFLOW,OECD.ELS.SPD:DSD_SOCX_AGG@DF_SOCX_AGG(1.0),Social expenditure aggregates,I,DNK,Denmark,A,Annual,SOCX,Social expenditure,PT_B1GQ,Percentage of GDP,ES10,Public,_T,Total,TP82,Housing,_Z,Not applicable,2018,,0.659,,A,Normal value,0,Units,1,One,_Z,Not applicable,,
DATAFLOW,OECD.ELS.SPD:DSD_SOCX_AGG@DF_SOCX_AGG(1.0),Social expenditure aggregates,I,DNK,Denmark,A,Annual,SOCX,Social expenditure,PT_B1GQ,Percentage of GDP,ES10,Public,_T,Total,TP82,Housing,_Z,Not applicable,2019,,0.657,,A,Normal value,0,Units,1,One,_Z,Not applicable,,
DATAFLOW,OECD.ELS.SPD:DSD_SOCX_AGG@DF_SOCX_AGG(1.0),Social expenditure aggregates,I,DNK,Denmark,A,Annual,SOCX,Social expenditure,PT_B1GQ,Percentage of GDP,ES10,Public,_T,Total,TP82,Housing,_Z,Not applicable,2020,,0.664,,A,Normal value,0,Units,1,One,_Z,Not applicable,,
DATAFLOW,OECD.ELS.SPD:DSD_SOCX_AGG@DF_SOCX_AGG(1.0),Social expenditure aggregates,I,DNK,Denmark,A,Annual,SOCX,Social expenditure,PT_B1GQ,Percentage of GDP,ES10,Public,_T,Total,TP82,Housing,_Z,Not applicable,2021,,0.604,,A,Normal value,0,Units,1,One,_Z,Not applicable,,
DATAFLOW,OECD.ELS.SPD:DSD_SOCX_AGG@DF_SOCX_AGG(1.0),Social expenditure aggregates,I,GRC,Greece,A,Annual,SOCX,Social expenditure,PT_B1GQ,Percentage of GDP,ES10,Public,_T,Total,TP82,Housing,_Z,Not applicable,1980,,0.063,,A,Normal value,0,Units,1,One,_Z,Not applicable,,
DATAFLOW,OECD.ELS.SPD:DSD_SOCX_AGG@DF_SOCX_AGG(1.0),Social expenditure aggregates,I,GRC,Greece,A,Annual,SOCX,Social expenditure,PT_B1GQ,Percentage of GDP,ES10,Public,_T,Total,TP82,Housing,_Z,Not applicable,1981,,0.053,,A,Normal value,0,Units,1,One,_Z,Not applicable,,
DATAFLOW,OECD.ELS.SPD:DSD_SOCX_AGG@DF_SOCX_AGG(1.0),Social expenditure aggregates,I,GRC,Greece,A,Annual,SOCX,Social expenditure,PT_B1GQ,Percentage of GDP,ES10,Public,_T,Total,TP82,Housing,_Z,Not applicable,1982,,0.056,,A,Normal value,0,Units,1,One,_Z,Not applicable,,
DATAFLOW,OECD.ELS.SPD:DSD_SOCX_AGG@DF_SOCX_AGG(1.0),Social expenditure aggregates,I,GRC,Greece,A,Annual,SOCX,Social expenditure,PT_B1GQ,Percentage of GDP,ES10,Public,_T,Total,TP82,Housing,_Z,Not applicable,1983,,0.208,,A,Normal value,0,Units,1,One,_Z,Not applicable,,
DATAFLOW,OECD.ELS.SPD:DSD_SOCX_AGG@DF_SOCX_AGG(1.0),Social expenditure aggregates,I,GRC,Greece,A,Annual,SOCX,Social expenditure,PT_B1GQ,Percentage of GDP,ES10,Public,_T,Total,TP82,Housing,_Z,Not applicable,1984,,0.177,,A,Normal value,0,Units,1,One,_Z,Not applicable,,
DATAFLOW,OECD.ELS.SPD:DSD_SOCX_AGG@DF_SOCX_AGG(1.0),Social expenditure aggregates,I,GRC,Greece,A,Annual,SOCX,Social expenditure,PT_B1GQ,Percentage of GDP,ES10,Public,_T,Total,TP82,Housing,_Z,Not applicable,1985,,0.19,,A,Normal value,0,Units,1,One,_Z,Not applicable,,
DATAFLOW,OECD.ELS.SPD:DSD_SOCX_AGG@DF_SOCX_AGG(1.0),Social expenditure aggregates,I,GRC,Greece,A,Annual,SOCX,Social expenditure,PT_B1GQ,Percentage of GDP,ES10,Public,_T,Total,TP82,Housing,_Z,Not applicable,1986,,0.151,,A,Normal value,0,Units,1,One,_Z,Not applicable,,
DATAFLOW,OECD.ELS.SPD:DSD_SOCX_AGG@DF_SOCX_AGG(1.0),Social expenditure aggregates,I,GRC,Greece,A,Annual,SOCX,Social expenditure,PT_B1GQ,Percentage of GDP,ES10,Public,_T,Total,TP82,Housing,_Z,Not applicable,1987,,0.173,,A,Normal value,0,Units,1,One,_Z,Not applicable,,
DATAFLOW,OECD.ELS.SPD:DSD_SOCX_AGG@DF_SOCX_AGG(1.0),Social expenditure aggregates,I,GRC,Greece,A,Annual,SOCX,Social expenditure,PT_B1GQ,Percentage of GDP,ES10,Public,_T,Total,TP82,Housing,_Z,Not applicable,1988,,0.124,,A,Normal value,0,Units,1,One,_Z,Not applicable,,
DATAFLOW,OECD.ELS.SPD:DSD_SOCX_AGG@DF_SOCX_AGG(1.0),Social expenditure aggregates,I,GRC,Greece,A,Annual,SOCX,Social expenditure,PT_B1GQ,Percentage of GDP,ES10,Public,_T,Total,TP82,Housing,_Z,Not applicable,1989,,0.114,,A,Normal value,0,Units,1,One,_Z,Not applicable,,
DATAFLOW,OECD.ELS.SPD:DSD_SOCX_AGG@DF_SOCX_AGG(1.0),Social expenditure aggregates,I,GRC,Greece,A,Annual,SOCX,Social expenditure,PT_B1GQ,Percentage of GDP,ES10,Public,_T,Total,TP82,Housing,_Z,Not applicable,1990,,0.424,,A,Normal value,0,Units,1,One,_Z,Not applicable,,
DATAFLOW,OECD.ELS.SPD:DSD_SOCX_AGG@DF_SOCX_AGG(1.0),Social expenditure aggregates,I,GRC,Greece,A,Annual,SOCX,Social expenditure,PT_B1GQ,Percentage of GDP,ES10,Public,_T,Total,TP82,Housing,_Z,Not applicable,1991,,0.411,,A,Normal value,0,Units,1,One,_Z,Not applicable,,
DATAFLOW,OECD.ELS.SPD:DSD_SOCX_AGG@DF_SOCX_AGG(1.0),Social expenditure aggregates,I,GRC,Greece,A,Annual,SOCX,Social expenditure,PT_B1GQ,Percentage of GDP,ES10,Public,_T,Total,TP82,Housing,_Z,Not applicable,1992,,0.388,,A,Normal value,0,Units,1,One,_Z,Not applicable,,
DATAFLOW,OECD.ELS.SPD:DSD_SOCX_AGG@DF_SOCX_AGG(1.0),Social expenditure aggregates,I,GRC,Greece,A,Annual,SOCX,Social expenditure,PT_B1GQ,Percentage of GDP,ES10,Public,_T,Total,TP82,Housing,_Z,Not applicable,1993,,0.51,,A,Normal value,0,Units,1,One,_Z,Not applicable,,
DATAFLOW,OECD.ELS.SPD:DSD_SOCX_AGG@DF_SOCX_AGG(1.0),Social expenditure aggregates,I,GRC,Greece,A,Annual,SOCX,Social expenditure,PT_B1GQ,Percentage of GDP,ES10,Public,_T,Total,TP82,Housing,_Z,Not applicable,1994,,0.52,,A,Normal value,0,Units,1,One,_Z,Not applicable,,
DATAFLOW,OECD.ELS.SPD:DSD_SOCX_AGG@DF_SOCX_AGG(1.0),Social expenditure aggregates,I,GRC,Greece,A,Annual,SOCX,Social expenditure,PT_B1GQ,Percentage of GDP,ES10,Public,_T,Total,TP82,Housing,_Z,Not applicable,1995,,0.451,,A,Normal value,0,Units,1,One,_Z,Not applicable,,
DATAFLOW,OECD.ELS.SPD:DSD_SOCX_AGG@DF_SOCX_AGG(1.0),Social expenditure aggregates,I,GRC,Greece,A,Annual,SOCX,Social expenditure,PT_B1GQ,Percentage of GDP,ES10,Public,_T,Total,TP82,Housing,_Z,Not applicable,1996,,0.489,,A,Normal value,0,Units,1,One,_Z,Not applicable,,
DATAFLOW,OECD.ELS.SPD:DSD_SOCX_AGG@DF_SOCX_AGG(1.0),Social expenditure aggregates,I,GRC,Greece,A,Annual,SOCX,Social expenditure,PT_B1GQ,Percentage of GDP,ES10,Public,_T,Total,TP82,Housing,_Z,Not applicable,1997,,0.59,,A,Normal value,0,Units,1,One,_Z,Not applicable,,
DATAFLOW,OECD.ELS.SPD:DSD_SOCX_AGG@DF_SOCX_AGG(1.0),Social expenditure aggregates,I,GRC,Greece,A,Annual,SOCX,Social expenditure,PT_B1GQ,Percentage of GDP,ES10,Public,_T,Total,TP82,Housing,_Z,Not applicable,1998,,0.582,,A,Normal value,0,Units,1,One,_Z,Not applicable,,
DATAFLOW,OECD.ELS.SPD:DSD_SOCX_AGG@DF_SOCX_AGG(1.0),Social expenditure aggregates,I,GRC,Greece,A,Annual,SOCX,Social expenditure,PT_B1GQ,Percentage of GDP,ES10,Public,_T,Total,TP82,Housing,_Z,Not applicable,1999,,0.699,,A,Normal value,0,Units,1,One,_Z,Not applicable,,
DATAFLOW,OECD.ELS.SPD:DSD_SOCX_AGG@DF_SOCX_AGG(1.0),Social expenditure aggregates,I,GRC,Greece,A,Annual,SOCX,Social expenditure,PT_B1GQ,Percentage of GDP,ES10,Public,_T,Total,TP82,Housing,_Z,Not applicable,2000,,0.052,,A,Normal value,0,Units,1,One,_Z,Not applicable,,
DATAFLOW,OECD.ELS.SPD:DSD_SOCX_AGG@DF_SOCX_AGG(1.0),Social expenditure aggregates,I,GRC,Greece,A,Annual,SOCX,Social expenditure,PT_B1GQ,Percentage of GDP,ES10,Public,_T,Total,TP82,Housing,_Z,Not applicable,2001,,0.044,,A,Normal value,0,Units,1,One,_Z,Not applicable,,
DATAFLOW,OECD.ELS.SPD:DSD_SOCX_AGG@DF_SOCX_AGG(1.0),Social expenditure aggregates,I,GRC,Greece,A,Annual,SOCX,Social expenditure,PT_B1GQ,Percentage of GDP,ES10,Public,_T,Total,TP82,Housing,_Z,Not applicable,2004,,0.038,,A,Normal value,0,Units,1,One,_Z,Not applicable,,
DATAFLOW,OECD.ELS.SPD:DSD_SOCX_AGG@DF_SOCX_AGG(1.0),Social expenditure aggregates,I,GRC,Greece,A,Annual,SOCX,Social expenditure,PT_B1GQ,Percentage of GDP,ES10,Public,_T,Total,TP82,Housing,_Z,Not applicable,2005,,0.034,,A,Normal value,0,Units,1,One,_Z,Not applicable,,
DATAFLOW,OECD.ELS.SPD:DSD_SOCX_AGG@DF_SOCX_AGG(1.0),Social expenditure aggregates,I,GRC,Greece,A,Annual,SOCX,Social expenditure,PT_B1GQ,Percentage of GDP,ES10,Public,_T,Total,TP82,Housing,_Z,Not applicable,2006,,0.071,,A,Normal value,0,Units,1,One,_Z,Not applicable,,
DATAFLOW,OECD.ELS.SPD:DSD_SOCX_AGG@DF_SOCX_AGG(1.0),Social expenditure aggregates,I,GRC,Greece,A,Annual,SOCX,Social expenditure,PT_B1GQ,Percentage of GDP,ES10,Public,_T,Total,TP82,Housing,_Z,Not applicable,2007,,0.08,,A,Normal value,0,Units,1,One,_Z,Not applicable,,
DATAFLOW,OECD.ELS.SPD:DSD_SOCX_AGG@DF_SOCX_AGG(1.0),Social expenditure aggregates,I,GRC,Greece,A,Annual,SOCX,Social expenditure,PT_B1GQ,Percentage of GDP,ES10,Public,_T,Total,TP82,Housing,_Z,Not applicable,2008,,0.065,,A,Normal value,0,Units,1,One,_Z,Not applicable,,
DATAFLOW,OECD.ELS.SPD:DSD_SOCX_AGG@DF_SOCX_AGG(1.0),Social expenditure aggregates,I,GRC,Greece,A,Annual,SOCX,Social expenditure,PT_B1GQ,Percentage of GDP,ES10,Public,_T,Total,TP82,Housing,_Z,Not applicable,2009,,0.071,,A,Normal value,0,Units,1,One,_Z,Not applicable,,
DATAFLOW,OECD.ELS.SPD:DSD_SOCX_AGG@DF_SOCX_AGG(1.0),Social expenditure aggregates,I,GRC,Greece,A,Annual,SOCX,Social expenditure,PT_B1GQ,Percentage of GDP,ES10,Public,_T,Total,TP82,Housing,_Z,Not applicable,2010,,0.053,,A,Normal value,0,Units,1,One,_Z,Not applicable,,
DATAFLOW,OECD.ELS.SPD:DSD_SOCX_AGG@DF_SOCX_AGG(1.0),Social expenditure aggregates,I,GRC,Greece,A,Annual,SOCX,Social expenditure,PT_B1GQ,Percentage of GDP,ES10,Public,_T,Total,TP82,Housing,_Z,Not applicable,2011,,0.036,,A,Normal value,0,Units,1,One,_Z,Not applicable,,
DATAFLOW,OECD.ELS.SPD:DSD_SOCX_AGG@DF_SOCX_AGG(1.0),Social expenditure aggregates,I,GRC,Greece,A,Annual,SOCX,Social expenditure,PT_B1GQ,Percentage of GDP,ES10,Public,_T,Total,TP82,Housing,_Z,Not applicable,2012,,0.01,,A,Normal value,0,Units,1,One,_Z,Not applicable,,
DATAFLOW,OECD.ELS.SPD:DSD_SOCX_AGG@DF_SOCX_AGG(1.0),Social expenditure aggregates,I,GRC,Greece,A,Annual,SOCX,Social expenditure,PT_B1GQ,Percentage of GDP,ES10,Public,_T,Total,TP82,Housing,_Z,Not applicable,2013,,0.002,,A,Normal value,0,Units,1,One,_Z,Not applicable,,
DATAFLOW,OECD.ELS.SPD:DSD_SOCX_AGG@DF_SOCX_AGG(1.0),Social expenditure aggregates,I,GRC,Greece,A,Annual,SOCX,Social expenditure,PT_B1GQ,Percentage of GDP,ES10,Public,_T,Total,TP82,Housing,_Z,Not applicable,2014,,0.001,,A,Normal value,0,Units,1,One,_Z,Not applicable,,
DATAFLOW,OECD.ELS.SPD:DSD_SOCX_AGG@DF_SOCX_AGG(1.0),Social expenditure aggregates,I,GRC,Greece,A,Annual,SOCX,Social expenditure,PT_B1GQ,Percentage of GDP,ES10,Public,_T,Total,TP82,Housing,_Z,Not applicable,2015,,0.029,,A,Normal value,0,Units,1,One,_Z,Not applicable,,
DATAFLOW,OECD.ELS.SPD:DSD_SOCX_AGG@DF_SOCX_AGG(1.0),Social expenditure aggregates,I,GRC,Greece,A,Annual,SOCX,Social expenditure,PT_B1GQ,Percentage of GDP,ES10,Public,_T,Total,TP82,Housing,_Z,Not applicable,2016,,0.021,,A,Normal value,0,Units,1,One,_Z,Not applicable,,
DATAFLOW,OECD.ELS.SPD:DSD_SOCX_AGG@DF_SOCX_AGG(1.0),Social expenditure aggregates,I,GRC,Greece,A,Annual,SOCX,Social expenditure,PT_B1GQ,Percentage of GDP,ES10,Public,_T,Total,TP82,Housing,_Z,Not applicable,2017,,0.02,,A,Normal value,0,Units,1,One,_Z,Not applicable,,
DATAFLOW,OECD.ELS.SPD:DSD_SOCX_AGG@DF_SOCX_AGG(1.0),Social expenditure aggregates,I,GRC,Greece,A,Annual,SOCX,Social expenditure,PT_B1GQ,Percentage of GDP,ES10,Public,_T,Total,TP82,Housing,_Z,Not applicable,2019,,0.19,,A,Normal value,0,Units,1,One,_Z,Not applicable,,
DATAFLOW,OECD.ELS.SPD:DSD_SOCX_AGG@DF_SOCX_AGG(1.0),Social expenditure aggregates,I,GRC,Greece,A,Annual,SOCX,Social expenditure,PT_B1GQ,Percentage of GDP,ES10,Public,_T,Total,TP82,Housing,_Z,Not applicable,2020,,0.211,,A,Normal value,0,Units,1,One,_Z,Not applicable,,
DATAFLOW,OECD.ELS.SPD:DSD_SOCX_AGG@DF_SOCX_AGG(1.0),Social expenditure aggregates,I,GRC,Greece,A,Annual,SOCX,Social expenditure,PT_B1GQ,Percentage of GDP,ES10,Public,_T,Total,TP82,Housing,_Z,Not applicable,2021,,0.21,,A,Normal value,0,Units,1,One,_Z,Not applicable,,
DATAFLOW,OECD.ELS.SPD:DSD_SOCX_AGG@DF_SOCX_AGG(1.0),Social expenditure aggregates,I,AUT,Austria,A,Annual,SOCX,Social expenditure,PT_B1GQ,Percentage of GDP,ES10,Public,_T,Total,TP82,Housing,_Z,Not applicable,1980,,0.097,,A,Normal value,0,Units,1,One,_Z,Not applicable,,
DATAFLOW,OECD.ELS.SPD:DSD_SOCX_AGG@DF_SOCX_AGG(1.0),Social expenditure aggregates,I,AUT,Austria,A,Annual,SOCX,Social expenditure,PT_B1GQ,Percentage of GDP,ES10,Public,_T,Total,TP82,Housing,_Z,Not applicable,1985,,0.151,,A,Normal value,0,Units,1,One,_Z,Not applicable,,
DATAFLOW,OECD.ELS.SPD:DSD_SOCX_AGG@DF_SOCX_AGG(1.0),Social expenditure aggregates,I,AUT,Austria,A,Annual,SOCX,Social expenditure,PT_B1GQ,Percentage of GDP,ES10,Public,_T,Total,TP82,Housing,_Z,Not applicable,1990,,0.096,,A,Normal value,0,Units,1,One,_Z,Not applicable,,
DATAFLOW,OECD.ELS.SPD:DSD_SOCX_AGG@DF_SOCX_AGG(1.0),Social expenditure aggregates,I,AUT,Austria,A,Annual,SOCX,Social expenditure,PT_B1GQ,Percentage of GDP,ES10,Public,_T,Total,TP82,Housing,_Z,Not applicable,1991,,0.083,,A,Normal value,0,Units,1,One,_Z,Not applicable,,
DATAFLOW,OECD.ELS.SPD:DSD_SOCX_AGG@DF_SOCX_AGG(1.0),Social expenditure aggregates,I,AUT,Austria,A,Annual,SOCX,Social expenditure,PT_B1GQ,Percentage of GDP,ES10,Public,_T,Total,TP82,Housing,_Z,Not applicable,1992,,0.079,,A,Normal value,0,Units,1,One,_Z,Not applicable,,
DATAFLOW,OECD.ELS.SPD:DSD_SOCX_AGG@DF_SOCX_AGG(1.0),Social expenditure aggregates,I,AUT,Austria,A,Annual,SOCX,Social expenditure,PT_B1GQ,Percentage of GDP,ES10,Public,_T,Total,TP82,Housing,_Z,Not applicable,1993,,0.077,,A,Normal value,0,Units,1,One,_Z,Not applicable,,
DATAFLOW,OECD.ELS.SPD:DSD_SOCX_AGG@DF_SOCX_AGG(1.0),Social expenditure aggregates,I,AUT,Austria,A,Annual,SOCX,Social expenditure,PT_B1GQ,Percentage of GDP,ES10,Public,_T,Total,TP82,Housing,_Z,Not applicable,1994,,0.072,,A,Normal value,0,Units,1,One,_Z,Not applicable,,
DATAFLOW,OECD.ELS.SPD:DSD_SOCX_AGG@DF_SOCX_AGG(1.0),Social expenditure aggregates,I,AUT,Austria,A,Annual,SOCX,Social expenditure,PT_B1GQ,Percentage of GDP,ES10,Public,_T,Total,TP82,Housing,_Z,Not applicable,1995,,0.071,,A,Normal value,0,Units,1,One,_Z,Not applicable,,
DATAFLOW,OECD.ELS.SPD:DSD_SOCX_AGG@DF_SOCX_AGG(1.0),Social expenditure aggregates,I,AUT,Austria,A,Annual,SOCX,Social expenditure,PT_B1GQ,Percentage of GDP,ES10,Public,_T,Total,TP82,Housing,_Z,Not applicable,1996,,0.087,,A,Normal value,0,Units,1,One,_Z,Not applicable,,
DATAFLOW,OECD.ELS.SPD:DSD_SOCX_AGG@DF_SOCX_AGG(1.0),Social expenditure aggregates,I,AUT,Austria,A,Annual,SOCX,Social expenditure,PT_B1GQ,Percentage of GDP,ES10,Public,_T,Total,TP82,Housing,_Z,Not applicable,1997,,0.114,,A,Normal value,0,Units,1,One,_Z,Not applicable,,
DATAFLOW,OECD.ELS.SPD:DSD_SOCX_AGG@DF_SOCX_AGG(1.0),Social expenditure aggregates,I,AUT,Austria,A,Annual,SOCX,Social expenditure,PT_B1GQ,Percentage of GDP,ES10,Public,_T,Total,TP82,Housing,_Z,Not applicable,1998,,0.118,,A,Normal value,0,Units,1,One,_Z,Not applicable,,
DATAFLOW,OECD.ELS.SPD:DSD_SOCX_AGG@DF_SOCX_AGG(1.0),Social expenditure aggregates,I,AUT,Austria,A,Annual,SOCX,Social expenditure,PT_B1GQ,Percentage of GDP,ES10,Public,_T,Total,TP82,Housing,_Z,Not applicable,1999,,0.11,,A,Normal value,0,Units,1,One,_Z,Not applicable,,
DATAFLOW,OECD.ELS.SPD:DSD_SOCX_AGG@DF_SOCX_AGG(1.0),Social expenditure aggregates,I,AUT,Austria,A,Annual,SOCX,Social expenditure,PT_B1GQ,Percentage of GDP,ES10,Public,_T,Total,TP82,Housing,_Z,Not applicable,2000,,0.102,,A,Normal value,0,Units,1,One,_Z,Not applicable,,
DATAFLOW,OECD.ELS.SPD:DSD_SOCX_AGG@DF_SOCX_AGG(1.0),Social expenditure aggregates,I,AUT,Austria,A,Annual,SOCX,Social expenditure,PT_B1GQ,Percentage of GDP,ES10,Public,_T,Total,TP82,Housing,_Z,Not applicable,2001,,0.114,,A,Normal value,0,Units,1,One,_Z,Not applicable,,
DATAFLOW,OECD.ELS.SPD:DSD_SOCX_AGG@DF_SOCX_AGG(1.0),Social expenditure aggregates,I,AUT,Austria,A,Annual,SOCX,Social expenditure,PT_B1GQ,Percentage of GDP,ES10,Public,_T,Total,TP82,Housing,_Z,Not applicable,2002,,0.118,,A,Normal value,0,Units,1,One,_Z,Not applicable,,
DATAFLOW,OECD.ELS.SPD:DSD_SOCX_AGG@DF_SOCX_AGG(1.0),Social expenditure aggregates,I,AUT,Austria,A,Annual,SOCX,Social expenditure,PT_B1GQ,Percentage of GDP,ES10,Public,_T,Total,TP82,Housing,_Z,Not applicable,2003,,0.118,,A,Normal value,0,Units,1,One,_Z,Not applicable,,
DATAFLOW,OECD.ELS.SPD:DSD_SOCX_AGG@DF_SOCX_AGG(1.0),Social expenditure aggregates,I,AUT,Austria,A,Annual,SOCX,Social expenditure,PT_B1GQ,Percentage of GDP,ES10,Public,_T,Total,TP82,Housing,_Z,Not applicable,2004,,0.132,,A,Normal value,0,Units,1,One,_Z,Not applicable,,
DATAFLOW,OECD.ELS.SPD:DSD_SOCX_AGG@DF_SOCX_AGG(1.0),Social expenditure aggregates,I,AUT,Austria,A,Annual,SOCX,Social expenditure,PT_B1GQ,Percentage of GDP,ES10,Public,_T,Total,TP82,Housing,_Z,Not applicable,2005,,0.12,,A,Normal value,0,Units,1,One,_Z,Not applicable,,
DATAFLOW,OECD.ELS.SPD:DSD_SOCX_AGG@DF_SOCX_AGG(1.0),Social expenditure aggregates,I,AUT,Austria,A,Annual,SOCX,Social expenditure,PT_B1GQ,Percentage of GDP,ES10,Public,_T,Total,TP82,Housing,_Z,Not applicable,2006,,0.134,,A,Normal value,0,Units,1,One,_Z,Not applicable,,
DATAFLOW,OECD.ELS.SPD:DSD_SOCX_AGG@DF_SOCX_AGG(1.0),Social expenditure aggregates,I,AUT,Austria,A,Annual,SOCX,Social expenditure,PT_B1GQ,Percentage of GDP,ES10,Public,_T,Total,TP82,Housing,_Z,Not applicable,2007,,0.133,,A,Normal value,0,Units,1,One,_Z,Not applicable,,
DATAFLOW,OECD.ELS.SPD:DSD_SOCX_AGG@DF_SOCX_AGG(1.0),Social expenditure aggregates,I,AUT,Austria,A,Annual,SOCX,Social expenditure,PT_B1GQ,Percentage of GDP,ES10,Public,_T,Total,TP82,Housing,_Z,Not applicable,2008,,0.151,,A,Normal value,0,Units,1,One,_Z,Not applicable,,
DATAFLOW,OECD.ELS.SPD:DSD_SOCX_AGG@DF_SOCX_AGG(1.0),Social expenditure aggregates,I,AUT,Austria,A,Annual,SOCX,Social expenditure,PT_B1GQ,Percentage of GDP,ES10,Public,_T,Total,TP82,Housing,_Z,Not applicable,2009,,0.161,,A,Normal value,0,Units,1,One,_Z,Not applicable,,
DATAFLOW,OECD.ELS.SPD:DSD_SOCX_AGG@DF_SOCX_AGG(1.0),Social expenditure aggregates,I,AUT,Austria,A,Annual,SOCX,Social expenditure,PT_B1GQ,Percentage of GDP,ES10,Public,_T,Total,TP82,Housing,_Z,Not applicable,2010,,0.156,,A,Normal value,0,Units,1,One,_Z,Not applicable,,
DATAFLOW,OECD.ELS.SPD:DSD_SOCX_AGG@DF_SOCX_AGG(1.0),Social expenditure aggregates,I,AUT,Austria,A,Annual,SOCX,Social expenditure,PT_B1GQ,Percentage of GDP,ES10,Public,_T,Total,TP82,Housing,_Z,Not applicable,2011,,0.14,,A,Normal value,0,Units,1,One,_Z,Not applicable,,
DATAFLOW,OECD.ELS.SPD:DSD_SOCX_AGG@DF_SOCX_AGG(1.0),Social expenditure aggregates,I,AUT,Austria,A,Annual,SOCX,Social expenditure,PT_B1GQ,Percentage of GDP,ES10,Public,_T,Total,TP82,Housing,_Z,Not applicable,2012,,0.129,,A,Normal value,0,Units,1,One,_Z,Not applicable,,
DATAFLOW,OECD.ELS.SPD:DSD_SOCX_AGG@DF_SOCX_AGG(1.0),Social expenditure aggregates,I,AUT,Austria,A,Annual,SOCX,Social expenditure,PT_B1GQ,Percentage of GDP,ES10,Public,_T,Total,TP82,Housing,_Z,Not applicable,2013,,0.114,,A,Normal value,0,Units,1,One,_Z,Not applicable,,
DATAFLOW,OECD.ELS.SPD:DSD_SOCX_AGG@DF_SOCX_AGG(1.0),Social expenditure aggregates,I,AUT,Austria,A,Annual,SOCX,Social expenditure,PT_B1GQ,Percentage of GDP,ES10,Public,_T,Total,TP82,Housing,_Z,Not applicable,2014,,0.123,,A,Normal value,0,Units,1,One,_Z,Not applicable,,
DATAFLOW,OECD.ELS.SPD:DSD_SOCX_AGG@DF_SOCX_AGG(1.0),Social expenditure aggregates,I,AUT,Austria,A,Annual,SOCX,Social expenditure,PT_B1GQ,Percentage of GDP,ES10,Public,_T,Total,TP82,Housing,_Z,Not applicable,2015,,0.12,,A,Normal value,0,Units,1,One,_Z,Not applicable,,
DATAFLOW,OECD.ELS.SPD:DSD_SOCX_AGG@DF_SOCX_AGG(1.0),Social expenditure aggregates,I,AUT,Austria,A,Annual,SOCX,Social expenditure,PT_B1GQ,Percentage of GDP,ES10,Public,_T,Total,TP82,Housing,_Z,Not applicable,2016,,0.117,,A,Normal value,0,Units,1,One,_Z,Not applicable,,
DATAFLOW,OECD.ELS.SPD:DSD_SOCX_AGG@DF_SOCX_AGG(1.0),Social expenditure aggregates,I,AUT,Austria,A,Annual,SOCX,Social expenditure,PT_B1GQ,Percentage of GDP,ES10,Public,_T,Total,TP82,Housing,_Z,Not applicable,2017,,0.099,,A,Normal value,0,Units,1,One,_Z,Not applicable,,
DATAFLOW,OECD.ELS.SPD:DSD_SOCX_AGG@DF_SOCX_AGG(1.0),Social expenditure aggregates,I,AUT,Austria,A,Annual,SOCX,Social expenditure,PT_B1GQ,Percentage of GDP,ES10,Public,_T,Total,TP82,Housing,_Z,Not applicable,2018,,0.088,,A,Normal value,0,Units,1,One,_Z,Not applicable,,
DATAFLOW,OECD.ELS.SPD:DSD_SOCX_AGG@DF_SOCX_AGG(1.0),Social expenditure aggregates,I,AUT,Austria,A,Annual,SOCX,Social expenditure,PT_B1GQ,Percentage of GDP,ES10,Public,_T,Total,TP82,Housing,_Z,Not applicable,2019,,0.081,,A,Normal value,0,Units,1,One,_Z,Not applicable,,
DATAFLOW,OECD.ELS.SPD:DSD_SOCX_AGG@DF_SOCX_AGG(1.0),Social expenditure aggregates,I,AUT,Austria,A,Annual,SOCX,Social expenditure,PT_B1GQ,Percentage of GDP,ES10,Public,_T,Total,TP82,Housing,_Z,Not applicable,2020,,0.084,,A,Normal value,0,Units,1,One,_Z,Not applicable,,
DATAFLOW,OECD.ELS.SPD:DSD_SOCX_AGG@DF_SOCX_AGG(1.0),Social expenditure aggregates,I,AUT,Austria,A,Annual,SOCX,Social expenditure,PT_B1GQ,Percentage of GDP,ES10,Public,_T,Total,TP82,Housing,_Z,Not applicable,2021,,0.076,,A,Normal value,0,Units,1,One,_Z,Not applicable,,
DATAFLOW,OECD.ELS.SPD:DSD_SOCX_AGG@DF_SOCX_AGG(1.0),Social expenditure aggregates,I,CZE,Czechia,A,Annual,SOCX,Social expenditure,PT_B1GQ,Percentage of GDP,ES10,Public,_T,Total,TP82,Housing,_Z,Not applicable,1994,,0.003,,A,Normal value,0,Units,1,One,_Z,Not applicable,,
DATAFLOW,OECD.ELS.SPD:DSD_SOCX_AGG@DF_SOCX_AGG(1.0),Social expenditure aggregates,I,CZE,Czechia,A,Annual,SOCX,Social expenditure,PT_B1GQ,Percentage of GDP,ES10,Public,_T,Total,TP82,Housing,_Z,Not applicable,1995,,0.002,,A,Normal value,0,Units,1,One,_Z,Not applicable,,
DATAFLOW,OECD.ELS.SPD:DSD_SOCX_AGG@DF_SOCX_AGG(1.0),Social expenditure aggregates,I,CZE,Czechia,A,Annual,SOCX,Social expenditure,PT_B1GQ,Percentage of GDP,ES10,Public,_T,Total,TP82,Housing,_Z,Not applicable,1996,,0.037,,A,Normal value,0,Units,1,One,_Z,Not applicable,,
DATAFLOW,OECD.ELS.SPD:DSD_SOCX_AGG@DF_SOCX_AGG(1.0),Social expenditure aggregates,I,CZE,Czechia,A,Annual,SOCX,Social expenditure,PT_B1GQ,Percentage of GDP,ES10,Public,_T,Total,TP82,Housing,_Z,Not applicable,1997,,0.047,,A,Normal value,0,Units,1,One,_Z,Not applicable,,
DATAFLOW,OECD.ELS.SPD:DSD_SOCX_AGG@DF_SOCX_AGG(1.0),Social expenditure aggregates,I,CZE,Czechia,A,Annual,SOCX,Social expenditure,PT_B1GQ,Percentage of GDP,ES10,Public,_T,Total,TP82,Housing,_Z,Not applicable,1998,,0.083,,A,Normal value,0,Units,1,One,_Z,Not applicable,,
DATAFLOW,OECD.ELS.SPD:DSD_SOCX_AGG@DF_SOCX_AGG(1.0),Social expenditure aggregates,I,CZE,Czechia,A,Annual,SOCX,Social expenditure,PT_B1GQ,Percentage of GDP,ES10,Public,_T,Total,TP82,Housing,_Z,Not applicable,1999,,0.108,,A,Normal value,0,Units,1,One,_Z,Not applicable,,
DATAFLOW,OECD.ELS.SPD:DSD_SOCX_AGG@DF_SOCX_AGG(1.0),Social expenditure aggregates,I,CZE,Czechia,A,Annual,SOCX,Social expenditure,PT_B1GQ,Percentage of GDP,ES10,Public,_T,Total,TP82,Housing,_Z,Not applicable,2000,,0.112,,A,Normal value,0,Units,1,One,_Z,Not applicable,,
DATAFLOW,OECD.ELS.SPD:DSD_SOCX_AGG@DF_SOCX_AGG(1.0),Social expenditure aggregates,I,CZE,Czechia,A,Annual,SOCX,Social expenditure,PT_B1GQ,Percentage of GDP,ES10,Public,_T,Total,TP82,Housing,_Z,Not applicable,2001,,0.104,,A,Normal value,0,Units,1,One,_Z,Not applicable,,
DATAFLOW,OECD.ELS.SPD:DSD_SOCX_AGG@DF_SOCX_AGG(1.0),Social expenditure aggregates,I,CZE,Czechia,A,Annual,SOCX,Social expenditure,PT_B1GQ,Percentage of GDP,ES10,Public,_T,Total,TP82,Housing,_Z,Not applicable,2002,,0.112,,A,Normal value,0,Units,1,One,_Z,Not applicable,,
DATAFLOW,OECD.ELS.SPD:DSD_SOCX_AGG@DF_SOCX_AGG(1.0),Social expenditure aggregates,I,CZE,Czechia,A,Annual,SOCX,Social expenditure,PT_B1GQ,Percentage of GDP,ES10,Public,_T,Total,TP82,Housing,_Z,Not applicable,2003,,0.1,,A,Normal value,0,Units,1,One,_Z,Not applicable,,
DATAFLOW,OECD.ELS.SPD:DSD_SOCX_AGG@DF_SOCX_AGG(1.0),Social expenditure aggregates,I,CZE,Czechia,A,Annual,SOCX,Social expenditure,PT_B1GQ,Percentage of GDP,ES10,Public,_T,Total,TP82,Housing,_Z,Not applicable,2004,,0.083,,A,Normal value,0,Units,1,One,_Z,Not applicable,,
DATAFLOW,OECD.ELS.SPD:DSD_SOCX_AGG@DF_SOCX_AGG(1.0),Social expenditure aggregates,I,CZE,Czechia,A,Annual,SOCX,Social expenditure,PT_B1GQ,Percentage of GDP,ES10,Public,_T,Total,TP82,Housing,_Z,Not applicable,2005,,0.075,,A,Normal value,0,Units,1,One,_Z,Not applicable,,
DATAFLOW,OECD.ELS.SPD:DSD_SOCX_AGG@DF_SOCX_AGG(1.0),Social expenditure aggregates,I,CZE,Czechia,A,Annual,SOCX,Social expenditure,PT_B1GQ,Percentage of GDP,ES10,Public,_T,Total,TP82,Housing,_Z,Not applicable,2006,,0.065,,A,Normal value,0,Units,1,One,_Z,Not applicable,,
DATAFLOW,OECD.ELS.SPD:DSD_SOCX_AGG@DF_SOCX_AGG(1.0),Social expenditure aggregates,I,CZE,Czechia,A,Annual,SOCX,Social expenditure,PT_B1GQ,Percentage of GDP,ES10,Public,_T,Total,TP82,Housing,_Z,Not applicable,2007,,0.054,,A,Normal value,0,Units,1,One,_Z,Not applicable,,
DATAFLOW,OECD.ELS.SPD:DSD_SOCX_AGG@DF_SOCX_AGG(1.0),Social expenditure aggregates,I,CZE,Czechia,A,Annual,SOCX,Social expenditure,PT_B1GQ,Percentage of GDP,ES10,Public,_T,Total,TP82,Housing,_Z,Not applicable,2008,,0.052,,A,Normal value,0,Units,1,One,_Z,Not applicable,,
DATAFLOW,OECD.ELS.SPD:DSD_SOCX_AGG@DF_SOCX_AGG(1.0),Social expenditure aggregates,I,CZE,Czechia,A,Annual,SOCX,Social expenditure,PT_B1GQ,Percentage of GDP,ES10,Public,_T,Total,TP82,Housing,_Z,Not applicable,2009,,0.071,,A,Normal value,0,Units,1,One,_Z,Not applicable,,
DATAFLOW,OECD.ELS.SPD:DSD_SOCX_AGG@DF_SOCX_AGG(1.0),Social expenditure aggregates,I,CZE,Czechia,A,Annual,SOCX,Social expenditure,PT_B1GQ,Percentage of GDP,ES10,Public,_T,Total,TP82,Housing,_Z,Not applicable,2010,,0.104,,A,Normal value,0,Units,1,One,_Z,Not applicable,,
DATAFLOW,OECD.ELS.SPD:DSD_SOCX_AGG@DF_SOCX_AGG(1.0),Social expenditure aggregates,I,CZE,Czechia,A,Annual,SOCX,Social expenditure,PT_B1GQ,Percentage of GDP,ES10,Public,_T,Total,TP82,Housing,_Z,Not applicable,2011,,0.134,,A,Normal value,0,Units,1,One,_Z,Not applicable,,
DATAFLOW,OECD.ELS.SPD:DSD_SOCX_AGG@DF_SOCX_AGG(1.0),Social expenditure aggregates,I,CZE,Czechia,A,Annual,SOCX,Social expenditure,PT_B1GQ,Percentage of GDP,ES10,Public,_T,Total,TP82,Housing,_Z,Not applicable,2012,,0.18,,A,Normal value,0,Units,1,One,_Z,Not applicable,,
DATAFLOW,OECD.ELS.SPD:DSD_SOCX_AGG@DF_SOCX_AGG(1.0),Social expenditure aggregates,I,CZE,Czechia,A,Annual,SOCX,Social expenditure,PT_B1GQ,Percentage of GDP,ES10,Public,_T,Total,TP82,Housing,_Z,Not applicable,2013,,0.245,,A,Normal value,0,Units,1,One,_Z,Not applicable,,
DATAFLOW,OECD.ELS.SPD:DSD_SOCX_AGG@DF_SOCX_AGG(1.0),Social expenditure aggregates,I,CZE,Czechia,A,Annual,SOCX,Social expenditure,PT_B1GQ,Percentage of GDP,ES10,Public,_T,Total,TP82,Housing,_Z,Not applicable,2014,,0.277,,A,Normal value,0,Units,1,One,_Z,Not applicable,,
DATAFLOW,OECD.ELS.SPD:DSD_SOCX_AGG@DF_SOCX_AGG(1.0),Social expenditure aggregates,I,CZE,Czechia,A,Annual,SOCX,Social expenditure,PT_B1GQ,Percentage of GDP,ES10,Public,_T,Total,TP82,Housing,_Z,Not applicable,2015,,0.265,,A,Normal value,0,Units,1,One,_Z,Not applicable,,
DATAFLOW,OECD.ELS.SPD:DSD_SOCX_AGG@DF_SOCX_AGG(1.0),Social expenditure aggregates,I,CZE,Czechia,A,Annual,SOCX,Social expenditure,PT_B1GQ,Percentage of GDP,ES10,Public,_T,Total,TP82,Housing,_Z,Not applicable,2016,,0.252,,A,Normal value,0,Units,1,One,_Z,Not applicable,,
DATAFLOW,OECD.ELS.SPD:DSD_SOCX_AGG@DF_SOCX_AGG(1.0),Social expenditure aggregates,I,CZE,Czechia,A,Annual,SOCX,Social expenditure,PT_B1GQ,Percentage of GDP,ES10,Public,_T,Total,TP82,Housing,_Z,Not applicable,2017,,0.214,,A,Normal value,0,Units,1,One,_Z,Not applicable,,
DATAFLOW,OECD.ELS.SPD:DSD_SOCX_AGG@DF_SOCX_AGG(1.0),Social expenditure aggregates,I,CZE,Czechia,A,Annual,SOCX,Social expenditure,PT_B1GQ,Percentage of GDP,ES10,Public,_T,Total,TP82,Housing,_Z,Not applicable,2018,,0.175,,A,Normal value,0,Units,1,One,_Z,Not applicable,,
DATAFLOW,OECD.ELS.SPD:DSD_SOCX_AGG@DF_SOCX_AGG(1.0),Social expenditure aggregates,I,CZE,Czechia,A,Annual,SOCX,Social expenditure,PT_B1GQ,Percentage of GDP,ES10,Public,_T,Total,TP82,Housing,_Z,Not applicable,2019,,0.147,,A,Normal value,0,Units,1,One,_Z,Not applicable,,
DATAFLOW,OECD.ELS.SPD:DSD_SOCX_AGG@DF_SOCX_AGG(1.0),Social expenditure aggregates,I,CZE,Czechia,A,Annual,SOCX,Social expenditure,PT_B1GQ,Percentage of GDP,ES10,Public,_T,Total,TP82,Housing,_Z,Not applicable,2020,,0.148,,A,Normal value,0,Units,1,One,_Z,Not applicable,,
DATAFLOW,OECD.ELS.SPD:DSD_SOCX_AGG@DF_SOCX_AGG(1.0),Social expenditure aggregates,I,CZE,Czechia,A,Annual,SOCX,Social expenditure,PT_B1GQ,Percentage of GDP,ES10,Public,_T,Total,TP82,Housing,_Z,Not applicable,2021,,0.133,,A,Normal value,0,Units,1,One,_Z,Not applicable,,
DATAFLOW,OECD.ELS.SPD:DSD_SOCX_AGG@DF_SOCX_AGG(1.0),Social expenditure aggregates,I,CHL,Chile,A,Annual,SOCX,Social expenditure,PT_B1GQ,Percentage of GDP,ES10,Public,_T,Total,TP82,Housing,_Z,Not applicable,2000,,0.416,,A,Normal value,0,Units,1,One,_Z,Not applicable,,
DATAFLOW,OECD.ELS.SPD:DSD_SOCX_AGG@DF_SOCX_AGG(1.0),Social expenditure aggregates,I,CHL,Chile,A,Annual,SOCX,Social expenditure,PT_B1GQ,Percentage of GDP,ES10,Public,_T,Total,TP82,Housing,_Z,Not applicable,2001,,0.414,,A,Normal value,0,Units,1,One,_Z,Not applicable,,
DATAFLOW,OECD.ELS.SPD:DSD_SOCX_AGG@DF_SOCX_AGG(1.0),Social expenditure aggregates,I,CHL,Chile,A,Annual,SOCX,Social expenditure,PT_B1GQ,Percentage of GDP,ES10,Public,_T,Total,TP82,Housing,_Z,Not applicable,2002,,0.417,,A,Normal value,0,Units,1,One,_Z,Not applicable,,
DATAFLOW,OECD.ELS.SPD:DSD_SOCX_AGG@DF_SOCX_AGG(1.0),Social expenditure aggregates,I,CHL,Chile,A,Annual,SOCX,Social expenditure,PT_B1GQ,Percentage of GDP,ES10,Public,_T,Total,TP82,Housing,_Z,Not applicable,2003,,0.441,,A,Normal value,0,Units,1,One,_Z,Not applicable,,
DATAFLOW,OECD.ELS.SPD:DSD_SOCX_AGG@DF_SOCX_AGG(1.0),Social expenditure aggregates,I,CHL,Chile,A,Annual,SOCX,Social expenditure,PT_B1GQ,Percentage of GDP,ES10,Public,_T,Total,TP82,Housing,_Z,Not applicable,2004,,0.463,,A,Normal value,0,Units,1,One,_Z,Not applicable,,
DATAFLOW,OECD.ELS.SPD:DSD_SOCX_AGG@DF_SOCX_AGG(1.0),Social expenditure aggregates,I,CHL,Chile,A,Annual,SOCX,Social expenditure,PT_B1GQ,Percentage of GDP,ES10,Public,_T,Total,TP82,Housing,_Z,Not applicable,2005,,0.545,,A,Normal value,0,Units,1,One,_Z,Not applicable,,
DATAFLOW,OECD.ELS.SPD:DSD_SOCX_AGG@DF_SOCX_AGG(1.0),Social expenditure aggregates,I,CHL,Chile,A,Annual,SOCX,Social expenditure,PT_B1GQ,Percentage of GDP,ES10,Public,_T,Total,TP82,Housing,_Z,Not applicable,2006,,0.526,,A,Normal value,0,Units,1,One,_Z,Not applicable,,
DATAFLOW,OECD.ELS.SPD:DSD_SOCX_AGG@DF_SOCX_AGG(1.0),Social expenditure aggregates,I,CHL,Chile,A,Annual,SOCX,Social expenditure,PT_B1GQ,Percentage of GDP,ES10,Public,_T,Total,TP82,Housing,_Z,Not applicable,2007,,0.562,,A,Normal value,0,Units,1,One,_Z,Not applicable,,
DATAFLOW,OECD.ELS.SPD:DSD_SOCX_AGG@DF_SOCX_AGG(1.0),Social expenditure aggregates,I,CHL,Chile,A,Annual,SOCX,Social expenditure,PT_B1GQ,Percentage of GDP,ES10,Public,_T,Total,TP82,Housing,_Z,Not applicable,2008,,0.808,,A,Normal value,0,Units,1,One,_Z,Not applicable,,
DATAFLOW,OECD.ELS.SPD:DSD_SOCX_AGG@DF_SOCX_AGG(1.0),Social expenditure aggregates,I,CHL,Chile,A,Annual,SOCX,Social expenditure,PT_B1GQ,Percentage of GDP,ES10,Public,_T,Total,TP82,Housing,_Z,Not applicable,2009,,0.999,,A,Normal value,0,Units,1,One,_Z,Not applicable,,
DATAFLOW,OECD.ELS.SPD:DSD_SOCX_AGG@DF_SOCX_AGG(1.0),Social expenditure aggregates,I,CHL,Chile,A,Annual,SOCX,Social expenditure,PT_B1GQ,Percentage of GDP,ES10,Public,_T,Total,TP82,Housing,_Z,Not applicable,2010,,1.009,,A,Normal value,0,Units,1,One,_Z,Not applicable,,
DATAFLOW,OECD.ELS.SPD:DSD_SOCX_AGG@DF_SOCX_AGG(1.0),Social expenditure aggregates,I,CHL,Chile,A,Annual,SOCX,Social expenditure,PT_B1GQ,Percentage of GDP,ES10,Public,_T,Total,TP82,Housing,_Z,Not applicable,2011,,1.013,,A,Normal value,0,Units,1,One,_Z,Not applicable,,
DATAFLOW,OECD.ELS.SPD:DSD_SOCX_AGG@DF_SOCX_AGG(1.0),Social expenditure aggregates,I,CHL,Chile,A,Annual,SOCX,Social expenditure,PT_B1GQ,Percentage of GDP,ES10,Public,_T,Total,TP82,Housing,_Z,Not applicable,2012,,0.997,,A,Normal value,0,Units,1,One,_Z,Not applicable,,
DATAFLOW,OECD.ELS.SPD:DSD_SOCX_AGG@DF_SOCX_AGG(1.0),Social expenditure aggregates,I,CHL,Chile,A,Annual,SOCX,Social expenditure,PT_B1GQ,Percentage of GDP,ES10,Public,_T,Total,TP82,Housing,_Z,Not applicable,2013,,0.829,,A,Normal value,0,Units,1,One,_Z,Not applicable,,
DATAFLOW,OECD.ELS.SPD:DSD_SOCX_AGG@DF_SOCX_AGG(1.0),Social expenditure aggregates,I,CHL,Chile,A,Annual,SOCX,Social expenditure,PT_B1GQ,Percentage of GDP,ES10,Public,_T,Total,TP82,Housing,_Z,Not applicable,2014,,0.843,,A,Normal value,0,Units,1,One,_Z,Not applicable,,
DATAFLOW,OECD.ELS.SPD:DSD_SOCX_AGG@DF_SOCX_AGG(1.0),Social expenditure aggregates,I,CHL,Chile,A,Annual,SOCX,Social expenditure,PT_B1GQ,Percentage of GDP,ES10,Public,_T,Total,TP82,Housing,_Z,Not applicable,2015,,0.802,,A,Normal value,0,Units,1,One,_Z,Not applicable,,
DATAFLOW,OECD.ELS.SPD:DSD_SOCX_AGG@DF_SOCX_AGG(1.0),Social expenditure aggregates,I,CHL,Chile,A,Annual,SOCX,Social expenditure,PT_B1GQ,Percentage of GDP,ES10,Public,_T,Total,TP82,Housing,_Z,Not applicable,2016,,0.831,,A,Normal value,0,Units,1,One,_Z,Not applicable,,
DATAFLOW,OECD.ELS.SPD:DSD_SOCX_AGG@DF_SOCX_AGG(1.0),Social expenditure aggregates,I,CHL,Chile,A,Annual,SOCX,Social expenditure,PT_B1GQ,Percentage of GDP,ES10,Public,_T,Total,TP82,Housing,_Z,Not applicable,2017,,0.789,,A,Normal value,0,Units,1,One,_Z,Not applicable,,
DATAFLOW,OECD.ELS.SPD:DSD_SOCX_AGG@DF_SOCX_AGG(1.0),Social expenditure aggregates,I,CHL,Chile,A,Annual,SOCX,Social expenditure,PT_B1GQ,Percentage of GDP,ES10,Public,_T,Total,TP82,Housing,_Z,Not applicable,2018,,0.761,,A,Normal value,0,Units,1,One,_Z,Not applicable,,
DATAFLOW,OECD.ELS.SPD:DSD_SOCX_AGG@DF_SOCX_AGG(1.0),Social expenditure aggregates,I,CHL,Chile,A,Annual,SOCX,Social expenditure,PT_B1GQ,Percentage of GDP,ES10,Public,_T,Total,TP82,Housing,_Z,Not applicable,2019,,0.897,,A,Normal value,0,Units,1,One,_Z,Not applicable,,
DATAFLOW,OECD.ELS.SPD:DSD_SOCX_AGG@DF_SOCX_AGG(1.0),Social expenditure aggregates,I,CHL,Chile,A,Annual,SOCX,Social expenditure,PT_B1GQ,Percentage of GDP,ES10,Public,_T,Total,TP82,Housing,_Z,Not applicable,2020,,0.902,,A,Normal value,0,Units,1,One,_Z,Not applicable,,
DATAFLOW,OECD.ELS.SPD:DSD_SOCX_AGG@DF_SOCX_AGG(1.0),Social expenditure aggregates,I,CHL,Chile,A,Annual,SOCX,Social expenditure,PT_B1GQ,Percentage of GDP,ES10,Public,_T,Total,TP82,Housing,_Z,Not applicable,2021,,0.814,,A,Normal value,0,Units,1,One,_Z,Not applicable,,
DATAFLOW,OECD.ELS.SPD:DSD_SOCX_AGG@DF_SOCX_AGG(1.0),Social expenditure aggregates,I,CHL,Chile,A,Annual,SOCX,Social expenditure,PT_B1GQ,Percentage of GDP,ES10,Public,_T,Total,TP82,Housing,_Z,Not applicable,2022,,0.875,,A,Normal value,0,Units,1,One,_Z,Not applicable,,
DATAFLOW,OECD.ELS.SPD:DSD_SOCX_AGG@DF_SOCX_AGG(1.0),Social expenditure aggregates,I,CHL,Chile,A,Annual,SOCX,Social expenditure,PT_B1GQ,Percentage of GDP,ES10,Public,_T,Total,TP82,Housing,_Z,Not applicable,2023,,0.98,,A,Normal value,0,Units,1,One,_Z,Not applicable,,
DATAFLOW,OECD.ELS.SPD:DSD_SOCX_AGG@DF_SOCX_AGG(1.0),Social expenditure aggregates,I,HUN,Hungary,A,Annual,SOCX,Social expenditure,PT_B1GQ,Percentage of GDP,ES10,Public,_T,Total,TP82,Housing,_Z,Not applicable,1999,,0.604,,A,Normal value,0,Units,1,One,_Z,Not applicable,,
DATAFLOW,OECD.ELS.SPD:DSD_SOCX_AGG@DF_SOCX_AGG(1.0),Social expenditure aggregates,I,HUN,Hungary,A,Annual,SOCX,Social expenditure,PT_B1GQ,Percentage of GDP,ES10,Public,_T,Total,TP82,Housing,_Z,Not applicable,2000,,0.553,,A,Normal value,0,Units,1,One,_Z,Not applicable,,
DATAFLOW,OECD.ELS.SPD:DSD_SOCX_AGG@DF_SOCX_AGG(1.0),Social expenditure aggregates,I,HUN,Hungary,A,Annual,SOCX,Social expenditure,PT_B1GQ,Percentage of GDP,ES10,Public,_T,Total,TP82,Housing,_Z,Not applicable,2001,,0.466,,A,Normal value,0,Units,1,One,_Z,Not applicable,,
DATAFLOW,OECD.ELS.SPD:DSD_SOCX_AGG@DF_SOCX_AGG(1.0),Social expenditure aggregates,I,HUN,Hungary,A,Annual,SOCX,Social expenditure,PT_B1GQ,Percentage of GDP,ES10,Public,_T,Total,TP82,Housing,_Z,Not applicable,2002,,0.454,,A,Normal value,0,Units,1,One,_Z,Not applicable,,
DATAFLOW,OECD.ELS.SPD:DSD_SOCX_AGG@DF_SOCX_AGG(1.0),Social expenditure aggregates,I,HUN,Hungary,A,Annual,SOCX,Social expenditure,PT_B1GQ,Percentage of GDP,ES10,Public,_T,Total,TP82,Housing,_Z,Not applicable,2003,,0.466,,A,Normal value,0,Units,1,One,_Z,Not applicable,,
DATAFLOW,OECD.ELS.SPD:DSD_SOCX_AGG@DF_SOCX_AGG(1.0),Social expenditure aggregates,I,HUN,Hungary,A,Annual,SOCX,Social expenditure,PT_B1GQ,Percentage of GDP,ES10,Public,_T,Total,TP82,Housing,_Z,Not applicable,2004,,0.401,,A,Normal value,0,Units,1,One,_Z,Not applicable,,
DATAFLOW,OECD.ELS.SPD:DSD_SOCX_AGG@DF_SOCX_AGG(1.0),Social expenditure aggregates,I,HUN,Hungary,A,Annual,SOCX,Social expenditure,PT_B1GQ,Percentage of GDP,ES10,Public,_T,Total,TP82,Housing,_Z,Not applicable,2005,,0.505,,A,Normal value,0,Units,1,One,_Z,Not applicable,,
DATAFLOW,OECD.ELS.SPD:DSD_SOCX_AGG@DF_SOCX_AGG(1.0),Social expenditure aggregates,I,HUN,Hungary,A,Annual,SOCX,Social expenditure,PT_B1GQ,Percentage of GDP,ES10,Public,_T,Total,TP82,Housing,_Z,Not applicable,2006,,0.521,,A,Normal value,0,Units,1,One,_Z,Not applicable,,
DATAFLOW,OECD.ELS.SPD:DSD_SOCX_AGG@DF_SOCX_AGG(1.0),Social expenditure aggregates,I,HUN,Hungary,A,Annual,SOCX,Social expenditure,PT_B1GQ,Percentage of GDP,ES10,Public,_T,Total,TP82,Housing,_Z,Not applicable,2007,,0.894,,A,Normal value,0,Units,1,One,_Z,Not applicable,,
DATAFLOW,OECD.ELS.SPD:DSD_SOCX_AGG@DF_SOCX_AGG(1.0),Social expenditure aggregates,I,HUN,Hungary,A,Annual,SOCX,Social expenditure,PT_B1GQ,Percentage of GDP,ES10,Public,_T,Total,TP82,Housing,_Z,Not applicable,2008,,0.697,,A,Normal value,0,Units,1,One,_Z,Not applicable,,
DATAFLOW,OECD.ELS.SPD:DSD_SOCX_AGG@DF_SOCX_AGG(1.0),Social expenditure aggregates,I,HUN,Hungary,A,Annual,SOCX,Social expenditure,PT_B1GQ,Percentage of GDP,ES10,Public,_T,Total,TP82,Housing,_Z,Not applicable,2009,,0.669,,A,Normal value,0,Units,1,One,_Z,Not applicable,,
DATAFLOW,OECD.ELS.SPD:DSD_SOCX_AGG@DF_SOCX_AGG(1.0),Social expenditure aggregates,I,HUN,Hungary,A,Annual,SOCX,Social expenditure,PT_B1GQ,Percentage of GDP,ES10,Public,_T,Total,TP82,Housing,_Z,Not applicable,2010,,0.513,,A,Normal value,0,Units,1,One,_Z,Not applicable,,
DATAFLOW,OECD.ELS.SPD:DSD_SOCX_AGG@DF_SOCX_AGG(1.0),Social expenditure aggregates,I,HUN,Hungary,A,Annual,SOCX,Social expenditure,PT_B1GQ,Percentage of GDP,ES10,Public,_T,Total,TP82,Housing,_Z,Not applicable,2011,,0.39,,A,Normal value,0,Units,1,One,_Z,Not applicable,,
DATAFLOW,OECD.ELS.SPD:DSD_SOCX_AGG@DF_SOCX_AGG(1.0),Social expenditure aggregates,I,HUN,Hungary,A,Annual,SOCX,Social expenditure,PT_B1GQ,Percentage of GDP,ES10,Public,_T,Total,TP82,Housing,_Z,Not applicable,2012,,0.326,,A,Normal value,0,Units,1,One,_Z,Not applicable,,
DATAFLOW,OECD.ELS.SPD:DSD_SOCX_AGG@DF_SOCX_AGG(1.0),Social expenditure aggregates,I,HUN,Hungary,A,Annual,SOCX,Social expenditure,PT_B1GQ,Percentage of GDP,ES10,Public,_T,Total,TP82,Housing,_Z,Not applicable,2013,,0.313,,A,Normal value,0,Units,1,One,_Z,Not applicable,,
DATAFLOW,OECD.ELS.SPD:DSD_SOCX_AGG@DF_SOCX_AGG(1.0),Social expenditure aggregates,I,HUN,Hungary,A,Annual,SOCX,Social expenditure,PT_B1GQ,Percentage of GDP,ES10,Public,_T,Total,TP82,Housing,_Z,Not applicable,2014,,0.285,,A,Normal value,0,Units,1,One,_Z,Not applicable,,
DATAFLOW,OECD.ELS.SPD:DSD_SOCX_AGG@DF_SOCX_AGG(1.0),Social expenditure aggregates,I,HUN,Hungary,A,Annual,SOCX,Social expenditure,PT_B1GQ,Percentage of GDP,ES10,Public,_T,Total,TP82,Housing,_Z,Not applicable,2015,,0.292,,A,Normal value,0,Units,1,One,_Z,Not applicable,,
DATAFLOW,OECD.ELS.SPD:DSD_SOCX_AGG@DF_SOCX_AGG(1.0),Social expenditure aggregates,I,HUN,Hungary,A,Annual,SOCX,Social expenditure,PT_B1GQ,Percentage of GDP,ES10,Public,_T,Total,TP82,Housing,_Z,Not applicable,2016,,0.354,,A,Normal value,0,Units,1,One,_Z,Not applicable,,
DATAFLOW,OECD.ELS.SPD:DSD_SOCX_AGG@DF_SOCX_AGG(1.0),Social expenditure aggregates,I,HUN,Hungary,A,Annual,SOCX,Social expenditure,PT_B1GQ,Percentage of GDP,ES10,Public,_T,Total,TP82,Housing,_Z,Not applicable,2017,,0.43,,A,Normal value,0,Units,1,One,_Z,Not applicable,,
DATAFLOW,OECD.ELS.SPD:DSD_SOCX_AGG@DF_SOCX_AGG(1.0),Social expenditure aggregates,I,HUN,Hungary,A,Annual,SOCX,Social expenditure,PT_B1GQ,Percentage of GDP,ES10,Public,_T,Total,TP82,Housing,_Z,Not applicable,2018,,0.493,,A,Normal value,0,Units,1,One,_Z,Not applicable,,
DATAFLOW,OECD.ELS.SPD:DSD_SOCX_AGG@DF_SOCX_AGG(1.0),Social expenditure aggregates,I,HUN,Hungary,A,Annual,SOCX,Social expenditure,PT_B1GQ,Percentage of GDP,ES10,Public,_T,Total,TP82,Housing,_Z,Not applicable,2019,,0.381,,A,Normal value,0,Units,1,One,_Z,Not applicable,,
DATAFLOW,OECD.ELS.SPD:DSD_SOCX_AGG@DF_SOCX_AGG(1.0),Social expenditure aggregates,I,HUN,Hungary,A,Annual,SOCX,Social expenditure,PT_B1GQ,Percentage of GDP,ES10,Public,_T,Total,TP82,Housing,_Z,Not applicable,2020,,0.449,,A,Normal value,0,Units,1,One,_Z,Not applicable,,
DATAFLOW,OECD.ELS.SPD:DSD_SOCX_AGG@DF_SOCX_AGG(1.0),Social expenditure aggregates,I,HUN,Hungary,A,Annual,SOCX,Social expenditure,PT_B1GQ,Percentage of GDP,ES10,Public,_T,Total,TP82,Housing,_Z,Not applicable,2021,,0.395,,A,Normal value,0,Units,1,One,_Z,Not applicable,,
DATAFLOW,OECD.ELS.SPD:DSD_SOCX_AGG@DF_SOCX_AGG(1.0),Social expenditure aggregates,I,EST,Estonia,A,Annual,SOCX,Social expenditure,PT_B1GQ,Percentage of GDP,ES10,Public,_T,Total,TP82,Housing,_Z,Not applicable,1999,,0.124,,A,Normal value,0,Units,1,One,_Z,Not applicable,,
DATAFLOW,OECD.ELS.SPD:DSD_SOCX_AGG@DF_SOCX_AGG(1.0),Social expenditure aggregates,I,EST,Estonia,A,Annual,SOCX,Social expenditure,PT_B1GQ,Percentage of GDP,ES10,Public,_T,Total,TP82,Housing,_Z,Not applicable,2000,,0.097,,A,Normal value,0,Units,1,One,_Z,Not applicable,,
DATAFLOW,OECD.ELS.SPD:DSD_SOCX_AGG@DF_SOCX_AGG(1.0),Social expenditure aggregates,I,EST,Estonia,A,Annual,SOCX,Social expenditure,PT_B1GQ,Percentage of GDP,ES10,Public,_T,Total,TP82,Housing,_Z,Not applicable,2001,,0.077,,A,Normal value,0,Units,1,One,_Z,Not applicable,,
DATAFLOW,OECD.ELS.SPD:DSD_SOCX_AGG@DF_SOCX_AGG(1.0),Social expenditure aggregates,I,EST,Estonia,A,Annual,SOCX,Social expenditure,PT_B1GQ,Percentage of GDP,ES10,Public,_T,Total,TP82,Housing,_Z,Not applicable,2002,,0.079,,A,Normal value,0,Units,1,One,_Z,Not applicable,,
DATAFLOW,OECD.ELS.SPD:DSD_SOCX_AGG@DF_SOCX_AGG(1.0),Social expenditure aggregates,I,EST,Estonia,A,Annual,SOCX,Social expenditure,PT_B1GQ,Percentage of GDP,ES10,Public,_T,Total,TP82,Housing,_Z,Not applicable,2003,,0.076,,A,Normal value,0,Units,1,One,_Z,Not applicable,,
DATAFLOW,OECD.ELS.SPD:DSD_SOCX_AGG@DF_SOCX_AGG(1.0),Social expenditure aggregates,I,EST,Estonia,A,Annual,SOCX,Social expenditure,PT_B1GQ,Percentage of GDP,ES10,Public,_T,Total,TP82,Housing,_Z,Not applicable,2004,,0.046,,A,Normal value,0,Units,1,One,_Z,Not applicable,,
DATAFLOW,OECD.ELS.SPD:DSD_SOCX_AGG@DF_SOCX_AGG(1.0),Social expenditure aggregates,I,EST,Estonia,A,Annual,SOCX,Social expenditure,PT_B1GQ,Percentage of GDP,ES10,Public,_T,Total,TP82,Housing,_Z,Not applicable,2005,,0.028,,A,Normal value,0,Units,1,One,_Z,Not applicable,,
DATAFLOW,OECD.ELS.SPD:DSD_SOCX_AGG@DF_SOCX_AGG(1.0),Social expenditure aggregates,I,EST,Estonia,A,Annual,SOCX,Social expenditure,PT_B1GQ,Percentage of GDP,ES10,Public,_T,Total,TP82,Housing,_Z,Not applicable,2006,,0.078,,A,Normal value,0,Units,1,One,_Z,Not applicable,,
DATAFLOW,OECD.ELS.SPD:DSD_SOCX_AGG@DF_SOCX_AGG(1.0),Social expenditure aggregates,I,EST,Estonia,A,Annual,SOCX,Social expenditure,PT_B1GQ,Percentage of GDP,ES10,Public,_T,Total,TP82,Housing,_Z,Not applicable,2007,,0.021,,A,Normal value,0,Units,1,One,_Z,Not applicable,,
DATAFLOW,OECD.ELS.SPD:DSD_SOCX_AGG@DF_SOCX_AGG(1.0),Social expenditure aggregates,I,EST,Estonia,A,Annual,SOCX,Social expenditure,PT_B1GQ,Percentage of GDP,ES10,Public,_T,Total,TP82,Housing,_Z,Not applicable,2008,,0.022,,A,Normal value,0,Units,1,One,_Z,Not applicable,,
DATAFLOW,OECD.ELS.SPD:DSD_SOCX_AGG@DF_SOCX_AGG(1.0),Social expenditure aggregates,I,EST,Estonia,A,Annual,SOCX,Social expenditure,PT_B1GQ,Percentage of GDP,ES10,Public,_T,Total,TP82,Housing,_Z,Not applicable,2009,,0.034,,A,Normal value,0,Units,1,One,_Z,Not applicable,,
DATAFLOW,OECD.ELS.SPD:DSD_SOCX_AGG@DF_SOCX_AGG(1.0),Social expenditure aggregates,I,EST,Estonia,A,Annual,SOCX,Social expenditure,PT_B1GQ,Percentage of GDP,ES10,Public,_T,Total,TP82,Housing,_Z,Not applicable,2010,,0.049,,A,Normal value,0,Units,1,One,_Z,Not applicable,,
DATAFLOW,OECD.ELS.SPD:DSD_SOCX_AGG@DF_SOCX_AGG(1.0),Social expenditure aggregates,I,EST,Estonia,A,Annual,SOCX,Social expenditure,PT_B1GQ,Percentage of GDP,ES10,Public,_T,Total,TP82,Housing,_Z,Not applicable,2011,,0.048,,A,Normal value,0,Units,1,One,_Z,Not applicable,,
DATAFLOW,OECD.ELS.SPD:DSD_SOCX_AGG@DF_SOCX_AGG(1.0),Social expenditure aggregates,I,EST,Estonia,A,Annual,SOCX,Social expenditure,PT_B1GQ,Percentage of GDP,ES10,Public,_T,Total,TP82,Housing,_Z,Not applicable,2012,,0.043,,A,Normal value,0,Units,1,One,_Z,Not applicable,,
DATAFLOW,OECD.ELS.SPD:DSD_SOCX_AGG@DF_SOCX_AGG(1.0),Social expenditure aggregates,I,EST,Estonia,A,Annual,SOCX,Social expenditure,PT_B1GQ,Percentage of GDP,ES10,Public,_T,Total,TP82,Housing,_Z,Not applicable,2013,,0.039,,A,Normal value,0,Units,1,One,_Z,Not applicable,,
DATAFLOW,OECD.ELS.SPD:DSD_SOCX_AGG@DF_SOCX_AGG(1.0),Social expenditure aggregates,I,EST,Estonia,A,Annual,SOCX,Social expenditure,PT_B1GQ,Percentage of GDP,ES10,Public,_T,Total,TP82,Housing,_Z,Not applicable,2014,,0.031,,A,Normal value,0,Units,1,One,_Z,Not applicable,,
DATAFLOW,OECD.ELS.SPD:DSD_SOCX_AGG@DF_SOCX_AGG(1.0),Social expenditure aggregates,I,EST,Estonia,A,Annual,SOCX,Social expenditure,PT_B1GQ,Percentage of GDP,ES10,Public,_T,Total,TP82,Housing,_Z,Not applicable,2015,,0.025,,A,Normal value,0,Units,1,One,_Z,Not applicable,,
DATAFLOW,OECD.ELS.SPD:DSD_SOCX_AGG@DF_SOCX_AGG(1.0),Social expenditure aggregates,I,EST,Estonia,A,Annual,SOCX,Social expenditure,PT_B1GQ,Percentage of GDP,ES10,Public,_T,Total,TP82,Housing,_Z,Not applicable,2016,,0.07,,A,Normal value,0,Units,1,One,_Z,Not applicable,,
DATAFLOW,OECD.ELS.SPD:DSD_SOCX_AGG@DF_SOCX_AGG(1.0),Social expenditure aggregates,I,EST,Estonia,A,Annual,SOCX,Social expenditure,PT_B1GQ,Percentage of GDP,ES10,Public,_T,Total,TP82,Housing,_Z,Not applicable,2017,,0.066,,A,Normal value,0,Units,1,One,_Z,Not applicable,,
DATAFLOW,OECD.ELS.SPD:DSD_SOCX_AGG@DF_SOCX_AGG(1.0),Social expenditure aggregates,I,EST,Estonia,A,Annual,SOCX,Social expenditure,PT_B1GQ,Percentage of GDP,ES10,Public,_T,Total,TP82,Housing,_Z,Not applicable,2018,,0.062,,A,Normal value,0,Units,1,One,_Z,Not applicable,,
DATAFLOW,OECD.ELS.SPD:DSD_SOCX_AGG@DF_SOCX_AGG(1.0),Social expenditure aggregates,I,EST,Estonia,A,Annual,SOCX,Social expenditure,PT_B1GQ,Percentage of GDP,ES10,Public,_T,Total,TP82,Housing,_Z,Not applicable,2019,,0.056,,A,Normal value,0,Units,1,One,_Z,Not applicable,,
DATAFLOW,OECD.ELS.SPD:DSD_SOCX_AGG@DF_SOCX_AGG(1.0),Social expenditure aggregates,I,EST,Estonia,A,Annual,SOCX,Social expenditure,PT_B1GQ,Percentage of GDP,ES10,Public,_T,Total,TP82,Housing,_Z,Not applicable,2020,,0.062,,A,Normal value,0,Units,1,One,_Z,Not applicable,,
DATAFLOW,OECD.ELS.SPD:DSD_SOCX_AGG@DF_SOCX_AGG(1.0),Social expenditure aggregates,I,EST,Estonia,A,Annual,SOCX,Social expenditure,PT_B1GQ,Percentage of GDP,ES10,Public,_T,Total,TP82,Housing,_Z,Not applicable,2021,,0.058,,A,Normal value,0,Units,1,One,_Z,Not applicable,,
DATAFLOW,OECD.ELS.SPD:DSD_SOCX_AGG@DF_SOCX_AGG(1.0),Social expenditure aggregates,I,AUS,Australia,A,Annual,SOCX,Social expenditure,PT_B1GQ,Percentage of GDP,ES10,Public,_T,Total,TP82,Housing,_Z,Not applicable,1980,,0.255,,A,Normal value,0,Units,1,One,_Z,Not applicable,,
DATAFLOW,OECD.ELS.SPD:DSD_SOCX_AGG@DF_SOCX_AGG(1.0),Social expenditure aggregates,I,AUS,Australia,A,Annual,SOCX,Social expenditure,PT_B1GQ,Percentage of GDP,ES10,Public,_T,Total,TP82,Housing,_Z,Not applicable,1981,,0.221,,A,Normal value,0,Units,1,One,_Z,Not applicable,,
DATAFLOW,OECD.ELS.SPD:DSD_SOCX_AGG@DF_SOCX_AGG(1.0),Social expenditure aggregates,I,AUS,Australia,A,Annual,SOCX,Social expenditure,PT_B1GQ,Percentage of GDP,ES10,Public,_T,Total,TP82,Housing,_Z,Not applicable,1982,,0.285,,A,Normal value,0,Units,1,One,_Z,Not applicable,,
DATAFLOW,OECD.ELS.SPD:DSD_SOCX_AGG@DF_SOCX_AGG(1.0),Social expenditure aggregates,I,AUS,Australia,A,Annual,SOCX,Social expenditure,PT_B1GQ,Percentage of GDP,ES10,Public,_T,Total,TP82,Housing,_Z,Not applicable,1983,,0.38,,A,Normal value,0,Units,1,One,_Z,Not applicable,,
DATAFLOW,OECD.ELS.SPD:DSD_SOCX_AGG@DF_SOCX_AGG(1.0),Social expenditure aggregates,I,AUS,Australia,A,Annual,SOCX,Social expenditure,PT_B1GQ,Percentage of GDP,ES10,Public,_T,Total,TP82,Housing,_Z,Not applicable,1984,,0.392,,A,Normal value,0,Units,1,One,_Z,Not applicable,,
DATAFLOW,OECD.ELS.SPD:DSD_SOCX_AGG@DF_SOCX_AGG(1.0),Social expenditure aggregates,I,AUS,Australia,A,Annual,SOCX,Social expenditure,PT_B1GQ,Percentage of GDP,ES10,Public,_T,Total,TP82,Housing,_Z,Not applicable,1985,,0.342,,A,Normal value,0,Units,1,One,_Z,Not applicable,,
DATAFLOW,OECD.ELS.SPD:DSD_SOCX_AGG@DF_SOCX_AGG(1.0),Social expenditure aggregates,I,AUS,Australia,A,Annual,SOCX,Social expenditure,PT_B1GQ,Percentage of GDP,ES10,Public,_T,Total,TP82,Housing,_Z,Not applicable,1986,,0.311,,A,Normal value,0,Units,1,One,_Z,Not applicable,,
DATAFLOW,OECD.ELS.SPD:DSD_SOCX_AGG@DF_SOCX_AGG(1.0),Social expenditure aggregates,I,AUS,Australia,A,Annual,SOCX,Social expenditure,PT_B1GQ,Percentage of GDP,ES10,Public,_T,Total,TP82,Housing,_Z,Not applicable,1987,,0.281,,A,Normal value,0,Units,1,One,_Z,Not applicable,,
DATAFLOW,OECD.ELS.SPD:DSD_SOCX_AGG@DF_SOCX_AGG(1.0),Social expenditure aggregates,I,AUS,Australia,A,Annual,SOCX,Social expenditure,PT_B1GQ,Percentage of GDP,ES10,Public,_T,Total,TP82,Housing,_Z,Not applicable,1988,,0.232,,A,Normal value,0,Units,1,One,_Z,Not applicable,,
DATAFLOW,OECD.ELS.SPD:DSD_SOCX_AGG@DF_SOCX_AGG(1.0),Social expenditure aggregates,I,AUS,Australia,A,Annual,SOCX,Social expenditure,PT_B1GQ,Percentage of GDP,ES10,Public,_T,Total,TP82,Housing,_Z,Not applicable,1989,,0.268,,A,Normal value,0,Units,1,One,_Z,Not applicable,,
DATAFLOW,OECD.ELS.SPD:DSD_SOCX_AGG@DF_SOCX_AGG(1.0),Social expenditure aggregates,I,AUS,Australia,A,Annual,SOCX,Social expenditure,PT_B1GQ,Percentage of GDP,ES10,Public,_T,Total,TP82,Housing,_Z,Not applicable,1990,,0.249,,A,Normal value,0,Units,1,One,_Z,Not applicable,,
DATAFLOW,OECD.ELS.SPD:DSD_SOCX_AGG@DF_SOCX_AGG(1.0),Social expenditure aggregates,I,AUS,Australia,A,Annual,SOCX,Social expenditure,PT_B1GQ,Percentage of GDP,ES10,Public,_T,Total,TP82,Housing,_Z,Not applicable,1991,,0.247,,A,Normal value,0,Units,1,One,_Z,Not applicable,,
DATAFLOW,OECD.ELS.SPD:DSD_SOCX_AGG@DF_SOCX_AGG(1.0),Social expenditure aggregates,I,AUS,Australia,A,Annual,SOCX,Social expenditure,PT_B1GQ,Percentage of GDP,ES10,Public,_T,Total,TP82,Housing,_Z,Not applicable,1992,,0.226,,A,Normal value,0,Units,1,One,_Z,Not applicable,,
DATAFLOW,OECD.ELS.SPD:DSD_SOCX_AGG@DF_SOCX_AGG(1.0),Social expenditure aggregates,I,AUS,Australia,A,Annual,SOCX,Social expenditure,PT_B1GQ,Percentage of GDP,ES10,Public,_T,Total,TP82,Housing,_Z,Not applicable,2017,,0.35,,A,Normal value,0,Units,1,One,_Z,Not applicable,,
DATAFLOW,OECD.ELS.SPD:DSD_SOCX_AGG@DF_SOCX_AGG(1.0),Social expenditure aggregates,I,AUS,Australia,A,Annual,SOCX,Social expenditure,PT_B1GQ,Percentage of GDP,ES10,Public,_T,Total,TP82,Housing,_Z,Not applicable,2018,,0.351,,A,Normal value,0,Units,1,One,_Z,Not applicable,,
DATAFLOW,OECD.ELS.SPD:DSD_SOCX_AGG@DF_SOCX_AGG(1.0),Social expenditure aggregates,I,AUS,Australia,A,Annual,SOCX,Social expenditure,PT_B1GQ,Percentage of GDP,ES10,Public,_T,Total,TP82,Housing,_Z,Not applicable,2019,,0.341,,A,Normal value,0,Units,1,One,_Z,Not applicable,,
DATAFLOW,OECD.ELS.SPD:DSD_SOCX_AGG@DF_SOCX_AGG(1.0),Social expenditure aggregates,I,AUS,Australia,A,Annual,SOCX,Social expenditure,PT_B1GQ,Percentage of GDP,ES10,Public,_T,Total,TP82,Housing,_Z,Not applicable,2020,,0.35,,A,Normal value,0,Units,1,One,_Z,Not applicable,,
DATAFLOW,OECD.ELS.SPD:DSD_SOCX_AGG@DF_SOCX_AGG(1.0),Social expenditure aggregates,I,AUS,Australia,A,Annual,SOCX,Social expenditure,PT_B1GQ,Percentage of GDP,ES10,Public,_T,Total,TP82,Housing,_Z,Not applicable,2021,,0.294,,A,Normal value,0,Units,1,One,_Z,Not applicable,,
DATAFLOW,OECD.ELS.SPD:DSD_SOCX_AGG@DF_SOCX_AGG(1.0),Social expenditure aggregates,I,AUS,Australia,A,Annual,SOCX,Social expenditure,PT_B1GQ,Percentage of GDP,ES10,Public,_T,Total,TP82,Housing,_Z,Not applicable,2022,,0.264,,A,Normal value,0,Units,1,One,_Z,Not applicable,,
DATAFLOW,OECD.ELS.SPD:DSD_SOCX_AGG@DF_SOCX_AGG(1.0),Social expenditure aggregates,I,COL,Colombia,A,Annual,SOCX,Social expenditure,PT_B1GQ,Percentage of GDP,ES10,Public,_T,Total,TP82,Housing,_Z,Not applicable,2010,,0.025,,A,Normal value,0,Units,1,One,_Z,Not applicable,,
DATAFLOW,OECD.ELS.SPD:DSD_SOCX_AGG@DF_SOCX_AGG(1.0),Social expenditure aggregates,I,COL,Colombia,A,Annual,SOCX,Social expenditure,PT_B1GQ,Percentage of GDP,ES10,Public,_T,Total,TP82,Housing,_Z,Not applicable,2011,,0.038,,A,Normal value,0,Units,1,One,_Z,Not applicable,,
DATAFLOW,OECD.ELS.SPD:DSD_SOCX_AGG@DF_SOCX_AGG(1.0),Social expenditure aggregates,I,COL,Colombia,A,Annual,SOCX,Social expenditure,PT_B1GQ,Percentage of GDP,ES10,Public,_T,Total,TP82,Housing,_Z,Not applicable,2012,,0.042,,A,Normal value,0,Units,1,One,_Z,Not applicable,,
DATAFLOW,OECD.ELS.SPD:DSD_SOCX_AGG@DF_SOCX_AGG(1.0),Social expenditure aggregates,I,COL,Colombia,A,Annual,SOCX,Social expenditure,PT_B1GQ,Percentage of GDP,ES10,Public,_T,Total,TP82,Housing,_Z,Not applicable,2013,,0.339,,A,Normal value,0,Units,1,One,_Z,Not applicable,,
DATAFLOW,OECD.ELS.SPD:DSD_SOCX_AGG@DF_SOCX_AGG(1.0),Social expenditure aggregates,I,COL,Colombia,A,Annual,SOCX,Social expenditure,PT_B1GQ,Percentage of GDP,ES10,Public,_T,Total,TP82,Housing,_Z,Not applicable,2014,,0.385,,A,Normal value,0,Units,1,One,_Z,Not applicable,,
DATAFLOW,OECD.ELS.SPD:DSD_SOCX_AGG@DF_SOCX_AGG(1.0),Social expenditure aggregates,I,COL,Colombia,A,Annual,SOCX,Social expenditure,PT_B1GQ,Percentage of GDP,ES10,Public,_T,Total,TP82,Housing,_Z,Not applicable,2015,,0.466,,A,Normal value,0,Units,1,One,_Z,Not applicable,,
DATAFLOW,OECD.ELS.SPD:DSD_SOCX_AGG@DF_SOCX_AGG(1.0),Social expenditure aggregates,I,COL,Colombia,A,Annual,SOCX,Social expenditure,PT_B1GQ,Percentage of GDP,ES10,Public,_T,Total,TP82,Housing,_Z,Not applicable,2016,,0.2,,A,Normal value,0,Units,1,One,_Z,Not applicable,,
DATAFLOW,OECD.ELS.SPD:DSD_SOCX_AGG@DF_SOCX_AGG(1.0),Social expenditure aggregates,I,COL,Colombia,A,Annual,SOCX,Social expenditure,PT_B1GQ,Percentage of GDP,ES10,Public,_T,Total,TP82,Housing,_Z,Not applicable,2017,,0.28,,A,Normal value,0,Units,1,One,_Z,Not applicable,,
DATAFLOW,OECD.ELS.SPD:DSD_SOCX_AGG@DF_SOCX_AGG(1.0),Social expenditure aggregates,I,COL,Colombia,A,Annual,SOCX,Social expenditure,PT_B1GQ,Percentage of GDP,ES10,Public,_T,Total,TP82,Housing,_Z,Not applicable,2018,,0.125,,A,Normal value,0,Units,1,One,_Z,Not applicable,,
DATAFLOW,OECD.ELS.SPD:DSD_SOCX_AGG@DF_SOCX_AGG(1.0),Social expenditure aggregates,I,COL,Colombia,A,Annual,SOCX,Social expenditure,PT_B1GQ,Percentage of GDP,ES10,Public,_T,Total,TP82,Housing,_Z,Not applicable,2019,,0.27,,A,Normal value,0,Units,1,One,_Z,Not applicable,,
DATAFLOW,OECD.ELS.SPD:DSD_SOCX_AGG@DF_SOCX_AGG(1.0),Social expenditure aggregates,I,COL,Colombia,A,Annual,SOCX,Social expenditure,PT_B1GQ,Percentage of GDP,ES10,Public,_T,Total,TP82,Housing,_Z,Not applicable,2020,,0.266,,A,Normal value,0,Units,1,One,_Z,Not applicable,,
DATAFLOW,OECD.ELS.SPD:DSD_SOCX_AGG@DF_SOCX_AGG(1.0),Social expenditure aggregates,I,COL,Colombia,A,Annual,SOCX,Social expenditure,PT_B1GQ,Percentage of GDP,ES10,Public,_T,Total,TP82,Housing,_Z,Not applicable,2021,,0.256,,A,Normal value,0,Units,1,One,_Z,Not applicable,,
DATAFLOW,OECD.ELS.SPD:DSD_SOCX_AGG@DF_SOCX_AGG(1.0),Social expenditure aggregates,I,COL,Colombia,A,Annual,SOCX,Social expenditure,PT_B1GQ,Percentage of GDP,ES10,Public,_T,Total,TP82,Housing,_Z,Not applicable,2022,,0.226,,A,Normal value,0,Units,1,One,_Z,Not applicable,,
DATAFLOW,OECD.ELS.SPD:DSD_SOCX_AGG@DF_SOCX_AGG(1.0),Social expenditure aggregates,I,COL,Colombia,A,Annual,SOCX,Social expenditure,PT_B1GQ,Percentage of GDP,ES10,Public,_T,Total,TP82,Housing,_Z,Not applicable,2023,,0.211,,A,Normal value,0,Units,1,One,_Z,Not applicable,,
DATAFLOW,OECD.ELS.SPD:DSD_SOCX_AGG@DF_SOCX_AGG(1.0),Social expenditure aggregates,I,CRI,Costa Rica,A,Annual,SOCX,Social expenditure,PT_B1GQ,Percentage of GDP,ES10,Public,_T,Total,TP82,Housing,_Z,Not applicable,2011,,0.56,,A,Normal value,0,Units,1,One,_Z,Not applicable,,
DATAFLOW,OECD.ELS.SPD:DSD_SOCX_AGG@DF_SOCX_AGG(1.0),Social expenditure aggregates,I,CRI,Costa Rica,A,Annual,SOCX,Social expenditure,PT_B1GQ,Percentage of GDP,ES10,Public,_T,Total,TP82,Housing,_Z,Not applicable,2012,,0.469,,A,Normal value,0,Units,1,One,_Z,Not applicable,,
DATAFLOW,OECD.ELS.SPD:DSD_SOCX_AGG@DF_SOCX_AGG(1.0),Social expenditure aggregates,I,CRI,Costa Rica,A,Annual,SOCX,Social expenditure,PT_B1GQ,Percentage of GDP,ES10,Public,_T,Total,TP82,Housing,_Z,Not applicable,2013,,0.56,,A,Normal value,0,Units,1,One,_Z,Not applicable,,
DATAFLOW,OECD.ELS.SPD:DSD_SOCX_AGG@DF_SOCX_AGG(1.0),Social expenditure aggregates,I,CRI,Costa Rica,A,Annual,SOCX,Social expenditure,PT_B1GQ,Percentage of GDP,ES10,Public,_T,Total,TP82,Housing,_Z,Not applicable,2014,,0.54,,A,Normal value,0,Units,1,One,_Z,Not applicable,,
DATAFLOW,OECD.ELS.SPD:DSD_SOCX_AGG@DF_SOCX_AGG(1.0),Social expenditure aggregates,I,CRI,Costa Rica,A,Annual,SOCX,Social expenditure,PT_B1GQ,Percentage of GDP,ES10,Public,_T,Total,TP82,Housing,_Z,Not applicable,2015,,0.562,,A,Normal value,0,Units,1,One,_Z,Not applicable,,
DATAFLOW,OECD.ELS.SPD:DSD_SOCX_AGG@DF_SOCX_AGG(1.0),Social expenditure aggregates,I,CRI,Costa Rica,A,Annual,SOCX,Social expenditure,PT_B1GQ,Percentage of GDP,ES10,Public,_T,Total,TP82,Housing,_Z,Not applicable,2016,,0.579,,A,Normal value,0,Units,1,One,_Z,Not applicable,,
DATAFLOW,OECD.ELS.SPD:DSD_SOCX_AGG@DF_SOCX_AGG(1.0),Social expenditure aggregates,I,CRI,Costa Rica,A,Annual,SOCX,Social expenditure,PT_B1GQ,Percentage of GDP,ES10,Public,_T,Total,TP82,Housing,_Z,Not applicable,2017,,0.537,,A,Normal value,0,Units,1,One,_Z,Not applicable,,
DATAFLOW,OECD.ELS.SPD:DSD_SOCX_AGG@DF_SOCX_AGG(1.0),Social expenditure aggregates,I,CRI,Costa Rica,A,Annual,SOCX,Social expenditure,PT_B1GQ,Percentage of GDP,ES10,Public,_T,Total,TP82,Housing,_Z,Not applicable,2018,,0.635,,A,Normal value,0,Units,1,One,_Z,Not applicable,,
DATAFLOW,OECD.ELS.SPD:DSD_SOCX_AGG@DF_SOCX_AGG(1.0),Social expenditure aggregates,I,CRI,Costa Rica,A,Annual,SOCX,Social expenditure,PT_B1GQ,Percentage of GDP,ES10,Public,_T,Total,TP82,Housing,_Z,Not applicable,2019,,0.318,,A,Normal value,0,Units,1,One,_Z,Not applicable,,
DATAFLOW,OECD.ELS.SPD:DSD_SOCX_AGG@DF_SOCX_AGG(1.0),Social expenditure aggregates,I,CRI,Costa Rica,A,Annual,SOCX,Social expenditure,PT_B1GQ,Percentage of GDP,ES10,Public,_T,Total,TP82,Housing,_Z,Not applicable,2020,,0.331,,A,Normal value,0,Units,1,One,_Z,Not applicable,,
DATAFLOW,OECD.ELS.SPD:DSD_SOCX_AGG@DF_SOCX_AGG(1.0),Social expenditure aggregates,I,CRI,Costa Rica,A,Annual,SOCX,Social expenditure,PT_B1GQ,Percentage of GDP,ES10,Public,_T,Total,TP82,Housing,_Z,Not applicable,2021,,0.288,,A,Normal value,0,Units,1,One,_Z,Not applicable,,
DATAFLOW,OECD.ELS.SPD:DSD_SOCX_AGG@DF_SOCX_AGG(1.0),Social expenditure aggregates,I,CRI,Costa Rica,A,Annual,SOCX,Social expenditure,PT_B1GQ,Percentage of GDP,ES10,Public,_T,Total,TP82,Housing,_Z,Not applicable,2022,,0.19,,A,Normal value,0,Units,1,One,_Z,Not applicable,,
DATAFLOW,OECD.ELS.SPD:DSD_SOCX_AGG@DF_SOCX_AGG(1.0),Social expenditure aggregates,I,GRC,Greece,A,Annual,SOCX,Social expenditure,PT_B1GQ,Percentage of GDP,ES10,Public,_T,Total,TP82,Housing,_Z,Not applicable,2002,,0,,A,Normal value,0,Units,1,One,_Z,Not applicable,,
DATAFLOW,OECD.ELS.SPD:DSD_SOCX_AGG@DF_SOCX_AGG(1.0),Social expenditure aggregates,I,GRC,Greece,A,Annual,SOCX,Social expenditure,PT_B1GQ,Percentage of GDP,ES10,Public,_T,Total,TP82,Housing,_Z,Not applicable,2003,,0,,A,Normal value,0,Units,1,One,_Z,Not applicable,,
DATAFLOW,OECD.ELS.SPD:DSD_SOCX_AGG@DF_SOCX_AGG(1.0),Social expenditure aggregates,I,GRC,Greece,A,Annual,SOCX,Social expenditure,PT_B1GQ,Percentage of GDP,ES10,Public,_T,Total,TP82,Housing,_Z,Not applicable,2018,,0,,A,Normal value,0,Units,1,One,_Z,Not applicable,,
DATAFLOW,OECD.ELS.SPD:DSD_SOCX_AGG@DF_SOCX_AGG(1.0),Social expenditure aggregates,I,CHL,Chile,A,Annual,SOCX,Social expenditure,PT_B1GQ,Percentage of GDP,ES10,Public,_T,Total,TP82,Housing,_Z,Not applicable,1986,,0,,A,Normal value,0,Units,1,One,_Z,Not applicable,,
DATAFLOW,OECD.ELS.SPD:DSD_SOCX_AGG@DF_SOCX_AGG(1.0),Social expenditure aggregates,I,CHL,Chile,A,Annual,SOCX,Social expenditure,PT_B1GQ,Percentage of GDP,ES10,Public,_T,Total,TP82,Housing,_Z,Not applicable,1987,,0,,A,Normal value,0,Units,1,One,_Z,Not applicable,,
DATAFLOW,OECD.ELS.SPD:DSD_SOCX_AGG@DF_SOCX_AGG(1.0),Social expenditure aggregates,I,CHL,Chile,A,Annual,SOCX,Social expenditure,PT_B1GQ,Percentage of GDP,ES10,Public,_T,Total,TP82,Housing,_Z,Not applicable,1988,,0,,A,Normal value,0,Units,1,One,_Z,Not applicable,,
DATAFLOW,OECD.ELS.SPD:DSD_SOCX_AGG@DF_SOCX_AGG(1.0),Social expenditure aggregates,I,CHL,Chile,A,Annual,SOCX,Social expenditure,PT_B1GQ,Percentage of GDP,ES10,Public,_T,Total,TP82,Housing,_Z,Not applicable,1989,,0,,A,Normal value,0,Units,1,One,_Z,Not applicable,,
DATAFLOW,OECD.ELS.SPD:DSD_SOCX_AGG@DF_SOCX_AGG(1.0),Social expenditure aggregates,I,CHL,Chile,A,Annual,SOCX,Social expenditure,PT_B1GQ,Percentage of GDP,ES10,Public,_T,Total,TP82,Housing,_Z,Not applicable,1990,,0,,A,Normal value,0,Units,1,One,_Z,Not applicable,,
DATAFLOW,OECD.ELS.SPD:DSD_SOCX_AGG@DF_SOCX_AGG(1.0),Social expenditure aggregates,I,CHL,Chile,A,Annual,SOCX,Social expenditure,PT_B1GQ,Percentage of GDP,ES10,Public,_T,Total,TP82,Housing,_Z,Not applicable,1991,,0,,A,Normal value,0,Units,1,One,_Z,Not applicable,,
DATAFLOW,OECD.ELS.SPD:DSD_SOCX_AGG@DF_SOCX_AGG(1.0),Social expenditure aggregates,I,CHL,Chile,A,Annual,SOCX,Social expenditure,PT_B1GQ,Percentage of GDP,ES10,Public,_T,Total,TP82,Housing,_Z,Not applicable,1992,,0,,A,Normal value,0,Units,1,One,_Z,Not applicable,,
DATAFLOW,OECD.ELS.SPD:DSD_SOCX_AGG@DF_SOCX_AGG(1.0),Social expenditure aggregates,I,CHL,Chile,A,Annual,SOCX,Social expenditure,PT_B1GQ,Percentage of GDP,ES10,Public,_T,Total,TP82,Housing,_Z,Not applicable,1993,,0,,A,Normal value,0,Units,1,One,_Z,Not applicable,,
DATAFLOW,OECD.ELS.SPD:DSD_SOCX_AGG@DF_SOCX_AGG(1.0),Social expenditure aggregates,I,CHL,Chile,A,Annual,SOCX,Social expenditure,PT_B1GQ,Percentage of GDP,ES10,Public,_T,Total,TP82,Housing,_Z,Not applicable,1994,,0,,A,Normal value,0,Units,1,One,_Z,Not applicable,,
DATAFLOW,OECD.ELS.SPD:DSD_SOCX_AGG@DF_SOCX_AGG(1.0),Social expenditure aggregates,I,CHL,Chile,A,Annual,SOCX,Social expenditure,PT_B1GQ,Percentage of GDP,ES10,Public,_T,Total,TP82,Housing,_Z,Not applicable,1995,,0,,A,Normal value,0,Units,1,One,_Z,Not applicable,,
DATAFLOW,OECD.ELS.SPD:DSD_SOCX_AGG@DF_SOCX_AGG(1.0),Social expenditure aggregates,I,CHL,Chile,A,Annual,SOCX,Social expenditure,PT_B1GQ,Percentage of GDP,ES10,Public,_T,Total,TP82,Housing,_Z,Not applicable,1996,,0,,A,Normal value,0,Units,1,One,_Z,Not applicable,,
DATAFLOW,OECD.ELS.SPD:DSD_SOCX_AGG@DF_SOCX_AGG(1.0),Social expenditure aggregates,I,CHL,Chile,A,Annual,SOCX,Social expenditure,PT_B1GQ,Percentage of GDP,ES10,Public,_T,Total,TP82,Housing,_Z,Not applicable,1997,,0,,A,Normal value,0,Units,1,One,_Z,Not applicable,,
DATAFLOW,OECD.ELS.SPD:DSD_SOCX_AGG@DF_SOCX_AGG(1.0),Social expenditure aggregates,I,CHL,Chile,A,Annual,SOCX,Social expenditure,PT_B1GQ,Percentage of GDP,ES10,Public,_T,Total,TP82,Housing,_Z,Not applicable,1998,,0,,A,Normal value,0,Units,1,One,_Z,Not applicable,,
DATAFLOW,OECD.ELS.SPD:DSD_SOCX_AGG@DF_SOCX_AGG(1.0),Social expenditure aggregates,I,CHL,Chile,A,Annual,SOCX,Social expenditure,PT_B1GQ,Percentage of GDP,ES10,Public,_T,Total,TP82,Housing,_Z,Not applicable,1999,,0,,A,Normal value,0,Units,1,One,_Z,Not applicable,,
