STRUCTURE,STRUCTURE_ID,STRUCTURE_NAME,ACTION,REF_AREA,Reference area,FREQ,Frequency of observation,MEASURE,Measure,UNIT_MEASURE,Unit of measure,ACTIVITY,Economic activity,ADJUSTMENT,Adjustment,TRANSFORMATION,Transformation,TIME_HORIZ,Time horizon,METHODOLOGY,Calculation methodology,TIME_PERIOD,Time period,OBS_VALUE,Observation value,OBS_STATUS,Observation status,UNIT_MULT,Unit multiplier,DECIMALS,Decimals,BASE_PER,Base period
DATAFLOW,OECD.SDD.STES:DSD_STES@DF_FINMARK(4.0),Financial market,I,AUS,Australia,A,Annual,IR3TIB,Short-term interest rates,PA,Percent per annum,_Z,Not applicable,_Z,Not applicable,_Z,Not applicable,_Z,Not applicable,N,National,1968,,5.116667,,A,Normal value,0,Units,2,Two,,
DATAFLOW,OECD.SDD.STES:DSD_STES@DF_FINMARK(4.0),Financial market,I,AUS,Australia,A,Annual,IR3TIB,Short-term interest rates,PA,Percent per annum,_Z,Not applicable,_Z,Not applicable,_Z,Not applicable,_Z,Not applicable,N,National,1970,,7.108333,,A,Normal value,0,Units,2,Two,,
DATAFLOW,OECD.SDD.STES:DSD_STES@DF_FINMARK(4.0),Financial market,I,AUS,Australia,A,Annual,IR3TIB,Short-term interest rates,PA,Percent per annum,_Z,Not applicable,_Z,Not applicable,_Z,Not applicable,_Z,Not applicable,N,National,1971,,7.008333,,A,Normal value,0,Units,2,Two,,
DATAFLOW,OECD.SDD.STES:DSD_STES@DF_FINMARK(4.0),Financial market,I,AUS,Australia,A,Annual,IR3TIB,Short-term interest rates,PA,Percent per annum,_Z,Not applicable,_Z,Not applicable,_Z,Not applicable,_Z,Not applicable,N,National,1972,,5.083333,,A,Normal value,0,Units,2,Two,,
DATAFLOW,OECD.SDD.STES:DSD_STES@DF_FINMARK(4.0),Financial market,I,AUS,Australia,A,Annual,IR3TIB,Short-term interest rates,PA,Percent per annum,_Z,Not applicable,_Z,Not applicable,_Z,Not applicable,_Z,Not applicable,N,National,1973,,6.983333,,A,Normal value,0,Units,2,Two,,
DATAFLOW,OECD.SDD.STES:DSD_STES@DF_FINMARK(4.0),Financial market,I,AUS,Australia,A,Annual,IR3TIB,Short-term interest rates,PA,Percent per annum,_Z,Not applicable,_Z,Not applicable,_Z,Not applicable,_Z,Not applicable,N,National,1974,,13.15833,,A,Normal value,0,Units,2,Two,,
DATAFLOW,OECD.SDD.STES:DSD_STES@DF_FINMARK(4.0),Financial market,I,AUS,Australia,A,Annual,IR3TIB,Short-term interest rates,PA,Percent per annum,_Z,Not applicable,_Z,Not applicable,_Z,Not applicable,_Z,Not applicable,N,National,1975,,8.525,,A,Normal value,0,Units,2,Two,,
DATAFLOW,OECD.SDD.STES:DSD_STES@DF_FINMARK(4.0),Financial market,I,AUS,Australia,A,Annual,IR3TIB,Short-term interest rates,PA,Percent per annum,_Z,Not applicable,_Z,Not applicable,_Z,Not applicable,_Z,Not applicable,N,National,1976,,9.24,,A,Normal value,0,Units,2,Two,,
DATAFLOW,OECD.SDD.STES:DSD_STES@DF_FINMARK(4.0),Financial market,I,AUS,Australia,A,Annual,IR3TIB,Short-term interest rates,PA,Percent per annum,_Z,Not applicable,_Z,Not applicable,_Z,Not applicable,_Z,Not applicable,N,National,1977,,10.2125,,A,Normal value,0,Units,2,Two,,
DATAFLOW,OECD.SDD.STES:DSD_STES@DF_FINMARK(4.0),Financial market,I,AUS,Australia,A,Annual,IR3TIB,Short-term interest rates,PA,Percent per annum,_Z,Not applicable,_Z,Not applicable,_Z,Not applicable,_Z,Not applicable,N,National,1978,,9.843333,,A,Normal value,0,Units,2,Two,,
DATAFLOW,OECD.SDD.STES:DSD_STES@DF_FINMARK(4.0),Financial market,I,AUS,Australia,A,Annual,IR3TIB,Short-term interest rates,PA,Percent per annum,_Z,Not applicable,_Z,Not applicable,_Z,Not applicable,_Z,Not applicable,N,National,1979,,9.773334,,A,Normal value,0,Units,2,Two,,
DATAFLOW,OECD.SDD.STES:DSD_STES@DF_FINMARK(4.0),Financial market,I,AUS,Australia,A,Annual,IR3TIB,Short-term interest rates,PA,Percent per annum,_Z,Not applicable,_Z,Not applicable,_Z,Not applicable,_Z,Not applicable,N,National,1980,,12.0275,,A,Normal value,0,Units,2,Two,,
DATAFLOW,OECD.SDD.STES:DSD_STES@DF_FINMARK(4.0),Financial market,I,AUS,Australia,A,Annual,IR3TIB,Short-term interest rates,PA,Percent per annum,_Z,Not applicable,_Z,Not applicable,_Z,Not applicable,_Z,Not applicable,N,National,1981,,15.03833,,A,Normal value,0,Units,2,Two,,
DATAFLOW,OECD.SDD.STES:DSD_STES@DF_FINMARK(4.0),Financial market,I,AUS,Australia,A,Annual,IR3TIB,Short-term interest rates,PA,Percent per annum,_Z,Not applicable,_Z,Not applicable,_Z,Not applicable,_Z,Not applicable,N,National,1982,,16.83417,,A,Normal value,0,Units,2,Two,,
DATAFLOW,OECD.SDD.STES:DSD_STES@DF_FINMARK(4.0),Financial market,I,AUS,Australia,A,Annual,IR3TIB,Short-term interest rates,PA,Percent per annum,_Z,Not applicable,_Z,Not applicable,_Z,Not applicable,_Z,Not applicable,N,National,1983,,12.19917,,A,Normal value,0,Units,2,Two,,
DATAFLOW,OECD.SDD.STES:DSD_STES@DF_FINMARK(4.0),Financial market,I,AUS,Australia,A,Annual,IR3TIB,Short-term interest rates,PA,Percent per annum,_Z,Not applicable,_Z,Not applicable,_Z,Not applicable,_Z,Not applicable,N,National,1984,,12.1,,A,Normal value,0,Units,2,Two,,
DATAFLOW,OECD.SDD.STES:DSD_STES@DF_FINMARK(4.0),Financial market,I,AUS,Australia,A,Annual,IR3TIB,Short-term interest rates,PA,Percent per annum,_Z,Not applicable,_Z,Not applicable,_Z,Not applicable,_Z,Not applicable,N,National,1985,,15.9825,,A,Normal value,0,Units,2,Two,,
DATAFLOW,OECD.SDD.STES:DSD_STES@DF_FINMARK(4.0),Financial market,I,AUS,Australia,A,Annual,IR3TIB,Short-term interest rates,PA,Percent per annum,_Z,Not applicable,_Z,Not applicable,_Z,Not applicable,_Z,Not applicable,N,National,1986,,16.45167,,A,Normal value,0,Units,2,Two,,
DATAFLOW,OECD.SDD.STES:DSD_STES@DF_FINMARK(4.0),Financial market,I,AUS,Australia,A,Annual,IR3TIB,Short-term interest rates,PA,Percent per annum,_Z,Not applicable,_Z,Not applicable,_Z,Not applicable,_Z,Not applicable,N,National,1987,,13.75,,A,Normal value,0,Units,2,Two,,
DATAFLOW,OECD.SDD.STES:DSD_STES@DF_FINMARK(4.0),Financial market,I,AUS,Australia,A,Annual,IR3TIB,Short-term interest rates,PA,Percent per annum,_Z,Not applicable,_Z,Not applicable,_Z,Not applicable,_Z,Not applicable,N,National,1988,,12.8,,A,Normal value,0,Units,2,Two,,
DATAFLOW,OECD.SDD.STES:DSD_STES@DF_FINMARK(4.0),Financial market,I,AUS,Australia,A,Annual,IR3TIB,Short-term interest rates,PA,Percent per annum,_Z,Not applicable,_Z,Not applicable,_Z,Not applicable,_Z,Not applicable,N,National,1989,,17.61167,,A,Normal value,0,Units,2,Two,,
DATAFLOW,OECD.SDD.STES:DSD_STES@DF_FINMARK(4.0),Financial market,I,AUS,Australia,A,Annual,IR3TIB,Short-term interest rates,PA,Percent per annum,_Z,Not applicable,_Z,Not applicable,_Z,Not applicable,_Z,Not applicable,N,National,1990,,14.54333,,A,Normal value,0,Units,2,Two,,
DATAFLOW,OECD.SDD.STES:DSD_STES@DF_FINMARK(4.0),Financial market,I,AUS,Australia,A,Annual,IR3TIB,Short-term interest rates,PA,Percent per annum,_Z,Not applicable,_Z,Not applicable,_Z,Not applicable,_Z,Not applicable,N,National,1991,,10.22583,,A,Normal value,0,Units,2,Two,,
DATAFLOW,OECD.SDD.STES:DSD_STES@DF_FINMARK(4.0),Financial market,I,AUS,Australia,A,Annual,IR3TIB,Short-term interest rates,PA,Percent per annum,_Z,Not applicable,_Z,Not applicable,_Z,Not applicable,_Z,Not applicable,N,National,1992,,6.465833,,A,Normal value,0,Units,2,Two,,
DATAFLOW,OECD.SDD.STES:DSD_STES@DF_FINMARK(4.0),Financial market,I,AUS,Australia,A,Annual,IR3TIB,Short-term interest rates,PA,Percent per annum,_Z,Not applicable,_Z,Not applicable,_Z,Not applicable,_Z,Not applicable,N,National,1993,,5.151667,,A,Normal value,0,Units,2,Two,,
DATAFLOW,OECD.SDD.STES:DSD_STES@DF_FINMARK(4.0),Financial market,I,AUS,Australia,A,Annual,IR3TIB,Short-term interest rates,PA,Percent per annum,_Z,Not applicable,_Z,Not applicable,_Z,Not applicable,_Z,Not applicable,N,National,1994,,5.656667,,A,Normal value,0,Units,2,Two,,
DATAFLOW,OECD.SDD.STES:DSD_STES@DF_FINMARK(4.0),Financial market,I,AUS,Australia,A,Annual,IR3TIB,Short-term interest rates,PA,Percent per annum,_Z,Not applicable,_Z,Not applicable,_Z,Not applicable,_Z,Not applicable,N,National,1995,,7.725833,,A,Normal value,0,Units,2,Two,,
DATAFLOW,OECD.SDD.STES:DSD_STES@DF_FINMARK(4.0),Financial market,I,AUS,Australia,A,Annual,IR3TIB,Short-term interest rates,PA,Percent per annum,_Z,Not applicable,_Z,Not applicable,_Z,Not applicable,_Z,Not applicable,N,National,1996,,7.151667,,A,Normal value,0,Units,2,Two,,
DATAFLOW,OECD.SDD.STES:DSD_STES@DF_FINMARK(4.0),Financial market,I,AUS,Australia,A,Annual,IR3TIB,Short-term interest rates,PA,Percent per annum,_Z,Not applicable,_Z,Not applicable,_Z,Not applicable,_Z,Not applicable,N,National,1997,,5.395833,,A,Normal value,0,Units,2,Two,,
DATAFLOW,OECD.SDD.STES:DSD_STES@DF_FINMARK(4.0),Financial market,I,AUS,Australia,A,Annual,IR3TIB,Short-term interest rates,PA,Percent per annum,_Z,Not applicable,_Z,Not applicable,_Z,Not applicable,_Z,Not applicable,N,National,1998,,5.001667,,A,Normal value,0,Units,2,Two,,
DATAFLOW,OECD.SDD.STES:DSD_STES@DF_FINMARK(4.0),Financial market,I,AUS,Australia,A,Annual,IR3TIB,Short-term interest rates,PA,Percent per annum,_Z,Not applicable,_Z,Not applicable,_Z,Not applicable,_Z,Not applicable,N,National,1999,,5.011667,,A,Normal value,0,Units,2,Two,,
DATAFLOW,OECD.SDD.STES:DSD_STES@DF_FINMARK(4.0),Financial market,I,AUS,Australia,A,Annual,IR3TIB,Short-term interest rates,PA,Percent per annum,_Z,Not applicable,_Z,Not applicable,_Z,Not applicable,_Z,Not applicable,N,National,2000,,6.1775,,A,Normal value,0,Units,2,Two,,
DATAFLOW,OECD.SDD.STES:DSD_STES@DF_FINMARK(4.0),Financial market,I,AUS,Australia,A,Annual,IR3TIB,Short-term interest rates,PA,Percent per annum,_Z,Not applicable,_Z,Not applicable,_Z,Not applicable,_Z,Not applicable,N,National,2001,,4.899167,,A,Normal value,0,Units,2,Two,,
DATAFLOW,OECD.SDD.STES:DSD_STES@DF_FINMARK(4.0),Financial market,I,AUS,Australia,A,Annual,IR3TIB,Short-term interest rates,PA,Percent per annum,_Z,Not applicable,_Z,Not applicable,_Z,Not applicable,_Z,Not applicable,N,National,2002,,4.746666,,A,Normal value,0,Units,2,Two,,
DATAFLOW,OECD.SDD.STES:DSD_STES@DF_FINMARK(4.0),Financial market,I,AUS,Australia,A,Annual,IR3TIB,Short-term interest rates,PA,Percent per annum,_Z,Not applicable,_Z,Not applicable,_Z,Not applicable,_Z,Not applicable,N,National,2003,,4.895833,,A,Normal value,0,Units,2,Two,,
DATAFLOW,OECD.SDD.STES:DSD_STES@DF_FINMARK(4.0),Financial market,I,AUS,Australia,A,Annual,IR3TIB,Short-term interest rates,PA,Percent per annum,_Z,Not applicable,_Z,Not applicable,_Z,Not applicable,_Z,Not applicable,N,National,2004,,5.478333,,A,Normal value,0,Units,2,Two,,
DATAFLOW,OECD.SDD.STES:DSD_STES@DF_FINMARK(4.0),Financial market,I,AUS,Australia,A,Annual,IR3TIB,Short-term interest rates,PA,Percent per annum,_Z,Not applicable,_Z,Not applicable,_Z,Not applicable,_Z,Not applicable,N,National,2005,,5.644166,,A,Normal value,0,Units,2,Two,,
DATAFLOW,OECD.SDD.STES:DSD_STES@DF_FINMARK(4.0),Financial market,I,AUS,Australia,A,Annual,IR3TIB,Short-term interest rates,PA,Percent per annum,_Z,Not applicable,_Z,Not applicable,_Z,Not applicable,_Z,Not applicable,N,National,2006,,5.988333,,A,Normal value,0,Units,2,Two,,
DATAFLOW,OECD.SDD.STES:DSD_STES@DF_FINMARK(4.0),Financial market,I,AUS,Australia,A,Annual,IR3TIB,Short-term interest rates,PA,Percent per annum,_Z,Not applicable,_Z,Not applicable,_Z,Not applicable,_Z,Not applicable,N,National,2007,,6.6675,,A,Normal value,0,Units,2,Two,,
DATAFLOW,OECD.SDD.STES:DSD_STES@DF_FINMARK(4.0),Financial market,I,AUS,Australia,A,Annual,IR3TIB,Short-term interest rates,PA,Percent per annum,_Z,Not applicable,_Z,Not applicable,_Z,Not applicable,_Z,Not applicable,N,National,2008,,6.973333,,A,Normal value,0,Units,2,Two,,
DATAFLOW,OECD.SDD.STES:DSD_STES@DF_FINMARK(4.0),Financial market,I,AUS,Australia,A,Annual,IR3TIB,Short-term interest rates,PA,Percent per annum,_Z,Not applicable,_Z,Not applicable,_Z,Not applicable,_Z,Not applicable,N,National,2013,,2.7775,,A,Normal value,0,Units,2,Two,,
DATAFLOW,OECD.SDD.STES:DSD_STES@DF_FINMARK(4.0),Financial market,I,AUS,Australia,A,Annual,IR3TIB,Short-term interest rates,PA,Percent per annum,_Z,Not applicable,_Z,Not applicable,_Z,Not applicable,_Z,Not applicable,N,National,2014,,2.6775,,A,Normal value,0,Units,2,Two,,
DATAFLOW,OECD.SDD.STES:DSD_STES@DF_FINMARK(4.0),Financial market,I,AUS,Australia,A,Annual,IR3TIB,Short-term interest rates,PA,Percent per annum,_Z,Not applicable,_Z,Not applicable,_Z,Not applicable,_Z,Not applicable,N,National,2015,,2.255833,,A,Normal value,0,Units,2,Two,,
DATAFLOW,OECD.SDD.STES:DSD_STES@DF_FINMARK(4.0),Financial market,I,AUS,Australia,A,Annual,IR3TIB,Short-term interest rates,PA,Percent per annum,_Z,Not applicable,_Z,Not applicable,_Z,Not applicable,_Z,Not applicable,N,National,2016,,1.986667,,A,Normal value,0,Units,2,Two,,
DATAFLOW,OECD.SDD.STES:DSD_STES@DF_FINMARK(4.0),Financial market,I,AUS,Australia,A,Annual,IR3TIB,Short-term interest rates,PA,Percent per annum,_Z,Not applicable,_Z,Not applicable,_Z,Not applicable,_Z,Not applicable,N,National,2017,,1.74,,A,Normal value,0,Units,2,Two,,
DATAFLOW,OECD.SDD.STES:DSD_STES@DF_FINMARK(4.0),Financial market,I,AUS,Australia,A,Annual,IR3TIB,Short-term interest rates,PA,Percent per annum,_Z,Not applicable,_Z,Not applicable,_Z,Not applicable,_Z,Not applicable,N,National,2018,,1.948333,,A,Normal value,0,Units,2,Two,,
DATAFLOW,OECD.SDD.STES:DSD_STES@DF_FINMARK(4.0),Financial market,I,AUS,Australia,A,Annual,IR3TIB,Short-term interest rates,PA,Percent per annum,_Z,Not applicable,_Z,Not applicable,_Z,Not applicable,_Z,Not applicable,N,National,2019,,1.344167,,A,Normal value,0,Units,2,Two,,
DATAFLOW,OECD.SDD.STES:DSD_STES@DF_FINMARK(4.0),Financial market,I,AUS,Australia,A,Annual,IR3TIB,Short-term interest rates,PA,Percent per annum,_Z,Not applicable,_Z,Not applicable,_Z,Not applicable,_Z,Not applicable,N,National,2020,,0.2566667,,A,Normal value,0,Units,2,Two,,
DATAFLOW,OECD.SDD.STES:DSD_STES@DF_FINMARK(4.0),Financial market,I,AUS,Australia,A,Annual,IR3TIB,Short-term interest rates,PA,Percent per annum,_Z,Not applicable,_Z,Not applicable,_Z,Not applicable,_Z,Not applicable,N,National,2021,,0.02833333,,A,Normal value,0,Units,2,Two,,
DATAFLOW,OECD.SDD.STES:DSD_STES@DF_FINMARK(4.0),Financial market,I,AUS,Australia,A,Annual,IR3TIB,Short-term interest rates,PA,Percent per annum,_Z,Not applicable,_Z,Not applicable,_Z,Not applicable,_Z,Not applicable,N,National,2022,,1.636667,,A,Normal value,0,Units,2,Two,,
DATAFLOW,OECD.SDD.STES:DSD_STES@DF_FINMARK(4.0),Financial market,I,AUS,Australia,A,Annual,IR3TIB,Short-term interest rates,PA,Percent per annum,_Z,Not applicable,_Z,Not applicable,_Z,Not applicable,_Z,Not applicable,N,National,2023,,3.979167,,A,Normal value,0,Units,2,Two,,
DATAFLOW,OECD.SDD.STES:DSD_STES@DF_FINMARK(4.0),Financial market,I,AUT,Austria,A,Annual,IR3TIB,Short-term interest rates,PA,Percent per annum,_Z,Not applicable,_Z,Not applicable,_Z,Not applicable,_Z,Not applicable,N,National,1990,,8.964167,,A,Normal value,0,Units,2,Two,,
DATAFLOW,OECD.SDD.STES:DSD_STES@DF_FINMARK(4.0),Financial market,I,AUT,Austria,A,Annual,IR3TIB,Short-term interest rates,PA,Percent per annum,_Z,Not applicable,_Z,Not applicable,_Z,Not applicable,_Z,Not applicable,N,National,1991,,9.463333,,A,Normal value,0,Units,2,Two,,
DATAFLOW,OECD.SDD.STES:DSD_STES@DF_FINMARK(4.0),Financial market,I,AUT,Austria,A,Annual,IR3TIB,Short-term interest rates,PA,Percent per annum,_Z,Not applicable,_Z,Not applicable,_Z,Not applicable,_Z,Not applicable,N,National,1992,,9.46,,A,Normal value,0,Units,2,Two,,
DATAFLOW,OECD.SDD.STES:DSD_STES@DF_FINMARK(4.0),Financial market,I,AUT,Austria,A,Annual,IR3TIB,Short-term interest rates,PA,Percent per annum,_Z,Not applicable,_Z,Not applicable,_Z,Not applicable,_Z,Not applicable,N,National,1993,,7.023334,,A,Normal value,0,Units,2,Two,,
DATAFLOW,OECD.SDD.STES:DSD_STES@DF_FINMARK(4.0),Financial market,I,AUT,Austria,A,Annual,IR3TIB,Short-term interest rates,PA,Percent per annum,_Z,Not applicable,_Z,Not applicable,_Z,Not applicable,_Z,Not applicable,N,National,1994,,5.1175,,A,Normal value,0,Units,2,Two,,
DATAFLOW,OECD.SDD.STES:DSD_STES@DF_FINMARK(4.0),Financial market,I,AUT,Austria,A,Annual,IR3TIB,Short-term interest rates,PA,Percent per annum,_Z,Not applicable,_Z,Not applicable,_Z,Not applicable,_Z,Not applicable,N,National,1995,,4.568333,,A,Normal value,0,Units,2,Two,,
DATAFLOW,OECD.SDD.STES:DSD_STES@DF_FINMARK(4.0),Financial market,I,AUT,Austria,A,Annual,IR3TIB,Short-term interest rates,PA,Percent per annum,_Z,Not applicable,_Z,Not applicable,_Z,Not applicable,_Z,Not applicable,N,National,1996,,3.373333,,A,Normal value,0,Units,2,Two,,
DATAFLOW,OECD.SDD.STES:DSD_STES@DF_FINMARK(4.0),Financial market,I,AUT,Austria,A,Annual,IR3TIB,Short-term interest rates,PA,Percent per annum,_Z,Not applicable,_Z,Not applicable,_Z,Not applicable,_Z,Not applicable,N,National,1997,,3.4975,,A,Normal value,0,Units,2,Two,,
DATAFLOW,OECD.SDD.STES:DSD_STES@DF_FINMARK(4.0),Financial market,I,AUT,Austria,A,Annual,IR3TIB,Short-term interest rates,PA,Percent per annum,_Z,Not applicable,_Z,Not applicable,_Z,Not applicable,_Z,Not applicable,N,National,1998,,3.600833,,A,Normal value,0,Units,2,Two,,
DATAFLOW,OECD.SDD.STES:DSD_STES@DF_FINMARK(4.0),Financial market,I,AUT,Austria,A,Annual,IR3TIB,Short-term interest rates,PA,Percent per annum,_Z,Not applicable,_Z,Not applicable,_Z,Not applicable,_Z,Not applicable,N,National,1999,,2.963488,,A,Normal value,0,Units,2,Two,,
DATAFLOW,OECD.SDD.STES:DSD_STES@DF_FINMARK(4.0),Financial market,I,AUT,Austria,A,Annual,IR3TIB,Short-term interest rates,PA,Percent per annum,_Z,Not applicable,_Z,Not applicable,_Z,Not applicable,_Z,Not applicable,N,National,2000,,4.391766,,A,Normal value,0,Units,2,Two,,
DATAFLOW,OECD.SDD.STES:DSD_STES@DF_FINMARK(4.0),Financial market,I,AUT,Austria,A,Annual,IR3TIB,Short-term interest rates,PA,Percent per annum,_Z,Not applicable,_Z,Not applicable,_Z,Not applicable,_Z,Not applicable,N,National,2001,,4.26178,,A,Normal value,0,Units,2,Two,,
DATAFLOW,OECD.SDD.STES:DSD_STES@DF_FINMARK(4.0),Financial market,I,AUT,Austria,A,Annual,IR3TIB,Short-term interest rates,PA,Percent per annum,_Z,Not applicable,_Z,Not applicable,_Z,Not applicable,_Z,Not applicable,N,National,2002,,3.318602,,A,Normal value,0,Units,2,Two,,
DATAFLOW,OECD.SDD.STES:DSD_STES@DF_FINMARK(4.0),Financial market,I,AUT,Austria,A,Annual,IR3TIB,Short-term interest rates,PA,Percent per annum,_Z,Not applicable,_Z,Not applicable,_Z,Not applicable,_Z,Not applicable,N,National,2003,,2.333474,,A,Normal value,0,Units,2,Two,,
DATAFLOW,OECD.SDD.STES:DSD_STES@DF_FINMARK(4.0),Financial market,I,AUT,Austria,A,Annual,IR3TIB,Short-term interest rates,PA,Percent per annum,_Z,Not applicable,_Z,Not applicable,_Z,Not applicable,_Z,Not applicable,N,National,2004,,2.106323,,A,Normal value,0,Units,2,Two,,
DATAFLOW,OECD.SDD.STES:DSD_STES@DF_FINMARK(4.0),Financial market,I,AUT,Austria,A,Annual,IR3TIB,Short-term interest rates,PA,Percent per annum,_Z,Not applicable,_Z,Not applicable,_Z,Not applicable,_Z,Not applicable,N,National,2005,,2.184689,,A,Normal value,0,Units,2,Two,,
DATAFLOW,OECD.SDD.STES:DSD_STES@DF_FINMARK(4.0),Financial market,I,AUT,Austria,A,Annual,IR3TIB,Short-term interest rates,PA,Percent per annum,_Z,Not applicable,_Z,Not applicable,_Z,Not applicable,_Z,Not applicable,N,National,2006,,3.079212,,A,Normal value,0,Units,2,Two,,
DATAFLOW,OECD.SDD.STES:DSD_STES@DF_FINMARK(4.0),Financial market,I,AUT,Austria,A,Annual,IR3TIB,Short-term interest rates,PA,Percent per annum,_Z,Not applicable,_Z,Not applicable,_Z,Not applicable,_Z,Not applicable,N,National,2007,,4.277596,,A,Normal value,0,Units,2,Two,,
DATAFLOW,OECD.SDD.STES:DSD_STES@DF_FINMARK(4.0),Financial market,I,AUT,Austria,A,Annual,IR3TIB,Short-term interest rates,PA,Percent per annum,_Z,Not applicable,_Z,Not applicable,_Z,Not applicable,_Z,Not applicable,N,National,2008,,4.634233,,A,Normal value,0,Units,2,Two,,
DATAFLOW,OECD.SDD.STES:DSD_STES@DF_FINMARK(4.0),Financial market,I,AUT,Austria,A,Annual,IR3TIB,Short-term interest rates,PA,Percent per annum,_Z,Not applicable,_Z,Not applicable,_Z,Not applicable,_Z,Not applicable,N,National,2009,,1.22835,,A,Normal value,0,Units,2,Two,,
DATAFLOW,OECD.SDD.STES:DSD_STES@DF_FINMARK(4.0),Financial market,I,AUT,Austria,A,Annual,IR3TIB,Short-term interest rates,PA,Percent per annum,_Z,Not applicable,_Z,Not applicable,_Z,Not applicable,_Z,Not applicable,N,National,2010,,0.8109539,,A,Normal value,0,Units,2,Two,,
DATAFLOW,OECD.SDD.STES:DSD_STES@DF_FINMARK(4.0),Financial market,I,AUT,Austria,A,Annual,IR3TIB,Short-term interest rates,PA,Percent per annum,_Z,Not applicable,_Z,Not applicable,_Z,Not applicable,_Z,Not applicable,N,National,2011,,1.3906,,A,Normal value,0,Units,2,Two,,
DATAFLOW,OECD.SDD.STES:DSD_STES@DF_FINMARK(4.0),Financial market,I,AUT,Austria,A,Annual,IR3TIB,Short-term interest rates,PA,Percent per annum,_Z,Not applicable,_Z,Not applicable,_Z,Not applicable,_Z,Not applicable,N,National,2012,,0.5731811,,A,Normal value,0,Units,2,Two,,
DATAFLOW,OECD.SDD.STES:DSD_STES@DF_FINMARK(4.0),Financial market,I,AUT,Austria,A,Annual,IR3TIB,Short-term interest rates,PA,Percent per annum,_Z,Not applicable,_Z,Not applicable,_Z,Not applicable,_Z,Not applicable,N,National,2013,,0.2206612,,A,Normal value,0,Units,2,Two,,
DATAFLOW,OECD.SDD.STES:DSD_STES@DF_FINMARK(4.0),Financial market,I,AUT,Austria,A,Annual,IR3TIB,Short-term interest rates,PA,Percent per annum,_Z,Not applicable,_Z,Not applicable,_Z,Not applicable,_Z,Not applicable,N,National,2014,,0.2099457,,A,Normal value,0,Units,2,Two,,
DATAFLOW,OECD.SDD.STES:DSD_STES@DF_FINMARK(4.0),Financial market,I,AUT,Austria,A,Annual,IR3TIB,Short-term interest rates,PA,Percent per annum,_Z,Not applicable,_Z,Not applicable,_Z,Not applicable,_Z,Not applicable,N,National,2015,,-0.0193757,,A,Normal value,0,Units,2,Two,,
DATAFLOW,OECD.SDD.STES:DSD_STES@DF_FINMARK(4.0),Financial market,I,AUT,Austria,A,Annual,IR3TIB,Short-term interest rates,PA,Percent per annum,_Z,Not applicable,_Z,Not applicable,_Z,Not applicable,_Z,Not applicable,N,National,2016,,-0.2636957,,A,Normal value,0,Units,2,Two,,
DATAFLOW,OECD.SDD.STES:DSD_STES@DF_FINMARK(4.0),Financial market,I,AUT,Austria,A,Annual,IR3TIB,Short-term interest rates,PA,Percent per annum,_Z,Not applicable,_Z,Not applicable,_Z,Not applicable,_Z,Not applicable,N,National,2017,,-0.3290561,,A,Normal value,0,Units,2,Two,,
DATAFLOW,OECD.SDD.STES:DSD_STES@DF_FINMARK(4.0),Financial market,I,AUT,Austria,A,Annual,IR3TIB,Short-term interest rates,PA,Percent per annum,_Z,Not applicable,_Z,Not applicable,_Z,Not applicable,_Z,Not applicable,N,National,2018,,-0.322093,,A,Normal value,0,Units,2,Two,,
DATAFLOW,OECD.SDD.STES:DSD_STES@DF_FINMARK(4.0),Financial market,I,AUT,Austria,A,Annual,IR3TIB,Short-term interest rates,PA,Percent per annum,_Z,Not applicable,_Z,Not applicable,_Z,Not applicable,_Z,Not applicable,N,National,2019,,-0.3563193,,A,Normal value,0,Units,2,Two,,
DATAFLOW,OECD.SDD.STES:DSD_STES@DF_FINMARK(4.0),Financial market,I,AUT,Austria,A,Annual,IR3TIB,Short-term interest rates,PA,Percent per annum,_Z,Not applicable,_Z,Not applicable,_Z,Not applicable,_Z,Not applicable,N,National,2020,,-0.4251596,,A,Normal value,0,Units,2,Two,,
DATAFLOW,OECD.SDD.STES:DSD_STES@DF_FINMARK(4.0),Financial market,I,AUT,Austria,A,Annual,IR3TIB,Short-term interest rates,PA,Percent per annum,_Z,Not applicable,_Z,Not applicable,_Z,Not applicable,_Z,Not applicable,N,National,2021,,-0.5487563,,A,Normal value,0,Units,2,Two,,
DATAFLOW,OECD.SDD.STES:DSD_STES@DF_FINMARK(4.0),Financial market,I,AUT,Austria,A,Annual,IR3TIB,Short-term interest rates,PA,Percent per annum,_Z,Not applicable,_Z,Not applicable,_Z,Not applicable,_Z,Not applicable,N,National,2022,,0.3415554,,A,Normal value,0,Units,2,Two,,
DATAFLOW,OECD.SDD.STES:DSD_STES@DF_FINMARK(4.0),Financial market,I,CAN,Canada,A,Annual,IR3TIB,Short-term interest rates,PA,Percent per annum,_Z,Not applicable,_Z,Not applicable,_Z,Not applicable,_Z,Not applicable,N,National,1956,,3.734167,,A,Normal value,0,Units,2,Two,,
DATAFLOW,OECD.SDD.STES:DSD_STES@DF_FINMARK(4.0),Financial market,I,CAN,Canada,A,Annual,IR3TIB,Short-term interest rates,PA,Percent per annum,_Z,Not applicable,_Z,Not applicable,_Z,Not applicable,_Z,Not applicable,N,National,1957,,5.255833,,A,Normal value,0,Units,2,Two,,
DATAFLOW,OECD.SDD.STES:DSD_STES@DF_FINMARK(4.0),Financial market,I,CAN,Canada,A,Annual,IR3TIB,Short-term interest rates,PA,Percent per annum,_Z,Not applicable,_Z,Not applicable,_Z,Not applicable,_Z,Not applicable,N,National,1958,,3.158333,,A,Normal value,0,Units,2,Two,,
DATAFLOW,OECD.SDD.STES:DSD_STES@DF_FINMARK(4.0),Financial market,I,CAN,Canada,A,Annual,IR3TIB,Short-term interest rates,PA,Percent per annum,_Z,Not applicable,_Z,Not applicable,_Z,Not applicable,_Z,Not applicable,N,National,1959,,5.1825,,A,Normal value,0,Units,2,Two,,
DATAFLOW,OECD.SDD.STES:DSD_STES@DF_FINMARK(4.0),Financial market,I,CAN,Canada,A,Annual,IR3TIB,Short-term interest rates,PA,Percent per annum,_Z,Not applicable,_Z,Not applicable,_Z,Not applicable,_Z,Not applicable,N,National,1960,,3.996667,,A,Normal value,0,Units,2,Two,,
DATAFLOW,OECD.SDD.STES:DSD_STES@DF_FINMARK(4.0),Financial market,I,CAN,Canada,A,Annual,IR3TIB,Short-term interest rates,PA,Percent per annum,_Z,Not applicable,_Z,Not applicable,_Z,Not applicable,_Z,Not applicable,N,National,1962,,4.316208,,A,Normal value,0,Units,2,Two,,
DATAFLOW,OECD.SDD.STES:DSD_STES@DF_FINMARK(4.0),Financial market,I,CAN,Canada,A,Annual,IR3TIB,Short-term interest rates,PA,Percent per annum,_Z,Not applicable,_Z,Not applicable,_Z,Not applicable,_Z,Not applicable,N,National,1963,,4.010708,,A,Normal value,0,Units,2,Two,,
DATAFLOW,OECD.SDD.STES:DSD_STES@DF_FINMARK(4.0),Financial market,I,CAN,Canada,A,Annual,IR3TIB,Short-term interest rates,PA,Percent per annum,_Z,Not applicable,_Z,Not applicable,_Z,Not applicable,_Z,Not applicable,N,National,1964,,4.209375,,A,Normal value,0,Units,2,Two,,
DATAFLOW,OECD.SDD.STES:DSD_STES@DF_FINMARK(4.0),Financial market,I,CAN,Canada,A,Annual,IR3TIB,Short-term interest rates,PA,Percent per annum,_Z,Not applicable,_Z,Not applicable,_Z,Not applicable,_Z,Not applicable,N,National,1965,,4.950292,,A,Normal value,0,Units,2,Two,,
DATAFLOW,OECD.SDD.STES:DSD_STES@DF_FINMARK(4.0),Financial market,I,CAN,Canada,A,Annual,IR3TIB,Short-term interest rates,PA,Percent per annum,_Z,Not applicable,_Z,Not applicable,_Z,Not applicable,_Z,Not applicable,N,National,1966,,6.256292,,A,Normal value,0,Units,2,Two,,
DATAFLOW,OECD.SDD.STES:DSD_STES@DF_FINMARK(4.0),Financial market,I,CAN,Canada,A,Annual,IR3TIB,Short-term interest rates,PA,Percent per annum,_Z,Not applicable,_Z,Not applicable,_Z,Not applicable,_Z,Not applicable,N,National,1967,,5.847167,,A,Normal value,0,Units,2,Two,,
DATAFLOW,OECD.SDD.STES:DSD_STES@DF_FINMARK(4.0),Financial market,I,CAN,Canada,A,Annual,IR3TIB,Short-term interest rates,PA,Percent per annum,_Z,Not applicable,_Z,Not applicable,_Z,Not applicable,_Z,Not applicable,N,National,1968,,6.818459,,A,Normal value,0,Units,2,Two,,
DATAFLOW,OECD.SDD.STES:DSD_STES@DF_FINMARK(4.0),Financial market,I,CAN,Canada,A,Annual,IR3TIB,Short-term interest rates,PA,Percent per annum,_Z,Not applicable,_Z,Not applicable,_Z,Not applicable,_Z,Not applicable,N,National,1969,,7.794917,,A,Normal value,0,Units,2,Two,,
DATAFLOW,OECD.SDD.STES:DSD_STES@DF_FINMARK(4.0),Financial market,I,CAN,Canada,A,Annual,IR3TIB,Short-term interest rates,PA,Percent per annum,_Z,Not applicable,_Z,Not applicable,_Z,Not applicable,_Z,Not applicable,N,National,1970,,7.453875,,A,Normal value,0,Units,2,Two,,
DATAFLOW,OECD.SDD.STES:DSD_STES@DF_FINMARK(4.0),Financial market,I,CAN,Canada,A,Annual,IR3TIB,Short-term interest rates,PA,Percent per annum,_Z,Not applicable,_Z,Not applicable,_Z,Not applicable,_Z,Not applicable,N,National,1971,,4.569292,,A,Normal value,0,Units,2,Two,,
DATAFLOW,OECD.SDD.STES:DSD_STES@DF_FINMARK(4.0),Financial market,I,CAN,Canada,A,Annual,IR3TIB,Short-term interest rates,PA,Percent per annum,_Z,Not applicable,_Z,Not applicable,_Z,Not applicable,_Z,Not applicable,N,National,1972,,5.098042,,A,Normal value,0,Units,2,Two,,
DATAFLOW,OECD.SDD.STES:DSD_STES@DF_FINMARK(4.0),Financial market,I,CAN,Canada,A,Annual,IR3TIB,Short-term interest rates,PA,Percent per annum,_Z,Not applicable,_Z,Not applicable,_Z,Not applicable,_Z,Not applicable,N,National,1973,,7.301333,,A,Normal value,0,Units,2,Two,,
DATAFLOW,OECD.SDD.STES:DSD_STES@DF_FINMARK(4.0),Financial market,I,CAN,Canada,A,Annual,IR3TIB,Short-term interest rates,PA,Percent per annum,_Z,Not applicable,_Z,Not applicable,_Z,Not applicable,_Z,Not applicable,N,National,1974,,10.55437,,A,Normal value,0,Units,2,Two,,
DATAFLOW,OECD.SDD.STES:DSD_STES@DF_FINMARK(4.0),Financial market,I,CAN,Canada,A,Annual,IR3TIB,Short-term interest rates,PA,Percent per annum,_Z,Not applicable,_Z,Not applicable,_Z,Not applicable,_Z,Not applicable,N,National,1975,,8.02375,,A,Normal value,0,Units,2,Two,,
DATAFLOW,OECD.SDD.STES:DSD_STES@DF_FINMARK(4.0),Financial market,I,CAN,Canada,A,Annual,IR3TIB,Short-term interest rates,PA,Percent per annum,_Z,Not applicable,_Z,Not applicable,_Z,Not applicable,_Z,Not applicable,N,National,1976,,9.276542,,A,Normal value,0,Units,2,Two,,
DATAFLOW,OECD.SDD.STES:DSD_STES@DF_FINMARK(4.0),Financial market,I,CAN,Canada,A,Annual,IR3TIB,Short-term interest rates,PA,Percent per annum,_Z,Not applicable,_Z,Not applicable,_Z,Not applicable,_Z,Not applicable,N,National,1977,,7.492917,,A,Normal value,0,Units,2,Two,,
DATAFLOW,OECD.SDD.STES:DSD_STES@DF_FINMARK(4.0),Financial market,I,CAN,Canada,A,Annual,IR3TIB,Short-term interest rates,PA,Percent per annum,_Z,Not applicable,_Z,Not applicable,_Z,Not applicable,_Z,Not applicable,N,National,1978,,8.71375,,A,Normal value,0,Units,2,Two,,
DATAFLOW,OECD.SDD.STES:DSD_STES@DF_FINMARK(4.0),Financial market,I,CAN,Canada,A,Annual,IR3TIB,Short-term interest rates,PA,Percent per annum,_Z,Not applicable,_Z,Not applicable,_Z,Not applicable,_Z,Not applicable,N,National,1979,,11.96133,,A,Normal value,0,Units,2,Two,,
DATAFLOW,OECD.SDD.STES:DSD_STES@DF_FINMARK(4.0),Financial market,I,CAN,Canada,A,Annual,IR3TIB,Short-term interest rates,PA,Percent per annum,_Z,Not applicable,_Z,Not applicable,_Z,Not applicable,_Z,Not applicable,N,National,1980,,13.12896,,A,Normal value,0,Units,2,Two,,
DATAFLOW,OECD.SDD.STES:DSD_STES@DF_FINMARK(4.0),Financial market,I,CAN,Canada,A,Annual,IR3TIB,Short-term interest rates,PA,Percent per annum,_Z,Not applicable,_Z,Not applicable,_Z,Not applicable,_Z,Not applicable,N,National,1981,,18.37563,,A,Normal value,0,Units,2,Two,,
DATAFLOW,OECD.SDD.STES:DSD_STES@DF_FINMARK(4.0),Financial market,I,CAN,Canada,A,Annual,IR3TIB,Short-term interest rates,PA,Percent per annum,_Z,Not applicable,_Z,Not applicable,_Z,Not applicable,_Z,Not applicable,N,National,1982,,14.37521,,A,Normal value,0,Units,2,Two,,
DATAFLOW,OECD.SDD.STES:DSD_STES@DF_FINMARK(4.0),Financial market,I,CAN,Canada,A,Annual,IR3TIB,Short-term interest rates,PA,Percent per annum,_Z,Not applicable,_Z,Not applicable,_Z,Not applicable,_Z,Not applicable,N,National,1983,,9.465834,,A,Normal value,0,Units,2,Two,,
DATAFLOW,OECD.SDD.STES:DSD_STES@DF_FINMARK(4.0),Financial market,I,CAN,Canada,A,Annual,IR3TIB,Short-term interest rates,PA,Percent per annum,_Z,Not applicable,_Z,Not applicable,_Z,Not applicable,_Z,Not applicable,N,National,1984,,11.22208,,A,Normal value,0,Units,2,Two,,
DATAFLOW,OECD.SDD.STES:DSD_STES@DF_FINMARK(4.0),Financial market,I,CAN,Canada,A,Annual,IR3TIB,Short-term interest rates,PA,Percent per annum,_Z,Not applicable,_Z,Not applicable,_Z,Not applicable,_Z,Not applicable,N,National,1985,,9.596042,,A,Normal value,0,Units,2,Two,,
DATAFLOW,OECD.SDD.STES:DSD_STES@DF_FINMARK(4.0),Financial market,I,CAN,Canada,A,Annual,IR3TIB,Short-term interest rates,PA,Percent per annum,_Z,Not applicable,_Z,Not applicable,_Z,Not applicable,_Z,Not applicable,N,National,1986,,9.187917,,A,Normal value,0,Units,2,Two,,
DATAFLOW,OECD.SDD.STES:DSD_STES@DF_FINMARK(4.0),Financial market,I,CAN,Canada,A,Annual,IR3TIB,Short-term interest rates,PA,Percent per annum,_Z,Not applicable,_Z,Not applicable,_Z,Not applicable,_Z,Not applicable,N,National,1987,,8.409583,,A,Normal value,0,Units,2,Two,,
DATAFLOW,OECD.SDD.STES:DSD_STES@DF_FINMARK(4.0),Financial market,I,CAN,Canada,A,Annual,IR3TIB,Short-term interest rates,PA,Percent per annum,_Z,Not applicable,_Z,Not applicable,_Z,Not applicable,_Z,Not applicable,N,National,1988,,9.61,,A,Normal value,0,Units,2,Two,,
DATAFLOW,OECD.SDD.STES:DSD_STES@DF_FINMARK(4.0),Financial market,I,CAN,Canada,A,Annual,IR3TIB,Short-term interest rates,PA,Percent per annum,_Z,Not applicable,_Z,Not applicable,_Z,Not applicable,_Z,Not applicable,N,National,1989,,12.17675,,A,Normal value,0,Units,2,Two,,
DATAFLOW,OECD.SDD.STES:DSD_STES@DF_FINMARK(4.0),Financial market,I,CAN,Canada,A,Annual,IR3TIB,Short-term interest rates,PA,Percent per annum,_Z,Not applicable,_Z,Not applicable,_Z,Not applicable,_Z,Not applicable,N,National,1990,,13.02129,,A,Normal value,0,Units,2,Two,,
DATAFLOW,OECD.SDD.STES:DSD_STES@DF_FINMARK(4.0),Financial market,I,CAN,Canada,A,Annual,IR3TIB,Short-term interest rates,PA,Percent per annum,_Z,Not applicable,_Z,Not applicable,_Z,Not applicable,_Z,Not applicable,N,National,1991,,9.110209,,A,Normal value,0,Units,2,Two,,
DATAFLOW,OECD.SDD.STES:DSD_STES@DF_FINMARK(4.0),Financial market,I,CAN,Canada,A,Annual,IR3TIB,Short-term interest rates,PA,Percent per annum,_Z,Not applicable,_Z,Not applicable,_Z,Not applicable,_Z,Not applicable,N,National,1992,,6.677083,,A,Normal value,0,Units,2,Two,,
DATAFLOW,OECD.SDD.STES:DSD_STES@DF_FINMARK(4.0),Financial market,I,CAN,Canada,A,Annual,IR3TIB,Short-term interest rates,PA,Percent per annum,_Z,Not applicable,_Z,Not applicable,_Z,Not applicable,_Z,Not applicable,N,National,1993,,5.102958,,A,Normal value,0,Units,2,Two,,
DATAFLOW,OECD.SDD.STES:DSD_STES@DF_FINMARK(4.0),Financial market,I,CAN,Canada,A,Annual,IR3TIB,Short-term interest rates,PA,Percent per annum,_Z,Not applicable,_Z,Not applicable,_Z,Not applicable,_Z,Not applicable,N,National,1994,,5.487709,,A,Normal value,0,Units,2,Two,,
DATAFLOW,OECD.SDD.STES:DSD_STES@DF_FINMARK(4.0),Financial market,I,CAN,Canada,A,Annual,IR3TIB,Short-term interest rates,PA,Percent per annum,_Z,Not applicable,_Z,Not applicable,_Z,Not applicable,_Z,Not applicable,N,National,1995,,7.130799,,A,Normal value,0,Units,2,Two,,
DATAFLOW,OECD.SDD.STES:DSD_STES@DF_FINMARK(4.0),Financial market,I,CAN,Canada,A,Annual,IR3TIB,Short-term interest rates,PA,Percent per annum,_Z,Not applicable,_Z,Not applicable,_Z,Not applicable,_Z,Not applicable,N,National,1996,,4.449064,,A,Normal value,0,Units,2,Two,,
DATAFLOW,OECD.SDD.STES:DSD_STES@DF_FINMARK(4.0),Financial market,I,CAN,Canada,A,Annual,IR3TIB,Short-term interest rates,PA,Percent per annum,_Z,Not applicable,_Z,Not applicable,_Z,Not applicable,_Z,Not applicable,N,National,1997,,3.557645,,A,Normal value,0,Units,2,Two,,
DATAFLOW,OECD.SDD.STES:DSD_STES@DF_FINMARK(4.0),Financial market,I,CAN,Canada,A,Annual,IR3TIB,Short-term interest rates,PA,Percent per annum,_Z,Not applicable,_Z,Not applicable,_Z,Not applicable,_Z,Not applicable,N,National,1998,,5.068404,,A,Normal value,0,Units,2,Two,,
DATAFLOW,OECD.SDD.STES:DSD_STES@DF_FINMARK(4.0),Financial market,I,CAN,Canada,A,Annual,IR3TIB,Short-term interest rates,PA,Percent per annum,_Z,Not applicable,_Z,Not applicable,_Z,Not applicable,_Z,Not applicable,N,National,1999,,4.915108,,A,Normal value,0,Units,2,Two,,
DATAFLOW,OECD.SDD.STES:DSD_STES@DF_FINMARK(4.0),Financial market,I,COL,Colombia,A,Annual,IR3TIB,Short-term interest rates,PA,Percent per annum,_Z,Not applicable,_Z,Not applicable,_Z,Not applicable,_Z,Not applicable,N,National,1986,,31.36167,,A,Normal value,0,Units,2,Two,,
DATAFLOW,OECD.SDD.STES:DSD_STES@DF_FINMARK(4.0),Financial market,I,COL,Colombia,A,Annual,IR3TIB,Short-term interest rates,PA,Percent per annum,_Z,Not applicable,_Z,Not applicable,_Z,Not applicable,_Z,Not applicable,N,National,1987,,30.79,,A,Normal value,0,Units,2,Two,,
DATAFLOW,OECD.SDD.STES:DSD_STES@DF_FINMARK(4.0),Financial market,I,COL,Colombia,A,Annual,IR3TIB,Short-term interest rates,PA,Percent per annum,_Z,Not applicable,_Z,Not applicable,_Z,Not applicable,_Z,Not applicable,N,National,1988,,33.45917,,A,Normal value,0,Units,2,Two,,
DATAFLOW,OECD.SDD.STES:DSD_STES@DF_FINMARK(4.0),Financial market,I,COL,Colombia,A,Annual,IR3TIB,Short-term interest rates,PA,Percent per annum,_Z,Not applicable,_Z,Not applicable,_Z,Not applicable,_Z,Not applicable,N,National,1989,,33.7275,,A,Normal value,0,Units,2,Two,,
DATAFLOW,OECD.SDD.STES:DSD_STES@DF_FINMARK(4.0),Financial market,I,COL,Colombia,A,Annual,IR3TIB,Short-term interest rates,PA,Percent per annum,_Z,Not applicable,_Z,Not applicable,_Z,Not applicable,_Z,Not applicable,N,National,1990,,36.44083,,A,Normal value,0,Units,2,Two,,
DATAFLOW,OECD.SDD.STES:DSD_STES@DF_FINMARK(4.0),Financial market,I,COL,Colombia,A,Annual,IR3TIB,Short-term interest rates,PA,Percent per annum,_Z,Not applicable,_Z,Not applicable,_Z,Not applicable,_Z,Not applicable,N,National,1991,,37.225,,A,Normal value,0,Units,2,Two,,
DATAFLOW,OECD.SDD.STES:DSD_STES@DF_FINMARK(4.0),Financial market,I,COL,Colombia,A,Annual,IR3TIB,Short-term interest rates,PA,Percent per annum,_Z,Not applicable,_Z,Not applicable,_Z,Not applicable,_Z,Not applicable,N,National,1992,,26.67167,,A,Normal value,0,Units,2,Two,,
DATAFLOW,OECD.SDD.STES:DSD_STES@DF_FINMARK(4.0),Financial market,I,COL,Colombia,A,Annual,IR3TIB,Short-term interest rates,PA,Percent per annum,_Z,Not applicable,_Z,Not applicable,_Z,Not applicable,_Z,Not applicable,N,National,1993,,25.8325,,A,Normal value,0,Units,2,Two,,
DATAFLOW,OECD.SDD.STES:DSD_STES@DF_FINMARK(4.0),Financial market,I,COL,Colombia,A,Annual,IR3TIB,Short-term interest rates,PA,Percent per annum,_Z,Not applicable,_Z,Not applicable,_Z,Not applicable,_Z,Not applicable,N,National,1994,,29.41583,,A,Normal value,0,Units,2,Two,,
DATAFLOW,OECD.SDD.STES:DSD_STES@DF_FINMARK(4.0),Financial market,I,COL,Colombia,A,Annual,IR3TIB,Short-term interest rates,PA,Percent per annum,_Z,Not applicable,_Z,Not applicable,_Z,Not applicable,_Z,Not applicable,N,National,1995,,32.33833,,A,Normal value,0,Units,2,Two,,
DATAFLOW,OECD.SDD.STES:DSD_STES@DF_FINMARK(4.0),Financial market,I,COL,Colombia,A,Annual,IR3TIB,Short-term interest rates,PA,Percent per annum,_Z,Not applicable,_Z,Not applicable,_Z,Not applicable,_Z,Not applicable,N,National,1996,,31.13833,,A,Normal value,0,Units,2,Two,,
DATAFLOW,OECD.SDD.STES:DSD_STES@DF_FINMARK(4.0),Financial market,I,COL,Colombia,A,Annual,IR3TIB,Short-term interest rates,PA,Percent per annum,_Z,Not applicable,_Z,Not applicable,_Z,Not applicable,_Z,Not applicable,N,National,1997,,24.12833,,A,Normal value,0,Units,2,Two,,
DATAFLOW,OECD.SDD.STES:DSD_STES@DF_FINMARK(4.0),Financial market,I,COL,Colombia,A,Annual,IR3TIB,Short-term interest rates,PA,Percent per annum,_Z,Not applicable,_Z,Not applicable,_Z,Not applicable,_Z,Not applicable,N,National,1998,,32.58333,,A,Normal value,0,Units,2,Two,,
DATAFLOW,OECD.SDD.STES:DSD_STES@DF_FINMARK(4.0),Financial market,I,COL,Colombia,A,Annual,IR3TIB,Short-term interest rates,PA,Percent per annum,_Z,Not applicable,_Z,Not applicable,_Z,Not applicable,_Z,Not applicable,N,National,1999,,21.32833,,A,Normal value,0,Units,2,Two,,
DATAFLOW,OECD.SDD.STES:DSD_STES@DF_FINMARK(4.0),Financial market,I,COL,Colombia,A,Annual,IR3TIB,Short-term interest rates,PA,Percent per annum,_Z,Not applicable,_Z,Not applicable,_Z,Not applicable,_Z,Not applicable,N,National,2000,,12.14667,,A,Normal value,0,Units,2,Two,,
DATAFLOW,OECD.SDD.STES:DSD_STES@DF_FINMARK(4.0),Financial market,I,COL,Colombia,A,Annual,IR3TIB,Short-term interest rates,PA,Percent per annum,_Z,Not applicable,_Z,Not applicable,_Z,Not applicable,_Z,Not applicable,N,National,2001,,12.435,,A,Normal value,0,Units,2,Two,,
DATAFLOW,OECD.SDD.STES:DSD_STES@DF_FINMARK(4.0),Financial market,I,COL,Colombia,A,Annual,IR3TIB,Short-term interest rates,PA,Percent per annum,_Z,Not applicable,_Z,Not applicable,_Z,Not applicable,_Z,Not applicable,N,National,2002,,8.938334,,A,Normal value,0,Units,2,Two,,
DATAFLOW,OECD.SDD.STES:DSD_STES@DF_FINMARK(4.0),Financial market,I,COL,Colombia,A,Annual,IR3TIB,Short-term interest rates,PA,Percent per annum,_Z,Not applicable,_Z,Not applicable,_Z,Not applicable,_Z,Not applicable,N,National,2003,,7.803333,,A,Normal value,0,Units,2,Two,,
DATAFLOW,OECD.SDD.STES:DSD_STES@DF_FINMARK(4.0),Financial market,I,COL,Colombia,A,Annual,IR3TIB,Short-term interest rates,PA,Percent per annum,_Z,Not applicable,_Z,Not applicable,_Z,Not applicable,_Z,Not applicable,N,National,2004,,7.798333,,A,Normal value,0,Units,2,Two,,
DATAFLOW,OECD.SDD.STES:DSD_STES@DF_FINMARK(4.0),Financial market,I,COL,Colombia,A,Annual,IR3TIB,Short-term interest rates,PA,Percent per annum,_Z,Not applicable,_Z,Not applicable,_Z,Not applicable,_Z,Not applicable,N,National,2005,,7.014167,,A,Normal value,0,Units,2,Two,,
DATAFLOW,OECD.SDD.STES:DSD_STES@DF_FINMARK(4.0),Financial market,I,COL,Colombia,A,Annual,IR3TIB,Short-term interest rates,PA,Percent per annum,_Z,Not applicable,_Z,Not applicable,_Z,Not applicable,_Z,Not applicable,N,National,2006,,6.274167,,A,Normal value,0,Units,2,Two,,
DATAFLOW,OECD.SDD.STES:DSD_STES@DF_FINMARK(4.0),Financial market,I,COL,Colombia,A,Annual,IR3TIB,Short-term interest rates,PA,Percent per annum,_Z,Not applicable,_Z,Not applicable,_Z,Not applicable,_Z,Not applicable,N,National,2007,,8.014167,,A,Normal value,0,Units,2,Two,,
DATAFLOW,OECD.SDD.STES:DSD_STES@DF_FINMARK(4.0),Financial market,I,COL,Colombia,A,Annual,IR3TIB,Short-term interest rates,PA,Percent per annum,_Z,Not applicable,_Z,Not applicable,_Z,Not applicable,_Z,Not applicable,N,National,2008,,9.741667,,A,Normal value,0,Units,2,Two,,
DATAFLOW,OECD.SDD.STES:DSD_STES@DF_FINMARK(4.0),Financial market,I,COL,Colombia,A,Annual,IR3TIB,Short-term interest rates,PA,Percent per annum,_Z,Not applicable,_Z,Not applicable,_Z,Not applicable,_Z,Not applicable,N,National,2009,,6.144166,,A,Normal value,0,Units,2,Two,,
DATAFLOW,OECD.SDD.STES:DSD_STES@DF_FINMARK(4.0),Financial market,I,COL,Colombia,A,Annual,IR3TIB,Short-term interest rates,PA,Percent per annum,_Z,Not applicable,_Z,Not applicable,_Z,Not applicable,_Z,Not applicable,N,National,2010,,3.661667,,A,Normal value,0,Units,2,Two,,
DATAFLOW,OECD.SDD.STES:DSD_STES@DF_FINMARK(4.0),Financial market,I,COL,Colombia,A,Annual,IR3TIB,Short-term interest rates,PA,Percent per annum,_Z,Not applicable,_Z,Not applicable,_Z,Not applicable,_Z,Not applicable,N,National,2011,,4.206666,,A,Normal value,0,Units,2,Two,,
DATAFLOW,OECD.SDD.STES:DSD_STES@DF_FINMARK(4.0),Financial market,I,COL,Colombia,A,Annual,IR3TIB,Short-term interest rates,PA,Percent per annum,_Z,Not applicable,_Z,Not applicable,_Z,Not applicable,_Z,Not applicable,N,National,2012,,5.354167,,A,Normal value,0,Units,2,Two,,
DATAFLOW,OECD.SDD.STES:DSD_STES@DF_FINMARK(4.0),Financial market,I,COL,Colombia,A,Annual,IR3TIB,Short-term interest rates,PA,Percent per annum,_Z,Not applicable,_Z,Not applicable,_Z,Not applicable,_Z,Not applicable,N,National,2013,,4.239167,,A,Normal value,0,Units,2,Two,,
DATAFLOW,OECD.SDD.STES:DSD_STES@DF_FINMARK(4.0),Financial market,I,COL,Colombia,A,Annual,IR3TIB,Short-term interest rates,PA,Percent per annum,_Z,Not applicable,_Z,Not applicable,_Z,Not applicable,_Z,Not applicable,N,National,2014,,4.068333,,A,Normal value,0,Units,2,Two,,
DATAFLOW,OECD.SDD.STES:DSD_STES@DF_FINMARK(4.0),Financial market,I,COL,Colombia,A,Annual,IR3TIB,Short-term interest rates,PA,Percent per annum,_Z,Not applicable,_Z,Not applicable,_Z,Not applicable,_Z,Not applicable,N,National,2015,,4.578333,,A,Normal value,0,Units,2,Two,,
DATAFLOW,OECD.SDD.STES:DSD_STES@DF_FINMARK(4.0),Financial market,I,COL,Colombia,A,Annual,IR3TIB,Short-term interest rates,PA,Percent per annum,_Z,Not applicable,_Z,Not applicable,_Z,Not applicable,_Z,Not applicable,N,National,2016,,6.781667,,A,Normal value,0,Units,2,Two,,
DATAFLOW,OECD.SDD.STES:DSD_STES@DF_FINMARK(4.0),Financial market,I,COL,Colombia,A,Annual,IR3TIB,Short-term interest rates,PA,Percent per annum,_Z,Not applicable,_Z,Not applicable,_Z,Not applicable,_Z,Not applicable,N,National,2017,,5.989167,,A,Normal value,0,Units,2,Two,,
DATAFLOW,OECD.SDD.STES:DSD_STES@DF_FINMARK(4.0),Financial market,I,COL,Colombia,A,Annual,IR3TIB,Short-term interest rates,PA,Percent per annum,_Z,Not applicable,_Z,Not applicable,_Z,Not applicable,_Z,Not applicable,N,National,2018,,4.709167,,A,Normal value,0,Units,2,Two,,
DATAFLOW,OECD.SDD.STES:DSD_STES@DF_FINMARK(4.0),Financial market,I,COL,Colombia,A,Annual,IR3TIB,Short-term interest rates,PA,Percent per annum,_Z,Not applicable,_Z,Not applicable,_Z,Not applicable,_Z,Not applicable,N,National,2019,,4.498333,,A,Normal value,0,Units,2,Two,,
DATAFLOW,OECD.SDD.STES:DSD_STES@DF_FINMARK(4.0),Financial market,I,COL,Colombia,A,Annual,IR3TIB,Short-term interest rates,PA,Percent per annum,_Z,Not applicable,_Z,Not applicable,_Z,Not applicable,_Z,Not applicable,N,National,2020,,3.378333,,A,Normal value,0,Units,2,Two,,
DATAFLOW,OECD.SDD.STES:DSD_STES@DF_FINMARK(4.0),Financial market,I,COL,Colombia,A,Annual,IR3TIB,Short-term interest rates,PA,Percent per annum,_Z,Not applicable,_Z,Not applicable,_Z,Not applicable,_Z,Not applicable,N,National,2021,,2.0725,,A,Normal value,0,Units,2,Two,,
DATAFLOW,OECD.SDD.STES:DSD_STES@DF_FINMARK(4.0),Financial market,I,COL,Colombia,A,Annual,IR3TIB,Short-term interest rates,PA,Percent per annum,_Z,Not applicable,_Z,Not applicable,_Z,Not applicable,_Z,Not applicable,N,National,2022,,8.499166,,A,Normal value,0,Units,2,Two,,
DATAFLOW,OECD.SDD.STES:DSD_STES@DF_FINMARK(4.0),Financial market,I,COL,Colombia,A,Annual,IR3TIB,Short-term interest rates,PA,Percent per annum,_Z,Not applicable,_Z,Not applicable,_Z,Not applicable,_Z,Not applicable,N,National,2023,,13.21417,,A,Normal value,0,Units,2,Two,,
DATAFLOW,OECD.SDD.STES:DSD_STES@DF_FINMARK(4.0),Financial market,I,CRI,Costa Rica,A,Annual,IR3TIB,Short-term interest rates,PA,Percent per annum,_Z,Not applicable,_Z,Not applicable,_Z,Not applicable,_Z,Not applicable,N,National,2013,,5.564312,,A,Normal value,0,Units,2,Two,,
DATAFLOW,OECD.SDD.STES:DSD_STES@DF_FINMARK(4.0),Financial market,I,CRI,Costa Rica,A,Annual,IR3TIB,Short-term interest rates,PA,Percent per annum,_Z,Not applicable,_Z,Not applicable,_Z,Not applicable,_Z,Not applicable,N,National,2014,,5.326087,,A,Normal value,0,Units,2,Two,,
DATAFLOW,OECD.SDD.STES:DSD_STES@DF_FINMARK(4.0),Financial market,I,CRI,Costa Rica,A,Annual,IR3TIB,Short-term interest rates,PA,Percent per annum,_Z,Not applicable,_Z,Not applicable,_Z,Not applicable,_Z,Not applicable,N,National,2015,,5.130435,,A,Normal value,0,Units,2,Two,,
DATAFLOW,OECD.SDD.STES:DSD_STES@DF_FINMARK(4.0),Financial market,I,DNK,Denmark,A,Annual,IR3TIB,Short-term interest rates,PA,Percent per annum,_Z,Not applicable,_Z,Not applicable,_Z,Not applicable,_Z,Not applicable,N,National,1987,,10.10833,,A,Normal value,0,Units,2,Two,,
DATAFLOW,OECD.SDD.STES:DSD_STES@DF_FINMARK(4.0),Financial market,I,DNK,Denmark,A,Annual,IR3TIB,Short-term interest rates,PA,Percent per annum,_Z,Not applicable,_Z,Not applicable,_Z,Not applicable,_Z,Not applicable,N,National,1988,,8.591598,,A,Normal value,0,Units,2,Two,,
DATAFLOW,OECD.SDD.STES:DSD_STES@DF_FINMARK(4.0),Financial market,I,DNK,Denmark,A,Annual,IR3TIB,Short-term interest rates,PA,Percent per annum,_Z,Not applicable,_Z,Not applicable,_Z,Not applicable,_Z,Not applicable,N,National,1989,,9.402513,,A,Normal value,0,Units,2,Two,,
DATAFLOW,OECD.SDD.STES:DSD_STES@DF_FINMARK(4.0),Financial market,I,DNK,Denmark,A,Annual,IR3TIB,Short-term interest rates,PA,Percent per annum,_Z,Not applicable,_Z,Not applicable,_Z,Not applicable,_Z,Not applicable,N,National,1990,,11.17801,,A,Normal value,0,Units,2,Two,,
DATAFLOW,OECD.SDD.STES:DSD_STES@DF_FINMARK(4.0),Financial market,I,DNK,Denmark,A,Annual,IR3TIB,Short-term interest rates,PA,Percent per annum,_Z,Not applicable,_Z,Not applicable,_Z,Not applicable,_Z,Not applicable,N,National,1991,,9.91804,,A,Normal value,0,Units,2,Two,,
DATAFLOW,OECD.SDD.STES:DSD_STES@DF_FINMARK(4.0),Financial market,I,DNK,Denmark,A,Annual,IR3TIB,Short-term interest rates,PA,Percent per annum,_Z,Not applicable,_Z,Not applicable,_Z,Not applicable,_Z,Not applicable,N,National,1992,,11.69776,,A,Normal value,0,Units,2,Two,,
DATAFLOW,OECD.SDD.STES:DSD_STES@DF_FINMARK(4.0),Financial market,I,DNK,Denmark,A,Annual,IR3TIB,Short-term interest rates,PA,Percent per annum,_Z,Not applicable,_Z,Not applicable,_Z,Not applicable,_Z,Not applicable,N,National,1993,,10.86824,,A,Normal value,0,Units,2,Two,,
DATAFLOW,OECD.SDD.STES:DSD_STES@DF_FINMARK(4.0),Financial market,I,DNK,Denmark,A,Annual,IR3TIB,Short-term interest rates,PA,Percent per annum,_Z,Not applicable,_Z,Not applicable,_Z,Not applicable,_Z,Not applicable,N,National,1994,,6.302278,,A,Normal value,0,Units,2,Two,,
DATAFLOW,OECD.SDD.STES:DSD_STES@DF_FINMARK(4.0),Financial market,I,DNK,Denmark,A,Annual,IR3TIB,Short-term interest rates,PA,Percent per annum,_Z,Not applicable,_Z,Not applicable,_Z,Not applicable,_Z,Not applicable,N,National,1995,,6.202783,,A,Normal value,0,Units,2,Two,,
DATAFLOW,OECD.SDD.STES:DSD_STES@DF_FINMARK(4.0),Financial market,I,DNK,Denmark,A,Annual,IR3TIB,Short-term interest rates,PA,Percent per annum,_Z,Not applicable,_Z,Not applicable,_Z,Not applicable,_Z,Not applicable,N,National,1996,,3.983449,,A,Normal value,0,Units,2,Two,,
DATAFLOW,OECD.SDD.STES:DSD_STES@DF_FINMARK(4.0),Financial market,I,DNK,Denmark,A,Annual,IR3TIB,Short-term interest rates,PA,Percent per annum,_Z,Not applicable,_Z,Not applicable,_Z,Not applicable,_Z,Not applicable,N,National,1997,,3.731128,,A,Normal value,0,Units,2,Two,,
DATAFLOW,OECD.SDD.STES:DSD_STES@DF_FINMARK(4.0),Financial market,I,DNK,Denmark,A,Annual,IR3TIB,Short-term interest rates,PA,Percent per annum,_Z,Not applicable,_Z,Not applicable,_Z,Not applicable,_Z,Not applicable,N,National,1998,,4.272079,,A,Normal value,0,Units,2,Two,,
DATAFLOW,OECD.SDD.STES:DSD_STES@DF_FINMARK(4.0),Financial market,I,DNK,Denmark,A,Annual,IR3TIB,Short-term interest rates,PA,Percent per annum,_Z,Not applicable,_Z,Not applicable,_Z,Not applicable,_Z,Not applicable,N,National,1999,,3.437819,,A,Normal value,0,Units,2,Two,,
DATAFLOW,OECD.SDD.STES:DSD_STES@DF_FINMARK(4.0),Financial market,I,DNK,Denmark,A,Annual,IR3TIB,Short-term interest rates,PA,Percent per annum,_Z,Not applicable,_Z,Not applicable,_Z,Not applicable,_Z,Not applicable,N,National,2000,,4.997201,,A,Normal value,0,Units,2,Two,,
DATAFLOW,OECD.SDD.STES:DSD_STES@DF_FINMARK(4.0),Financial market,I,DNK,Denmark,A,Annual,IR3TIB,Short-term interest rates,PA,Percent per annum,_Z,Not applicable,_Z,Not applicable,_Z,Not applicable,_Z,Not applicable,N,National,2001,,4.702664,,A,Normal value,0,Units,2,Two,,
DATAFLOW,OECD.SDD.STES:DSD_STES@DF_FINMARK(4.0),Financial market,I,DNK,Denmark,A,Annual,IR3TIB,Short-term interest rates,PA,Percent per annum,_Z,Not applicable,_Z,Not applicable,_Z,Not applicable,_Z,Not applicable,N,National,2002,,3.543719,,A,Normal value,0,Units,2,Two,,
DATAFLOW,OECD.SDD.STES:DSD_STES@DF_FINMARK(4.0),Financial market,I,DNK,Denmark,A,Annual,IR3TIB,Short-term interest rates,PA,Percent per annum,_Z,Not applicable,_Z,Not applicable,_Z,Not applicable,_Z,Not applicable,N,National,2003,,2.423354,,A,Normal value,0,Units,2,Two,,
DATAFLOW,OECD.SDD.STES:DSD_STES@DF_FINMARK(4.0),Financial market,I,DNK,Denmark,A,Annual,IR3TIB,Short-term interest rates,PA,Percent per annum,_Z,Not applicable,_Z,Not applicable,_Z,Not applicable,_Z,Not applicable,N,National,2004,,2.195047,,A,Normal value,0,Units,2,Two,,
DATAFLOW,OECD.SDD.STES:DSD_STES@DF_FINMARK(4.0),Financial market,I,DNK,Denmark,A,Annual,IR3TIB,Short-term interest rates,PA,Percent per annum,_Z,Not applicable,_Z,Not applicable,_Z,Not applicable,_Z,Not applicable,N,National,2005,,2.224245,,A,Normal value,0,Units,2,Two,,
DATAFLOW,OECD.SDD.STES:DSD_STES@DF_FINMARK(4.0),Financial market,I,DNK,Denmark,A,Annual,IR3TIB,Short-term interest rates,PA,Percent per annum,_Z,Not applicable,_Z,Not applicable,_Z,Not applicable,_Z,Not applicable,N,National,2006,,3.180477,,A,Normal value,0,Units,2,Two,,
DATAFLOW,OECD.SDD.STES:DSD_STES@DF_FINMARK(4.0),Financial market,I,DNK,Denmark,A,Annual,IR3TIB,Short-term interest rates,PA,Percent per annum,_Z,Not applicable,_Z,Not applicable,_Z,Not applicable,_Z,Not applicable,N,National,2007,,4.441652,,A,Normal value,0,Units,2,Two,,
DATAFLOW,OECD.SDD.STES:DSD_STES@DF_FINMARK(4.0),Financial market,I,DNK,Denmark,A,Annual,IR3TIB,Short-term interest rates,PA,Percent per annum,_Z,Not applicable,_Z,Not applicable,_Z,Not applicable,_Z,Not applicable,N,National,2008,,5.262557,,A,Normal value,0,Units,2,Two,,
DATAFLOW,OECD.SDD.STES:DSD_STES@DF_FINMARK(4.0),Financial market,I,DNK,Denmark,A,Annual,IR3TIB,Short-term interest rates,PA,Percent per annum,_Z,Not applicable,_Z,Not applicable,_Z,Not applicable,_Z,Not applicable,N,National,2009,,2.499274,,A,Normal value,0,Units,2,Two,,
DATAFLOW,OECD.SDD.STES:DSD_STES@DF_FINMARK(4.0),Financial market,I,DNK,Denmark,A,Annual,IR3TIB,Short-term interest rates,PA,Percent per annum,_Z,Not applicable,_Z,Not applicable,_Z,Not applicable,_Z,Not applicable,N,National,2010,,1.248442,,A,Normal value,0,Units,2,Two,,
DATAFLOW,OECD.SDD.STES:DSD_STES@DF_FINMARK(4.0),Financial market,I,DNK,Denmark,A,Annual,IR3TIB,Short-term interest rates,PA,Percent per annum,_Z,Not applicable,_Z,Not applicable,_Z,Not applicable,_Z,Not applicable,N,National,2011,,1.383979,,A,Normal value,0,Units,2,Two,,
DATAFLOW,OECD.SDD.STES:DSD_STES@DF_FINMARK(4.0),Financial market,I,DNK,Denmark,A,Annual,IR3TIB,Short-term interest rates,PA,Percent per annum,_Z,Not applicable,_Z,Not applicable,_Z,Not applicable,_Z,Not applicable,N,National,2012,,0.6200195,,A,Normal value,0,Units,2,Two,,
DATAFLOW,OECD.SDD.STES:DSD_STES@DF_FINMARK(4.0),Financial market,I,DNK,Denmark,A,Annual,IR3TIB,Short-term interest rates,PA,Percent per annum,_Z,Not applicable,_Z,Not applicable,_Z,Not applicable,_Z,Not applicable,N,National,2013,,0.2713604,,A,Normal value,0,Units,2,Two,,
DATAFLOW,OECD.SDD.STES:DSD_STES@DF_FINMARK(4.0),Financial market,I,DNK,Denmark,A,Annual,IR3TIB,Short-term interest rates,PA,Percent per annum,_Z,Not applicable,_Z,Not applicable,_Z,Not applicable,_Z,Not applicable,N,National,2014,,0.3149578,,A,Normal value,0,Units,2,Two,,
DATAFLOW,OECD.SDD.STES:DSD_STES@DF_FINMARK(4.0),Financial market,I,DNK,Denmark,A,Annual,IR3TIB,Short-term interest rates,PA,Percent per annum,_Z,Not applicable,_Z,Not applicable,_Z,Not applicable,_Z,Not applicable,N,National,2015,,-0.1233188,,A,Normal value,0,Units,2,Two,,
DATAFLOW,OECD.SDD.STES:DSD_STES@DF_FINMARK(4.0),Financial market,I,DNK,Denmark,A,Annual,IR3TIB,Short-term interest rates,PA,Percent per annum,_Z,Not applicable,_Z,Not applicable,_Z,Not applicable,_Z,Not applicable,N,National,2016,,-0.1442461,,A,Normal value,0,Units,2,Two,,
DATAFLOW,OECD.SDD.STES:DSD_STES@DF_FINMARK(4.0),Financial market,I,DNK,Denmark,A,Annual,IR3TIB,Short-term interest rates,PA,Percent per annum,_Z,Not applicable,_Z,Not applicable,_Z,Not applicable,_Z,Not applicable,N,National,2017,,-0.2637579,,A,Normal value,0,Units,2,Two,,
DATAFLOW,OECD.SDD.STES:DSD_STES@DF_FINMARK(4.0),Financial market,I,DNK,Denmark,A,Annual,IR3TIB,Short-term interest rates,PA,Percent per annum,_Z,Not applicable,_Z,Not applicable,_Z,Not applicable,_Z,Not applicable,N,National,2018,,-0.2992443,,A,Normal value,0,Units,2,Two,,
DATAFLOW,OECD.SDD.STES:DSD_STES@DF_FINMARK(4.0),Financial market,I,DNK,Denmark,A,Annual,IR3TIB,Short-term interest rates,PA,Percent per annum,_Z,Not applicable,_Z,Not applicable,_Z,Not applicable,_Z,Not applicable,N,National,2019,,-0.3719969,,A,Normal value,0,Units,2,Two,,
DATAFLOW,OECD.SDD.STES:DSD_STES@DF_FINMARK(4.0),Financial market,I,DNK,Denmark,A,Annual,IR3TIB,Short-term interest rates,PA,Percent per annum,_Z,Not applicable,_Z,Not applicable,_Z,Not applicable,_Z,Not applicable,N,National,2023,,3.50374,,A,Normal value,0,Units,2,Two,,
DATAFLOW,OECD.SDD.STES:DSD_STES@DF_FINMARK(4.0),Financial market,I,EST,Estonia,A,Annual,IR3TIB,Short-term interest rates,PA,Percent per annum,_Z,Not applicable,_Z,Not applicable,_Z,Not applicable,_Z,Not applicable,N,National,1996,,8.046667,,A,Normal value,0,Units,2,Two,,
DATAFLOW,OECD.SDD.STES:DSD_STES@DF_FINMARK(4.0),Financial market,I,EST,Estonia,A,Annual,IR3TIB,Short-term interest rates,PA,Percent per annum,_Z,Not applicable,_Z,Not applicable,_Z,Not applicable,_Z,Not applicable,N,National,1997,,8.604167,,A,Normal value,0,Units,2,Two,,
DATAFLOW,OECD.SDD.STES:DSD_STES@DF_FINMARK(4.0),Financial market,I,EST,Estonia,A,Annual,IR3TIB,Short-term interest rates,PA,Percent per annum,_Z,Not applicable,_Z,Not applicable,_Z,Not applicable,_Z,Not applicable,N,National,1998,,13.87167,,A,Normal value,0,Units,2,Two,,
DATAFLOW,OECD.SDD.STES:DSD_STES@DF_FINMARK(4.0),Financial market,I,EST,Estonia,A,Annual,IR3TIB,Short-term interest rates,PA,Percent per annum,_Z,Not applicable,_Z,Not applicable,_Z,Not applicable,_Z,Not applicable,N,National,1999,,7.829167,,A,Normal value,0,Units,2,Two,,
DATAFLOW,OECD.SDD.STES:DSD_STES@DF_FINMARK(4.0),Financial market,I,EST,Estonia,A,Annual,IR3TIB,Short-term interest rates,PA,Percent per annum,_Z,Not applicable,_Z,Not applicable,_Z,Not applicable,_Z,Not applicable,N,National,2000,,5.678333,,A,Normal value,0,Units,2,Two,,
DATAFLOW,OECD.SDD.STES:DSD_STES@DF_FINMARK(4.0),Financial market,I,EST,Estonia,A,Annual,IR3TIB,Short-term interest rates,PA,Percent per annum,_Z,Not applicable,_Z,Not applicable,_Z,Not applicable,_Z,Not applicable,N,National,2001,,5.313334,,A,Normal value,0,Units,2,Two,,
DATAFLOW,OECD.SDD.STES:DSD_STES@DF_FINMARK(4.0),Financial market,I,EST,Estonia,A,Annual,IR3TIB,Short-term interest rates,PA,Percent per annum,_Z,Not applicable,_Z,Not applicable,_Z,Not applicable,_Z,Not applicable,N,National,2002,,3.88,,A,Normal value,0,Units,2,Two,,
DATAFLOW,OECD.SDD.STES:DSD_STES@DF_FINMARK(4.0),Financial market,I,EST,Estonia,A,Annual,IR3TIB,Short-term interest rates,PA,Percent per annum,_Z,Not applicable,_Z,Not applicable,_Z,Not applicable,_Z,Not applicable,N,National,2003,,2.9125,,A,Normal value,0,Units,2,Two,,
DATAFLOW,OECD.SDD.STES:DSD_STES@DF_FINMARK(4.0),Financial market,I,EST,Estonia,A,Annual,IR3TIB,Short-term interest rates,PA,Percent per annum,_Z,Not applicable,_Z,Not applicable,_Z,Not applicable,_Z,Not applicable,N,National,2004,,2.495833,,A,Normal value,0,Units,2,Two,,
DATAFLOW,OECD.SDD.STES:DSD_STES@DF_FINMARK(4.0),Financial market,I,EST,Estonia,A,Annual,IR3TIB,Short-term interest rates,PA,Percent per annum,_Z,Not applicable,_Z,Not applicable,_Z,Not applicable,_Z,Not applicable,N,National,2005,,2.378333,,A,Normal value,0,Units,2,Two,,
DATAFLOW,OECD.SDD.STES:DSD_STES@DF_FINMARK(4.0),Financial market,I,EST,Estonia,A,Annual,IR3TIB,Short-term interest rates,PA,Percent per annum,_Z,Not applicable,_Z,Not applicable,_Z,Not applicable,_Z,Not applicable,N,National,2006,,3.160833,,A,Normal value,0,Units,2,Two,,
DATAFLOW,OECD.SDD.STES:DSD_STES@DF_FINMARK(4.0),Financial market,I,EST,Estonia,A,Annual,IR3TIB,Short-term interest rates,PA,Percent per annum,_Z,Not applicable,_Z,Not applicable,_Z,Not applicable,_Z,Not applicable,N,National,2007,,4.87,,A,Normal value,0,Units,2,Two,,
DATAFLOW,OECD.SDD.STES:DSD_STES@DF_FINMARK(4.0),Financial market,I,EST,Estonia,A,Annual,IR3TIB,Short-term interest rates,PA,Percent per annum,_Z,Not applicable,_Z,Not applicable,_Z,Not applicable,_Z,Not applicable,N,National,2008,,6.664166,,A,Normal value,0,Units,2,Two,,
DATAFLOW,OECD.SDD.STES:DSD_STES@DF_FINMARK(4.0),Financial market,I,EST,Estonia,A,Annual,IR3TIB,Short-term interest rates,PA,Percent per annum,_Z,Not applicable,_Z,Not applicable,_Z,Not applicable,_Z,Not applicable,N,National,2009,,5.926667,,A,Normal value,0,Units,2,Two,,
DATAFLOW,OECD.SDD.STES:DSD_STES@DF_FINMARK(4.0),Financial market,I,EST,Estonia,A,Annual,IR3TIB,Short-term interest rates,PA,Percent per annum,_Z,Not applicable,_Z,Not applicable,_Z,Not applicable,_Z,Not applicable,N,National,2010,,1.57,,A,Normal value,0,Units,2,Two,,
DATAFLOW,OECD.SDD.STES:DSD_STES@DF_FINMARK(4.0),Financial market,I,EST,Estonia,A,Annual,IR3TIB,Short-term interest rates,PA,Percent per annum,_Z,Not applicable,_Z,Not applicable,_Z,Not applicable,_Z,Not applicable,N,National,2011,,1.3906,,A,Normal value,0,Units,2,Two,,
DATAFLOW,OECD.SDD.STES:DSD_STES@DF_FINMARK(4.0),Financial market,I,EST,Estonia,A,Annual,IR3TIB,Short-term interest rates,PA,Percent per annum,_Z,Not applicable,_Z,Not applicable,_Z,Not applicable,_Z,Not applicable,N,National,2012,,0.5731811,,A,Normal value,0,Units,2,Two,,
DATAFLOW,OECD.SDD.STES:DSD_STES@DF_FINMARK(4.0),Financial market,I,EST,Estonia,A,Annual,IR3TIB,Short-term interest rates,PA,Percent per annum,_Z,Not applicable,_Z,Not applicable,_Z,Not applicable,_Z,Not applicable,N,National,2013,,0.2206612,,A,Normal value,0,Units,2,Two,,
DATAFLOW,OECD.SDD.STES:DSD_STES@DF_FINMARK(4.0),Financial market,I,EST,Estonia,A,Annual,IR3TIB,Short-term interest rates,PA,Percent per annum,_Z,Not applicable,_Z,Not applicable,_Z,Not applicable,_Z,Not applicable,N,National,2014,,0.2099457,,A,Normal value,0,Units,2,Two,,
DATAFLOW,OECD.SDD.STES:DSD_STES@DF_FINMARK(4.0),Financial market,I,EST,Estonia,A,Annual,IR3TIB,Short-term interest rates,PA,Percent per annum,_Z,Not applicable,_Z,Not applicable,_Z,Not applicable,_Z,Not applicable,N,National,2015,,-0.0193757,,A,Normal value,0,Units,2,Two,,
DATAFLOW,OECD.SDD.STES:DSD_STES@DF_FINMARK(4.0),Financial market,I,EST,Estonia,A,Annual,IR3TIB,Short-term interest rates,PA,Percent per annum,_Z,Not applicable,_Z,Not applicable,_Z,Not applicable,_Z,Not applicable,N,National,2016,,-0.2636957,,A,Normal value,0,Units,2,Two,,
DATAFLOW,OECD.SDD.STES:DSD_STES@DF_FINMARK(4.0),Financial market,I,EST,Estonia,A,Annual,IR3TIB,Short-term interest rates,PA,Percent per annum,_Z,Not applicable,_Z,Not applicable,_Z,Not applicable,_Z,Not applicable,N,National,2017,,-0.3290561,,A,Normal value,0,Units,2,Two,,
DATAFLOW,OECD.SDD.STES:DSD_STES@DF_FINMARK(4.0),Financial market,I,EST,Estonia,A,Annual,IR3TIB,Short-term interest rates,PA,Percent per annum,_Z,Not applicable,_Z,Not applicable,_Z,Not applicable,_Z,Not applicable,N,National,2018,,-0.322093,,A,Normal value,0,Units,2,Two,,
DATAFLOW,OECD.SDD.STES:DSD_STES@DF_FINMARK(4.0),Financial market,I,EST,Estonia,A,Annual,IR3TIB,Short-term interest rates,PA,Percent per annum,_Z,Not applicable,_Z,Not applicable,_Z,Not applicable,_Z,Not applicable,N,National,2019,,-0.3563193,,A,Normal value,0,Units,2,Two,,
DATAFLOW,OECD.SDD.STES:DSD_STES@DF_FINMARK(4.0),Financial market,I,EST,Estonia,A,Annual,IR3TIB,Short-term interest rates,PA,Percent per annum,_Z,Not applicable,_Z,Not applicable,_Z,Not applicable,_Z,Not applicable,N,National,2020,,-0.4251596,,A,Normal value,0,Units,2,Two,,
DATAFLOW,OECD.SDD.STES:DSD_STES@DF_FINMARK(4.0),Financial market,I,EST,Estonia,A,Annual,IR3TIB,Short-term interest rates,PA,Percent per annum,_Z,Not applicable,_Z,Not applicable,_Z,Not applicable,_Z,Not applicable,N,National,2021,,-0.5487563,,A,Normal value,0,Units,2,Two,,
DATAFLOW,OECD.SDD.STES:DSD_STES@DF_FINMARK(4.0),Financial market,I,EST,Estonia,A,Annual,IR3TIB,Short-term interest rates,PA,Percent per annum,_Z,Not applicable,_Z,Not applicable,_Z,Not applicable,_Z,Not applicable,N,National,2022,,0.3415554,,A,Normal value,0,Units,2,Two,,
DATAFLOW,OECD.SDD.STES:DSD_STES@DF_FINMARK(4.0),Financial market,I,FIN,Finland,A,Annual,IR3TIB,Short-term interest rates,PA,Percent per annum,_Z,Not applicable,_Z,Not applicable,_Z,Not applicable,_Z,Not applicable,N,National,1987,,10.0325,,A,Normal value,0,Units,2,Two,,
DATAFLOW,OECD.SDD.STES:DSD_STES@DF_FINMARK(4.0),Financial market,I,FIN,Finland,A,Annual,IR3TIB,Short-term interest rates,PA,Percent per annum,_Z,Not applicable,_Z,Not applicable,_Z,Not applicable,_Z,Not applicable,N,National,1988,,9.965834,,A,Normal value,0,Units,2,Two,,
DATAFLOW,OECD.SDD.STES:DSD_STES@DF_FINMARK(4.0),Financial market,I,FIN,Finland,A,Annual,IR3TIB,Short-term interest rates,PA,Percent per annum,_Z,Not applicable,_Z,Not applicable,_Z,Not applicable,_Z,Not applicable,N,National,1989,,12.55667,,A,Normal value,0,Units,2,Two,,
DATAFLOW,OECD.SDD.STES:DSD_STES@DF_FINMARK(4.0),Financial market,I,FIN,Finland,A,Annual,IR3TIB,Short-term interest rates,PA,Percent per annum,_Z,Not applicable,_Z,Not applicable,_Z,Not applicable,_Z,Not applicable,N,National,1990,,13.99667,,A,Normal value,0,Units,2,Two,,
DATAFLOW,OECD.SDD.STES:DSD_STES@DF_FINMARK(4.0),Financial market,I,FIN,Finland,A,Annual,IR3TIB,Short-term interest rates,PA,Percent per annum,_Z,Not applicable,_Z,Not applicable,_Z,Not applicable,_Z,Not applicable,N,National,1991,,13.07917,,A,Normal value,0,Units,2,Two,,
DATAFLOW,OECD.SDD.STES:DSD_STES@DF_FINMARK(4.0),Financial market,I,FIN,Finland,A,Annual,IR3TIB,Short-term interest rates,PA,Percent per annum,_Z,Not applicable,_Z,Not applicable,_Z,Not applicable,_Z,Not applicable,N,National,1992,,13.25167,,A,Normal value,0,Units,2,Two,,
DATAFLOW,OECD.SDD.STES:DSD_STES@DF_FINMARK(4.0),Financial market,I,FIN,Finland,A,Annual,IR3TIB,Short-term interest rates,PA,Percent per annum,_Z,Not applicable,_Z,Not applicable,_Z,Not applicable,_Z,Not applicable,N,National,1993,,7.773334,,A,Normal value,0,Units,2,Two,,
DATAFLOW,OECD.SDD.STES:DSD_STES@DF_FINMARK(4.0),Financial market,I,FIN,Finland,A,Annual,IR3TIB,Short-term interest rates,PA,Percent per annum,_Z,Not applicable,_Z,Not applicable,_Z,Not applicable,_Z,Not applicable,N,National,1994,,5.35,,A,Normal value,0,Units,2,Two,,
DATAFLOW,OECD.SDD.STES:DSD_STES@DF_FINMARK(4.0),Financial market,I,FIN,Finland,A,Annual,IR3TIB,Short-term interest rates,PA,Percent per annum,_Z,Not applicable,_Z,Not applicable,_Z,Not applicable,_Z,Not applicable,N,National,1995,,5.75,,A,Normal value,0,Units,2,Two,,
DATAFLOW,OECD.SDD.STES:DSD_STES@DF_FINMARK(4.0),Financial market,I,FIN,Finland,A,Annual,IR3TIB,Short-term interest rates,PA,Percent per annum,_Z,Not applicable,_Z,Not applicable,_Z,Not applicable,_Z,Not applicable,N,National,1996,,3.625,,A,Normal value,0,Units,2,Two,,
DATAFLOW,OECD.SDD.STES:DSD_STES@DF_FINMARK(4.0),Financial market,I,FIN,Finland,A,Annual,IR3TIB,Short-term interest rates,PA,Percent per annum,_Z,Not applicable,_Z,Not applicable,_Z,Not applicable,_Z,Not applicable,N,National,1997,,3.231667,,A,Normal value,0,Units,2,Two,,
DATAFLOW,OECD.SDD.STES:DSD_STES@DF_FINMARK(4.0),Financial market,I,FIN,Finland,A,Annual,IR3TIB,Short-term interest rates,PA,Percent per annum,_Z,Not applicable,_Z,Not applicable,_Z,Not applicable,_Z,Not applicable,N,National,1998,,3.568333,,A,Normal value,0,Units,2,Two,,
DATAFLOW,OECD.SDD.STES:DSD_STES@DF_FINMARK(4.0),Financial market,I,FIN,Finland,A,Annual,IR3TIB,Short-term interest rates,PA,Percent per annum,_Z,Not applicable,_Z,Not applicable,_Z,Not applicable,_Z,Not applicable,N,National,1999,,2.963488,,A,Normal value,0,Units,2,Two,,
DATAFLOW,OECD.SDD.STES:DSD_STES@DF_FINMARK(4.0),Financial market,I,FIN,Finland,A,Annual,IR3TIB,Short-term interest rates,PA,Percent per annum,_Z,Not applicable,_Z,Not applicable,_Z,Not applicable,_Z,Not applicable,N,National,2000,,4.391766,,A,Normal value,0,Units,2,Two,,
DATAFLOW,OECD.SDD.STES:DSD_STES@DF_FINMARK(4.0),Financial market,I,FIN,Finland,A,Annual,IR3TIB,Short-term interest rates,PA,Percent per annum,_Z,Not applicable,_Z,Not applicable,_Z,Not applicable,_Z,Not applicable,N,National,2001,,4.26178,,A,Normal value,0,Units,2,Two,,
DATAFLOW,OECD.SDD.STES:DSD_STES@DF_FINMARK(4.0),Financial market,I,FIN,Finland,A,Annual,IR3TIB,Short-term interest rates,PA,Percent per annum,_Z,Not applicable,_Z,Not applicable,_Z,Not applicable,_Z,Not applicable,N,National,2002,,3.318602,,A,Normal value,0,Units,2,Two,,
DATAFLOW,OECD.SDD.STES:DSD_STES@DF_FINMARK(4.0),Financial market,I,FIN,Finland,A,Annual,IR3TIB,Short-term interest rates,PA,Percent per annum,_Z,Not applicable,_Z,Not applicable,_Z,Not applicable,_Z,Not applicable,N,National,2003,,2.333474,,A,Normal value,0,Units,2,Two,,
DATAFLOW,OECD.SDD.STES:DSD_STES@DF_FINMARK(4.0),Financial market,I,FIN,Finland,A,Annual,IR3TIB,Short-term interest rates,PA,Percent per annum,_Z,Not applicable,_Z,Not applicable,_Z,Not applicable,_Z,Not applicable,N,National,2004,,2.106323,,A,Normal value,0,Units,2,Two,,
DATAFLOW,OECD.SDD.STES:DSD_STES@DF_FINMARK(4.0),Financial market,I,FIN,Finland,A,Annual,IR3TIB,Short-term interest rates,PA,Percent per annum,_Z,Not applicable,_Z,Not applicable,_Z,Not applicable,_Z,Not applicable,N,National,2005,,2.184689,,A,Normal value,0,Units,2,Two,,
DATAFLOW,OECD.SDD.STES:DSD_STES@DF_FINMARK(4.0),Financial market,I,FIN,Finland,A,Annual,IR3TIB,Short-term interest rates,PA,Percent per annum,_Z,Not applicable,_Z,Not applicable,_Z,Not applicable,_Z,Not applicable,N,National,2006,,3.079212,,A,Normal value,0,Units,2,Two,,
DATAFLOW,OECD.SDD.STES:DSD_STES@DF_FINMARK(4.0),Financial market,I,FIN,Finland,A,Annual,IR3TIB,Short-term interest rates,PA,Percent per annum,_Z,Not applicable,_Z,Not applicable,_Z,Not applicable,_Z,Not applicable,N,National,2007,,4.277596,,A,Normal value,0,Units,2,Two,,
DATAFLOW,OECD.SDD.STES:DSD_STES@DF_FINMARK(4.0),Financial market,I,FIN,Finland,A,Annual,IR3TIB,Short-term interest rates,PA,Percent per annum,_Z,Not applicable,_Z,Not applicable,_Z,Not applicable,_Z,Not applicable,N,National,2008,,4.634233,,A,Normal value,0,Units,2,Two,,
DATAFLOW,OECD.SDD.STES:DSD_STES@DF_FINMARK(4.0),Financial market,I,FIN,Finland,A,Annual,IR3TIB,Short-term interest rates,PA,Percent per annum,_Z,Not applicable,_Z,Not applicable,_Z,Not applicable,_Z,Not applicable,N,National,2009,,1.22835,,A,Normal value,0,Units,2,Two,,
DATAFLOW,OECD.SDD.STES:DSD_STES@DF_FINMARK(4.0),Financial market,I,FIN,Finland,A,Annual,IR3TIB,Short-term interest rates,PA,Percent per annum,_Z,Not applicable,_Z,Not applicable,_Z,Not applicable,_Z,Not applicable,N,National,2010,,0.8109539,,A,Normal value,0,Units,2,Two,,
DATAFLOW,OECD.SDD.STES:DSD_STES@DF_FINMARK(4.0),Financial market,I,FIN,Finland,A,Annual,IR3TIB,Short-term interest rates,PA,Percent per annum,_Z,Not applicable,_Z,Not applicable,_Z,Not applicable,_Z,Not applicable,N,National,2011,,1.3906,,A,Normal value,0,Units,2,Two,,
DATAFLOW,OECD.SDD.STES:DSD_STES@DF_FINMARK(4.0),Financial market,I,FIN,Finland,A,Annual,IR3TIB,Short-term interest rates,PA,Percent per annum,_Z,Not applicable,_Z,Not applicable,_Z,Not applicable,_Z,Not applicable,N,National,2012,,0.5731811,,A,Normal value,0,Units,2,Two,,
DATAFLOW,OECD.SDD.STES:DSD_STES@DF_FINMARK(4.0),Financial market,I,FIN,Finland,A,Annual,IR3TIB,Short-term interest rates,PA,Percent per annum,_Z,Not applicable,_Z,Not applicable,_Z,Not applicable,_Z,Not applicable,N,National,2013,,0.2206612,,A,Normal value,0,Units,2,Two,,
DATAFLOW,OECD.SDD.STES:DSD_STES@DF_FINMARK(4.0),Financial market,I,FIN,Finland,A,Annual,IR3TIB,Short-term interest rates,PA,Percent per annum,_Z,Not applicable,_Z,Not applicable,_Z,Not applicable,_Z,Not applicable,N,National,2014,,0.2099457,,A,Normal value,0,Units,2,Two,,
DATAFLOW,OECD.SDD.STES:DSD_STES@DF_FINMARK(4.0),Financial market,I,FIN,Finland,A,Annual,IR3TIB,Short-term interest rates,PA,Percent per annum,_Z,Not applicable,_Z,Not applicable,_Z,Not applicable,_Z,Not applicable,N,National,2015,,-0.0193757,,A,Normal value,0,Units,2,Two,,
DATAFLOW,OECD.SDD.STES:DSD_STES@DF_FINMARK(4.0),Financial market,I,FIN,Finland,A,Annual,IR3TIB,Short-term interest rates,PA,Percent per annum,_Z,Not applicable,_Z,Not applicable,_Z,Not applicable,_Z,Not applicable,N,National,2016,,-0.2636957,,A,Normal value,0,Units,2,Two,,
DATAFLOW,OECD.SDD.STES:DSD_STES@DF_FINMARK(4.0),Financial market,I,FIN,Finland,A,Annual,IR3TIB,Short-term interest rates,PA,Percent per annum,_Z,Not applicable,_Z,Not applicable,_Z,Not applicable,_Z,Not applicable,N,National,2017,,-0.3290561,,A,Normal value,0,Units,2,Two,,
DATAFLOW,OECD.SDD.STES:DSD_STES@DF_FINMARK(4.0),Financial market,I,FIN,Finland,A,Annual,IR3TIB,Short-term interest rates,PA,Percent per annum,_Z,Not applicable,_Z,Not applicable,_Z,Not applicable,_Z,Not applicable,N,National,2018,,-0.322093,,A,Normal value,0,Units,2,Two,,
DATAFLOW,OECD.SDD.STES:DSD_STES@DF_FINMARK(4.0),Financial market,I,FIN,Finland,A,Annual,IR3TIB,Short-term interest rates,PA,Percent per annum,_Z,Not applicable,_Z,Not applicable,_Z,Not applicable,_Z,Not applicable,N,National,2019,,-0.3563193,,A,Normal value,0,Units,2,Two,,
DATAFLOW,OECD.SDD.STES:DSD_STES@DF_FINMARK(4.0),Financial market,I,FIN,Finland,A,Annual,IR3TIB,Short-term interest rates,PA,Percent per annum,_Z,Not applicable,_Z,Not applicable,_Z,Not applicable,_Z,Not applicable,N,National,2020,,-0.4251596,,A,Normal value,0,Units,2,Two,,
DATAFLOW,OECD.SDD.STES:DSD_STES@DF_FINMARK(4.0),Financial market,I,FIN,Finland,A,Annual,IR3TIB,Short-term interest rates,PA,Percent per annum,_Z,Not applicable,_Z,Not applicable,_Z,Not applicable,_Z,Not applicable,N,National,2021,,-0.5487563,,A,Normal value,0,Units,2,Two,,
DATAFLOW,OECD.SDD.STES:DSD_STES@DF_FINMARK(4.0),Financial market,I,FIN,Finland,A,Annual,IR3TIB,Short-term interest rates,PA,Percent per annum,_Z,Not applicable,_Z,Not applicable,_Z,Not applicable,_Z,Not applicable,N,National,2022,,0.3415554,,A,Normal value,0,Units,2,Two,,
DATAFLOW,OECD.SDD.STES:DSD_STES@DF_FINMARK(4.0),Financial market,I,FRA,France,A,Annual,IR3TIB,Short-term interest rates,PA,Percent per annum,_Z,Not applicable,_Z,Not applicable,_Z,Not applicable,_Z,Not applicable,N,National,1970,,8.925,,A,Normal value,0,Units,2,Two,,
DATAFLOW,OECD.SDD.STES:DSD_STES@DF_FINMARK(4.0),Financial market,I,FRA,France,A,Annual,IR3TIB,Short-term interest rates,PA,Percent per annum,_Z,Not applicable,_Z,Not applicable,_Z,Not applicable,_Z,Not applicable,N,National,1971,,6.286667,,A,Normal value,0,Units,2,Two,,
DATAFLOW,OECD.SDD.STES:DSD_STES@DF_FINMARK(4.0),Financial market,I,FRA,France,A,Annual,IR3TIB,Short-term interest rates,PA,Percent per annum,_Z,Not applicable,_Z,Not applicable,_Z,Not applicable,_Z,Not applicable,N,National,1972,,5.506667,,A,Normal value,0,Units,2,Two,,
DATAFLOW,OECD.SDD.STES:DSD_STES@DF_FINMARK(4.0),Financial market,I,FRA,France,A,Annual,IR3TIB,Short-term interest rates,PA,Percent per annum,_Z,Not applicable,_Z,Not applicable,_Z,Not applicable,_Z,Not applicable,N,National,1973,,9.129167,,A,Normal value,0,Units,2,Two,,
DATAFLOW,OECD.SDD.STES:DSD_STES@DF_FINMARK(4.0),Financial market,I,FRA,France,A,Annual,IR3TIB,Short-term interest rates,PA,Percent per annum,_Z,Not applicable,_Z,Not applicable,_Z,Not applicable,_Z,Not applicable,N,National,1974,,13.01917,,A,Normal value,0,Units,2,Two,,
DATAFLOW,OECD.SDD.STES:DSD_STES@DF_FINMARK(4.0),Financial market,I,FRA,France,A,Annual,IR3TIB,Short-term interest rates,PA,Percent per annum,_Z,Not applicable,_Z,Not applicable,_Z,Not applicable,_Z,Not applicable,N,National,1975,,7.923333,,A,Normal value,0,Units,2,Two,,
DATAFLOW,OECD.SDD.STES:DSD_STES@DF_FINMARK(4.0),Financial market,I,FRA,France,A,Annual,IR3TIB,Short-term interest rates,PA,Percent per annum,_Z,Not applicable,_Z,Not applicable,_Z,Not applicable,_Z,Not applicable,N,National,1976,,8.69,,A,Normal value,0,Units,2,Two,,
DATAFLOW,OECD.SDD.STES:DSD_STES@DF_FINMARK(4.0),Financial market,I,FRA,France,A,Annual,IR3TIB,Short-term interest rates,PA,Percent per annum,_Z,Not applicable,_Z,Not applicable,_Z,Not applicable,_Z,Not applicable,N,National,1977,,9.215834,,A,Normal value,0,Units,2,Two,,
DATAFLOW,OECD.SDD.STES:DSD_STES@DF_FINMARK(4.0),Financial market,I,FRA,France,A,Annual,IR3TIB,Short-term interest rates,PA,Percent per annum,_Z,Not applicable,_Z,Not applicable,_Z,Not applicable,_Z,Not applicable,N,National,1978,,8.156667,,A,Normal value,0,Units,2,Two,,
DATAFLOW,OECD.SDD.STES:DSD_STES@DF_FINMARK(4.0),Financial market,I,FRA,France,A,Annual,IR3TIB,Short-term interest rates,PA,Percent per annum,_Z,Not applicable,_Z,Not applicable,_Z,Not applicable,_Z,Not applicable,N,National,1979,,9.483334,,A,Normal value,0,Units,2,Two,,
DATAFLOW,OECD.SDD.STES:DSD_STES@DF_FINMARK(4.0),Financial market,I,FRA,France,A,Annual,IR3TIB,Short-term interest rates,PA,Percent per annum,_Z,Not applicable,_Z,Not applicable,_Z,Not applicable,_Z,Not applicable,N,National,1980,,12.20917,,A,Normal value,0,Units,2,Two,,
DATAFLOW,OECD.SDD.STES:DSD_STES@DF_FINMARK(4.0),Financial market,I,FRA,France,A,Annual,IR3TIB,Short-term interest rates,PA,Percent per annum,_Z,Not applicable,_Z,Not applicable,_Z,Not applicable,_Z,Not applicable,N,National,1981,,15.25917,,A,Normal value,0,Units,2,Two,,
DATAFLOW,OECD.SDD.STES:DSD_STES@DF_FINMARK(4.0),Financial market,I,FRA,France,A,Annual,IR3TIB,Short-term interest rates,PA,Percent per annum,_Z,Not applicable,_Z,Not applicable,_Z,Not applicable,_Z,Not applicable,N,National,1982,,14.61583,,A,Normal value,0,Units,2,Two,,
DATAFLOW,OECD.SDD.STES:DSD_STES@DF_FINMARK(4.0),Financial market,I,FRA,France,A,Annual,IR3TIB,Short-term interest rates,PA,Percent per annum,_Z,Not applicable,_Z,Not applicable,_Z,Not applicable,_Z,Not applicable,N,National,1983,,12.4675,,A,Normal value,0,Units,2,Two,,
DATAFLOW,OECD.SDD.STES:DSD_STES@DF_FINMARK(4.0),Financial market,I,FRA,France,A,Annual,IR3TIB,Short-term interest rates,PA,Percent per annum,_Z,Not applicable,_Z,Not applicable,_Z,Not applicable,_Z,Not applicable,N,National,1984,,11.7025,,A,Normal value,0,Units,2,Two,,
DATAFLOW,OECD.SDD.STES:DSD_STES@DF_FINMARK(4.0),Financial market,I,FRA,France,A,Annual,IR3TIB,Short-term interest rates,PA,Percent per annum,_Z,Not applicable,_Z,Not applicable,_Z,Not applicable,_Z,Not applicable,N,National,1985,,9.943334,,A,Normal value,0,Units,2,Two,,
DATAFLOW,OECD.SDD.STES:DSD_STES@DF_FINMARK(4.0),Financial market,I,FRA,France,A,Annual,IR3TIB,Short-term interest rates,PA,Percent per annum,_Z,Not applicable,_Z,Not applicable,_Z,Not applicable,_Z,Not applicable,N,National,1986,,7.7095,,A,Normal value,0,Units,2,Two,,
DATAFLOW,OECD.SDD.STES:DSD_STES@DF_FINMARK(4.0),Financial market,I,FRA,France,A,Annual,IR3TIB,Short-term interest rates,PA,Percent per annum,_Z,Not applicable,_Z,Not applicable,_Z,Not applicable,_Z,Not applicable,N,National,1987,,8.268942,,A,Normal value,0,Units,2,Two,,
DATAFLOW,OECD.SDD.STES:DSD_STES@DF_FINMARK(4.0),Financial market,I,FRA,France,A,Annual,IR3TIB,Short-term interest rates,PA,Percent per annum,_Z,Not applicable,_Z,Not applicable,_Z,Not applicable,_Z,Not applicable,N,National,1988,,7.942167,,A,Normal value,0,Units,2,Two,,
DATAFLOW,OECD.SDD.STES:DSD_STES@DF_FINMARK(4.0),Financial market,I,FRA,France,A,Annual,IR3TIB,Short-term interest rates,PA,Percent per annum,_Z,Not applicable,_Z,Not applicable,_Z,Not applicable,_Z,Not applicable,N,National,1989,,9.398808,,A,Normal value,0,Units,2,Two,,
DATAFLOW,OECD.SDD.STES:DSD_STES@DF_FINMARK(4.0),Financial market,I,FRA,France,A,Annual,IR3TIB,Short-term interest rates,PA,Percent per annum,_Z,Not applicable,_Z,Not applicable,_Z,Not applicable,_Z,Not applicable,N,National,1990,,10.3214,,A,Normal value,0,Units,2,Two,,
DATAFLOW,OECD.SDD.STES:DSD_STES@DF_FINMARK(4.0),Financial market,I,FRA,France,A,Annual,IR3TIB,Short-term interest rates,PA,Percent per annum,_Z,Not applicable,_Z,Not applicable,_Z,Not applicable,_Z,Not applicable,N,National,1991,,9.615025,,A,Normal value,0,Units,2,Two,,
DATAFLOW,OECD.SDD.STES:DSD_STES@DF_FINMARK(4.0),Financial market,I,FRA,France,A,Annual,IR3TIB,Short-term interest rates,PA,Percent per annum,_Z,Not applicable,_Z,Not applicable,_Z,Not applicable,_Z,Not applicable,N,National,1992,,10.34462,,A,Normal value,0,Units,2,Two,,
DATAFLOW,OECD.SDD.STES:DSD_STES@DF_FINMARK(4.0),Financial market,I,FRA,France,A,Annual,IR3TIB,Short-term interest rates,PA,Percent per annum,_Z,Not applicable,_Z,Not applicable,_Z,Not applicable,_Z,Not applicable,N,National,1993,,8.586859,,A,Normal value,0,Units,2,Two,,
DATAFLOW,OECD.SDD.STES:DSD_STES@DF_FINMARK(4.0),Financial market,I,FRA,France,A,Annual,IR3TIB,Short-term interest rates,PA,Percent per annum,_Z,Not applicable,_Z,Not applicable,_Z,Not applicable,_Z,Not applicable,N,National,1994,,5.846675,,A,Normal value,0,Units,2,Two,,
DATAFLOW,OECD.SDD.STES:DSD_STES@DF_FINMARK(4.0),Financial market,I,FRA,France,A,Annual,IR3TIB,Short-term interest rates,PA,Percent per annum,_Z,Not applicable,_Z,Not applicable,_Z,Not applicable,_Z,Not applicable,N,National,1995,,6.578183,,A,Normal value,0,Units,2,Two,,
DATAFLOW,OECD.SDD.STES:DSD_STES@DF_FINMARK(4.0),Financial market,I,FRA,France,A,Annual,IR3TIB,Short-term interest rates,PA,Percent per annum,_Z,Not applicable,_Z,Not applicable,_Z,Not applicable,_Z,Not applicable,N,National,1996,,3.935625,,A,Normal value,0,Units,2,Two,,
DATAFLOW,OECD.SDD.STES:DSD_STES@DF_FINMARK(4.0),Financial market,I,FRA,France,A,Annual,IR3TIB,Short-term interest rates,PA,Percent per annum,_Z,Not applicable,_Z,Not applicable,_Z,Not applicable,_Z,Not applicable,N,National,1997,,3.462833,,A,Normal value,0,Units,2,Two,,
DATAFLOW,OECD.SDD.STES:DSD_STES@DF_FINMARK(4.0),Financial market,I,FRA,France,A,Annual,IR3TIB,Short-term interest rates,PA,Percent per annum,_Z,Not applicable,_Z,Not applicable,_Z,Not applicable,_Z,Not applicable,N,National,1998,,3.557108,,A,Normal value,0,Units,2,Two,,
DATAFLOW,OECD.SDD.STES:DSD_STES@DF_FINMARK(4.0),Financial market,I,FRA,France,A,Annual,IR3TIB,Short-term interest rates,PA,Percent per annum,_Z,Not applicable,_Z,Not applicable,_Z,Not applicable,_Z,Not applicable,N,National,1999,,2.963488,,A,Normal value,0,Units,2,Two,,
DATAFLOW,OECD.SDD.STES:DSD_STES@DF_FINMARK(4.0),Financial market,I,FRA,France,A,Annual,IR3TIB,Short-term interest rates,PA,Percent per annum,_Z,Not applicable,_Z,Not applicable,_Z,Not applicable,_Z,Not applicable,N,National,2000,,4.391766,,A,Normal value,0,Units,2,Two,,
DATAFLOW,OECD.SDD.STES:DSD_STES@DF_FINMARK(4.0),Financial market,I,FRA,France,A,Annual,IR3TIB,Short-term interest rates,PA,Percent per annum,_Z,Not applicable,_Z,Not applicable,_Z,Not applicable,_Z,Not applicable,N,National,2001,,4.26178,,A,Normal value,0,Units,2,Two,,
DATAFLOW,OECD.SDD.STES:DSD_STES@DF_FINMARK(4.0),Financial market,I,FRA,France,A,Annual,IR3TIB,Short-term interest rates,PA,Percent per annum,_Z,Not applicable,_Z,Not applicable,_Z,Not applicable,_Z,Not applicable,N,National,2002,,3.318602,,A,Normal value,0,Units,2,Two,,
DATAFLOW,OECD.SDD.STES:DSD_STES@DF_FINMARK(4.0),Financial market,I,FRA,France,A,Annual,IR3TIB,Short-term interest rates,PA,Percent per annum,_Z,Not applicable,_Z,Not applicable,_Z,Not applicable,_Z,Not applicable,N,National,2003,,2.333474,,A,Normal value,0,Units,2,Two,,
DATAFLOW,OECD.SDD.STES:DSD_STES@DF_FINMARK(4.0),Financial market,I,FRA,France,A,Annual,IR3TIB,Short-term interest rates,PA,Percent per annum,_Z,Not applicable,_Z,Not applicable,_Z,Not applicable,_Z,Not applicable,N,National,2004,,2.106323,,A,Normal value,0,Units,2,Two,,
DATAFLOW,OECD.SDD.STES:DSD_STES@DF_FINMARK(4.0),Financial market,I,FRA,France,A,Annual,IR3TIB,Short-term interest rates,PA,Percent per annum,_Z,Not applicable,_Z,Not applicable,_Z,Not applicable,_Z,Not applicable,N,National,2005,,2.184689,,A,Normal value,0,Units,2,Two,,
DATAFLOW,OECD.SDD.STES:DSD_STES@DF_FINMARK(4.0),Financial market,I,FRA,France,A,Annual,IR3TIB,Short-term interest rates,PA,Percent per annum,_Z,Not applicable,_Z,Not applicable,_Z,Not applicable,_Z,Not applicable,N,National,2006,,3.079212,,A,Normal value,0,Units,2,Two,,
DATAFLOW,OECD.SDD.STES:DSD_STES@DF_FINMARK(4.0),Financial market,I,FRA,France,A,Annual,IR3TIB,Short-term interest rates,PA,Percent per annum,_Z,Not applicable,_Z,Not applicable,_Z,Not applicable,_Z,Not applicable,N,National,2007,,4.277596,,A,Normal value,0,Units,2,Two,,
DATAFLOW,OECD.SDD.STES:DSD_STES@DF_FINMARK(4.0),Financial market,I,FRA,France,A,Annual,IR3TIB,Short-term interest rates,PA,Percent per annum,_Z,Not applicable,_Z,Not applicable,_Z,Not applicable,_Z,Not applicable,N,National,2008,,4.634233,,A,Normal value,0,Units,2,Two,,
DATAFLOW,OECD.SDD.STES:DSD_STES@DF_FINMARK(4.0),Financial market,I,FRA,France,A,Annual,IR3TIB,Short-term interest rates,PA,Percent per annum,_Z,Not applicable,_Z,Not applicable,_Z,Not applicable,_Z,Not applicable,N,National,2009,,1.22835,,A,Normal value,0,Units,2,Two,,
DATAFLOW,OECD.SDD.STES:DSD_STES@DF_FINMARK(4.0),Financial market,I,FRA,France,A,Annual,IR3TIB,Short-term interest rates,PA,Percent per annum,_Z,Not applicable,_Z,Not applicable,_Z,Not applicable,_Z,Not applicable,N,National,2010,,0.8109539,,A,Normal value,0,Units,2,Two,,
DATAFLOW,OECD.SDD.STES:DSD_STES@DF_FINMARK(4.0),Financial market,I,FRA,France,A,Annual,IR3TIB,Short-term interest rates,PA,Percent per annum,_Z,Not applicable,_Z,Not applicable,_Z,Not applicable,_Z,Not applicable,N,National,2011,,1.3906,,A,Normal value,0,Units,2,Two,,
DATAFLOW,OECD.SDD.STES:DSD_STES@DF_FINMARK(4.0),Financial market,I,FRA,France,A,Annual,IR3TIB,Short-term interest rates,PA,Percent per annum,_Z,Not applicable,_Z,Not applicable,_Z,Not applicable,_Z,Not applicable,N,National,2012,,0.5731811,,A,Normal value,0,Units,2,Two,,
DATAFLOW,OECD.SDD.STES:DSD_STES@DF_FINMARK(4.0),Financial market,I,FRA,France,A,Annual,IR3TIB,Short-term interest rates,PA,Percent per annum,_Z,Not applicable,_Z,Not applicable,_Z,Not applicable,_Z,Not applicable,N,National,2013,,0.2206612,,A,Normal value,0,Units,2,Two,,
DATAFLOW,OECD.SDD.STES:DSD_STES@DF_FINMARK(4.0),Financial market,I,FRA,France,A,Annual,IR3TIB,Short-term interest rates,PA,Percent per annum,_Z,Not applicable,_Z,Not applicable,_Z,Not applicable,_Z,Not applicable,N,National,2014,,0.2099457,,A,Normal value,0,Units,2,Two,,
DATAFLOW,OECD.SDD.STES:DSD_STES@DF_FINMARK(4.0),Financial market,I,FRA,France,A,Annual,IR3TIB,Short-term interest rates,PA,Percent per annum,_Z,Not applicable,_Z,Not applicable,_Z,Not applicable,_Z,Not applicable,N,National,2015,,-0.0193757,,A,Normal value,0,Units,2,Two,,
DATAFLOW,OECD.SDD.STES:DSD_STES@DF_FINMARK(4.0),Financial market,I,FRA,France,A,Annual,IR3TIB,Short-term interest rates,PA,Percent per annum,_Z,Not applicable,_Z,Not applicable,_Z,Not applicable,_Z,Not applicable,N,National,2016,,-0.2636957,,A,Normal value,0,Units,2,Two,,
DATAFLOW,OECD.SDD.STES:DSD_STES@DF_FINMARK(4.0),Financial market,I,FRA,France,A,Annual,IR3TIB,Short-term interest rates,PA,Percent per annum,_Z,Not applicable,_Z,Not applicable,_Z,Not applicable,_Z,Not applicable,N,National,2017,,-0.3290561,,A,Normal value,0,Units,2,Two,,
DATAFLOW,OECD.SDD.STES:DSD_STES@DF_FINMARK(4.0),Financial market,I,FRA,France,A,Annual,IR3TIB,Short-term interest rates,PA,Percent per annum,_Z,Not applicable,_Z,Not applicable,_Z,Not applicable,_Z,Not applicable,N,National,2018,,-0.322093,,A,Normal value,0,Units,2,Two,,
DATAFLOW,OECD.SDD.STES:DSD_STES@DF_FINMARK(4.0),Financial market,I,FRA,France,A,Annual,IR3TIB,Short-term interest rates,PA,Percent per annum,_Z,Not applicable,_Z,Not applicable,_Z,Not applicable,_Z,Not applicable,N,National,2019,,-0.3563193,,A,Normal value,0,Units,2,Two,,
DATAFLOW,OECD.SDD.STES:DSD_STES@DF_FINMARK(4.0),Financial market,I,FRA,France,A,Annual,IR3TIB,Short-term interest rates,PA,Percent per annum,_Z,Not applicable,_Z,Not applicable,_Z,Not applicable,_Z,Not applicable,N,National,2020,,-0.4251596,,A,Normal value,0,Units,2,Two,,
DATAFLOW,OECD.SDD.STES:DSD_STES@DF_FINMARK(4.0),Financial market,I,FRA,France,A,Annual,IR3TIB,Short-term interest rates,PA,Percent per annum,_Z,Not applicable,_Z,Not applicable,_Z,Not applicable,_Z,Not applicable,N,National,2021,,-0.5487563,,A,Normal value,0,Units,2,Two,,
DATAFLOW,OECD.SDD.STES:DSD_STES@DF_FINMARK(4.0),Financial market,I,FRA,France,A,Annual,IR3TIB,Short-term interest rates,PA,Percent per annum,_Z,Not applicable,_Z,Not applicable,_Z,Not applicable,_Z,Not applicable,N,National,2022,,0.3415554,,A,Normal value,0,Units,2,Two,,
DATAFLOW,OECD.SDD.STES:DSD_STES@DF_FINMARK(4.0),Financial market,I,DEU,Germany,A,Annual,IR3TIB,Short-term interest rates,PA,Percent per annum,_Z,Not applicable,_Z,Not applicable,_Z,Not applicable,_Z,Not applicable,N,National,1960,,5.099167,,A,Normal value,0,Units,2,Two,,
DATAFLOW,OECD.SDD.STES:DSD_STES@DF_FINMARK(4.0),Financial market,I,DEU,Germany,A,Annual,IR3TIB,Short-term interest rates,PA,Percent per annum,_Z,Not applicable,_Z,Not applicable,_Z,Not applicable,_Z,Not applicable,N,National,1961,,3.593333,,A,Normal value,0,Units,2,Two,,
DATAFLOW,OECD.SDD.STES:DSD_STES@DF_FINMARK(4.0),Financial market,I,DEU,Germany,A,Annual,IR3TIB,Short-term interest rates,PA,Percent per annum,_Z,Not applicable,_Z,Not applicable,_Z,Not applicable,_Z,Not applicable,N,National,1962,,3.421667,,A,Normal value,0,Units,2,Two,,
DATAFLOW,OECD.SDD.STES:DSD_STES@DF_FINMARK(4.0),Financial market,I,DEU,Germany,A,Annual,IR3TIB,Short-term interest rates,PA,Percent per annum,_Z,Not applicable,_Z,Not applicable,_Z,Not applicable,_Z,Not applicable,N,National,1963,,3.980833,,A,Normal value,0,Units,2,Two,,
DATAFLOW,OECD.SDD.STES:DSD_STES@DF_FINMARK(4.0),Financial market,I,DEU,Germany,A,Annual,IR3TIB,Short-term interest rates,PA,Percent per annum,_Z,Not applicable,_Z,Not applicable,_Z,Not applicable,_Z,Not applicable,N,National,1964,,4.089167,,A,Normal value,0,Units,2,Two,,
DATAFLOW,OECD.SDD.STES:DSD_STES@DF_FINMARK(4.0),Financial market,I,DEU,Germany,A,Annual,IR3TIB,Short-term interest rates,PA,Percent per annum,_Z,Not applicable,_Z,Not applicable,_Z,Not applicable,_Z,Not applicable,N,National,1965,,5.135,,A,Normal value,0,Units,2,Two,,
DATAFLOW,OECD.SDD.STES:DSD_STES@DF_FINMARK(4.0),Financial market,I,DEU,Germany,A,Annual,IR3TIB,Short-term interest rates,PA,Percent per annum,_Z,Not applicable,_Z,Not applicable,_Z,Not applicable,_Z,Not applicable,N,National,1966,,6.626667,,A,Normal value,0,Units,2,Two,,
DATAFLOW,OECD.SDD.STES:DSD_STES@DF_FINMARK(4.0),Financial market,I,DEU,Germany,A,Annual,IR3TIB,Short-term interest rates,PA,Percent per annum,_Z,Not applicable,_Z,Not applicable,_Z,Not applicable,_Z,Not applicable,N,National,1967,,4.2675,,A,Normal value,0,Units,2,Two,,
DATAFLOW,OECD.SDD.STES:DSD_STES@DF_FINMARK(4.0),Financial market,I,DEU,Germany,A,Annual,IR3TIB,Short-term interest rates,PA,Percent per annum,_Z,Not applicable,_Z,Not applicable,_Z,Not applicable,_Z,Not applicable,N,National,1968,,3.808333,,A,Normal value,0,Units,2,Two,,
DATAFLOW,OECD.SDD.STES:DSD_STES@DF_FINMARK(4.0),Financial market,I,DEU,Germany,A,Annual,IR3TIB,Short-term interest rates,PA,Percent per annum,_Z,Not applicable,_Z,Not applicable,_Z,Not applicable,_Z,Not applicable,N,National,1969,,5.785833,,A,Normal value,0,Units,2,Two,,
DATAFLOW,OECD.SDD.STES:DSD_STES@DF_FINMARK(4.0),Financial market,I,DEU,Germany,A,Annual,IR3TIB,Short-term interest rates,PA,Percent per annum,_Z,Not applicable,_Z,Not applicable,_Z,Not applicable,_Z,Not applicable,N,National,1970,,9.406667,,A,Normal value,0,Units,2,Two,,
DATAFLOW,OECD.SDD.STES:DSD_STES@DF_FINMARK(4.0),Financial market,I,DEU,Germany,A,Annual,IR3TIB,Short-term interest rates,PA,Percent per annum,_Z,Not applicable,_Z,Not applicable,_Z,Not applicable,_Z,Not applicable,N,National,1971,,7.148334,,A,Normal value,0,Units,2,Two,,
DATAFLOW,OECD.SDD.STES:DSD_STES@DF_FINMARK(4.0),Financial market,I,DEU,Germany,A,Annual,IR3TIB,Short-term interest rates,PA,Percent per annum,_Z,Not applicable,_Z,Not applicable,_Z,Not applicable,_Z,Not applicable,N,National,1972,,5.610833,,A,Normal value,0,Units,2,Two,,
DATAFLOW,OECD.SDD.STES:DSD_STES@DF_FINMARK(4.0),Financial market,I,DEU,Germany,A,Annual,IR3TIB,Short-term interest rates,PA,Percent per annum,_Z,Not applicable,_Z,Not applicable,_Z,Not applicable,_Z,Not applicable,N,National,1973,,12.1425,,A,Normal value,0,Units,2,Two,,
DATAFLOW,OECD.SDD.STES:DSD_STES@DF_FINMARK(4.0),Financial market,I,DEU,Germany,A,Annual,IR3TIB,Short-term interest rates,PA,Percent per annum,_Z,Not applicable,_Z,Not applicable,_Z,Not applicable,_Z,Not applicable,N,National,1974,,9.9025,,A,Normal value,0,Units,2,Two,,
DATAFLOW,OECD.SDD.STES:DSD_STES@DF_FINMARK(4.0),Financial market,I,DEU,Germany,A,Annual,IR3TIB,Short-term interest rates,PA,Percent per annum,_Z,Not applicable,_Z,Not applicable,_Z,Not applicable,_Z,Not applicable,N,National,1975,,4.959167,,A,Normal value,0,Units,2,Two,,
DATAFLOW,OECD.SDD.STES:DSD_STES@DF_FINMARK(4.0),Financial market,I,DEU,Germany,A,Annual,IR3TIB,Short-term interest rates,PA,Percent per annum,_Z,Not applicable,_Z,Not applicable,_Z,Not applicable,_Z,Not applicable,N,National,1976,,4.248333,,A,Normal value,0,Units,2,Two,,
DATAFLOW,OECD.SDD.STES:DSD_STES@DF_FINMARK(4.0),Financial market,I,DEU,Germany,A,Annual,IR3TIB,Short-term interest rates,PA,Percent per annum,_Z,Not applicable,_Z,Not applicable,_Z,Not applicable,_Z,Not applicable,N,National,1977,,4.365,,A,Normal value,0,Units,2,Two,,
DATAFLOW,OECD.SDD.STES:DSD_STES@DF_FINMARK(4.0),Financial market,I,DEU,Germany,A,Annual,IR3TIB,Short-term interest rates,PA,Percent per annum,_Z,Not applicable,_Z,Not applicable,_Z,Not applicable,_Z,Not applicable,N,National,1978,,3.7,,A,Normal value,0,Units,2,Two,,
DATAFLOW,OECD.SDD.STES:DSD_STES@DF_FINMARK(4.0),Financial market,I,DEU,Germany,A,Annual,IR3TIB,Short-term interest rates,PA,Percent per annum,_Z,Not applicable,_Z,Not applicable,_Z,Not applicable,_Z,Not applicable,N,National,1979,,6.686666,,A,Normal value,0,Units,2,Two,,
DATAFLOW,OECD.SDD.STES:DSD_STES@DF_FINMARK(4.0),Financial market,I,DEU,Germany,A,Annual,IR3TIB,Short-term interest rates,PA,Percent per annum,_Z,Not applicable,_Z,Not applicable,_Z,Not applicable,_Z,Not applicable,N,National,1980,,9.536667,,A,Normal value,0,Units,2,Two,,
DATAFLOW,OECD.SDD.STES:DSD_STES@DF_FINMARK(4.0),Financial market,I,DEU,Germany,A,Annual,IR3TIB,Short-term interest rates,PA,Percent per annum,_Z,Not applicable,_Z,Not applicable,_Z,Not applicable,_Z,Not applicable,N,National,1981,,12.105,,A,Normal value,0,Units,2,Two,,
DATAFLOW,OECD.SDD.STES:DSD_STES@DF_FINMARK(4.0),Financial market,I,DEU,Germany,A,Annual,IR3TIB,Short-term interest rates,PA,Percent per annum,_Z,Not applicable,_Z,Not applicable,_Z,Not applicable,_Z,Not applicable,N,National,1982,,8.878333,,A,Normal value,0,Units,2,Two,,
DATAFLOW,OECD.SDD.STES:DSD_STES@DF_FINMARK(4.0),Financial market,I,DEU,Germany,A,Annual,IR3TIB,Short-term interest rates,PA,Percent per annum,_Z,Not applicable,_Z,Not applicable,_Z,Not applicable,_Z,Not applicable,N,National,1983,,5.776667,,A,Normal value,0,Units,2,Two,,
DATAFLOW,OECD.SDD.STES:DSD_STES@DF_FINMARK(4.0),Financial market,I,DEU,Germany,A,Annual,IR3TIB,Short-term interest rates,PA,Percent per annum,_Z,Not applicable,_Z,Not applicable,_Z,Not applicable,_Z,Not applicable,N,National,1984,,5.985833,,A,Normal value,0,Units,2,Two,,
DATAFLOW,OECD.SDD.STES:DSD_STES@DF_FINMARK(4.0),Financial market,I,DEU,Germany,A,Annual,IR3TIB,Short-term interest rates,PA,Percent per annum,_Z,Not applicable,_Z,Not applicable,_Z,Not applicable,_Z,Not applicable,N,National,1985,,5.448333,,A,Normal value,0,Units,2,Two,,
DATAFLOW,OECD.SDD.STES:DSD_STES@DF_FINMARK(4.0),Financial market,I,DEU,Germany,A,Annual,IR3TIB,Short-term interest rates,PA,Percent per annum,_Z,Not applicable,_Z,Not applicable,_Z,Not applicable,_Z,Not applicable,N,National,1986,,4.635,,A,Normal value,0,Units,2,Two,,
DATAFLOW,OECD.SDD.STES:DSD_STES@DF_FINMARK(4.0),Financial market,I,DEU,Germany,A,Annual,IR3TIB,Short-term interest rates,PA,Percent per annum,_Z,Not applicable,_Z,Not applicable,_Z,Not applicable,_Z,Not applicable,N,National,1987,,4.0325,,A,Normal value,0,Units,2,Two,,
DATAFLOW,OECD.SDD.STES:DSD_STES@DF_FINMARK(4.0),Financial market,I,DEU,Germany,A,Annual,IR3TIB,Short-term interest rates,PA,Percent per annum,_Z,Not applicable,_Z,Not applicable,_Z,Not applicable,_Z,Not applicable,N,National,1988,,4.330833,,A,Normal value,0,Units,2,Two,,
DATAFLOW,OECD.SDD.STES:DSD_STES@DF_FINMARK(4.0),Financial market,I,DEU,Germany,A,Annual,IR3TIB,Short-term interest rates,PA,Percent per annum,_Z,Not applicable,_Z,Not applicable,_Z,Not applicable,_Z,Not applicable,N,National,1989,,7.118333,,A,Normal value,0,Units,2,Two,,
DATAFLOW,OECD.SDD.STES:DSD_STES@DF_FINMARK(4.0),Financial market,I,DEU,Germany,A,Annual,IR3TIB,Short-term interest rates,PA,Percent per annum,_Z,Not applicable,_Z,Not applicable,_Z,Not applicable,_Z,Not applicable,N,National,1991,,9.246667,,A,Normal value,0,Units,2,Two,,
DATAFLOW,OECD.SDD.STES:DSD_STES@DF_FINMARK(4.0),Financial market,I,DEU,Germany,A,Annual,IR3TIB,Short-term interest rates,PA,Percent per annum,_Z,Not applicable,_Z,Not applicable,_Z,Not applicable,_Z,Not applicable,N,National,1992,,9.5175,,A,Normal value,0,Units,2,Two,,
DATAFLOW,OECD.SDD.STES:DSD_STES@DF_FINMARK(4.0),Financial market,I,DEU,Germany,A,Annual,IR3TIB,Short-term interest rates,PA,Percent per annum,_Z,Not applicable,_Z,Not applicable,_Z,Not applicable,_Z,Not applicable,N,National,1993,,7.295,,A,Normal value,0,Units,2,Two,,
DATAFLOW,OECD.SDD.STES:DSD_STES@DF_FINMARK(4.0),Financial market,I,DEU,Germany,A,Annual,IR3TIB,Short-term interest rates,PA,Percent per annum,_Z,Not applicable,_Z,Not applicable,_Z,Not applicable,_Z,Not applicable,N,National,1994,,5.364167,,A,Normal value,0,Units,2,Two,,
DATAFLOW,OECD.SDD.STES:DSD_STES@DF_FINMARK(4.0),Financial market,I,DEU,Germany,A,Annual,IR3TIB,Short-term interest rates,PA,Percent per annum,_Z,Not applicable,_Z,Not applicable,_Z,Not applicable,_Z,Not applicable,N,National,1995,,4.531667,,A,Normal value,0,Units,2,Two,,
DATAFLOW,OECD.SDD.STES:DSD_STES@DF_FINMARK(4.0),Financial market,I,DEU,Germany,A,Annual,IR3TIB,Short-term interest rates,PA,Percent per annum,_Z,Not applicable,_Z,Not applicable,_Z,Not applicable,_Z,Not applicable,N,National,1996,,3.305,,A,Normal value,0,Units,2,Two,,
DATAFLOW,OECD.SDD.STES:DSD_STES@DF_FINMARK(4.0),Financial market,I,DEU,Germany,A,Annual,IR3TIB,Short-term interest rates,PA,Percent per annum,_Z,Not applicable,_Z,Not applicable,_Z,Not applicable,_Z,Not applicable,N,National,1997,,3.325,,A,Normal value,0,Units,2,Two,,
DATAFLOW,OECD.SDD.STES:DSD_STES@DF_FINMARK(4.0),Financial market,I,DEU,Germany,A,Annual,IR3TIB,Short-term interest rates,PA,Percent per annum,_Z,Not applicable,_Z,Not applicable,_Z,Not applicable,_Z,Not applicable,N,National,1998,,3.544167,,A,Normal value,0,Units,2,Two,,
DATAFLOW,OECD.SDD.STES:DSD_STES@DF_FINMARK(4.0),Financial market,I,DEU,Germany,A,Annual,IR3TIB,Short-term interest rates,PA,Percent per annum,_Z,Not applicable,_Z,Not applicable,_Z,Not applicable,_Z,Not applicable,N,National,1999,,2.963488,,A,Normal value,0,Units,2,Two,,
DATAFLOW,OECD.SDD.STES:DSD_STES@DF_FINMARK(4.0),Financial market,I,DEU,Germany,A,Annual,IR3TIB,Short-term interest rates,PA,Percent per annum,_Z,Not applicable,_Z,Not applicable,_Z,Not applicable,_Z,Not applicable,N,National,2000,,4.391766,,A,Normal value,0,Units,2,Two,,
DATAFLOW,OECD.SDD.STES:DSD_STES@DF_FINMARK(4.0),Financial market,I,DEU,Germany,A,Annual,IR3TIB,Short-term interest rates,PA,Percent per annum,_Z,Not applicable,_Z,Not applicable,_Z,Not applicable,_Z,Not applicable,N,National,2001,,4.26178,,A,Normal value,0,Units,2,Two,,
DATAFLOW,OECD.SDD.STES:DSD_STES@DF_FINMARK(4.0),Financial market,I,DEU,Germany,A,Annual,IR3TIB,Short-term interest rates,PA,Percent per annum,_Z,Not applicable,_Z,Not applicable,_Z,Not applicable,_Z,Not applicable,N,National,2002,,3.318602,,A,Normal value,0,Units,2,Two,,
DATAFLOW,OECD.SDD.STES:DSD_STES@DF_FINMARK(4.0),Financial market,I,DEU,Germany,A,Annual,IR3TIB,Short-term interest rates,PA,Percent per annum,_Z,Not applicable,_Z,Not applicable,_Z,Not applicable,_Z,Not applicable,N,National,2003,,2.333474,,A,Normal value,0,Units,2,Two,,
DATAFLOW,OECD.SDD.STES:DSD_STES@DF_FINMARK(4.0),Financial market,I,DEU,Germany,A,Annual,IR3TIB,Short-term interest rates,PA,Percent per annum,_Z,Not applicable,_Z,Not applicable,_Z,Not applicable,_Z,Not applicable,N,National,2004,,2.106323,,A,Normal value,0,Units,2,Two,,
DATAFLOW,OECD.SDD.STES:DSD_STES@DF_FINMARK(4.0),Financial market,I,DEU,Germany,A,Annual,IR3TIB,Short-term interest rates,PA,Percent per annum,_Z,Not applicable,_Z,Not applicable,_Z,Not applicable,_Z,Not applicable,N,National,2005,,2.184689,,A,Normal value,0,Units,2,Two,,
DATAFLOW,OECD.SDD.STES:DSD_STES@DF_FINMARK(4.0),Financial market,I,DEU,Germany,A,Annual,IR3TIB,Short-term interest rates,PA,Percent per annum,_Z,Not applicable,_Z,Not applicable,_Z,Not applicable,_Z,Not applicable,N,National,2006,,3.079212,,A,Normal value,0,Units,2,Two,,
DATAFLOW,OECD.SDD.STES:DSD_STES@DF_FINMARK(4.0),Financial market,I,DEU,Germany,A,Annual,IR3TIB,Short-term interest rates,PA,Percent per annum,_Z,Not applicable,_Z,Not applicable,_Z,Not applicable,_Z,Not applicable,N,National,2007,,4.277596,,A,Normal value,0,Units,2,Two,,
DATAFLOW,OECD.SDD.STES:DSD_STES@DF_FINMARK(4.0),Financial market,I,DEU,Germany,A,Annual,IR3TIB,Short-term interest rates,PA,Percent per annum,_Z,Not applicable,_Z,Not applicable,_Z,Not applicable,_Z,Not applicable,N,National,2008,,4.634233,,A,Normal value,0,Units,2,Two,,
DATAFLOW,OECD.SDD.STES:DSD_STES@DF_FINMARK(4.0),Financial market,I,DEU,Germany,A,Annual,IR3TIB,Short-term interest rates,PA,Percent per annum,_Z,Not applicable,_Z,Not applicable,_Z,Not applicable,_Z,Not applicable,N,National,2009,,1.22835,,A,Normal value,0,Units,2,Two,,
DATAFLOW,OECD.SDD.STES:DSD_STES@DF_FINMARK(4.0),Financial market,I,DEU,Germany,A,Annual,IR3TIB,Short-term interest rates,PA,Percent per annum,_Z,Not applicable,_Z,Not applicable,_Z,Not applicable,_Z,Not applicable,N,National,2010,,0.8109539,,A,Normal value,0,Units,2,Two,,
DATAFLOW,OECD.SDD.STES:DSD_STES@DF_FINMARK(4.0),Financial market,I,DEU,Germany,A,Annual,IR3TIB,Short-term interest rates,PA,Percent per annum,_Z,Not applicable,_Z,Not applicable,_Z,Not applicable,_Z,Not applicable,N,National,2011,,1.3906,,A,Normal value,0,Units,2,Two,,
DATAFLOW,OECD.SDD.STES:DSD_STES@DF_FINMARK(4.0),Financial market,I,DEU,Germany,A,Annual,IR3TIB,Short-term interest rates,PA,Percent per annum,_Z,Not applicable,_Z,Not applicable,_Z,Not applicable,_Z,Not applicable,N,National,2012,,0.5731811,,A,Normal value,0,Units,2,Two,,
DATAFLOW,OECD.SDD.STES:DSD_STES@DF_FINMARK(4.0),Financial market,I,DEU,Germany,A,Annual,IR3TIB,Short-term interest rates,PA,Percent per annum,_Z,Not applicable,_Z,Not applicable,_Z,Not applicable,_Z,Not applicable,N,National,2013,,0.2206612,,A,Normal value,0,Units,2,Two,,
DATAFLOW,OECD.SDD.STES:DSD_STES@DF_FINMARK(4.0),Financial market,I,DEU,Germany,A,Annual,IR3TIB,Short-term interest rates,PA,Percent per annum,_Z,Not applicable,_Z,Not applicable,_Z,Not applicable,_Z,Not applicable,N,National,2014,,0.2099457,,A,Normal value,0,Units,2,Two,,
DATAFLOW,OECD.SDD.STES:DSD_STES@DF_FINMARK(4.0),Financial market,I,DEU,Germany,A,Annual,IR3TIB,Short-term interest rates,PA,Percent per annum,_Z,Not applicable,_Z,Not applicable,_Z,Not applicable,_Z,Not applicable,N,National,2015,,-0.0193757,,A,Normal value,0,Units,2,Two,,
DATAFLOW,OECD.SDD.STES:DSD_STES@DF_FINMARK(4.0),Financial market,I,DEU,Germany,A,Annual,IR3TIB,Short-term interest rates,PA,Percent per annum,_Z,Not applicable,_Z,Not applicable,_Z,Not applicable,_Z,Not applicable,N,National,2016,,-0.2636957,,A,Normal value,0,Units,2,Two,,
DATAFLOW,OECD.SDD.STES:DSD_STES@DF_FINMARK(4.0),Financial market,I,DEU,Germany,A,Annual,IR3TIB,Short-term interest rates,PA,Percent per annum,_Z,Not applicable,_Z,Not applicable,_Z,Not applicable,_Z,Not applicable,N,National,2017,,-0.3290561,,A,Normal value,0,Units,2,Two,,
DATAFLOW,OECD.SDD.STES:DSD_STES@DF_FINMARK(4.0),Financial market,I,DEU,Germany,A,Annual,IR3TIB,Short-term interest rates,PA,Percent per annum,_Z,Not applicable,_Z,Not applicable,_Z,Not applicable,_Z,Not applicable,N,National,2018,,-0.322093,,A,Normal value,0,Units,2,Two,,
DATAFLOW,OECD.SDD.STES:DSD_STES@DF_FINMARK(4.0),Financial market,I,DEU,Germany,A,Annual,IR3TIB,Short-term interest rates,PA,Percent per annum,_Z,Not applicable,_Z,Not applicable,_Z,Not applicable,_Z,Not applicable,N,National,2019,,-0.3563193,,A,Normal value,0,Units,2,Two,,
DATAFLOW,OECD.SDD.STES:DSD_STES@DF_FINMARK(4.0),Financial market,I,DEU,Germany,A,Annual,IR3TIB,Short-term interest rates,PA,Percent per annum,_Z,Not applicable,_Z,Not applicable,_Z,Not applicable,_Z,Not applicable,N,National,2020,,-0.4251596,,A,Normal value,0,Units,2,Two,,
DATAFLOW,OECD.SDD.STES:DSD_STES@DF_FINMARK(4.0),Financial market,I,DEU,Germany,A,Annual,IR3TIB,Short-term interest rates,PA,Percent per annum,_Z,Not applicable,_Z,Not applicable,_Z,Not applicable,_Z,Not applicable,N,National,2021,,-0.5487563,,A,Normal value,0,Units,2,Two,,
DATAFLOW,OECD.SDD.STES:DSD_STES@DF_FINMARK(4.0),Financial market,I,DEU,Germany,A,Annual,IR3TIB,Short-term interest rates,PA,Percent per annum,_Z,Not applicable,_Z,Not applicable,_Z,Not applicable,_Z,Not applicable,N,National,2022,,0.3415554,,A,Normal value,0,Units,2,Two,,
DATAFLOW,OECD.SDD.STES:DSD_STES@DF_FINMARK(4.0),Financial market,I,GRC,Greece,A,Annual,IR3TIB,Short-term interest rates,PA,Percent per annum,_Z,Not applicable,_Z,Not applicable,_Z,Not applicable,_Z,Not applicable,N,National,1995,,16.40415,,A,Normal value,0,Units,2,Two,,
DATAFLOW,OECD.SDD.STES:DSD_STES@DF_FINMARK(4.0),Financial market,I,GRC,Greece,A,Annual,IR3TIB,Short-term interest rates,PA,Percent per annum,_Z,Not applicable,_Z,Not applicable,_Z,Not applicable,_Z,Not applicable,N,National,1996,,13.78157,,A,Normal value,0,Units,2,Two,,
DATAFLOW,OECD.SDD.STES:DSD_STES@DF_FINMARK(4.0),Financial market,I,GRC,Greece,A,Annual,IR3TIB,Short-term interest rates,PA,Percent per annum,_Z,Not applicable,_Z,Not applicable,_Z,Not applicable,_Z,Not applicable,N,National,1997,,12.88379,,A,Normal value,0,Units,2,Two,,
DATAFLOW,OECD.SDD.STES:DSD_STES@DF_FINMARK(4.0),Financial market,I,GRC,Greece,A,Annual,IR3TIB,Short-term interest rates,PA,Percent per annum,_Z,Not applicable,_Z,Not applicable,_Z,Not applicable,_Z,Not applicable,N,National,1998,,13.91549,,A,Normal value,0,Units,2,Two,,
DATAFLOW,OECD.SDD.STES:DSD_STES@DF_FINMARK(4.0),Financial market,I,GRC,Greece,A,Annual,IR3TIB,Short-term interest rates,PA,Percent per annum,_Z,Not applicable,_Z,Not applicable,_Z,Not applicable,_Z,Not applicable,N,National,1999,,10.31317,,A,Normal value,0,Units,2,Two,,
DATAFLOW,OECD.SDD.STES:DSD_STES@DF_FINMARK(4.0),Financial market,I,GRC,Greece,A,Annual,IR3TIB,Short-term interest rates,PA,Percent per annum,_Z,Not applicable,_Z,Not applicable,_Z,Not applicable,_Z,Not applicable,N,National,2001,,4.26178,,A,Normal value,0,Units,2,Two,,
DATAFLOW,OECD.SDD.STES:DSD_STES@DF_FINMARK(4.0),Financial market,I,GRC,Greece,A,Annual,IR3TIB,Short-term interest rates,PA,Percent per annum,_Z,Not applicable,_Z,Not applicable,_Z,Not applicable,_Z,Not applicable,N,National,2002,,3.318602,,A,Normal value,0,Units,2,Two,,
DATAFLOW,OECD.SDD.STES:DSD_STES@DF_FINMARK(4.0),Financial market,I,GRC,Greece,A,Annual,IR3TIB,Short-term interest rates,PA,Percent per annum,_Z,Not applicable,_Z,Not applicable,_Z,Not applicable,_Z,Not applicable,N,National,2003,,2.333474,,A,Normal value,0,Units,2,Two,,
DATAFLOW,OECD.SDD.STES:DSD_STES@DF_FINMARK(4.0),Financial market,I,GRC,Greece,A,Annual,IR3TIB,Short-term interest rates,PA,Percent per annum,_Z,Not applicable,_Z,Not applicable,_Z,Not applicable,_Z,Not applicable,N,National,2004,,2.106323,,A,Normal value,0,Units,2,Two,,
DATAFLOW,OECD.SDD.STES:DSD_STES@DF_FINMARK(4.0),Financial market,I,GRC,Greece,A,Annual,IR3TIB,Short-term interest rates,PA,Percent per annum,_Z,Not applicable,_Z,Not applicable,_Z,Not applicable,_Z,Not applicable,N,National,2005,,2.184689,,A,Normal value,0,Units,2,Two,,
DATAFLOW,OECD.SDD.STES:DSD_STES@DF_FINMARK(4.0),Financial market,I,GRC,Greece,A,Annual,IR3TIB,Short-term interest rates,PA,Percent per annum,_Z,Not applicable,_Z,Not applicable,_Z,Not applicable,_Z,Not applicable,N,National,2006,,3.079212,,A,Normal value,0,Units,2,Two,,
DATAFLOW,OECD.SDD.STES:DSD_STES@DF_FINMARK(4.0),Financial market,I,GRC,Greece,A,Annual,IR3TIB,Short-term interest rates,PA,Percent per annum,_Z,Not applicable,_Z,Not applicable,_Z,Not applicable,_Z,Not applicable,N,National,2007,,4.277596,,A,Normal value,0,Units,2,Two,,
DATAFLOW,OECD.SDD.STES:DSD_STES@DF_FINMARK(4.0),Financial market,I,GRC,Greece,A,Annual,IR3TIB,Short-term interest rates,PA,Percent per annum,_Z,Not applicable,_Z,Not applicable,_Z,Not applicable,_Z,Not applicable,N,National,2008,,4.634233,,A,Normal value,0,Units,2,Two,,
DATAFLOW,OECD.SDD.STES:DSD_STES@DF_FINMARK(4.0),Financial market,I,GRC,Greece,A,Annual,IR3TIB,Short-term interest rates,PA,Percent per annum,_Z,Not applicable,_Z,Not applicable,_Z,Not applicable,_Z,Not applicable,N,National,2009,,1.22835,,A,Normal value,0,Units,2,Two,,
DATAFLOW,OECD.SDD.STES:DSD_STES@DF_FINMARK(4.0),Financial market,I,GRC,Greece,A,Annual,IR3TIB,Short-term interest rates,PA,Percent per annum,_Z,Not applicable,_Z,Not applicable,_Z,Not applicable,_Z,Not applicable,N,National,2010,,0.8109539,,A,Normal value,0,Units,2,Two,,
DATAFLOW,OECD.SDD.STES:DSD_STES@DF_FINMARK(4.0),Financial market,I,GRC,Greece,A,Annual,IR3TIB,Short-term interest rates,PA,Percent per annum,_Z,Not applicable,_Z,Not applicable,_Z,Not applicable,_Z,Not applicable,N,National,2011,,1.3906,,A,Normal value,0,Units,2,Two,,
DATAFLOW,OECD.SDD.STES:DSD_STES@DF_FINMARK(4.0),Financial market,I,GRC,Greece,A,Annual,IR3TIB,Short-term interest rates,PA,Percent per annum,_Z,Not applicable,_Z,Not applicable,_Z,Not applicable,_Z,Not applicable,N,National,2012,,0.5731811,,A,Normal value,0,Units,2,Two,,
DATAFLOW,OECD.SDD.STES:DSD_STES@DF_FINMARK(4.0),Financial market,I,GRC,Greece,A,Annual,IR3TIB,Short-term interest rates,PA,Percent per annum,_Z,Not applicable,_Z,Not applicable,_Z,Not applicable,_Z,Not applicable,N,National,2013,,0.2206612,,A,Normal value,0,Units,2,Two,,
DATAFLOW,OECD.SDD.STES:DSD_STES@DF_FINMARK(4.0),Financial market,I,GRC,Greece,A,Annual,IR3TIB,Short-term interest rates,PA,Percent per annum,_Z,Not applicable,_Z,Not applicable,_Z,Not applicable,_Z,Not applicable,N,National,2014,,0.2099457,,A,Normal value,0,Units,2,Two,,
DATAFLOW,OECD.SDD.STES:DSD_STES@DF_FINMARK(4.0),Financial market,I,GRC,Greece,A,Annual,IR3TIB,Short-term interest rates,PA,Percent per annum,_Z,Not applicable,_Z,Not applicable,_Z,Not applicable,_Z,Not applicable,N,National,2015,,-0.0193757,,A,Normal value,0,Units,2,Two,,
DATAFLOW,OECD.SDD.STES:DSD_STES@DF_FINMARK(4.0),Financial market,I,GRC,Greece,A,Annual,IR3TIB,Short-term interest rates,PA,Percent per annum,_Z,Not applicable,_Z,Not applicable,_Z,Not applicable,_Z,Not applicable,N,National,2016,,-0.2636957,,A,Normal value,0,Units,2,Two,,
DATAFLOW,OECD.SDD.STES:DSD_STES@DF_FINMARK(4.0),Financial market,I,GRC,Greece,A,Annual,IR3TIB,Short-term interest rates,PA,Percent per annum,_Z,Not applicable,_Z,Not applicable,_Z,Not applicable,_Z,Not applicable,N,National,2017,,-0.3290561,,A,Normal value,0,Units,2,Two,,
DATAFLOW,OECD.SDD.STES:DSD_STES@DF_FINMARK(4.0),Financial market,I,GRC,Greece,A,Annual,IR3TIB,Short-term interest rates,PA,Percent per annum,_Z,Not applicable,_Z,Not applicable,_Z,Not applicable,_Z,Not applicable,N,National,2018,,-0.322093,,A,Normal value,0,Units,2,Two,,
DATAFLOW,OECD.SDD.STES:DSD_STES@DF_FINMARK(4.0),Financial market,I,GRC,Greece,A,Annual,IR3TIB,Short-term interest rates,PA,Percent per annum,_Z,Not applicable,_Z,Not applicable,_Z,Not applicable,_Z,Not applicable,N,National,2019,,-0.3563193,,A,Normal value,0,Units,2,Two,,
DATAFLOW,OECD.SDD.STES:DSD_STES@DF_FINMARK(4.0),Financial market,I,GRC,Greece,A,Annual,IR3TIB,Short-term interest rates,PA,Percent per annum,_Z,Not applicable,_Z,Not applicable,_Z,Not applicable,_Z,Not applicable,N,National,2020,,-0.4251596,,A,Normal value,0,Units,2,Two,,
DATAFLOW,OECD.SDD.STES:DSD_STES@DF_FINMARK(4.0),Financial market,I,GRC,Greece,A,Annual,IR3TIB,Short-term interest rates,PA,Percent per annum,_Z,Not applicable,_Z,Not applicable,_Z,Not applicable,_Z,Not applicable,N,National,2021,,-0.5487563,,A,Normal value,0,Units,2,Two,,
DATAFLOW,OECD.SDD.STES:DSD_STES@DF_FINMARK(4.0),Financial market,I,GRC,Greece,A,Annual,IR3TIB,Short-term interest rates,PA,Percent per annum,_Z,Not applicable,_Z,Not applicable,_Z,Not applicable,_Z,Not applicable,N,National,2022,,0.3415554,,A,Normal value,0,Units,2,Two,,
DATAFLOW,OECD.SDD.STES:DSD_STES@DF_FINMARK(4.0),Financial market,I,HUN,Hungary,A,Annual,IR3TIB,Short-term interest rates,PA,Percent per annum,_Z,Not applicable,_Z,Not applicable,_Z,Not applicable,_Z,Not applicable,N,National,1991,,34.48333,,A,Normal value,0,Units,2,Two,,
DATAFLOW,OECD.SDD.STES:DSD_STES@DF_FINMARK(4.0),Financial market,I,HUN,Hungary,A,Annual,IR3TIB,Short-term interest rates,PA,Percent per annum,_Z,Not applicable,_Z,Not applicable,_Z,Not applicable,_Z,Not applicable,N,National,1992,,22.725,,A,Normal value,0,Units,2,Two,,
DATAFLOW,OECD.SDD.STES:DSD_STES@DF_FINMARK(4.0),Financial market,I,HUN,Hungary,A,Annual,IR3TIB,Short-term interest rates,PA,Percent per annum,_Z,Not applicable,_Z,Not applicable,_Z,Not applicable,_Z,Not applicable,N,National,1993,,17.21667,,A,Normal value,0,Units,2,Two,,
DATAFLOW,OECD.SDD.STES:DSD_STES@DF_FINMARK(4.0),Financial market,I,HUN,Hungary,A,Annual,IR3TIB,Short-term interest rates,PA,Percent per annum,_Z,Not applicable,_Z,Not applicable,_Z,Not applicable,_Z,Not applicable,N,National,1994,,26.93333,,A,Normal value,0,Units,2,Two,,
DATAFLOW,OECD.SDD.STES:DSD_STES@DF_FINMARK(4.0),Financial market,I,HUN,Hungary,A,Annual,IR3TIB,Short-term interest rates,PA,Percent per annum,_Z,Not applicable,_Z,Not applicable,_Z,Not applicable,_Z,Not applicable,N,National,1995,,32.04167,,A,Normal value,0,Units,2,Two,,
DATAFLOW,OECD.SDD.STES:DSD_STES@DF_FINMARK(4.0),Financial market,I,HUN,Hungary,A,Annual,IR3TIB,Short-term interest rates,PA,Percent per annum,_Z,Not applicable,_Z,Not applicable,_Z,Not applicable,_Z,Not applicable,N,National,1996,,23.95833,,A,Normal value,0,Units,2,Two,,
DATAFLOW,OECD.SDD.STES:DSD_STES@DF_FINMARK(4.0),Financial market,I,HUN,Hungary,A,Annual,IR3TIB,Short-term interest rates,PA,Percent per annum,_Z,Not applicable,_Z,Not applicable,_Z,Not applicable,_Z,Not applicable,N,National,1997,,20.13333,,A,Normal value,0,Units,2,Two,,
DATAFLOW,OECD.SDD.STES:DSD_STES@DF_FINMARK(4.0),Financial market,I,HUN,Hungary,A,Annual,IR3TIB,Short-term interest rates,PA,Percent per annum,_Z,Not applicable,_Z,Not applicable,_Z,Not applicable,_Z,Not applicable,N,National,1998,,17.99167,,A,Normal value,0,Units,2,Two,,
DATAFLOW,OECD.SDD.STES:DSD_STES@DF_FINMARK(4.0),Financial market,I,HUN,Hungary,A,Annual,IR3TIB,Short-term interest rates,PA,Percent per annum,_Z,Not applicable,_Z,Not applicable,_Z,Not applicable,_Z,Not applicable,N,National,1999,,14.65083,,A,Normal value,0,Units,2,Two,,
DATAFLOW,OECD.SDD.STES:DSD_STES@DF_FINMARK(4.0),Financial market,I,HUN,Hungary,A,Annual,IR3TIB,Short-term interest rates,PA,Percent per annum,_Z,Not applicable,_Z,Not applicable,_Z,Not applicable,_Z,Not applicable,N,National,2001,,10.86667,,A,Normal value,0,Units,2,Two,,
DATAFLOW,OECD.SDD.STES:DSD_STES@DF_FINMARK(4.0),Financial market,I,HUN,Hungary,A,Annual,IR3TIB,Short-term interest rates,PA,Percent per annum,_Z,Not applicable,_Z,Not applicable,_Z,Not applicable,_Z,Not applicable,N,National,2002,,9.208333,,A,Normal value,0,Units,2,Two,,
DATAFLOW,OECD.SDD.STES:DSD_STES@DF_FINMARK(4.0),Financial market,I,HUN,Hungary,A,Annual,IR3TIB,Short-term interest rates,PA,Percent per annum,_Z,Not applicable,_Z,Not applicable,_Z,Not applicable,_Z,Not applicable,N,National,2003,,8.485833,,A,Normal value,0,Units,2,Two,,
DATAFLOW,OECD.SDD.STES:DSD_STES@DF_FINMARK(4.0),Financial market,I,HUN,Hungary,A,Annual,IR3TIB,Short-term interest rates,PA,Percent per annum,_Z,Not applicable,_Z,Not applicable,_Z,Not applicable,_Z,Not applicable,N,National,2008,,9.019226,,A,Normal value,0,Units,2,Two,,
DATAFLOW,OECD.SDD.STES:DSD_STES@DF_FINMARK(4.0),Financial market,I,HUN,Hungary,A,Annual,IR3TIB,Short-term interest rates,PA,Percent per annum,_Z,Not applicable,_Z,Not applicable,_Z,Not applicable,_Z,Not applicable,N,National,2010,,6.179417,,A,Normal value,0,Units,2,Two,,
DATAFLOW,OECD.SDD.STES:DSD_STES@DF_FINMARK(4.0),Financial market,I,HUN,Hungary,A,Annual,IR3TIB,Short-term interest rates,PA,Percent per annum,_Z,Not applicable,_Z,Not applicable,_Z,Not applicable,_Z,Not applicable,N,National,2011,,6.576007,,A,Normal value,0,Units,2,Two,,
DATAFLOW,OECD.SDD.STES:DSD_STES@DF_FINMARK(4.0),Financial market,I,HUN,Hungary,A,Annual,IR3TIB,Short-term interest rates,PA,Percent per annum,_Z,Not applicable,_Z,Not applicable,_Z,Not applicable,_Z,Not applicable,N,National,2014,,2.493558,,A,Normal value,0,Units,2,Two,,
DATAFLOW,OECD.SDD.STES:DSD_STES@DF_FINMARK(4.0),Financial market,I,HUN,Hungary,A,Annual,IR3TIB,Short-term interest rates,PA,Percent per annum,_Z,Not applicable,_Z,Not applicable,_Z,Not applicable,_Z,Not applicable,N,National,2015,,1.491292,,A,Normal value,0,Units,2,Two,,
DATAFLOW,OECD.SDD.STES:DSD_STES@DF_FINMARK(4.0),Financial market,I,HUN,Hungary,A,Annual,IR3TIB,Short-term interest rates,PA,Percent per annum,_Z,Not applicable,_Z,Not applicable,_Z,Not applicable,_Z,Not applicable,N,National,2016,,0.9523166,,A,Normal value,0,Units,2,Two,,
DATAFLOW,OECD.SDD.STES:DSD_STES@DF_FINMARK(4.0),Financial market,I,HUN,Hungary,A,Annual,IR3TIB,Short-term interest rates,PA,Percent per annum,_Z,Not applicable,_Z,Not applicable,_Z,Not applicable,_Z,Not applicable,N,National,2017,,0.2189083,,A,Normal value,0,Units,2,Two,,
DATAFLOW,OECD.SDD.STES:DSD_STES@DF_FINMARK(4.0),Financial market,I,HUN,Hungary,A,Annual,IR3TIB,Short-term interest rates,PA,Percent per annum,_Z,Not applicable,_Z,Not applicable,_Z,Not applicable,_Z,Not applicable,N,National,2018,,0.1161,,A,Normal value,0,Units,2,Two,,
DATAFLOW,OECD.SDD.STES:DSD_STES@DF_FINMARK(4.0),Financial market,I,HUN,Hungary,A,Annual,IR3TIB,Short-term interest rates,PA,Percent per annum,_Z,Not applicable,_Z,Not applicable,_Z,Not applicable,_Z,Not applicable,N,National,2019,,0.1866917,,A,Normal value,0,Units,2,Two,,
DATAFLOW,OECD.SDD.STES:DSD_STES@DF_FINMARK(4.0),Financial market,I,HUN,Hungary,A,Annual,IR3TIB,Short-term interest rates,PA,Percent per annum,_Z,Not applicable,_Z,Not applicable,_Z,Not applicable,_Z,Not applicable,N,National,2020,,0.7022583,,A,Normal value,0,Units,2,Two,,
DATAFLOW,OECD.SDD.STES:DSD_STES@DF_FINMARK(4.0),Financial market,I,HUN,Hungary,A,Annual,IR3TIB,Short-term interest rates,PA,Percent per annum,_Z,Not applicable,_Z,Not applicable,_Z,Not applicable,_Z,Not applicable,N,National,2021,,1.367225,,A,Normal value,0,Units,2,Two,,
DATAFLOW,OECD.SDD.STES:DSD_STES@DF_FINMARK(4.0),Financial market,I,HUN,Hungary,A,Annual,IR3TIB,Short-term interest rates,PA,Percent per annum,_Z,Not applicable,_Z,Not applicable,_Z,Not applicable,_Z,Not applicable,N,National,2022,,9.973392,,A,Normal value,0,Units,2,Two,,
DATAFLOW,OECD.SDD.STES:DSD_STES@DF_FINMARK(4.0),Financial market,I,HUN,Hungary,A,Annual,IR3TIB,Short-term interest rates,PA,Percent per annum,_Z,Not applicable,_Z,Not applicable,_Z,Not applicable,_Z,Not applicable,N,National,2023,,13.6387,,A,Normal value,0,Units,2,Two,,
DATAFLOW,OECD.SDD.STES:DSD_STES@DF_FINMARK(4.0),Financial market,I,ISL,Iceland,A,Annual,IR3TIB,Short-term interest rates,PA,Percent per annum,_Z,Not applicable,_Z,Not applicable,_Z,Not applicable,_Z,Not applicable,N,National,1988,,31.025,,A,Normal value,0,Units,2,Two,,
DATAFLOW,OECD.SDD.STES:DSD_STES@DF_FINMARK(4.0),Financial market,I,ISL,Iceland,A,Annual,IR3TIB,Short-term interest rates,PA,Percent per annum,_Z,Not applicable,_Z,Not applicable,_Z,Not applicable,_Z,Not applicable,N,National,1989,,27.88333,,A,Normal value,0,Units,2,Two,,
DATAFLOW,OECD.SDD.STES:DSD_STES@DF_FINMARK(4.0),Financial market,I,ISL,Iceland,A,Annual,IR3TIB,Short-term interest rates,PA,Percent per annum,_Z,Not applicable,_Z,Not applicable,_Z,Not applicable,_Z,Not applicable,N,National,1990,,14.83333,,A,Normal value,0,Units,2,Two,,
DATAFLOW,OECD.SDD.STES:DSD_STES@DF_FINMARK(4.0),Financial market,I,ISL,Iceland,A,Annual,IR3TIB,Short-term interest rates,PA,Percent per annum,_Z,Not applicable,_Z,Not applicable,_Z,Not applicable,_Z,Not applicable,N,National,1991,,14.64167,,A,Normal value,0,Units,2,Two,,
DATAFLOW,OECD.SDD.STES:DSD_STES@DF_FINMARK(4.0),Financial market,I,ISL,Iceland,A,Annual,IR3TIB,Short-term interest rates,PA,Percent per annum,_Z,Not applicable,_Z,Not applicable,_Z,Not applicable,_Z,Not applicable,N,National,1992,,10.4975,,A,Normal value,0,Units,2,Two,,
DATAFLOW,OECD.SDD.STES:DSD_STES@DF_FINMARK(4.0),Financial market,I,ISL,Iceland,A,Annual,IR3TIB,Short-term interest rates,PA,Percent per annum,_Z,Not applicable,_Z,Not applicable,_Z,Not applicable,_Z,Not applicable,N,National,1993,,8.783334,,A,Normal value,0,Units,2,Two,,
DATAFLOW,OECD.SDD.STES:DSD_STES@DF_FINMARK(4.0),Financial market,I,ISL,Iceland,A,Annual,IR3TIB,Short-term interest rates,PA,Percent per annum,_Z,Not applicable,_Z,Not applicable,_Z,Not applicable,_Z,Not applicable,N,National,1994,,4.891667,,A,Normal value,0,Units,2,Two,,
DATAFLOW,OECD.SDD.STES:DSD_STES@DF_FINMARK(4.0),Financial market,I,ISL,Iceland,A,Annual,IR3TIB,Short-term interest rates,PA,Percent per annum,_Z,Not applicable,_Z,Not applicable,_Z,Not applicable,_Z,Not applicable,N,National,1995,,7.004167,,A,Normal value,0,Units,2,Two,,
DATAFLOW,OECD.SDD.STES:DSD_STES@DF_FINMARK(4.0),Financial market,I,ISL,Iceland,A,Annual,IR3TIB,Short-term interest rates,PA,Percent per annum,_Z,Not applicable,_Z,Not applicable,_Z,Not applicable,_Z,Not applicable,N,National,1996,,6.991667,,A,Normal value,0,Units,2,Two,,
DATAFLOW,OECD.SDD.STES:DSD_STES@DF_FINMARK(4.0),Financial market,I,ISL,Iceland,A,Annual,IR3TIB,Short-term interest rates,PA,Percent per annum,_Z,Not applicable,_Z,Not applicable,_Z,Not applicable,_Z,Not applicable,N,National,1997,,7.066667,,A,Normal value,0,Units,2,Two,,
DATAFLOW,OECD.SDD.STES:DSD_STES@DF_FINMARK(4.0),Financial market,I,ISL,Iceland,A,Annual,IR3TIB,Short-term interest rates,PA,Percent per annum,_Z,Not applicable,_Z,Not applicable,_Z,Not applicable,_Z,Not applicable,N,National,1998,,7.457833,,A,Normal value,0,Units,2,Two,,
DATAFLOW,OECD.SDD.STES:DSD_STES@DF_FINMARK(4.0),Financial market,I,ISL,Iceland,A,Annual,IR3TIB,Short-term interest rates,PA,Percent per annum,_Z,Not applicable,_Z,Not applicable,_Z,Not applicable,_Z,Not applicable,N,National,1999,,9.334,,A,Normal value,0,Units,2,Two,,
DATAFLOW,OECD.SDD.STES:DSD_STES@DF_FINMARK(4.0),Financial market,I,ISL,Iceland,A,Annual,IR3TIB,Short-term interest rates,PA,Percent per annum,_Z,Not applicable,_Z,Not applicable,_Z,Not applicable,_Z,Not applicable,N,National,2000,,11.21225,,A,Normal value,0,Units,2,Two,,
DATAFLOW,OECD.SDD.STES:DSD_STES@DF_FINMARK(4.0),Financial market,I,ISL,Iceland,A,Annual,IR3TIB,Short-term interest rates,PA,Percent per annum,_Z,Not applicable,_Z,Not applicable,_Z,Not applicable,_Z,Not applicable,N,National,2001,,11.9875,,A,Normal value,0,Units,2,Two,,
DATAFLOW,OECD.SDD.STES:DSD_STES@DF_FINMARK(4.0),Financial market,I,ISL,Iceland,A,Annual,IR3TIB,Short-term interest rates,PA,Percent per annum,_Z,Not applicable,_Z,Not applicable,_Z,Not applicable,_Z,Not applicable,N,National,2002,,8.974334,,A,Normal value,0,Units,2,Two,,
DATAFLOW,OECD.SDD.STES:DSD_STES@DF_FINMARK(4.0),Financial market,I,ISL,Iceland,A,Annual,IR3TIB,Short-term interest rates,PA,Percent per annum,_Z,Not applicable,_Z,Not applicable,_Z,Not applicable,_Z,Not applicable,N,National,2003,,5.349916,,A,Normal value,0,Units,2,Two,,
DATAFLOW,OECD.SDD.STES:DSD_STES@DF_FINMARK(4.0),Financial market,I,ISL,Iceland,A,Annual,IR3TIB,Short-term interest rates,PA,Percent per annum,_Z,Not applicable,_Z,Not applicable,_Z,Not applicable,_Z,Not applicable,N,National,2004,,6.288417,,A,Normal value,0,Units,2,Two,,
DATAFLOW,OECD.SDD.STES:DSD_STES@DF_FINMARK(4.0),Financial market,I,ISL,Iceland,A,Annual,IR3TIB,Short-term interest rates,PA,Percent per annum,_Z,Not applicable,_Z,Not applicable,_Z,Not applicable,_Z,Not applicable,N,National,2005,,9.35875,,A,Normal value,0,Units,2,Two,,
DATAFLOW,OECD.SDD.STES:DSD_STES@DF_FINMARK(4.0),Financial market,I,ISL,Iceland,A,Annual,IR3TIB,Short-term interest rates,PA,Percent per annum,_Z,Not applicable,_Z,Not applicable,_Z,Not applicable,_Z,Not applicable,N,National,2006,,12.35417,,A,Normal value,0,Units,2,Two,,
DATAFLOW,OECD.SDD.STES:DSD_STES@DF_FINMARK(4.0),Financial market,I,ISL,Iceland,A,Annual,IR3TIB,Short-term interest rates,PA,Percent per annum,_Z,Not applicable,_Z,Not applicable,_Z,Not applicable,_Z,Not applicable,N,National,2007,,14.29067,,A,Normal value,0,Units,2,Two,,
DATAFLOW,OECD.SDD.STES:DSD_STES@DF_FINMARK(4.0),Financial market,I,ISL,Iceland,A,Annual,IR3TIB,Short-term interest rates,PA,Percent per annum,_Z,Not applicable,_Z,Not applicable,_Z,Not applicable,_Z,Not applicable,N,National,2008,,15.82383,,A,Normal value,0,Units,2,Two,,
DATAFLOW,OECD.SDD.STES:DSD_STES@DF_FINMARK(4.0),Financial market,I,ISL,Iceland,A,Annual,IR3TIB,Short-term interest rates,PA,Percent per annum,_Z,Not applicable,_Z,Not applicable,_Z,Not applicable,_Z,Not applicable,N,National,2009,,11.28167,,A,Normal value,0,Units,2,Two,,
DATAFLOW,OECD.SDD.STES:DSD_STES@DF_FINMARK(4.0),Financial market,I,ISL,Iceland,A,Annual,IR3TIB,Short-term interest rates,PA,Percent per annum,_Z,Not applicable,_Z,Not applicable,_Z,Not applicable,_Z,Not applicable,N,National,2010,,6.789166,,A,Normal value,0,Units,2,Two,,
DATAFLOW,OECD.SDD.STES:DSD_STES@DF_FINMARK(4.0),Financial market,I,ISL,Iceland,A,Annual,IR3TIB,Short-term interest rates,PA,Percent per annum,_Z,Not applicable,_Z,Not applicable,_Z,Not applicable,_Z,Not applicable,N,National,2011,,4.256667,,A,Normal value,0,Units,2,Two,,
DATAFLOW,OECD.SDD.STES:DSD_STES@DF_FINMARK(4.0),Financial market,I,ISL,Iceland,A,Annual,IR3TIB,Short-term interest rates,PA,Percent per annum,_Z,Not applicable,_Z,Not applicable,_Z,Not applicable,_Z,Not applicable,N,National,2012,,5.513333,,A,Normal value,0,Units,2,Two,,
DATAFLOW,OECD.SDD.STES:DSD_STES@DF_FINMARK(4.0),Financial market,I,ISL,Iceland,A,Annual,IR3TIB,Short-term interest rates,PA,Percent per annum,_Z,Not applicable,_Z,Not applicable,_Z,Not applicable,_Z,Not applicable,N,National,2013,,6.188334,,A,Normal value,0,Units,2,Two,,
DATAFLOW,OECD.SDD.STES:DSD_STES@DF_FINMARK(4.0),Financial market,I,ISL,Iceland,A,Annual,IR3TIB,Short-term interest rates,PA,Percent per annum,_Z,Not applicable,_Z,Not applicable,_Z,Not applicable,_Z,Not applicable,N,National,2014,,6.0525,,A,Normal value,0,Units,2,Two,,
DATAFLOW,OECD.SDD.STES:DSD_STES@DF_FINMARK(4.0),Financial market,I,ISL,Iceland,A,Annual,IR3TIB,Short-term interest rates,PA,Percent per annum,_Z,Not applicable,_Z,Not applicable,_Z,Not applicable,_Z,Not applicable,N,National,2015,,5.891667,,A,Normal value,0,Units,2,Two,,
DATAFLOW,OECD.SDD.STES:DSD_STES@DF_FINMARK(4.0),Financial market,I,ISL,Iceland,A,Annual,IR3TIB,Short-term interest rates,PA,Percent per annum,_Z,Not applicable,_Z,Not applicable,_Z,Not applicable,_Z,Not applicable,N,National,2016,,6.279167,,A,Normal value,0,Units,2,Two,,
DATAFLOW,OECD.SDD.STES:DSD_STES@DF_FINMARK(4.0),Financial market,I,ISL,Iceland,A,Annual,IR3TIB,Short-term interest rates,PA,Percent per annum,_Z,Not applicable,_Z,Not applicable,_Z,Not applicable,_Z,Not applicable,N,National,2017,,5.063334,,A,Normal value,0,Units,2,Two,,
DATAFLOW,OECD.SDD.STES:DSD_STES@DF_FINMARK(4.0),Financial market,I,ISL,Iceland,A,Annual,IR3TIB,Short-term interest rates,PA,Percent per annum,_Z,Not applicable,_Z,Not applicable,_Z,Not applicable,_Z,Not applicable,N,National,2018,,4.7225,,A,Normal value,0,Units,2,Two,,
DATAFLOW,OECD.SDD.STES:DSD_STES@DF_FINMARK(4.0),Financial market,I,ISL,Iceland,A,Annual,IR3TIB,Short-term interest rates,PA,Percent per annum,_Z,Not applicable,_Z,Not applicable,_Z,Not applicable,_Z,Not applicable,N,National,2019,,4.393333,,A,Normal value,0,Units,2,Two,,
DATAFLOW,OECD.SDD.STES:DSD_STES@DF_FINMARK(4.0),Financial market,I,ISL,Iceland,A,Annual,IR3TIB,Short-term interest rates,PA,Percent per annum,_Z,Not applicable,_Z,Not applicable,_Z,Not applicable,_Z,Not applicable,N,National,2020,,2.006667,,A,Normal value,0,Units,2,Two,,
DATAFLOW,OECD.SDD.STES:DSD_STES@DF_FINMARK(4.0),Financial market,I,ISL,Iceland,A,Annual,IR3TIB,Short-term interest rates,PA,Percent per annum,_Z,Not applicable,_Z,Not applicable,_Z,Not applicable,_Z,Not applicable,N,National,2021,,1.789167,,A,Normal value,0,Units,2,Two,,
DATAFLOW,OECD.SDD.STES:DSD_STES@DF_FINMARK(4.0),Financial market,I,ISL,Iceland,A,Annual,IR3TIB,Short-term interest rates,PA,Percent per annum,_Z,Not applicable,_Z,Not applicable,_Z,Not applicable,_Z,Not applicable,N,National,2022,,5.126667,,A,Normal value,0,Units,2,Two,,
DATAFLOW,OECD.SDD.STES:DSD_STES@DF_FINMARK(4.0),Financial market,I,ISL,Iceland,A,Annual,IR3TIB,Short-term interest rates,PA,Percent per annum,_Z,Not applicable,_Z,Not applicable,_Z,Not applicable,_Z,Not applicable,N,National,2023,,9.035,,A,Normal value,0,Units,2,Two,,
DATAFLOW,OECD.SDD.STES:DSD_STES@DF_FINMARK(4.0),Financial market,I,IRL,Ireland,A,Annual,IR3TIB,Short-term interest rates,PA,Percent per annum,_Z,Not applicable,_Z,Not applicable,_Z,Not applicable,_Z,Not applicable,N,National,1984,,13.23083,,A,Normal value,0,Units,2,Two,,
DATAFLOW,OECD.SDD.STES:DSD_STES@DF_FINMARK(4.0),Financial market,I,IRL,Ireland,A,Annual,IR3TIB,Short-term interest rates,PA,Percent per annum,_Z,Not applicable,_Z,Not applicable,_Z,Not applicable,_Z,Not applicable,N,National,1985,,11.925,,A,Normal value,0,Units,2,Two,,
DATAFLOW,OECD.SDD.STES:DSD_STES@DF_FINMARK(4.0),Financial market,I,IRL,Ireland,A,Annual,IR3TIB,Short-term interest rates,PA,Percent per annum,_Z,Not applicable,_Z,Not applicable,_Z,Not applicable,_Z,Not applicable,N,National,1986,,12.52083,,A,Normal value,0,Units,2,Two,,
DATAFLOW,OECD.SDD.STES:DSD_STES@DF_FINMARK(4.0),Financial market,I,IRL,Ireland,A,Annual,IR3TIB,Short-term interest rates,PA,Percent per annum,_Z,Not applicable,_Z,Not applicable,_Z,Not applicable,_Z,Not applicable,N,National,1987,,10.83333,,A,Normal value,0,Units,2,Two,,
DATAFLOW,OECD.SDD.STES:DSD_STES@DF_FINMARK(4.0),Financial market,I,IRL,Ireland,A,Annual,IR3TIB,Short-term interest rates,PA,Percent per annum,_Z,Not applicable,_Z,Not applicable,_Z,Not applicable,_Z,Not applicable,N,National,1988,,8.045834,,A,Normal value,0,Units,2,Two,,
DATAFLOW,OECD.SDD.STES:DSD_STES@DF_FINMARK(4.0),Financial market,I,IRL,Ireland,A,Annual,IR3TIB,Short-term interest rates,PA,Percent per annum,_Z,Not applicable,_Z,Not applicable,_Z,Not applicable,_Z,Not applicable,N,National,1989,,10.035,,A,Normal value,0,Units,2,Two,,
DATAFLOW,OECD.SDD.STES:DSD_STES@DF_FINMARK(4.0),Financial market,I,IRL,Ireland,A,Annual,IR3TIB,Short-term interest rates,PA,Percent per annum,_Z,Not applicable,_Z,Not applicable,_Z,Not applicable,_Z,Not applicable,N,National,1990,,11.30667,,A,Normal value,0,Units,2,Two,,
DATAFLOW,OECD.SDD.STES:DSD_STES@DF_FINMARK(4.0),Financial market,I,IRL,Ireland,A,Annual,IR3TIB,Short-term interest rates,PA,Percent per annum,_Z,Not applicable,_Z,Not applicable,_Z,Not applicable,_Z,Not applicable,N,National,1991,,10.4275,,A,Normal value,0,Units,2,Two,,
DATAFLOW,OECD.SDD.STES:DSD_STES@DF_FINMARK(4.0),Financial market,I,IRL,Ireland,A,Annual,IR3TIB,Short-term interest rates,PA,Percent per annum,_Z,Not applicable,_Z,Not applicable,_Z,Not applicable,_Z,Not applicable,N,National,1992,,14.31833,,A,Normal value,0,Units,2,Two,,
DATAFLOW,OECD.SDD.STES:DSD_STES@DF_FINMARK(4.0),Financial market,I,IRL,Ireland,A,Annual,IR3TIB,Short-term interest rates,PA,Percent per annum,_Z,Not applicable,_Z,Not applicable,_Z,Not applicable,_Z,Not applicable,N,National,1993,,9.119166,,A,Normal value,0,Units,2,Two,,
DATAFLOW,OECD.SDD.STES:DSD_STES@DF_FINMARK(4.0),Financial market,I,IRL,Ireland,A,Annual,IR3TIB,Short-term interest rates,PA,Percent per annum,_Z,Not applicable,_Z,Not applicable,_Z,Not applicable,_Z,Not applicable,N,National,1994,,5.93,,A,Normal value,0,Units,2,Two,,
DATAFLOW,OECD.SDD.STES:DSD_STES@DF_FINMARK(4.0),Financial market,I,IRL,Ireland,A,Annual,IR3TIB,Short-term interest rates,PA,Percent per annum,_Z,Not applicable,_Z,Not applicable,_Z,Not applicable,_Z,Not applicable,N,National,1995,,6.2475,,A,Normal value,0,Units,2,Two,,
DATAFLOW,OECD.SDD.STES:DSD_STES@DF_FINMARK(4.0),Financial market,I,IRL,Ireland,A,Annual,IR3TIB,Short-term interest rates,PA,Percent per annum,_Z,Not applicable,_Z,Not applicable,_Z,Not applicable,_Z,Not applicable,N,National,1996,,5.418334,,A,Normal value,0,Units,2,Two,,
DATAFLOW,OECD.SDD.STES:DSD_STES@DF_FINMARK(4.0),Financial market,I,IRL,Ireland,A,Annual,IR3TIB,Short-term interest rates,PA,Percent per annum,_Z,Not applicable,_Z,Not applicable,_Z,Not applicable,_Z,Not applicable,N,National,1997,,6.091667,,A,Normal value,0,Units,2,Two,,
DATAFLOW,OECD.SDD.STES:DSD_STES@DF_FINMARK(4.0),Financial market,I,IRL,Ireland,A,Annual,IR3TIB,Short-term interest rates,PA,Percent per annum,_Z,Not applicable,_Z,Not applicable,_Z,Not applicable,_Z,Not applicable,N,National,1998,,5.425833,,A,Normal value,0,Units,2,Two,,
DATAFLOW,OECD.SDD.STES:DSD_STES@DF_FINMARK(4.0),Financial market,I,IRL,Ireland,A,Annual,IR3TIB,Short-term interest rates,PA,Percent per annum,_Z,Not applicable,_Z,Not applicable,_Z,Not applicable,_Z,Not applicable,N,National,1999,,2.963488,,A,Normal value,0,Units,2,Two,,
DATAFLOW,OECD.SDD.STES:DSD_STES@DF_FINMARK(4.0),Financial market,I,IRL,Ireland,A,Annual,IR3TIB,Short-term interest rates,PA,Percent per annum,_Z,Not applicable,_Z,Not applicable,_Z,Not applicable,_Z,Not applicable,N,National,2000,,4.391766,,A,Normal value,0,Units,2,Two,,
DATAFLOW,OECD.SDD.STES:DSD_STES@DF_FINMARK(4.0),Financial market,I,IRL,Ireland,A,Annual,IR3TIB,Short-term interest rates,PA,Percent per annum,_Z,Not applicable,_Z,Not applicable,_Z,Not applicable,_Z,Not applicable,N,National,2001,,4.26178,,A,Normal value,0,Units,2,Two,,
DATAFLOW,OECD.SDD.STES:DSD_STES@DF_FINMARK(4.0),Financial market,I,IRL,Ireland,A,Annual,IR3TIB,Short-term interest rates,PA,Percent per annum,_Z,Not applicable,_Z,Not applicable,_Z,Not applicable,_Z,Not applicable,N,National,2002,,3.318602,,A,Normal value,0,Units,2,Two,,
DATAFLOW,OECD.SDD.STES:DSD_STES@DF_FINMARK(4.0),Financial market,I,IRL,Ireland,A,Annual,IR3TIB,Short-term interest rates,PA,Percent per annum,_Z,Not applicable,_Z,Not applicable,_Z,Not applicable,_Z,Not applicable,N,National,2003,,2.333474,,A,Normal value,0,Units,2,Two,,
DATAFLOW,OECD.SDD.STES:DSD_STES@DF_FINMARK(4.0),Financial market,I,IRL,Ireland,A,Annual,IR3TIB,Short-term interest rates,PA,Percent per annum,_Z,Not applicable,_Z,Not applicable,_Z,Not applicable,_Z,Not applicable,N,National,2004,,2.106323,,A,Normal value,0,Units,2,Two,,
DATAFLOW,OECD.SDD.STES:DSD_STES@DF_FINMARK(4.0),Financial market,I,IRL,Ireland,A,Annual,IR3TIB,Short-term interest rates,PA,Percent per annum,_Z,Not applicable,_Z,Not applicable,_Z,Not applicable,_Z,Not applicable,N,National,2005,,2.184689,,A,Normal value,0,Units,2,Two,,
DATAFLOW,OECD.SDD.STES:DSD_STES@DF_FINMARK(4.0),Financial market,I,IRL,Ireland,A,Annual,IR3TIB,Short-term interest rates,PA,Percent per annum,_Z,Not applicable,_Z,Not applicable,_Z,Not applicable,_Z,Not applicable,N,National,2006,,3.079212,,A,Normal value,0,Units,2,Two,,
DATAFLOW,OECD.SDD.STES:DSD_STES@DF_FINMARK(4.0),Financial market,I,IRL,Ireland,A,Annual,IR3TIB,Short-term interest rates,PA,Percent per annum,_Z,Not applicable,_Z,Not applicable,_Z,Not applicable,_Z,Not applicable,N,National,2007,,4.277596,,A,Normal value,0,Units,2,Two,,
DATAFLOW,OECD.SDD.STES:DSD_STES@DF_FINMARK(4.0),Financial market,I,IRL,Ireland,A,Annual,IR3TIB,Short-term interest rates,PA,Percent per annum,_Z,Not applicable,_Z,Not applicable,_Z,Not applicable,_Z,Not applicable,N,National,2008,,4.634233,,A,Normal value,0,Units,2,Two,,
DATAFLOW,OECD.SDD.STES:DSD_STES@DF_FINMARK(4.0),Financial market,I,IRL,Ireland,A,Annual,IR3TIB,Short-term interest rates,PA,Percent per annum,_Z,Not applicable,_Z,Not applicable,_Z,Not applicable,_Z,Not applicable,N,National,2009,,1.22835,,A,Normal value,0,Units,2,Two,,
DATAFLOW,OECD.SDD.STES:DSD_STES@DF_FINMARK(4.0),Financial market,I,IRL,Ireland,A,Annual,IR3TIB,Short-term interest rates,PA,Percent per annum,_Z,Not applicable,_Z,Not applicable,_Z,Not applicable,_Z,Not applicable,N,National,2010,,0.8109539,,A,Normal value,0,Units,2,Two,,
DATAFLOW,OECD.SDD.STES:DSD_STES@DF_FINMARK(4.0),Financial market,I,IRL,Ireland,A,Annual,IR3TIB,Short-term interest rates,PA,Percent per annum,_Z,Not applicable,_Z,Not applicable,_Z,Not applicable,_Z,Not applicable,N,National,2011,,1.3906,,A,Normal value,0,Units,2,Two,,
DATAFLOW,OECD.SDD.STES:DSD_STES@DF_FINMARK(4.0),Financial market,I,IRL,Ireland,A,Annual,IR3TIB,Short-term interest rates,PA,Percent per annum,_Z,Not applicable,_Z,Not applicable,_Z,Not applicable,_Z,Not applicable,N,National,2012,,0.5731811,,A,Normal value,0,Units,2,Two,,
DATAFLOW,OECD.SDD.STES:DSD_STES@DF_FINMARK(4.0),Financial market,I,IRL,Ireland,A,Annual,IR3TIB,Short-term interest rates,PA,Percent per annum,_Z,Not applicable,_Z,Not applicable,_Z,Not applicable,_Z,Not applicable,N,National,2013,,0.2206612,,A,Normal value,0,Units,2,Two,,
DATAFLOW,OECD.SDD.STES:DSD_STES@DF_FINMARK(4.0),Financial market,I,IRL,Ireland,A,Annual,IR3TIB,Short-term interest rates,PA,Percent per annum,_Z,Not applicable,_Z,Not applicable,_Z,Not applicable,_Z,Not applicable,N,National,2014,,0.2099457,,A,Normal value,0,Units,2,Two,,
DATAFLOW,OECD.SDD.STES:DSD_STES@DF_FINMARK(4.0),Financial market,I,IRL,Ireland,A,Annual,IR3TIB,Short-term interest rates,PA,Percent per annum,_Z,Not applicable,_Z,Not applicable,_Z,Not applicable,_Z,Not applicable,N,National,2015,,-0.0193757,,A,Normal value,0,Units,2,Two,,
DATAFLOW,OECD.SDD.STES:DSD_STES@DF_FINMARK(4.0),Financial market,I,IRL,Ireland,A,Annual,IR3TIB,Short-term interest rates,PA,Percent per annum,_Z,Not applicable,_Z,Not applicable,_Z,Not applicable,_Z,Not applicable,N,National,2016,,-0.2636957,,A,Normal value,0,Units,2,Two,,
DATAFLOW,OECD.SDD.STES:DSD_STES@DF_FINMARK(4.0),Financial market,I,IRL,Ireland,A,Annual,IR3TIB,Short-term interest rates,PA,Percent per annum,_Z,Not applicable,_Z,Not applicable,_Z,Not applicable,_Z,Not applicable,N,National,2017,,-0.3290561,,A,Normal value,0,Units,2,Two,,
DATAFLOW,OECD.SDD.STES:DSD_STES@DF_FINMARK(4.0),Financial market,I,IRL,Ireland,A,Annual,IR3TIB,Short-term interest rates,PA,Percent per annum,_Z,Not applicable,_Z,Not applicable,_Z,Not applicable,_Z,Not applicable,N,National,2018,,-0.322093,,A,Normal value,0,Units,2,Two,,
DATAFLOW,OECD.SDD.STES:DSD_STES@DF_FINMARK(4.0),Financial market,I,IRL,Ireland,A,Annual,IR3TIB,Short-term interest rates,PA,Percent per annum,_Z,Not applicable,_Z,Not applicable,_Z,Not applicable,_Z,Not applicable,N,National,2019,,-0.3563193,,A,Normal value,0,Units,2,Two,,
DATAFLOW,OECD.SDD.STES:DSD_STES@DF_FINMARK(4.0),Financial market,I,IRL,Ireland,A,Annual,IR3TIB,Short-term interest rates,PA,Percent per annum,_Z,Not applicable,_Z,Not applicable,_Z,Not applicable,_Z,Not applicable,N,National,2020,,-0.4251596,,A,Normal value,0,Units,2,Two,,
DATAFLOW,OECD.SDD.STES:DSD_STES@DF_FINMARK(4.0),Financial market,I,IRL,Ireland,A,Annual,IR3TIB,Short-term interest rates,PA,Percent per annum,_Z,Not applicable,_Z,Not applicable,_Z,Not applicable,_Z,Not applicable,N,National,2021,,-0.5487563,,A,Normal value,0,Units,2,Two,,
DATAFLOW,OECD.SDD.STES:DSD_STES@DF_FINMARK(4.0),Financial market,I,IRL,Ireland,A,Annual,IR3TIB,Short-term interest rates,PA,Percent per annum,_Z,Not applicable,_Z,Not applicable,_Z,Not applicable,_Z,Not applicable,N,National,2022,,0.3415554,,A,Normal value,0,Units,2,Two,,
DATAFLOW,OECD.SDD.STES:DSD_STES@DF_FINMARK(4.0),Financial market,I,ISR,Israel,A,Annual,IR3TIB,Short-term interest rates,PA,Percent per annum,_Z,Not applicable,_Z,Not applicable,_Z,Not applicable,_Z,Not applicable,N,National,1992,,11.87024,,A,Normal value,0,Units,2,Two,,
DATAFLOW,OECD.SDD.STES:DSD_STES@DF_FINMARK(4.0),Financial market,I,ISR,Israel,A,Annual,IR3TIB,Short-term interest rates,PA,Percent per annum,_Z,Not applicable,_Z,Not applicable,_Z,Not applicable,_Z,Not applicable,N,National,1993,,11.09246,,A,Normal value,0,Units,2,Two,,
DATAFLOW,OECD.SDD.STES:DSD_STES@DF_FINMARK(4.0),Financial market,I,ISR,Israel,A,Annual,IR3TIB,Short-term interest rates,PA,Percent per annum,_Z,Not applicable,_Z,Not applicable,_Z,Not applicable,_Z,Not applicable,N,National,1994,,12.80345,,A,Normal value,0,Units,2,Two,,
DATAFLOW,OECD.SDD.STES:DSD_STES@DF_FINMARK(4.0),Financial market,I,ISR,Israel,A,Annual,IR3TIB,Short-term interest rates,PA,Percent per annum,_Z,Not applicable,_Z,Not applicable,_Z,Not applicable,_Z,Not applicable,N,National,1995,,14.70411,,A,Normal value,0,Units,2,Two,,
DATAFLOW,OECD.SDD.STES:DSD_STES@DF_FINMARK(4.0),Financial market,I,ISR,Israel,A,Annual,IR3TIB,Short-term interest rates,PA,Percent per annum,_Z,Not applicable,_Z,Not applicable,_Z,Not applicable,_Z,Not applicable,N,National,1996,,15.66679,,A,Normal value,0,Units,2,Two,,
DATAFLOW,OECD.SDD.STES:DSD_STES@DF_FINMARK(4.0),Financial market,I,ISR,Israel,A,Annual,IR3TIB,Short-term interest rates,PA,Percent per annum,_Z,Not applicable,_Z,Not applicable,_Z,Not applicable,_Z,Not applicable,N,National,1997,,13.76988,,A,Normal value,0,Units,2,Two,,
DATAFLOW,OECD.SDD.STES:DSD_STES@DF_FINMARK(4.0),Financial market,I,ISR,Israel,A,Annual,IR3TIB,Short-term interest rates,PA,Percent per annum,_Z,Not applicable,_Z,Not applicable,_Z,Not applicable,_Z,Not applicable,N,National,1998,,11.94115,,A,Normal value,0,Units,2,Two,,
DATAFLOW,OECD.SDD.STES:DSD_STES@DF_FINMARK(4.0),Financial market,I,ISR,Israel,A,Annual,IR3TIB,Short-term interest rates,PA,Percent per annum,_Z,Not applicable,_Z,Not applicable,_Z,Not applicable,_Z,Not applicable,N,National,1999,,12.03709,,A,Normal value,0,Units,2,Two,,
DATAFLOW,OECD.SDD.STES:DSD_STES@DF_FINMARK(4.0),Financial market,I,ISR,Israel,A,Annual,IR3TIB,Short-term interest rates,PA,Percent per annum,_Z,Not applicable,_Z,Not applicable,_Z,Not applicable,_Z,Not applicable,N,National,2000,,9.045343,,A,Normal value,0,Units,2,Two,,
DATAFLOW,OECD.SDD.STES:DSD_STES@DF_FINMARK(4.0),Financial market,I,ISR,Israel,A,Annual,IR3TIB,Short-term interest rates,PA,Percent per annum,_Z,Not applicable,_Z,Not applicable,_Z,Not applicable,_Z,Not applicable,N,National,2001,,6.531512,,A,Normal value,0,Units,2,Two,,
DATAFLOW,OECD.SDD.STES:DSD_STES@DF_FINMARK(4.0),Financial market,I,ISR,Israel,A,Annual,IR3TIB,Short-term interest rates,PA,Percent per annum,_Z,Not applicable,_Z,Not applicable,_Z,Not applicable,_Z,Not applicable,N,National,2002,,7.167583,,A,Normal value,0,Units,2,Two,,
DATAFLOW,OECD.SDD.STES:DSD_STES@DF_FINMARK(4.0),Financial market,I,ISR,Israel,A,Annual,IR3TIB,Short-term interest rates,PA,Percent per annum,_Z,Not applicable,_Z,Not applicable,_Z,Not applicable,_Z,Not applicable,N,National,2003,,6.611959,,A,Normal value,0,Units,2,Two,,
DATAFLOW,OECD.SDD.STES:DSD_STES@DF_FINMARK(4.0),Financial market,I,ISR,Israel,A,Annual,IR3TIB,Short-term interest rates,PA,Percent per annum,_Z,Not applicable,_Z,Not applicable,_Z,Not applicable,_Z,Not applicable,N,National,2004,,4.26229,,A,Normal value,0,Units,2,Two,,
DATAFLOW,OECD.SDD.STES:DSD_STES@DF_FINMARK(4.0),Financial market,I,ISR,Israel,A,Annual,IR3TIB,Short-term interest rates,PA,Percent per annum,_Z,Not applicable,_Z,Not applicable,_Z,Not applicable,_Z,Not applicable,N,National,2005,,3.88125,,A,Normal value,0,Units,2,Two,,
DATAFLOW,OECD.SDD.STES:DSD_STES@DF_FINMARK(4.0),Financial market,I,ISR,Israel,A,Annual,IR3TIB,Short-term interest rates,PA,Percent per annum,_Z,Not applicable,_Z,Not applicable,_Z,Not applicable,_Z,Not applicable,N,National,2006,,5.462432,,A,Normal value,0,Units,2,Two,,
DATAFLOW,OECD.SDD.STES:DSD_STES@DF_FINMARK(4.0),Financial market,I,ISR,Israel,A,Annual,IR3TIB,Short-term interest rates,PA,Percent per annum,_Z,Not applicable,_Z,Not applicable,_Z,Not applicable,_Z,Not applicable,N,National,2007,,4.255372,,A,Normal value,0,Units,2,Two,,
DATAFLOW,OECD.SDD.STES:DSD_STES@DF_FINMARK(4.0),Financial market,I,ISR,Israel,A,Annual,IR3TIB,Short-term interest rates,PA,Percent per annum,_Z,Not applicable,_Z,Not applicable,_Z,Not applicable,_Z,Not applicable,N,National,2008,,3.561983,,A,Normal value,0,Units,2,Two,,
DATAFLOW,OECD.SDD.STES:DSD_STES@DF_FINMARK(4.0),Financial market,I,ISR,Israel,A,Annual,IR3TIB,Short-term interest rates,PA,Percent per annum,_Z,Not applicable,_Z,Not applicable,_Z,Not applicable,_Z,Not applicable,N,National,2009,,0.6394031,,A,Normal value,0,Units,2,Two,,
DATAFLOW,OECD.SDD.STES:DSD_STES@DF_FINMARK(4.0),Financial market,I,ISR,Israel,A,Annual,IR3TIB,Short-term interest rates,PA,Percent per annum,_Z,Not applicable,_Z,Not applicable,_Z,Not applicable,_Z,Not applicable,N,National,2010,,1.64167,,A,Normal value,0,Units,2,Two,,
DATAFLOW,OECD.SDD.STES:DSD_STES@DF_FINMARK(4.0),Financial market,I,ISR,Israel,A,Annual,IR3TIB,Short-term interest rates,PA,Percent per annum,_Z,Not applicable,_Z,Not applicable,_Z,Not applicable,_Z,Not applicable,N,National,2011,,2.797905,,A,Normal value,0,Units,2,Two,,
DATAFLOW,OECD.SDD.STES:DSD_STES@DF_FINMARK(4.0),Financial market,I,ISR,Israel,A,Annual,IR3TIB,Short-term interest rates,PA,Percent per annum,_Z,Not applicable,_Z,Not applicable,_Z,Not applicable,_Z,Not applicable,N,National,2012,,2.251856,,A,Normal value,0,Units,2,Two,,
DATAFLOW,OECD.SDD.STES:DSD_STES@DF_FINMARK(4.0),Financial market,I,ISR,Israel,A,Annual,IR3TIB,Short-term interest rates,PA,Percent per annum,_Z,Not applicable,_Z,Not applicable,_Z,Not applicable,_Z,Not applicable,N,National,2013,,1.319207,,A,Normal value,0,Units,2,Two,,
DATAFLOW,OECD.SDD.STES:DSD_STES@DF_FINMARK(4.0),Financial market,I,ISR,Israel,A,Annual,IR3TIB,Short-term interest rates,PA,Percent per annum,_Z,Not applicable,_Z,Not applicable,_Z,Not applicable,_Z,Not applicable,N,National,2014,,0.5465347,,A,Normal value,0,Units,2,Two,,
DATAFLOW,OECD.SDD.STES:DSD_STES@DF_FINMARK(4.0),Financial market,I,ISR,Israel,A,Annual,IR3TIB,Short-term interest rates,PA,Percent per annum,_Z,Not applicable,_Z,Not applicable,_Z,Not applicable,_Z,Not applicable,N,National,2015,,0.1230249,,A,Normal value,0,Units,2,Two,,
DATAFLOW,OECD.SDD.STES:DSD_STES@DF_FINMARK(4.0),Financial market,I,ISR,Israel,A,Annual,IR3TIB,Short-term interest rates,PA,Percent per annum,_Z,Not applicable,_Z,Not applicable,_Z,Not applicable,_Z,Not applicable,N,National,2016,,0.106432,,A,Normal value,0,Units,2,Two,,
DATAFLOW,OECD.SDD.STES:DSD_STES@DF_FINMARK(4.0),Financial market,I,ISR,Israel,A,Annual,IR3TIB,Short-term interest rates,PA,Percent per annum,_Z,Not applicable,_Z,Not applicable,_Z,Not applicable,_Z,Not applicable,N,National,2017,,0.115293,,A,Normal value,0,Units,2,Two,,
DATAFLOW,OECD.SDD.STES:DSD_STES@DF_FINMARK(4.0),Financial market,I,ISR,Israel,A,Annual,IR3TIB,Short-term interest rates,PA,Percent per annum,_Z,Not applicable,_Z,Not applicable,_Z,Not applicable,_Z,Not applicable,N,National,2018,,0.1385781,,A,Normal value,0,Units,2,Two,,
DATAFLOW,OECD.SDD.STES:DSD_STES@DF_FINMARK(4.0),Financial market,I,ISR,Israel,A,Annual,IR3TIB,Short-term interest rates,PA,Percent per annum,_Z,Not applicable,_Z,Not applicable,_Z,Not applicable,_Z,Not applicable,N,National,2019,,0.2336983,,A,Normal value,0,Units,2,Two,,
DATAFLOW,OECD.SDD.STES:DSD_STES@DF_FINMARK(4.0),Financial market,I,ISR,Israel,A,Annual,IR3TIB,Short-term interest rates,PA,Percent per annum,_Z,Not applicable,_Z,Not applicable,_Z,Not applicable,_Z,Not applicable,N,National,2020,,0.08395847,,A,Normal value,0,Units,2,Two,,
DATAFLOW,OECD.SDD.STES:DSD_STES@DF_FINMARK(4.0),Financial market,I,ISR,Israel,A,Annual,IR3TIB,Short-term interest rates,PA,Percent per annum,_Z,Not applicable,_Z,Not applicable,_Z,Not applicable,_Z,Not applicable,N,National,2021,,-0.007977717,,A,Normal value,0,Units,2,Two,,
DATAFLOW,OECD.SDD.STES:DSD_STES@DF_FINMARK(4.0),Financial market,I,ISR,Israel,A,Annual,IR3TIB,Short-term interest rates,PA,Percent per annum,_Z,Not applicable,_Z,Not applicable,_Z,Not applicable,_Z,Not applicable,N,National,2022,,1.032978,,A,Normal value,0,Units,2,Two,,
DATAFLOW,OECD.SDD.STES:DSD_STES@DF_FINMARK(4.0),Financial market,I,ISR,Israel,A,Annual,IR3TIB,Short-term interest rates,PA,Percent per annum,_Z,Not applicable,_Z,Not applicable,_Z,Not applicable,_Z,Not applicable,N,National,2023,,4.371196,,A,Normal value,0,Units,2,Two,,
DATAFLOW,OECD.SDD.STES:DSD_STES@DF_FINMARK(4.0),Financial market,I,ITA,Italy,A,Annual,IR3TIB,Short-term interest rates,PA,Percent per annum,_Z,Not applicable,_Z,Not applicable,_Z,Not applicable,_Z,Not applicable,N,National,1979,,11.76903,,A,Normal value,0,Units,2,Two,,
DATAFLOW,OECD.SDD.STES:DSD_STES@DF_FINMARK(4.0),Financial market,I,ITA,Italy,A,Annual,IR3TIB,Short-term interest rates,PA,Percent per annum,_Z,Not applicable,_Z,Not applicable,_Z,Not applicable,_Z,Not applicable,N,National,1980,,16.79499,,A,Normal value,0,Units,2,Two,,
DATAFLOW,OECD.SDD.STES:DSD_STES@DF_FINMARK(4.0),Financial market,I,ITA,Italy,A,Annual,IR3TIB,Short-term interest rates,PA,Percent per annum,_Z,Not applicable,_Z,Not applicable,_Z,Not applicable,_Z,Not applicable,N,National,1981,,19.23167,,A,Normal value,0,Units,2,Two,,
DATAFLOW,OECD.SDD.STES:DSD_STES@DF_FINMARK(4.0),Financial market,I,ITA,Italy,A,Annual,IR3TIB,Short-term interest rates,PA,Percent per annum,_Z,Not applicable,_Z,Not applicable,_Z,Not applicable,_Z,Not applicable,N,National,1982,,19.90528,,A,Normal value,0,Units,2,Two,,
DATAFLOW,OECD.SDD.STES:DSD_STES@DF_FINMARK(4.0),Financial market,I,ITA,Italy,A,Annual,IR3TIB,Short-term interest rates,PA,Percent per annum,_Z,Not applicable,_Z,Not applicable,_Z,Not applicable,_Z,Not applicable,N,National,1983,,18.30862,,A,Normal value,0,Units,2,Two,,
DATAFLOW,OECD.SDD.STES:DSD_STES@DF_FINMARK(4.0),Financial market,I,ITA,Italy,A,Annual,IR3TIB,Short-term interest rates,PA,Percent per annum,_Z,Not applicable,_Z,Not applicable,_Z,Not applicable,_Z,Not applicable,N,National,1984,,17.26847,,A,Normal value,0,Units,2,Two,,
DATAFLOW,OECD.SDD.STES:DSD_STES@DF_FINMARK(4.0),Financial market,I,ITA,Italy,A,Annual,IR3TIB,Short-term interest rates,PA,Percent per annum,_Z,Not applicable,_Z,Not applicable,_Z,Not applicable,_Z,Not applicable,N,National,1985,,15.24693,,A,Normal value,0,Units,2,Two,,
DATAFLOW,OECD.SDD.STES:DSD_STES@DF_FINMARK(4.0),Financial market,I,ITA,Italy,A,Annual,IR3TIB,Short-term interest rates,PA,Percent per annum,_Z,Not applicable,_Z,Not applicable,_Z,Not applicable,_Z,Not applicable,N,National,1986,,13.39334,,A,Normal value,0,Units,2,Two,,
DATAFLOW,OECD.SDD.STES:DSD_STES@DF_FINMARK(4.0),Financial market,I,ITA,Italy,A,Annual,IR3TIB,Short-term interest rates,PA,Percent per annum,_Z,Not applicable,_Z,Not applicable,_Z,Not applicable,_Z,Not applicable,N,National,1987,,11.33361,,A,Normal value,0,Units,2,Two,,
DATAFLOW,OECD.SDD.STES:DSD_STES@DF_FINMARK(4.0),Financial market,I,ITA,Italy,A,Annual,IR3TIB,Short-term interest rates,PA,Percent per annum,_Z,Not applicable,_Z,Not applicable,_Z,Not applicable,_Z,Not applicable,N,National,1988,,10.81765,,A,Normal value,0,Units,2,Two,,
DATAFLOW,OECD.SDD.STES:DSD_STES@DF_FINMARK(4.0),Financial market,I,ITA,Italy,A,Annual,IR3TIB,Short-term interest rates,PA,Percent per annum,_Z,Not applicable,_Z,Not applicable,_Z,Not applicable,_Z,Not applicable,N,National,1989,,12.62011,,A,Normal value,0,Units,2,Two,,
DATAFLOW,OECD.SDD.STES:DSD_STES@DF_FINMARK(4.0),Financial market,I,ITA,Italy,A,Annual,IR3TIB,Short-term interest rates,PA,Percent per annum,_Z,Not applicable,_Z,Not applicable,_Z,Not applicable,_Z,Not applicable,N,National,1990,,12.22985,,A,Normal value,0,Units,2,Two,,
DATAFLOW,OECD.SDD.STES:DSD_STES@DF_FINMARK(4.0),Financial market,I,ITA,Italy,A,Annual,IR3TIB,Short-term interest rates,PA,Percent per annum,_Z,Not applicable,_Z,Not applicable,_Z,Not applicable,_Z,Not applicable,N,National,1991,,12.20833,,A,Normal value,0,Units,2,Two,,
DATAFLOW,OECD.SDD.STES:DSD_STES@DF_FINMARK(4.0),Financial market,I,ITA,Italy,A,Annual,IR3TIB,Short-term interest rates,PA,Percent per annum,_Z,Not applicable,_Z,Not applicable,_Z,Not applicable,_Z,Not applicable,N,National,1992,,14.01333,,A,Normal value,0,Units,2,Two,,
DATAFLOW,OECD.SDD.STES:DSD_STES@DF_FINMARK(4.0),Financial market,I,ITA,Italy,A,Annual,IR3TIB,Short-term interest rates,PA,Percent per annum,_Z,Not applicable,_Z,Not applicable,_Z,Not applicable,_Z,Not applicable,N,National,1993,,10.19917,,A,Normal value,0,Units,2,Two,,
DATAFLOW,OECD.SDD.STES:DSD_STES@DF_FINMARK(4.0),Financial market,I,ITA,Italy,A,Annual,IR3TIB,Short-term interest rates,PA,Percent per annum,_Z,Not applicable,_Z,Not applicable,_Z,Not applicable,_Z,Not applicable,N,National,1994,,8.5075,,A,Normal value,0,Units,2,Two,,
DATAFLOW,OECD.SDD.STES:DSD_STES@DF_FINMARK(4.0),Financial market,I,ITA,Italy,A,Annual,IR3TIB,Short-term interest rates,PA,Percent per annum,_Z,Not applicable,_Z,Not applicable,_Z,Not applicable,_Z,Not applicable,N,National,1995,,10.45667,,A,Normal value,0,Units,2,Two,,
DATAFLOW,OECD.SDD.STES:DSD_STES@DF_FINMARK(4.0),Financial market,I,ITA,Italy,A,Annual,IR3TIB,Short-term interest rates,PA,Percent per annum,_Z,Not applicable,_Z,Not applicable,_Z,Not applicable,_Z,Not applicable,N,National,1996,,8.82,,A,Normal value,0,Units,2,Two,,
DATAFLOW,OECD.SDD.STES:DSD_STES@DF_FINMARK(4.0),Financial market,I,ITA,Italy,A,Annual,IR3TIB,Short-term interest rates,PA,Percent per annum,_Z,Not applicable,_Z,Not applicable,_Z,Not applicable,_Z,Not applicable,N,National,1997,,6.875834,,A,Normal value,0,Units,2,Two,,
DATAFLOW,OECD.SDD.STES:DSD_STES@DF_FINMARK(4.0),Financial market,I,ITA,Italy,A,Annual,IR3TIB,Short-term interest rates,PA,Percent per annum,_Z,Not applicable,_Z,Not applicable,_Z,Not applicable,_Z,Not applicable,N,National,1998,,4.991667,,A,Normal value,0,Units,2,Two,,
DATAFLOW,OECD.SDD.STES:DSD_STES@DF_FINMARK(4.0),Financial market,I,ITA,Italy,A,Annual,IR3TIB,Short-term interest rates,PA,Percent per annum,_Z,Not applicable,_Z,Not applicable,_Z,Not applicable,_Z,Not applicable,N,National,1999,,2.963488,,A,Normal value,0,Units,2,Two,,
DATAFLOW,OECD.SDD.STES:DSD_STES@DF_FINMARK(4.0),Financial market,I,ITA,Italy,A,Annual,IR3TIB,Short-term interest rates,PA,Percent per annum,_Z,Not applicable,_Z,Not applicable,_Z,Not applicable,_Z,Not applicable,N,National,2000,,4.391766,,A,Normal value,0,Units,2,Two,,
DATAFLOW,OECD.SDD.STES:DSD_STES@DF_FINMARK(4.0),Financial market,I,ITA,Italy,A,Annual,IR3TIB,Short-term interest rates,PA,Percent per annum,_Z,Not applicable,_Z,Not applicable,_Z,Not applicable,_Z,Not applicable,N,National,2001,,4.26178,,A,Normal value,0,Units,2,Two,,
DATAFLOW,OECD.SDD.STES:DSD_STES@DF_FINMARK(4.0),Financial market,I,ITA,Italy,A,Annual,IR3TIB,Short-term interest rates,PA,Percent per annum,_Z,Not applicable,_Z,Not applicable,_Z,Not applicable,_Z,Not applicable,N,National,2002,,3.318602,,A,Normal value,0,Units,2,Two,,
DATAFLOW,OECD.SDD.STES:DSD_STES@DF_FINMARK(4.0),Financial market,I,ITA,Italy,A,Annual,IR3TIB,Short-term interest rates,PA,Percent per annum,_Z,Not applicable,_Z,Not applicable,_Z,Not applicable,_Z,Not applicable,N,National,2003,,2.333474,,A,Normal value,0,Units,2,Two,,
DATAFLOW,OECD.SDD.STES:DSD_STES@DF_FINMARK(4.0),Financial market,I,ITA,Italy,A,Annual,IR3TIB,Short-term interest rates,PA,Percent per annum,_Z,Not applicable,_Z,Not applicable,_Z,Not applicable,_Z,Not applicable,N,National,2004,,2.106323,,A,Normal value,0,Units,2,Two,,
DATAFLOW,OECD.SDD.STES:DSD_STES@DF_FINMARK(4.0),Financial market,I,ITA,Italy,A,Annual,IR3TIB,Short-term interest rates,PA,Percent per annum,_Z,Not applicable,_Z,Not applicable,_Z,Not applicable,_Z,Not applicable,N,National,2005,,2.184689,,A,Normal value,0,Units,2,Two,,
DATAFLOW,OECD.SDD.STES:DSD_STES@DF_FINMARK(4.0),Financial market,I,ITA,Italy,A,Annual,IR3TIB,Short-term interest rates,PA,Percent per annum,_Z,Not applicable,_Z,Not applicable,_Z,Not applicable,_Z,Not applicable,N,National,2006,,3.079212,,A,Normal value,0,Units,2,Two,,
DATAFLOW,OECD.SDD.STES:DSD_STES@DF_FINMARK(4.0),Financial market,I,ITA,Italy,A,Annual,IR3TIB,Short-term interest rates,PA,Percent per annum,_Z,Not applicable,_Z,Not applicable,_Z,Not applicable,_Z,Not applicable,N,National,2007,,4.277596,,A,Normal value,0,Units,2,Two,,
DATAFLOW,OECD.SDD.STES:DSD_STES@DF_FINMARK(4.0),Financial market,I,ITA,Italy,A,Annual,IR3TIB,Short-term interest rates,PA,Percent per annum,_Z,Not applicable,_Z,Not applicable,_Z,Not applicable,_Z,Not applicable,N,National,2008,,4.634233,,A,Normal value,0,Units,2,Two,,
DATAFLOW,OECD.SDD.STES:DSD_STES@DF_FINMARK(4.0),Financial market,I,ITA,Italy,A,Annual,IR3TIB,Short-term interest rates,PA,Percent per annum,_Z,Not applicable,_Z,Not applicable,_Z,Not applicable,_Z,Not applicable,N,National,2009,,1.22835,,A,Normal value,0,Units,2,Two,,
DATAFLOW,OECD.SDD.STES:DSD_STES@DF_FINMARK(4.0),Financial market,I,ITA,Italy,A,Annual,IR3TIB,Short-term interest rates,PA,Percent per annum,_Z,Not applicable,_Z,Not applicable,_Z,Not applicable,_Z,Not applicable,N,National,2010,,0.8109539,,A,Normal value,0,Units,2,Two,,
DATAFLOW,OECD.SDD.STES:DSD_STES@DF_FINMARK(4.0),Financial market,I,ITA,Italy,A,Annual,IR3TIB,Short-term interest rates,PA,Percent per annum,_Z,Not applicable,_Z,Not applicable,_Z,Not applicable,_Z,Not applicable,N,National,2011,,1.3906,,A,Normal value,0,Units,2,Two,,
DATAFLOW,OECD.SDD.STES:DSD_STES@DF_FINMARK(4.0),Financial market,I,ITA,Italy,A,Annual,IR3TIB,Short-term interest rates,PA,Percent per annum,_Z,Not applicable,_Z,Not applicable,_Z,Not applicable,_Z,Not applicable,N,National,2012,,0.5731811,,A,Normal value,0,Units,2,Two,,
DATAFLOW,OECD.SDD.STES:DSD_STES@DF_FINMARK(4.0),Financial market,I,ITA,Italy,A,Annual,IR3TIB,Short-term interest rates,PA,Percent per annum,_Z,Not applicable,_Z,Not applicable,_Z,Not applicable,_Z,Not applicable,N,National,2013,,0.2206612,,A,Normal value,0,Units,2,Two,,
DATAFLOW,OECD.SDD.STES:DSD_STES@DF_FINMARK(4.0),Financial market,I,ITA,Italy,A,Annual,IR3TIB,Short-term interest rates,PA,Percent per annum,_Z,Not applicable,_Z,Not applicable,_Z,Not applicable,_Z,Not applicable,N,National,2014,,0.2099457,,A,Normal value,0,Units,2,Two,,
DATAFLOW,OECD.SDD.STES:DSD_STES@DF_FINMARK(4.0),Financial market,I,ITA,Italy,A,Annual,IR3TIB,Short-term interest rates,PA,Percent per annum,_Z,Not applicable,_Z,Not applicable,_Z,Not applicable,_Z,Not applicable,N,National,2015,,-0.0193757,,A,Normal value,0,Units,2,Two,,
DATAFLOW,OECD.SDD.STES:DSD_STES@DF_FINMARK(4.0),Financial market,I,ITA,Italy,A,Annual,IR3TIB,Short-term interest rates,PA,Percent per annum,_Z,Not applicable,_Z,Not applicable,_Z,Not applicable,_Z,Not applicable,N,National,2016,,-0.2636957,,A,Normal value,0,Units,2,Two,,
DATAFLOW,OECD.SDD.STES:DSD_STES@DF_FINMARK(4.0),Financial market,I,ITA,Italy,A,Annual,IR3TIB,Short-term interest rates,PA,Percent per annum,_Z,Not applicable,_Z,Not applicable,_Z,Not applicable,_Z,Not applicable,N,National,2017,,-0.3290561,,A,Normal value,0,Units,2,Two,,
DATAFLOW,OECD.SDD.STES:DSD_STES@DF_FINMARK(4.0),Financial market,I,ITA,Italy,A,Annual,IR3TIB,Short-term interest rates,PA,Percent per annum,_Z,Not applicable,_Z,Not applicable,_Z,Not applicable,_Z,Not applicable,N,National,2018,,-0.322093,,A,Normal value,0,Units,2,Two,,
DATAFLOW,OECD.SDD.STES:DSD_STES@DF_FINMARK(4.0),Financial market,I,ITA,Italy,A,Annual,IR3TIB,Short-term interest rates,PA,Percent per annum,_Z,Not applicable,_Z,Not applicable,_Z,Not applicable,_Z,Not applicable,N,National,2019,,-0.3563193,,A,Normal value,0,Units,2,Two,,
DATAFLOW,OECD.SDD.STES:DSD_STES@DF_FINMARK(4.0),Financial market,I,ITA,Italy,A,Annual,IR3TIB,Short-term interest rates,PA,Percent per annum,_Z,Not applicable,_Z,Not applicable,_Z,Not applicable,_Z,Not applicable,N,National,2020,,-0.4251596,,A,Normal value,0,Units,2,Two,,
DATAFLOW,OECD.SDD.STES:DSD_STES@DF_FINMARK(4.0),Financial market,I,ITA,Italy,A,Annual,IR3TIB,Short-term interest rates,PA,Percent per annum,_Z,Not applicable,_Z,Not applicable,_Z,Not applicable,_Z,Not applicable,N,National,2021,,-0.5487563,,A,Normal value,0,Units,2,Two,,
DATAFLOW,OECD.SDD.STES:DSD_STES@DF_FINMARK(4.0),Financial market,I,ITA,Italy,A,Annual,IR3TIB,Short-term interest rates,PA,Percent per annum,_Z,Not applicable,_Z,Not applicable,_Z,Not applicable,_Z,Not applicable,N,National,2022,,0.3415554,,A,Normal value,0,Units,2,Two,,
DATAFLOW,OECD.SDD.STES:DSD_STES@DF_FINMARK(4.0),Financial market,I,JPN,Japan,A,Annual,IR3TIB,Short-term interest rates,PA,Percent per annum,_Z,Not applicable,_Z,Not applicable,_Z,Not applicable,_Z,Not applicable,N,National,2003,,0.08833333,,A,Normal value,0,Units,2,Two,,
DATAFLOW,OECD.SDD.STES:DSD_STES@DF_FINMARK(4.0),Financial market,I,JPN,Japan,A,Annual,IR3TIB,Short-term interest rates,PA,Percent per annum,_Z,Not applicable,_Z,Not applicable,_Z,Not applicable,_Z,Not applicable,N,National,2004,,0.08833333,,A,Normal value,0,Units,2,Two,,
DATAFLOW,OECD.SDD.STES:DSD_STES@DF_FINMARK(4.0),Financial market,I,JPN,Japan,A,Annual,IR3TIB,Short-term interest rates,PA,Percent per annum,_Z,Not applicable,_Z,Not applicable,_Z,Not applicable,_Z,Not applicable,N,National,2005,,0.09,,A,Normal value,0,Units,2,Two,,
DATAFLOW,OECD.SDD.STES:DSD_STES@DF_FINMARK(4.0),Financial market,I,JPN,Japan,A,Annual,IR3TIB,Short-term interest rates,PA,Percent per annum,_Z,Not applicable,_Z,Not applicable,_Z,Not applicable,_Z,Not applicable,N,National,2006,,0.324675,,A,Normal value,0,Units,2,Two,,
DATAFLOW,OECD.SDD.STES:DSD_STES@DF_FINMARK(4.0),Financial market,I,JPN,Japan,A,Annual,IR3TIB,Short-term interest rates,PA,Percent per annum,_Z,Not applicable,_Z,Not applicable,_Z,Not applicable,_Z,Not applicable,N,National,2007,,0.7458333,,A,Normal value,0,Units,2,Two,,
DATAFLOW,OECD.SDD.STES:DSD_STES@DF_FINMARK(4.0),Financial market,I,JPN,Japan,A,Annual,IR3TIB,Short-term interest rates,PA,Percent per annum,_Z,Not applicable,_Z,Not applicable,_Z,Not applicable,_Z,Not applicable,N,National,2008,,0.8466667,,A,Normal value,0,Units,2,Two,,
DATAFLOW,OECD.SDD.STES:DSD_STES@DF_FINMARK(4.0),Financial market,I,JPN,Japan,A,Annual,IR3TIB,Short-term interest rates,PA,Percent per annum,_Z,Not applicable,_Z,Not applicable,_Z,Not applicable,_Z,Not applicable,N,National,2009,,0.5783333,,A,Normal value,0,Units,2,Two,,
DATAFLOW,OECD.SDD.STES:DSD_STES@DF_FINMARK(4.0),Financial market,I,JPN,Japan,A,Annual,IR3TIB,Short-term interest rates,PA,Percent per annum,_Z,Not applicable,_Z,Not applicable,_Z,Not applicable,_Z,Not applicable,N,National,2010,,0.3833333,,A,Normal value,0,Units,2,Two,,
DATAFLOW,OECD.SDD.STES:DSD_STES@DF_FINMARK(4.0),Financial market,I,JPN,Japan,A,Annual,IR3TIB,Short-term interest rates,PA,Percent per annum,_Z,Not applicable,_Z,Not applicable,_Z,Not applicable,_Z,Not applicable,N,National,2011,,0.3325967,,A,Normal value,0,Units,2,Two,,
DATAFLOW,OECD.SDD.STES:DSD_STES@DF_FINMARK(4.0),Financial market,I,JPN,Japan,A,Annual,IR3TIB,Short-term interest rates,PA,Percent per annum,_Z,Not applicable,_Z,Not applicable,_Z,Not applicable,_Z,Not applicable,N,National,2012,,0.3272108,,A,Normal value,0,Units,2,Two,,
DATAFLOW,OECD.SDD.STES:DSD_STES@DF_FINMARK(4.0),Financial market,I,JPN,Japan,A,Annual,IR3TIB,Short-term interest rates,PA,Percent per annum,_Z,Not applicable,_Z,Not applicable,_Z,Not applicable,_Z,Not applicable,N,National,2013,,0.2367042,,A,Normal value,0,Units,2,Two,,
DATAFLOW,OECD.SDD.STES:DSD_STES@DF_FINMARK(4.0),Financial market,I,JPN,Japan,A,Annual,IR3TIB,Short-term interest rates,PA,Percent per annum,_Z,Not applicable,_Z,Not applicable,_Z,Not applicable,_Z,Not applicable,N,National,2014,,0.2049167,,A,Normal value,0,Units,2,Two,,
DATAFLOW,OECD.SDD.STES:DSD_STES@DF_FINMARK(4.0),Financial market,I,JPN,Japan,A,Annual,IR3TIB,Short-term interest rates,PA,Percent per annum,_Z,Not applicable,_Z,Not applicable,_Z,Not applicable,_Z,Not applicable,N,National,2015,,0.1696667,,A,Normal value,0,Units,2,Two,,
DATAFLOW,OECD.SDD.STES:DSD_STES@DF_FINMARK(4.0),Financial market,I,JPN,Japan,A,Annual,IR3TIB,Short-term interest rates,PA,Percent per annum,_Z,Not applicable,_Z,Not applicable,_Z,Not applicable,_Z,Not applicable,N,National,2016,,0.07366667,,A,Normal value,0,Units,2,Two,,
DATAFLOW,OECD.SDD.STES:DSD_STES@DF_FINMARK(4.0),Financial market,I,JPN,Japan,A,Annual,IR3TIB,Short-term interest rates,PA,Percent per annum,_Z,Not applicable,_Z,Not applicable,_Z,Not applicable,_Z,Not applicable,N,National,2017,,0.05933333,,A,Normal value,0,Units,2,Two,,
DATAFLOW,OECD.SDD.STES:DSD_STES@DF_FINMARK(4.0),Financial market,I,JPN,Japan,A,Annual,IR3TIB,Short-term interest rates,PA,Percent per annum,_Z,Not applicable,_Z,Not applicable,_Z,Not applicable,_Z,Not applicable,N,National,2018,,0.07233334,,A,Normal value,0,Units,2,Two,,
DATAFLOW,OECD.SDD.STES:DSD_STES@DF_FINMARK(4.0),Financial market,I,JPN,Japan,A,Annual,IR3TIB,Short-term interest rates,PA,Percent per annum,_Z,Not applicable,_Z,Not applicable,_Z,Not applicable,_Z,Not applicable,N,National,2019,,0.03108333,,A,Normal value,0,Units,2,Two,,
DATAFLOW,OECD.SDD.STES:DSD_STES@DF_FINMARK(4.0),Financial market,I,JPN,Japan,A,Annual,IR3TIB,Short-term interest rates,PA,Percent per annum,_Z,Not applicable,_Z,Not applicable,_Z,Not applicable,_Z,Not applicable,N,National,2020,,-0.03541667,,A,Normal value,0,Units,2,Two,,
DATAFLOW,OECD.SDD.STES:DSD_STES@DF_FINMARK(4.0),Financial market,I,JPN,Japan,A,Annual,IR3TIB,Short-term interest rates,PA,Percent per annum,_Z,Not applicable,_Z,Not applicable,_Z,Not applicable,_Z,Not applicable,N,National,2021,,-0.0655,,A,Normal value,0,Units,2,Two,,
DATAFLOW,OECD.SDD.STES:DSD_STES@DF_FINMARK(4.0),Financial market,I,JPN,Japan,A,Annual,IR3TIB,Short-term interest rates,PA,Percent per annum,_Z,Not applicable,_Z,Not applicable,_Z,Not applicable,_Z,Not applicable,N,National,2022,,-0.0295,,A,Normal value,0,Units,2,Two,,
DATAFLOW,OECD.SDD.STES:DSD_STES@DF_FINMARK(4.0),Financial market,I,JPN,Japan,A,Annual,IR3TIB,Short-term interest rates,PA,Percent per annum,_Z,Not applicable,_Z,Not applicable,_Z,Not applicable,_Z,Not applicable,N,National,2023,,0.003833333,,A,Normal value,0,Units,2,Two,,
DATAFLOW,OECD.SDD.STES:DSD_STES@DF_FINMARK(4.0),Financial market,I,KOR,Korea,A,Annual,IR3TIB,Short-term interest rates,PA,Percent per annum,_Z,Not applicable,_Z,Not applicable,_Z,Not applicable,_Z,Not applicable,N,National,1991,,18.30083,,A,Normal value,0,Units,2,Two,,
DATAFLOW,OECD.SDD.STES:DSD_STES@DF_FINMARK(4.0),Financial market,I,KOR,Korea,A,Annual,IR3TIB,Short-term interest rates,PA,Percent per annum,_Z,Not applicable,_Z,Not applicable,_Z,Not applicable,_Z,Not applicable,N,National,1992,,16.4125,,A,Normal value,0,Units,2,Two,,
DATAFLOW,OECD.SDD.STES:DSD_STES@DF_FINMARK(4.0),Financial market,I,KOR,Korea,A,Annual,IR3TIB,Short-term interest rates,PA,Percent per annum,_Z,Not applicable,_Z,Not applicable,_Z,Not applicable,_Z,Not applicable,N,National,1993,,12.96167,,A,Normal value,0,Units,2,Two,,
DATAFLOW,OECD.SDD.STES:DSD_STES@DF_FINMARK(4.0),Financial market,I,KOR,Korea,A,Annual,IR3TIB,Short-term interest rates,PA,Percent per annum,_Z,Not applicable,_Z,Not applicable,_Z,Not applicable,_Z,Not applicable,N,National,1994,,13.2875,,A,Normal value,0,Units,2,Two,,
DATAFLOW,OECD.SDD.STES:DSD_STES@DF_FINMARK(4.0),Financial market,I,KOR,Korea,A,Annual,IR3TIB,Short-term interest rates,PA,Percent per annum,_Z,Not applicable,_Z,Not applicable,_Z,Not applicable,_Z,Not applicable,N,National,1995,,14.05417,,A,Normal value,0,Units,2,Two,,
DATAFLOW,OECD.SDD.STES:DSD_STES@DF_FINMARK(4.0),Financial market,I,KOR,Korea,A,Annual,IR3TIB,Short-term interest rates,PA,Percent per annum,_Z,Not applicable,_Z,Not applicable,_Z,Not applicable,_Z,Not applicable,N,National,1996,,12.63417,,A,Normal value,0,Units,2,Two,,
DATAFLOW,OECD.SDD.STES:DSD_STES@DF_FINMARK(4.0),Financial market,I,KOR,Korea,A,Annual,IR3TIB,Short-term interest rates,PA,Percent per annum,_Z,Not applicable,_Z,Not applicable,_Z,Not applicable,_Z,Not applicable,N,National,1997,,13.38167,,A,Normal value,0,Units,2,Two,,
DATAFLOW,OECD.SDD.STES:DSD_STES@DF_FINMARK(4.0),Financial market,I,KOR,Korea,A,Annual,IR3TIB,Short-term interest rates,PA,Percent per annum,_Z,Not applicable,_Z,Not applicable,_Z,Not applicable,_Z,Not applicable,N,National,1998,,15.22,,A,Normal value,0,Units,2,Two,,
DATAFLOW,OECD.SDD.STES:DSD_STES@DF_FINMARK(4.0),Financial market,I,KOR,Korea,A,Annual,IR3TIB,Short-term interest rates,PA,Percent per annum,_Z,Not applicable,_Z,Not applicable,_Z,Not applicable,_Z,Not applicable,N,National,1999,,6.809166,,A,Normal value,0,Units,2,Two,,
DATAFLOW,OECD.SDD.STES:DSD_STES@DF_FINMARK(4.0),Financial market,I,KOR,Korea,A,Annual,IR3TIB,Short-term interest rates,PA,Percent per annum,_Z,Not applicable,_Z,Not applicable,_Z,Not applicable,_Z,Not applicable,N,National,2000,,7.078333,,A,Normal value,0,Units,2,Two,,
DATAFLOW,OECD.SDD.STES:DSD_STES@DF_FINMARK(4.0),Financial market,I,KOR,Korea,A,Annual,IR3TIB,Short-term interest rates,PA,Percent per annum,_Z,Not applicable,_Z,Not applicable,_Z,Not applicable,_Z,Not applicable,N,National,2001,,5.3175,,A,Normal value,0,Units,2,Two,,
DATAFLOW,OECD.SDD.STES:DSD_STES@DF_FINMARK(4.0),Financial market,I,KOR,Korea,A,Annual,IR3TIB,Short-term interest rates,PA,Percent per annum,_Z,Not applicable,_Z,Not applicable,_Z,Not applicable,_Z,Not applicable,N,National,2002,,4.805,,A,Normal value,0,Units,2,Two,,
DATAFLOW,OECD.SDD.STES:DSD_STES@DF_FINMARK(4.0),Financial market,I,KOR,Korea,A,Annual,IR3TIB,Short-term interest rates,PA,Percent per annum,_Z,Not applicable,_Z,Not applicable,_Z,Not applicable,_Z,Not applicable,N,National,2003,,4.305833,,A,Normal value,0,Units,2,Two,,
DATAFLOW,OECD.SDD.STES:DSD_STES@DF_FINMARK(4.0),Financial market,I,KOR,Korea,A,Annual,IR3TIB,Short-term interest rates,PA,Percent per annum,_Z,Not applicable,_Z,Not applicable,_Z,Not applicable,_Z,Not applicable,N,National,2004,,3.7875,,A,Normal value,0,Units,2,Two,,
DATAFLOW,OECD.SDD.STES:DSD_STES@DF_FINMARK(4.0),Financial market,I,KOR,Korea,A,Annual,IR3TIB,Short-term interest rates,PA,Percent per annum,_Z,Not applicable,_Z,Not applicable,_Z,Not applicable,_Z,Not applicable,N,National,2005,,3.649167,,A,Normal value,0,Units,2,Two,,
DATAFLOW,OECD.SDD.STES:DSD_STES@DF_FINMARK(4.0),Financial market,I,KOR,Korea,A,Annual,IR3TIB,Short-term interest rates,PA,Percent per annum,_Z,Not applicable,_Z,Not applicable,_Z,Not applicable,_Z,Not applicable,N,National,2006,,4.475833,,A,Normal value,0,Units,2,Two,,
DATAFLOW,OECD.SDD.STES:DSD_STES@DF_FINMARK(4.0),Financial market,I,KOR,Korea,A,Annual,IR3TIB,Short-term interest rates,PA,Percent per annum,_Z,Not applicable,_Z,Not applicable,_Z,Not applicable,_Z,Not applicable,N,National,2007,,5.160833,,A,Normal value,0,Units,2,Two,,
DATAFLOW,OECD.SDD.STES:DSD_STES@DF_FINMARK(4.0),Financial market,I,KOR,Korea,A,Annual,IR3TIB,Short-term interest rates,PA,Percent per annum,_Z,Not applicable,_Z,Not applicable,_Z,Not applicable,_Z,Not applicable,N,National,2008,,5.4875,,A,Normal value,0,Units,2,Two,,
DATAFLOW,OECD.SDD.STES:DSD_STES@DF_FINMARK(4.0),Financial market,I,KOR,Korea,A,Annual,IR3TIB,Short-term interest rates,PA,Percent per annum,_Z,Not applicable,_Z,Not applicable,_Z,Not applicable,_Z,Not applicable,N,National,2009,,2.628333,,A,Normal value,0,Units,2,Two,,
DATAFLOW,OECD.SDD.STES:DSD_STES@DF_FINMARK(4.0),Financial market,I,KOR,Korea,A,Annual,IR3TIB,Short-term interest rates,PA,Percent per annum,_Z,Not applicable,_Z,Not applicable,_Z,Not applicable,_Z,Not applicable,N,National,2010,,2.671667,,A,Normal value,0,Units,2,Two,,
DATAFLOW,OECD.SDD.STES:DSD_STES@DF_FINMARK(4.0),Financial market,I,KOR,Korea,A,Annual,IR3TIB,Short-term interest rates,PA,Percent per annum,_Z,Not applicable,_Z,Not applicable,_Z,Not applicable,_Z,Not applicable,N,National,2011,,3.4375,,A,Normal value,0,Units,2,Two,,
DATAFLOW,OECD.SDD.STES:DSD_STES@DF_FINMARK(4.0),Financial market,I,KOR,Korea,A,Annual,IR3TIB,Short-term interest rates,PA,Percent per annum,_Z,Not applicable,_Z,Not applicable,_Z,Not applicable,_Z,Not applicable,N,National,2012,,3.2975,,A,Normal value,0,Units,2,Two,,
DATAFLOW,OECD.SDD.STES:DSD_STES@DF_FINMARK(4.0),Financial market,I,KOR,Korea,A,Annual,IR3TIB,Short-term interest rates,PA,Percent per annum,_Z,Not applicable,_Z,Not applicable,_Z,Not applicable,_Z,Not applicable,N,National,2013,,2.7225,,A,Normal value,0,Units,2,Two,,
DATAFLOW,OECD.SDD.STES:DSD_STES@DF_FINMARK(4.0),Financial market,I,KOR,Korea,A,Annual,IR3TIB,Short-term interest rates,PA,Percent per annum,_Z,Not applicable,_Z,Not applicable,_Z,Not applicable,_Z,Not applicable,N,National,2014,,2.491667,,A,Normal value,0,Units,2,Two,,
DATAFLOW,OECD.SDD.STES:DSD_STES@DF_FINMARK(4.0),Financial market,I,KOR,Korea,A,Annual,IR3TIB,Short-term interest rates,PA,Percent per annum,_Z,Not applicable,_Z,Not applicable,_Z,Not applicable,_Z,Not applicable,N,National,2015,,1.77,,A,Normal value,0,Units,2,Two,,
DATAFLOW,OECD.SDD.STES:DSD_STES@DF_FINMARK(4.0),Financial market,I,KOR,Korea,A,Annual,IR3TIB,Short-term interest rates,PA,Percent per annum,_Z,Not applicable,_Z,Not applicable,_Z,Not applicable,_Z,Not applicable,N,National,2016,,1.493333,,A,Normal value,0,Units,2,Two,,
DATAFLOW,OECD.SDD.STES:DSD_STES@DF_FINMARK(4.0),Financial market,I,KOR,Korea,A,Annual,IR3TIB,Short-term interest rates,PA,Percent per annum,_Z,Not applicable,_Z,Not applicable,_Z,Not applicable,_Z,Not applicable,N,National,2017,,1.443333,,A,Normal value,0,Units,2,Two,,
DATAFLOW,OECD.SDD.STES:DSD_STES@DF_FINMARK(4.0),Financial market,I,KOR,Korea,A,Annual,IR3TIB,Short-term interest rates,PA,Percent per annum,_Z,Not applicable,_Z,Not applicable,_Z,Not applicable,_Z,Not applicable,N,National,2018,,1.68,,A,Normal value,0,Units,2,Two,,
DATAFLOW,OECD.SDD.STES:DSD_STES@DF_FINMARK(4.0),Financial market,I,KOR,Korea,A,Annual,IR3TIB,Short-term interest rates,PA,Percent per annum,_Z,Not applicable,_Z,Not applicable,_Z,Not applicable,_Z,Not applicable,N,National,2019,,1.696667,,A,Normal value,0,Units,2,Two,,
DATAFLOW,OECD.SDD.STES:DSD_STES@DF_FINMARK(4.0),Financial market,I,KOR,Korea,A,Annual,IR3TIB,Short-term interest rates,PA,Percent per annum,_Z,Not applicable,_Z,Not applicable,_Z,Not applicable,_Z,Not applicable,N,National,2020,,0.9233333,,A,Normal value,0,Units,2,Two,,
DATAFLOW,OECD.SDD.STES:DSD_STES@DF_FINMARK(4.0),Financial market,I,KOR,Korea,A,Annual,IR3TIB,Short-term interest rates,PA,Percent per annum,_Z,Not applicable,_Z,Not applicable,_Z,Not applicable,_Z,Not applicable,N,National,2021,,0.85,,A,Normal value,0,Units,2,Two,,
DATAFLOW,OECD.SDD.STES:DSD_STES@DF_FINMARK(4.0),Financial market,I,KOR,Korea,A,Annual,IR3TIB,Short-term interest rates,PA,Percent per annum,_Z,Not applicable,_Z,Not applicable,_Z,Not applicable,_Z,Not applicable,N,National,2022,,2.475,,A,Normal value,0,Units,2,Two,,
DATAFLOW,OECD.SDD.STES:DSD_STES@DF_FINMARK(4.0),Financial market,I,KOR,Korea,A,Annual,IR3TIB,Short-term interest rates,PA,Percent per annum,_Z,Not applicable,_Z,Not applicable,_Z,Not applicable,_Z,Not applicable,N,National,2023,,3.709167,,A,Normal value,0,Units,2,Two,,
DATAFLOW,OECD.SDD.STES:DSD_STES@DF_FINMARK(4.0),Financial market,I,LVA,Latvia,A,Annual,IR3TIB,Short-term interest rates,PA,Percent per annum,_Z,Not applicable,_Z,Not applicable,_Z,Not applicable,_Z,Not applicable,N,National,1998,,8.388333,,A,Normal value,0,Units,2,Two,,
DATAFLOW,OECD.SDD.STES:DSD_STES@DF_FINMARK(4.0),Financial market,I,LVA,Latvia,A,Annual,IR3TIB,Short-term interest rates,PA,Percent per annum,_Z,Not applicable,_Z,Not applicable,_Z,Not applicable,_Z,Not applicable,N,National,1999,,8.45,,A,Normal value,0,Units,2,Two,,
DATAFLOW,OECD.SDD.STES:DSD_STES@DF_FINMARK(4.0),Financial market,I,LVA,Latvia,A,Annual,IR3TIB,Short-term interest rates,PA,Percent per annum,_Z,Not applicable,_Z,Not applicable,_Z,Not applicable,_Z,Not applicable,N,National,2000,,5.4025,,A,Normal value,0,Units,2,Two,,
DATAFLOW,OECD.SDD.STES:DSD_STES@DF_FINMARK(4.0),Financial market,I,LVA,Latvia,A,Annual,IR3TIB,Short-term interest rates,PA,Percent per annum,_Z,Not applicable,_Z,Not applicable,_Z,Not applicable,_Z,Not applicable,N,National,2001,,6.861667,,A,Normal value,0,Units,2,Two,,
DATAFLOW,OECD.SDD.STES:DSD_STES@DF_FINMARK(4.0),Financial market,I,LVA,Latvia,A,Annual,IR3TIB,Short-term interest rates,PA,Percent per annum,_Z,Not applicable,_Z,Not applicable,_Z,Not applicable,_Z,Not applicable,N,National,2002,,4.354167,,A,Normal value,0,Units,2,Two,,
DATAFLOW,OECD.SDD.STES:DSD_STES@DF_FINMARK(4.0),Financial market,I,LVA,Latvia,A,Annual,IR3TIB,Short-term interest rates,PA,Percent per annum,_Z,Not applicable,_Z,Not applicable,_Z,Not applicable,_Z,Not applicable,N,National,2003,,3.835,,A,Normal value,0,Units,2,Two,,
DATAFLOW,OECD.SDD.STES:DSD_STES@DF_FINMARK(4.0),Financial market,I,LVA,Latvia,A,Annual,IR3TIB,Short-term interest rates,PA,Percent per annum,_Z,Not applicable,_Z,Not applicable,_Z,Not applicable,_Z,Not applicable,N,National,2004,,4.231875,,A,Normal value,0,Units,2,Two,,
DATAFLOW,OECD.SDD.STES:DSD_STES@DF_FINMARK(4.0),Financial market,I,LVA,Latvia,A,Annual,IR3TIB,Short-term interest rates,PA,Percent per annum,_Z,Not applicable,_Z,Not applicable,_Z,Not applicable,_Z,Not applicable,N,National,2005,,3.0725,,A,Normal value,0,Units,2,Two,,
DATAFLOW,OECD.SDD.STES:DSD_STES@DF_FINMARK(4.0),Financial market,I,LVA,Latvia,A,Annual,IR3TIB,Short-term interest rates,PA,Percent per annum,_Z,Not applicable,_Z,Not applicable,_Z,Not applicable,_Z,Not applicable,N,National,2006,,4.371666,,A,Normal value,0,Units,2,Two,,
DATAFLOW,OECD.SDD.STES:DSD_STES@DF_FINMARK(4.0),Financial market,I,LVA,Latvia,A,Annual,IR3TIB,Short-term interest rates,PA,Percent per annum,_Z,Not applicable,_Z,Not applicable,_Z,Not applicable,_Z,Not applicable,N,National,2007,,8.671667,,A,Normal value,0,Units,2,Two,,
DATAFLOW,OECD.SDD.STES:DSD_STES@DF_FINMARK(4.0),Financial market,I,LVA,Latvia,A,Annual,IR3TIB,Short-term interest rates,PA,Percent per annum,_Z,Not applicable,_Z,Not applicable,_Z,Not applicable,_Z,Not applicable,N,National,2008,,7.989167,,A,Normal value,0,Units,2,Two,,
DATAFLOW,OECD.SDD.STES:DSD_STES@DF_FINMARK(4.0),Financial market,I,LVA,Latvia,A,Annual,IR3TIB,Short-term interest rates,PA,Percent per annum,_Z,Not applicable,_Z,Not applicable,_Z,Not applicable,_Z,Not applicable,N,National,2009,,13.08417,,A,Normal value,0,Units,2,Two,,
DATAFLOW,OECD.SDD.STES:DSD_STES@DF_FINMARK(4.0),Financial market,I,LVA,Latvia,A,Annual,IR3TIB,Short-term interest rates,PA,Percent per annum,_Z,Not applicable,_Z,Not applicable,_Z,Not applicable,_Z,Not applicable,N,National,2010,,1.996667,,A,Normal value,0,Units,2,Two,,
DATAFLOW,OECD.SDD.STES:DSD_STES@DF_FINMARK(4.0),Financial market,I,LVA,Latvia,A,Annual,IR3TIB,Short-term interest rates,PA,Percent per annum,_Z,Not applicable,_Z,Not applicable,_Z,Not applicable,_Z,Not applicable,N,National,2011,,0.9616666,,A,Normal value,0,Units,2,Two,,
DATAFLOW,OECD.SDD.STES:DSD_STES@DF_FINMARK(4.0),Financial market,I,LVA,Latvia,A,Annual,IR3TIB,Short-term interest rates,PA,Percent per annum,_Z,Not applicable,_Z,Not applicable,_Z,Not applicable,_Z,Not applicable,N,National,2012,,0.8883333,,A,Normal value,0,Units,2,Two,,
DATAFLOW,OECD.SDD.STES:DSD_STES@DF_FINMARK(4.0),Financial market,I,LVA,Latvia,A,Annual,IR3TIB,Short-term interest rates,PA,Percent per annum,_Z,Not applicable,_Z,Not applicable,_Z,Not applicable,_Z,Not applicable,N,National,2013,,0.3625,,A,Normal value,0,Units,2,Two,,
DATAFLOW,OECD.SDD.STES:DSD_STES@DF_FINMARK(4.0),Financial market,I,LVA,Latvia,A,Annual,IR3TIB,Short-term interest rates,PA,Percent per annum,_Z,Not applicable,_Z,Not applicable,_Z,Not applicable,_Z,Not applicable,N,National,2014,,0.2099457,,A,Normal value,0,Units,2,Two,,
DATAFLOW,OECD.SDD.STES:DSD_STES@DF_FINMARK(4.0),Financial market,I,LVA,Latvia,A,Annual,IR3TIB,Short-term interest rates,PA,Percent per annum,_Z,Not applicable,_Z,Not applicable,_Z,Not applicable,_Z,Not applicable,N,National,2015,,-0.0193757,,A,Normal value,0,Units,2,Two,,
DATAFLOW,OECD.SDD.STES:DSD_STES@DF_FINMARK(4.0),Financial market,I,LVA,Latvia,A,Annual,IR3TIB,Short-term interest rates,PA,Percent per annum,_Z,Not applicable,_Z,Not applicable,_Z,Not applicable,_Z,Not applicable,N,National,2016,,-0.2636957,,A,Normal value,0,Units,2,Two,,
DATAFLOW,OECD.SDD.STES:DSD_STES@DF_FINMARK(4.0),Financial market,I,LVA,Latvia,A,Annual,IR3TIB,Short-term interest rates,PA,Percent per annum,_Z,Not applicable,_Z,Not applicable,_Z,Not applicable,_Z,Not applicable,N,National,2017,,-0.3290561,,A,Normal value,0,Units,2,Two,,
DATAFLOW,OECD.SDD.STES:DSD_STES@DF_FINMARK(4.0),Financial market,I,LVA,Latvia,A,Annual,IR3TIB,Short-term interest rates,PA,Percent per annum,_Z,Not applicable,_Z,Not applicable,_Z,Not applicable,_Z,Not applicable,N,National,2018,,-0.322093,,A,Normal value,0,Units,2,Two,,
DATAFLOW,OECD.SDD.STES:DSD_STES@DF_FINMARK(4.0),Financial market,I,LVA,Latvia,A,Annual,IR3TIB,Short-term interest rates,PA,Percent per annum,_Z,Not applicable,_Z,Not applicable,_Z,Not applicable,_Z,Not applicable,N,National,2019,,-0.3563193,,A,Normal value,0,Units,2,Two,,
DATAFLOW,OECD.SDD.STES:DSD_STES@DF_FINMARK(4.0),Financial market,I,LVA,Latvia,A,Annual,IR3TIB,Short-term interest rates,PA,Percent per annum,_Z,Not applicable,_Z,Not applicable,_Z,Not applicable,_Z,Not applicable,N,National,2020,,-0.4251596,,A,Normal value,0,Units,2,Two,,
DATAFLOW,OECD.SDD.STES:DSD_STES@DF_FINMARK(4.0),Financial market,I,LVA,Latvia,A,Annual,IR3TIB,Short-term interest rates,PA,Percent per annum,_Z,Not applicable,_Z,Not applicable,_Z,Not applicable,_Z,Not applicable,N,National,2021,,-0.5487563,,A,Normal value,0,Units,2,Two,,
DATAFLOW,OECD.SDD.STES:DSD_STES@DF_FINMARK(4.0),Financial market,I,LVA,Latvia,A,Annual,IR3TIB,Short-term interest rates,PA,Percent per annum,_Z,Not applicable,_Z,Not applicable,_Z,Not applicable,_Z,Not applicable,N,National,2022,,0.3415554,,A,Normal value,0,Units,2,Two,,
DATAFLOW,OECD.SDD.STES:DSD_STES@DF_FINMARK(4.0),Financial market,I,LTU,Lithuania,A,Annual,IR3TIB,Short-term interest rates,PA,Percent per annum,_Z,Not applicable,_Z,Not applicable,_Z,Not applicable,_Z,Not applicable,N,National,1999,,13.87182,,A,Normal value,0,Units,2,Two,,
DATAFLOW,OECD.SDD.STES:DSD_STES@DF_FINMARK(4.0),Financial market,I,LTU,Lithuania,A,Annual,IR3TIB,Short-term interest rates,PA,Percent per annum,_Z,Not applicable,_Z,Not applicable,_Z,Not applicable,_Z,Not applicable,N,National,2000,,8.64284,,A,Normal value,0,Units,2,Two,,
DATAFLOW,OECD.SDD.STES:DSD_STES@DF_FINMARK(4.0),Financial market,I,LTU,Lithuania,A,Annual,IR3TIB,Short-term interest rates,PA,Percent per annum,_Z,Not applicable,_Z,Not applicable,_Z,Not applicable,_Z,Not applicable,N,National,2001,,5.935413,,A,Normal value,0,Units,2,Two,,
DATAFLOW,OECD.SDD.STES:DSD_STES@DF_FINMARK(4.0),Financial market,I,LTU,Lithuania,A,Annual,IR3TIB,Short-term interest rates,PA,Percent per annum,_Z,Not applicable,_Z,Not applicable,_Z,Not applicable,_Z,Not applicable,N,National,2002,,3.746735,,A,Normal value,0,Units,2,Two,,
DATAFLOW,OECD.SDD.STES:DSD_STES@DF_FINMARK(4.0),Financial market,I,LTU,Lithuania,A,Annual,IR3TIB,Short-term interest rates,PA,Percent per annum,_Z,Not applicable,_Z,Not applicable,_Z,Not applicable,_Z,Not applicable,N,National,2003,,2.840528,,A,Normal value,0,Units,2,Two,,
DATAFLOW,OECD.SDD.STES:DSD_STES@DF_FINMARK(4.0),Financial market,I,LTU,Lithuania,A,Annual,IR3TIB,Short-term interest rates,PA,Percent per annum,_Z,Not applicable,_Z,Not applicable,_Z,Not applicable,_Z,Not applicable,N,National,2004,,2.681834,,A,Normal value,0,Units,2,Two,,
DATAFLOW,OECD.SDD.STES:DSD_STES@DF_FINMARK(4.0),Financial market,I,LTU,Lithuania,A,Annual,IR3TIB,Short-term interest rates,PA,Percent per annum,_Z,Not applicable,_Z,Not applicable,_Z,Not applicable,_Z,Not applicable,N,National,2005,,2.428321,,A,Normal value,0,Units,2,Two,,
DATAFLOW,OECD.SDD.STES:DSD_STES@DF_FINMARK(4.0),Financial market,I,LTU,Lithuania,A,Annual,IR3TIB,Short-term interest rates,PA,Percent per annum,_Z,Not applicable,_Z,Not applicable,_Z,Not applicable,_Z,Not applicable,N,National,2006,,3.108458,,A,Normal value,0,Units,2,Two,,
DATAFLOW,OECD.SDD.STES:DSD_STES@DF_FINMARK(4.0),Financial market,I,LTU,Lithuania,A,Annual,IR3TIB,Short-term interest rates,PA,Percent per annum,_Z,Not applicable,_Z,Not applicable,_Z,Not applicable,_Z,Not applicable,N,National,2007,,5.103236,,A,Normal value,0,Units,2,Two,,
DATAFLOW,OECD.SDD.STES:DSD_STES@DF_FINMARK(4.0),Financial market,I,LTU,Lithuania,A,Annual,IR3TIB,Short-term interest rates,PA,Percent per annum,_Z,Not applicable,_Z,Not applicable,_Z,Not applicable,_Z,Not applicable,N,National,2008,,6.039039,,A,Normal value,0,Units,2,Two,,
DATAFLOW,OECD.SDD.STES:DSD_STES@DF_FINMARK(4.0),Financial market,I,LTU,Lithuania,A,Annual,IR3TIB,Short-term interest rates,PA,Percent per annum,_Z,Not applicable,_Z,Not applicable,_Z,Not applicable,_Z,Not applicable,N,National,2009,,7.06797,,A,Normal value,0,Units,2,Two,,
DATAFLOW,OECD.SDD.STES:DSD_STES@DF_FINMARK(4.0),Financial market,I,LTU,Lithuania,A,Annual,IR3TIB,Short-term interest rates,PA,Percent per annum,_Z,Not applicable,_Z,Not applicable,_Z,Not applicable,_Z,Not applicable,N,National,2010,,1.804456,,A,Normal value,0,Units,2,Two,,
DATAFLOW,OECD.SDD.STES:DSD_STES@DF_FINMARK(4.0),Financial market,I,LTU,Lithuania,A,Annual,IR3TIB,Short-term interest rates,PA,Percent per annum,_Z,Not applicable,_Z,Not applicable,_Z,Not applicable,_Z,Not applicable,N,National,2011,,1.672635,,A,Normal value,0,Units,2,Two,,
DATAFLOW,OECD.SDD.STES:DSD_STES@DF_FINMARK(4.0),Financial market,I,LTU,Lithuania,A,Annual,IR3TIB,Short-term interest rates,PA,Percent per annum,_Z,Not applicable,_Z,Not applicable,_Z,Not applicable,_Z,Not applicable,N,National,2012,,1.081989,,A,Normal value,0,Units,2,Two,,
DATAFLOW,OECD.SDD.STES:DSD_STES@DF_FINMARK(4.0),Financial market,I,LTU,Lithuania,A,Annual,IR3TIB,Short-term interest rates,PA,Percent per annum,_Z,Not applicable,_Z,Not applicable,_Z,Not applicable,_Z,Not applicable,N,National,2013,,0.5098846,,A,Normal value,0,Units,2,Two,,
DATAFLOW,OECD.SDD.STES:DSD_STES@DF_FINMARK(4.0),Financial market,I,LTU,Lithuania,A,Annual,IR3TIB,Short-term interest rates,PA,Percent per annum,_Z,Not applicable,_Z,Not applicable,_Z,Not applicable,_Z,Not applicable,N,National,2014,,0.3267963,,A,Normal value,0,Units,2,Two,,
DATAFLOW,OECD.SDD.STES:DSD_STES@DF_FINMARK(4.0),Financial market,I,LTU,Lithuania,A,Annual,IR3TIB,Short-term interest rates,PA,Percent per annum,_Z,Not applicable,_Z,Not applicable,_Z,Not applicable,_Z,Not applicable,N,National,2015,,-0.0193757,,A,Normal value,0,Units,2,Two,,
DATAFLOW,OECD.SDD.STES:DSD_STES@DF_FINMARK(4.0),Financial market,I,LTU,Lithuania,A,Annual,IR3TIB,Short-term interest rates,PA,Percent per annum,_Z,Not applicable,_Z,Not applicable,_Z,Not applicable,_Z,Not applicable,N,National,2016,,-0.2636957,,A,Normal value,0,Units,2,Two,,
DATAFLOW,OECD.SDD.STES:DSD_STES@DF_FINMARK(4.0),Financial market,I,LTU,Lithuania,A,Annual,IR3TIB,Short-term interest rates,PA,Percent per annum,_Z,Not applicable,_Z,Not applicable,_Z,Not applicable,_Z,Not applicable,N,National,2017,,-0.3290561,,A,Normal value,0,Units,2,Two,,
DATAFLOW,OECD.SDD.STES:DSD_STES@DF_FINMARK(4.0),Financial market,I,LTU,Lithuania,A,Annual,IR3TIB,Short-term interest rates,PA,Percent per annum,_Z,Not applicable,_Z,Not applicable,_Z,Not applicable,_Z,Not applicable,N,National,2018,,-0.322093,,A,Normal value,0,Units,2,Two,,
DATAFLOW,OECD.SDD.STES:DSD_STES@DF_FINMARK(4.0),Financial market,I,LTU,Lithuania,A,Annual,IR3TIB,Short-term interest rates,PA,Percent per annum,_Z,Not applicable,_Z,Not applicable,_Z,Not applicable,_Z,Not applicable,N,National,2019,,-0.3563193,,A,Normal value,0,Units,2,Two,,
DATAFLOW,OECD.SDD.STES:DSD_STES@DF_FINMARK(4.0),Financial market,I,LTU,Lithuania,A,Annual,IR3TIB,Short-term interest rates,PA,Percent per annum,_Z,Not applicable,_Z,Not applicable,_Z,Not applicable,_Z,Not applicable,N,National,2020,,-0.4251596,,A,Normal value,0,Units,2,Two,,
DATAFLOW,OECD.SDD.STES:DSD_STES@DF_FINMARK(4.0),Financial market,I,LTU,Lithuania,A,Annual,IR3TIB,Short-term interest rates,PA,Percent per annum,_Z,Not applicable,_Z,Not applicable,_Z,Not applicable,_Z,Not applicable,N,National,2021,,-0.5487563,,A,Normal value,0,Units,2,Two,,
DATAFLOW,OECD.SDD.STES:DSD_STES@DF_FINMARK(4.0),Financial market,I,LTU,Lithuania,A,Annual,IR3TIB,Short-term interest rates,PA,Percent per annum,_Z,Not applicable,_Z,Not applicable,_Z,Not applicable,_Z,Not applicable,N,National,2022,,0.3415554,,A,Normal value,0,Units,2,Two,,
DATAFLOW,OECD.SDD.STES:DSD_STES@DF_FINMARK(4.0),Financial market,I,LUX,Luxembourg,A,Annual,IR3TIB,Short-term interest rates,PA,Percent per annum,_Z,Not applicable,_Z,Not applicable,_Z,Not applicable,_Z,Not applicable,N,National,1999,,2.963488,,A,Normal value,0,Units,2,Two,,
DATAFLOW,OECD.SDD.STES:DSD_STES@DF_FINMARK(4.0),Financial market,I,LUX,Luxembourg,A,Annual,IR3TIB,Short-term interest rates,PA,Percent per annum,_Z,Not applicable,_Z,Not applicable,_Z,Not applicable,_Z,Not applicable,N,National,2000,,4.391766,,A,Normal value,0,Units,2,Two,,
DATAFLOW,OECD.SDD.STES:DSD_STES@DF_FINMARK(4.0),Financial market,I,LUX,Luxembourg,A,Annual,IR3TIB,Short-term interest rates,PA,Percent per annum,_Z,Not applicable,_Z,Not applicable,_Z,Not applicable,_Z,Not applicable,N,National,2001,,4.26178,,A,Normal value,0,Units,2,Two,,
DATAFLOW,OECD.SDD.STES:DSD_STES@DF_FINMARK(4.0),Financial market,I,LUX,Luxembourg,A,Annual,IR3TIB,Short-term interest rates,PA,Percent per annum,_Z,Not applicable,_Z,Not applicable,_Z,Not applicable,_Z,Not applicable,N,National,2002,,3.318602,,A,Normal value,0,Units,2,Two,,
DATAFLOW,OECD.SDD.STES:DSD_STES@DF_FINMARK(4.0),Financial market,I,LUX,Luxembourg,A,Annual,IR3TIB,Short-term interest rates,PA,Percent per annum,_Z,Not applicable,_Z,Not applicable,_Z,Not applicable,_Z,Not applicable,N,National,2003,,2.333474,,A,Normal value,0,Units,2,Two,,
DATAFLOW,OECD.SDD.STES:DSD_STES@DF_FINMARK(4.0),Financial market,I,LUX,Luxembourg,A,Annual,IR3TIB,Short-term interest rates,PA,Percent per annum,_Z,Not applicable,_Z,Not applicable,_Z,Not applicable,_Z,Not applicable,N,National,2004,,2.106323,,A,Normal value,0,Units,2,Two,,
DATAFLOW,OECD.SDD.STES:DSD_STES@DF_FINMARK(4.0),Financial market,I,LUX,Luxembourg,A,Annual,IR3TIB,Short-term interest rates,PA,Percent per annum,_Z,Not applicable,_Z,Not applicable,_Z,Not applicable,_Z,Not applicable,N,National,2005,,2.184689,,A,Normal value,0,Units,2,Two,,
DATAFLOW,OECD.SDD.STES:DSD_STES@DF_FINMARK(4.0),Financial market,I,LUX,Luxembourg,A,Annual,IR3TIB,Short-term interest rates,PA,Percent per annum,_Z,Not applicable,_Z,Not applicable,_Z,Not applicable,_Z,Not applicable,N,National,2006,,3.079212,,A,Normal value,0,Units,2,Two,,
DATAFLOW,OECD.SDD.STES:DSD_STES@DF_FINMARK(4.0),Financial market,I,LUX,Luxembourg,A,Annual,IR3TIB,Short-term interest rates,PA,Percent per annum,_Z,Not applicable,_Z,Not applicable,_Z,Not applicable,_Z,Not applicable,N,National,2007,,4.277596,,A,Normal value,0,Units,2,Two,,
DATAFLOW,OECD.SDD.STES:DSD_STES@DF_FINMARK(4.0),Financial market,I,LUX,Luxembourg,A,Annual,IR3TIB,Short-term interest rates,PA,Percent per annum,_Z,Not applicable,_Z,Not applicable,_Z,Not applicable,_Z,Not applicable,N,National,2008,,4.634233,,A,Normal value,0,Units,2,Two,,
DATAFLOW,OECD.SDD.STES:DSD_STES@DF_FINMARK(4.0),Financial market,I,LUX,Luxembourg,A,Annual,IR3TIB,Short-term interest rates,PA,Percent per annum,_Z,Not applicable,_Z,Not applicable,_Z,Not applicable,_Z,Not applicable,N,National,2009,,1.22835,,A,Normal value,0,Units,2,Two,,
DATAFLOW,OECD.SDD.STES:DSD_STES@DF_FINMARK(4.0),Financial market,I,LUX,Luxembourg,A,Annual,IR3TIB,Short-term interest rates,PA,Percent per annum,_Z,Not applicable,_Z,Not applicable,_Z,Not applicable,_Z,Not applicable,N,National,2010,,0.8109539,,A,Normal value,0,Units,2,Two,,
DATAFLOW,OECD.SDD.STES:DSD_STES@DF_FINMARK(4.0),Financial market,I,LUX,Luxembourg,A,Annual,IR3TIB,Short-term interest rates,PA,Percent per annum,_Z,Not applicable,_Z,Not applicable,_Z,Not applicable,_Z,Not applicable,N,National,2011,,1.3906,,A,Normal value,0,Units,2,Two,,
DATAFLOW,OECD.SDD.STES:DSD_STES@DF_FINMARK(4.0),Financial market,I,LUX,Luxembourg,A,Annual,IR3TIB,Short-term interest rates,PA,Percent per annum,_Z,Not applicable,_Z,Not applicable,_Z,Not applicable,_Z,Not applicable,N,National,2012,,0.5731811,,A,Normal value,0,Units,2,Two,,
DATAFLOW,OECD.SDD.STES:DSD_STES@DF_FINMARK(4.0),Financial market,I,LUX,Luxembourg,A,Annual,IR3TIB,Short-term interest rates,PA,Percent per annum,_Z,Not applicable,_Z,Not applicable,_Z,Not applicable,_Z,Not applicable,N,National,2013,,0.2206612,,A,Normal value,0,Units,2,Two,,
DATAFLOW,OECD.SDD.STES:DSD_STES@DF_FINMARK(4.0),Financial market,I,LUX,Luxembourg,A,Annual,IR3TIB,Short-term interest rates,PA,Percent per annum,_Z,Not applicable,_Z,Not applicable,_Z,Not applicable,_Z,Not applicable,N,National,2014,,0.2099457,,A,Normal value,0,Units,2,Two,,
DATAFLOW,OECD.SDD.STES:DSD_STES@DF_FINMARK(4.0),Financial market,I,LUX,Luxembourg,A,Annual,IR3TIB,Short-term interest rates,PA,Percent per annum,_Z,Not applicable,_Z,Not applicable,_Z,Not applicable,_Z,Not applicable,N,National,2015,,-0.0193757,,A,Normal value,0,Units,2,Two,,
DATAFLOW,OECD.SDD.STES:DSD_STES@DF_FINMARK(4.0),Financial market,I,LUX,Luxembourg,A,Annual,IR3TIB,Short-term interest rates,PA,Percent per annum,_Z,Not applicable,_Z,Not applicable,_Z,Not applicable,_Z,Not applicable,N,National,2016,,-0.2636957,,A,Normal value,0,Units,2,Two,,
DATAFLOW,OECD.SDD.STES:DSD_STES@DF_FINMARK(4.0),Financial market,I,LUX,Luxembourg,A,Annual,IR3TIB,Short-term interest rates,PA,Percent per annum,_Z,Not applicable,_Z,Not applicable,_Z,Not applicable,_Z,Not applicable,N,National,2017,,-0.3290561,,A,Normal value,0,Units,2,Two,,
DATAFLOW,OECD.SDD.STES:DSD_STES@DF_FINMARK(4.0),Financial market,I,LUX,Luxembourg,A,Annual,IR3TIB,Short-term interest rates,PA,Percent per annum,_Z,Not applicable,_Z,Not applicable,_Z,Not applicable,_Z,Not applicable,N,National,2018,,-0.322093,,A,Normal value,0,Units,2,Two,,
DATAFLOW,OECD.SDD.STES:DSD_STES@DF_FINMARK(4.0),Financial market,I,LUX,Luxembourg,A,Annual,IR3TIB,Short-term interest rates,PA,Percent per annum,_Z,Not applicable,_Z,Not applicable,_Z,Not applicable,_Z,Not applicable,N,National,2019,,-0.3563193,,A,Normal value,0,Units,2,Two,,
DATAFLOW,OECD.SDD.STES:DSD_STES@DF_FINMARK(4.0),Financial market,I,LUX,Luxembourg,A,Annual,IR3TIB,Short-term interest rates,PA,Percent per annum,_Z,Not applicable,_Z,Not applicable,_Z,Not applicable,_Z,Not applicable,N,National,2020,,-0.4251596,,A,Normal value,0,Units,2,Two,,
DATAFLOW,OECD.SDD.STES:DSD_STES@DF_FINMARK(4.0),Financial market,I,LUX,Luxembourg,A,Annual,IR3TIB,Short-term interest rates,PA,Percent per annum,_Z,Not applicable,_Z,Not applicable,_Z,Not applicable,_Z,Not applicable,N,National,2021,,-0.5487563,,A,Normal value,0,Units,2,Two,,
DATAFLOW,OECD.SDD.STES:DSD_STES@DF_FINMARK(4.0),Financial market,I,LUX,Luxembourg,A,Annual,IR3TIB,Short-term interest rates,PA,Percent per annum,_Z,Not applicable,_Z,Not applicable,_Z,Not applicable,_Z,Not applicable,N,National,2022,,0.3415554,,A,Normal value,0,Units,2,Two,,
DATAFLOW,OECD.SDD.STES:DSD_STES@DF_FINMARK(4.0),Financial market,I,MEX,Mexico,A,Annual,IR3TIB,Short-term interest rates,PA,Percent per annum,_Z,Not applicable,_Z,Not applicable,_Z,Not applicable,_Z,Not applicable,N,National,1997,,22.29417,,A,Normal value,0,Units,2,Two,,
DATAFLOW,OECD.SDD.STES:DSD_STES@DF_FINMARK(4.0),Financial market,I,MEX,Mexico,A,Annual,IR3TIB,Short-term interest rates,PA,Percent per annum,_Z,Not applicable,_Z,Not applicable,_Z,Not applicable,_Z,Not applicable,N,National,1998,,27.14167,,A,Normal value,0,Units,2,Two,,
DATAFLOW,OECD.SDD.STES:DSD_STES@DF_FINMARK(4.0),Financial market,I,MEX,Mexico,A,Annual,IR3TIB,Short-term interest rates,PA,Percent per annum,_Z,Not applicable,_Z,Not applicable,_Z,Not applicable,_Z,Not applicable,N,National,1999,,24.62667,,A,Normal value,0,Units,2,Two,,
DATAFLOW,OECD.SDD.STES:DSD_STES@DF_FINMARK(4.0),Financial market,I,MEX,Mexico,A,Annual,IR3TIB,Short-term interest rates,PA,Percent per annum,_Z,Not applicable,_Z,Not applicable,_Z,Not applicable,_Z,Not applicable,N,National,2000,,17.23167,,A,Normal value,0,Units,2,Two,,
DATAFLOW,OECD.SDD.STES:DSD_STES@DF_FINMARK(4.0),Financial market,I,MEX,Mexico,A,Annual,IR3TIB,Short-term interest rates,PA,Percent per annum,_Z,Not applicable,_Z,Not applicable,_Z,Not applicable,_Z,Not applicable,N,National,2001,,13.42667,,A,Normal value,0,Units,2,Two,,
DATAFLOW,OECD.SDD.STES:DSD_STES@DF_FINMARK(4.0),Financial market,I,MEX,Mexico,A,Annual,IR3TIB,Short-term interest rates,PA,Percent per annum,_Z,Not applicable,_Z,Not applicable,_Z,Not applicable,_Z,Not applicable,N,National,2002,,8.45,,A,Normal value,0,Units,2,Two,,
DATAFLOW,OECD.SDD.STES:DSD_STES@DF_FINMARK(4.0),Financial market,I,MEX,Mexico,A,Annual,IR3TIB,Short-term interest rates,PA,Percent per annum,_Z,Not applicable,_Z,Not applicable,_Z,Not applicable,_Z,Not applicable,N,National,2003,,7.164166,,A,Normal value,0,Units,2,Two,,
DATAFLOW,OECD.SDD.STES:DSD_STES@DF_FINMARK(4.0),Financial market,I,MEX,Mexico,A,Annual,IR3TIB,Short-term interest rates,PA,Percent per annum,_Z,Not applicable,_Z,Not applicable,_Z,Not applicable,_Z,Not applicable,N,National,2004,,7.4425,,A,Normal value,0,Units,2,Two,,
DATAFLOW,OECD.SDD.STES:DSD_STES@DF_FINMARK(4.0),Financial market,I,MEX,Mexico,A,Annual,IR3TIB,Short-term interest rates,PA,Percent per annum,_Z,Not applicable,_Z,Not applicable,_Z,Not applicable,_Z,Not applicable,N,National,2005,,9.631667,,A,Normal value,0,Units,2,Two,,
DATAFLOW,OECD.SDD.STES:DSD_STES@DF_FINMARK(4.0),Financial market,I,MEX,Mexico,A,Annual,IR3TIB,Short-term interest rates,PA,Percent per annum,_Z,Not applicable,_Z,Not applicable,_Z,Not applicable,_Z,Not applicable,N,National,2006,,7.69,,A,Normal value,0,Units,2,Two,,
DATAFLOW,OECD.SDD.STES:DSD_STES@DF_FINMARK(4.0),Financial market,I,MEX,Mexico,A,Annual,IR3TIB,Short-term interest rates,PA,Percent per annum,_Z,Not applicable,_Z,Not applicable,_Z,Not applicable,_Z,Not applicable,N,National,2007,,7.784167,,A,Normal value,0,Units,2,Two,,
DATAFLOW,OECD.SDD.STES:DSD_STES@DF_FINMARK(4.0),Financial market,I,MEX,Mexico,A,Annual,IR3TIB,Short-term interest rates,PA,Percent per annum,_Z,Not applicable,_Z,Not applicable,_Z,Not applicable,_Z,Not applicable,N,National,2008,,8.3525,,A,Normal value,0,Units,2,Two,,
DATAFLOW,OECD.SDD.STES:DSD_STES@DF_FINMARK(4.0),Financial market,I,MEX,Mexico,A,Annual,IR3TIB,Short-term interest rates,PA,Percent per annum,_Z,Not applicable,_Z,Not applicable,_Z,Not applicable,_Z,Not applicable,N,National,2009,,5.929167,,A,Normal value,0,Units,2,Two,,
DATAFLOW,OECD.SDD.STES:DSD_STES@DF_FINMARK(4.0),Financial market,I,MEX,Mexico,A,Annual,IR3TIB,Short-term interest rates,PA,Percent per annum,_Z,Not applicable,_Z,Not applicable,_Z,Not applicable,_Z,Not applicable,N,National,2010,,5,,A,Normal value,0,Units,2,Two,,
DATAFLOW,OECD.SDD.STES:DSD_STES@DF_FINMARK(4.0),Financial market,I,MEX,Mexico,A,Annual,IR3TIB,Short-term interest rates,PA,Percent per annum,_Z,Not applicable,_Z,Not applicable,_Z,Not applicable,_Z,Not applicable,N,National,2011,,4.855,,A,Normal value,0,Units,2,Two,,
DATAFLOW,OECD.SDD.STES:DSD_STES@DF_FINMARK(4.0),Financial market,I,MEX,Mexico,A,Annual,IR3TIB,Short-term interest rates,PA,Percent per annum,_Z,Not applicable,_Z,Not applicable,_Z,Not applicable,_Z,Not applicable,N,National,2012,,4.806667,,A,Normal value,0,Units,2,Two,,
DATAFLOW,OECD.SDD.STES:DSD_STES@DF_FINMARK(4.0),Financial market,I,MEX,Mexico,A,Annual,IR3TIB,Short-term interest rates,PA,Percent per annum,_Z,Not applicable,_Z,Not applicable,_Z,Not applicable,_Z,Not applicable,N,National,2013,,4.285833,,A,Normal value,0,Units,2,Two,,
DATAFLOW,OECD.SDD.STES:DSD_STES@DF_FINMARK(4.0),Financial market,I,MEX,Mexico,A,Annual,IR3TIB,Short-term interest rates,PA,Percent per annum,_Z,Not applicable,_Z,Not applicable,_Z,Not applicable,_Z,Not applicable,N,National,2014,,3.525833,,A,Normal value,0,Units,2,Two,,
DATAFLOW,OECD.SDD.STES:DSD_STES@DF_FINMARK(4.0),Financial market,I,MEX,Mexico,A,Annual,IR3TIB,Short-term interest rates,PA,Percent per annum,_Z,Not applicable,_Z,Not applicable,_Z,Not applicable,_Z,Not applicable,N,National,2015,,3.3425,,A,Normal value,0,Units,2,Two,,
DATAFLOW,OECD.SDD.STES:DSD_STES@DF_FINMARK(4.0),Financial market,I,MEX,Mexico,A,Annual,IR3TIB,Short-term interest rates,PA,Percent per annum,_Z,Not applicable,_Z,Not applicable,_Z,Not applicable,_Z,Not applicable,N,National,2016,,4.568333,,A,Normal value,0,Units,2,Two,,
DATAFLOW,OECD.SDD.STES:DSD_STES@DF_FINMARK(4.0),Financial market,I,MEX,Mexico,A,Annual,IR3TIB,Short-term interest rates,PA,Percent per annum,_Z,Not applicable,_Z,Not applicable,_Z,Not applicable,_Z,Not applicable,N,National,2017,,7.120833,,A,Normal value,0,Units,2,Two,,
DATAFLOW,OECD.SDD.STES:DSD_STES@DF_FINMARK(4.0),Financial market,I,MEX,Mexico,A,Annual,IR3TIB,Short-term interest rates,PA,Percent per annum,_Z,Not applicable,_Z,Not applicable,_Z,Not applicable,_Z,Not applicable,N,National,2018,,8.055833,,A,Normal value,0,Units,2,Two,,
DATAFLOW,OECD.SDD.STES:DSD_STES@DF_FINMARK(4.0),Financial market,I,MEX,Mexico,A,Annual,IR3TIB,Short-term interest rates,PA,Percent per annum,_Z,Not applicable,_Z,Not applicable,_Z,Not applicable,_Z,Not applicable,N,National,2019,,8.273334,,A,Normal value,0,Units,2,Two,,
DATAFLOW,OECD.SDD.STES:DSD_STES@DF_FINMARK(4.0),Financial market,I,MEX,Mexico,A,Annual,IR3TIB,Short-term interest rates,PA,Percent per annum,_Z,Not applicable,_Z,Not applicable,_Z,Not applicable,_Z,Not applicable,N,National,2020,,5.673333,,A,Normal value,0,Units,2,Two,,
DATAFLOW,OECD.SDD.STES:DSD_STES@DF_FINMARK(4.0),Financial market,I,MEX,Mexico,A,Annual,IR3TIB,Short-term interest rates,PA,Percent per annum,_Z,Not applicable,_Z,Not applicable,_Z,Not applicable,_Z,Not applicable,N,National,2021,,4.655833,,A,Normal value,0,Units,2,Two,,
DATAFLOW,OECD.SDD.STES:DSD_STES@DF_FINMARK(4.0),Financial market,I,MEX,Mexico,A,Annual,IR3TIB,Short-term interest rates,PA,Percent per annum,_Z,Not applicable,_Z,Not applicable,_Z,Not applicable,_Z,Not applicable,N,National,2022,,8.1925,,A,Normal value,0,Units,2,Two,,
DATAFLOW,OECD.SDD.STES:DSD_STES@DF_FINMARK(4.0),Financial market,I,MEX,Mexico,A,Annual,IR3TIB,Short-term interest rates,PA,Percent per annum,_Z,Not applicable,_Z,Not applicable,_Z,Not applicable,_Z,Not applicable,N,National,2023,,11.4575,,A,Normal value,0,Units,2,Two,,
DATAFLOW,OECD.SDD.STES:DSD_STES@DF_FINMARK(4.0),Financial market,I,NLD,Netherlands,A,Annual,IR3TIB,Short-term interest rates,PA,Percent per annum,_Z,Not applicable,_Z,Not applicable,_Z,Not applicable,_Z,Not applicable,N,National,1982,,8.374166,,A,Normal value,0,Units,2,Two,,
DATAFLOW,OECD.SDD.STES:DSD_STES@DF_FINMARK(4.0),Financial market,I,NLD,Netherlands,A,Annual,IR3TIB,Short-term interest rates,PA,Percent per annum,_Z,Not applicable,_Z,Not applicable,_Z,Not applicable,_Z,Not applicable,N,National,1983,,5.648334,,A,Normal value,0,Units,2,Two,,
DATAFLOW,OECD.SDD.STES:DSD_STES@DF_FINMARK(4.0),Financial market,I,NLD,Netherlands,A,Annual,IR3TIB,Short-term interest rates,PA,Percent per annum,_Z,Not applicable,_Z,Not applicable,_Z,Not applicable,_Z,Not applicable,N,National,1984,,6.1275,,A,Normal value,0,Units,2,Two,,
DATAFLOW,OECD.SDD.STES:DSD_STES@DF_FINMARK(4.0),Financial market,I,NLD,Netherlands,A,Annual,IR3TIB,Short-term interest rates,PA,Percent per annum,_Z,Not applicable,_Z,Not applicable,_Z,Not applicable,_Z,Not applicable,N,National,1985,,6.355834,,A,Normal value,0,Units,2,Two,,
DATAFLOW,OECD.SDD.STES:DSD_STES@DF_FINMARK(4.0),Financial market,I,NLD,Netherlands,A,Annual,IR3TIB,Short-term interest rates,PA,Percent per annum,_Z,Not applicable,_Z,Not applicable,_Z,Not applicable,_Z,Not applicable,N,National,1986,,5.681667,,A,Normal value,0,Units,2,Two,,
DATAFLOW,OECD.SDD.STES:DSD_STES@DF_FINMARK(4.0),Financial market,I,NLD,Netherlands,A,Annual,IR3TIB,Short-term interest rates,PA,Percent per annum,_Z,Not applicable,_Z,Not applicable,_Z,Not applicable,_Z,Not applicable,N,National,1987,,5.359167,,A,Normal value,0,Units,2,Two,,
DATAFLOW,OECD.SDD.STES:DSD_STES@DF_FINMARK(4.0),Financial market,I,NLD,Netherlands,A,Annual,IR3TIB,Short-term interest rates,PA,Percent per annum,_Z,Not applicable,_Z,Not applicable,_Z,Not applicable,_Z,Not applicable,N,National,1988,,4.816667,,A,Normal value,0,Units,2,Two,,
DATAFLOW,OECD.SDD.STES:DSD_STES@DF_FINMARK(4.0),Financial market,I,NLD,Netherlands,A,Annual,IR3TIB,Short-term interest rates,PA,Percent per annum,_Z,Not applicable,_Z,Not applicable,_Z,Not applicable,_Z,Not applicable,N,National,1989,,7.388333,,A,Normal value,0,Units,2,Two,,
DATAFLOW,OECD.SDD.STES:DSD_STES@DF_FINMARK(4.0),Financial market,I,NLD,Netherlands,A,Annual,IR3TIB,Short-term interest rates,PA,Percent per annum,_Z,Not applicable,_Z,Not applicable,_Z,Not applicable,_Z,Not applicable,N,National,1990,,8.6825,,A,Normal value,0,Units,2,Two,,
DATAFLOW,OECD.SDD.STES:DSD_STES@DF_FINMARK(4.0),Financial market,I,NLD,Netherlands,A,Annual,IR3TIB,Short-term interest rates,PA,Percent per annum,_Z,Not applicable,_Z,Not applicable,_Z,Not applicable,_Z,Not applicable,N,National,1991,,9.281667,,A,Normal value,0,Units,2,Two,,
DATAFLOW,OECD.SDD.STES:DSD_STES@DF_FINMARK(4.0),Financial market,I,NLD,Netherlands,A,Annual,IR3TIB,Short-term interest rates,PA,Percent per annum,_Z,Not applicable,_Z,Not applicable,_Z,Not applicable,_Z,Not applicable,N,National,1992,,9.3525,,A,Normal value,0,Units,2,Two,,
DATAFLOW,OECD.SDD.STES:DSD_STES@DF_FINMARK(4.0),Financial market,I,NLD,Netherlands,A,Annual,IR3TIB,Short-term interest rates,PA,Percent per annum,_Z,Not applicable,_Z,Not applicable,_Z,Not applicable,_Z,Not applicable,N,National,1993,,6.854167,,A,Normal value,0,Units,2,Two,,
DATAFLOW,OECD.SDD.STES:DSD_STES@DF_FINMARK(4.0),Financial market,I,NLD,Netherlands,A,Annual,IR3TIB,Short-term interest rates,PA,Percent per annum,_Z,Not applicable,_Z,Not applicable,_Z,Not applicable,_Z,Not applicable,N,National,1994,,5.176667,,A,Normal value,0,Units,2,Two,,
DATAFLOW,OECD.SDD.STES:DSD_STES@DF_FINMARK(4.0),Financial market,I,NLD,Netherlands,A,Annual,IR3TIB,Short-term interest rates,PA,Percent per annum,_Z,Not applicable,_Z,Not applicable,_Z,Not applicable,_Z,Not applicable,N,National,1995,,4.3725,,A,Normal value,0,Units,2,Two,,
DATAFLOW,OECD.SDD.STES:DSD_STES@DF_FINMARK(4.0),Financial market,I,NLD,Netherlands,A,Annual,IR3TIB,Short-term interest rates,PA,Percent per annum,_Z,Not applicable,_Z,Not applicable,_Z,Not applicable,_Z,Not applicable,N,National,1996,,2.9975,,A,Normal value,0,Units,2,Two,,
DATAFLOW,OECD.SDD.STES:DSD_STES@DF_FINMARK(4.0),Financial market,I,NLD,Netherlands,A,Annual,IR3TIB,Short-term interest rates,PA,Percent per annum,_Z,Not applicable,_Z,Not applicable,_Z,Not applicable,_Z,Not applicable,N,National,1997,,3.334167,,A,Normal value,0,Units,2,Two,,
DATAFLOW,OECD.SDD.STES:DSD_STES@DF_FINMARK(4.0),Financial market,I,NLD,Netherlands,A,Annual,IR3TIB,Short-term interest rates,PA,Percent per annum,_Z,Not applicable,_Z,Not applicable,_Z,Not applicable,_Z,Not applicable,N,National,1998,,3.455,,A,Normal value,0,Units,2,Two,,
DATAFLOW,OECD.SDD.STES:DSD_STES@DF_FINMARK(4.0),Financial market,I,NLD,Netherlands,A,Annual,IR3TIB,Short-term interest rates,PA,Percent per annum,_Z,Not applicable,_Z,Not applicable,_Z,Not applicable,_Z,Not applicable,N,National,1999,,2.963488,,A,Normal value,0,Units,2,Two,,
DATAFLOW,OECD.SDD.STES:DSD_STES@DF_FINMARK(4.0),Financial market,I,NLD,Netherlands,A,Annual,IR3TIB,Short-term interest rates,PA,Percent per annum,_Z,Not applicable,_Z,Not applicable,_Z,Not applicable,_Z,Not applicable,N,National,2000,,4.391766,,A,Normal value,0,Units,2,Two,,
DATAFLOW,OECD.SDD.STES:DSD_STES@DF_FINMARK(4.0),Financial market,I,NLD,Netherlands,A,Annual,IR3TIB,Short-term interest rates,PA,Percent per annum,_Z,Not applicable,_Z,Not applicable,_Z,Not applicable,_Z,Not applicable,N,National,2001,,4.26178,,A,Normal value,0,Units,2,Two,,
DATAFLOW,OECD.SDD.STES:DSD_STES@DF_FINMARK(4.0),Financial market,I,NLD,Netherlands,A,Annual,IR3TIB,Short-term interest rates,PA,Percent per annum,_Z,Not applicable,_Z,Not applicable,_Z,Not applicable,_Z,Not applicable,N,National,2002,,3.318602,,A,Normal value,0,Units,2,Two,,
DATAFLOW,OECD.SDD.STES:DSD_STES@DF_FINMARK(4.0),Financial market,I,NLD,Netherlands,A,Annual,IR3TIB,Short-term interest rates,PA,Percent per annum,_Z,Not applicable,_Z,Not applicable,_Z,Not applicable,_Z,Not applicable,N,National,2003,,2.333474,,A,Normal value,0,Units,2,Two,,
DATAFLOW,OECD.SDD.STES:DSD_STES@DF_FINMARK(4.0),Financial market,I,NLD,Netherlands,A,Annual,IR3TIB,Short-term interest rates,PA,Percent per annum,_Z,Not applicable,_Z,Not applicable,_Z,Not applicable,_Z,Not applicable,N,National,2004,,2.106323,,A,Normal value,0,Units,2,Two,,
DATAFLOW,OECD.SDD.STES:DSD_STES@DF_FINMARK(4.0),Financial market,I,NLD,Netherlands,A,Annual,IR3TIB,Short-term interest rates,PA,Percent per annum,_Z,Not applicable,_Z,Not applicable,_Z,Not applicable,_Z,Not applicable,N,National,2005,,2.184689,,A,Normal value,0,Units,2,Two,,
DATAFLOW,OECD.SDD.STES:DSD_STES@DF_FINMARK(4.0),Financial market,I,NLD,Netherlands,A,Annual,IR3TIB,Short-term interest rates,PA,Percent per annum,_Z,Not applicable,_Z,Not applicable,_Z,Not applicable,_Z,Not applicable,N,National,2006,,3.079212,,A,Normal value,0,Units,2,Two,,
DATAFLOW,OECD.SDD.STES:DSD_STES@DF_FINMARK(4.0),Financial market,I,NLD,Netherlands,A,Annual,IR3TIB,Short-term interest rates,PA,Percent per annum,_Z,Not applicable,_Z,Not applicable,_Z,Not applicable,_Z,Not applicable,N,National,2007,,4.277596,,A,Normal value,0,Units,2,Two,,
DATAFLOW,OECD.SDD.STES:DSD_STES@DF_FINMARK(4.0),Financial market,I,NLD,Netherlands,A,Annual,IR3TIB,Short-term interest rates,PA,Percent per annum,_Z,Not applicable,_Z,Not applicable,_Z,Not applicable,_Z,Not applicable,N,National,2008,,4.634233,,A,Normal value,0,Units,2,Two,,
DATAFLOW,OECD.SDD.STES:DSD_STES@DF_FINMARK(4.0),Financial market,I,NLD,Netherlands,A,Annual,IR3TIB,Short-term interest rates,PA,Percent per annum,_Z,Not applicable,_Z,Not applicable,_Z,Not applicable,_Z,Not applicable,N,National,2009,,1.22835,,A,Normal value,0,Units,2,Two,,
DATAFLOW,OECD.SDD.STES:DSD_STES@DF_FINMARK(4.0),Financial market,I,NLD,Netherlands,A,Annual,IR3TIB,Short-term interest rates,PA,Percent per annum,_Z,Not applicable,_Z,Not applicable,_Z,Not applicable,_Z,Not applicable,N,National,2010,,0.8109539,,A,Normal value,0,Units,2,Two,,
DATAFLOW,OECD.SDD.STES:DSD_STES@DF_FINMARK(4.0),Financial market,I,NLD,Netherlands,A,Annual,IR3TIB,Short-term interest rates,PA,Percent per annum,_Z,Not applicable,_Z,Not applicable,_Z,Not applicable,_Z,Not applicable,N,National,2011,,1.3906,,A,Normal value,0,Units,2,Two,,
DATAFLOW,OECD.SDD.STES:DSD_STES@DF_FINMARK(4.0),Financial market,I,NLD,Netherlands,A,Annual,IR3TIB,Short-term interest rates,PA,Percent per annum,_Z,Not applicable,_Z,Not applicable,_Z,Not applicable,_Z,Not applicable,N,National,2012,,0.5731811,,A,Normal value,0,Units,2,Two,,
DATAFLOW,OECD.SDD.STES:DSD_STES@DF_FINMARK(4.0),Financial market,I,NLD,Netherlands,A,Annual,IR3TIB,Short-term interest rates,PA,Percent per annum,_Z,Not applicable,_Z,Not applicable,_Z,Not applicable,_Z,Not applicable,N,National,2013,,0.2206612,,A,Normal value,0,Units,2,Two,,
DATAFLOW,OECD.SDD.STES:DSD_STES@DF_FINMARK(4.0),Financial market,I,NLD,Netherlands,A,Annual,IR3TIB,Short-term interest rates,PA,Percent per annum,_Z,Not applicable,_Z,Not applicable,_Z,Not applicable,_Z,Not applicable,N,National,2014,,0.2099457,,A,Normal value,0,Units,2,Two,,
DATAFLOW,OECD.SDD.STES:DSD_STES@DF_FINMARK(4.0),Financial market,I,NLD,Netherlands,A,Annual,IR3TIB,Short-term interest rates,PA,Percent per annum,_Z,Not applicable,_Z,Not applicable,_Z,Not applicable,_Z,Not applicable,N,National,2015,,-0.0193757,,A,Normal value,0,Units,2,Two,,
DATAFLOW,OECD.SDD.STES:DSD_STES@DF_FINMARK(4.0),Financial market,I,NLD,Netherlands,A,Annual,IR3TIB,Short-term interest rates,PA,Percent per annum,_Z,Not applicable,_Z,Not applicable,_Z,Not applicable,_Z,Not applicable,N,National,2016,,-0.2636957,,A,Normal value,0,Units,2,Two,,
DATAFLOW,OECD.SDD.STES:DSD_STES@DF_FINMARK(4.0),Financial market,I,NLD,Netherlands,A,Annual,IR3TIB,Short-term interest rates,PA,Percent per annum,_Z,Not applicable,_Z,Not applicable,_Z,Not applicable,_Z,Not applicable,N,National,2017,,-0.3290561,,A,Normal value,0,Units,2,Two,,
DATAFLOW,OECD.SDD.STES:DSD_STES@DF_FINMARK(4.0),Financial market,I,NLD,Netherlands,A,Annual,IR3TIB,Short-term interest rates,PA,Percent per annum,_Z,Not applicable,_Z,Not applicable,_Z,Not applicable,_Z,Not applicable,N,National,2018,,-0.322093,,A,Normal value,0,Units,2,Two,,
DATAFLOW,OECD.SDD.STES:DSD_STES@DF_FINMARK(4.0),Financial market,I,NLD,Netherlands,A,Annual,IR3TIB,Short-term interest rates,PA,Percent per annum,_Z,Not applicable,_Z,Not applicable,_Z,Not applicable,_Z,Not applicable,N,National,2019,,-0.3563193,,A,Normal value,0,Units,2,Two,,
DATAFLOW,OECD.SDD.STES:DSD_STES@DF_FINMARK(4.0),Financial market,I,NLD,Netherlands,A,Annual,IR3TIB,Short-term interest rates,PA,Percent per annum,_Z,Not applicable,_Z,Not applicable,_Z,Not applicable,_Z,Not applicable,N,National,2020,,-0.4251596,,A,Normal value,0,Units,2,Two,,
DATAFLOW,OECD.SDD.STES:DSD_STES@DF_FINMARK(4.0),Financial market,I,NLD,Netherlands,A,Annual,IR3TIB,Short-term interest rates,PA,Percent per annum,_Z,Not applicable,_Z,Not applicable,_Z,Not applicable,_Z,Not applicable,N,National,2021,,-0.5487563,,A,Normal value,0,Units,2,Two,,
DATAFLOW,OECD.SDD.STES:DSD_STES@DF_FINMARK(4.0),Financial market,I,NLD,Netherlands,A,Annual,IR3TIB,Short-term interest rates,PA,Percent per annum,_Z,Not applicable,_Z,Not applicable,_Z,Not applicable,_Z,Not applicable,N,National,2022,,0.3415554,,A,Normal value,0,Units,2,Two,,
DATAFLOW,OECD.SDD.STES:DSD_STES@DF_FINMARK(4.0),Financial market,I,NZL,New Zealand,A,Annual,IR3TIB,Short-term interest rates,PA,Percent per annum,_Z,Not applicable,_Z,Not applicable,_Z,Not applicable,_Z,Not applicable,N,National,1974,,10.4,,A,Normal value,0,Units,2,Two,,
DATAFLOW,OECD.SDD.STES:DSD_STES@DF_FINMARK(4.0),Financial market,I,NZL,New Zealand,A,Annual,IR3TIB,Short-term interest rates,PA,Percent per annum,_Z,Not applicable,_Z,Not applicable,_Z,Not applicable,_Z,Not applicable,N,National,1975,,8.2875,,A,Normal value,0,Units,2,Two,,
DATAFLOW,OECD.SDD.STES:DSD_STES@DF_FINMARK(4.0),Financial market,I,NZL,New Zealand,A,Annual,IR3TIB,Short-term interest rates,PA,Percent per annum,_Z,Not applicable,_Z,Not applicable,_Z,Not applicable,_Z,Not applicable,N,National,1976,,8.405833,,A,Normal value,0,Units,2,Two,,
DATAFLOW,OECD.SDD.STES:DSD_STES@DF_FINMARK(4.0),Financial market,I,NZL,New Zealand,A,Annual,IR3TIB,Short-term interest rates,PA,Percent per annum,_Z,Not applicable,_Z,Not applicable,_Z,Not applicable,_Z,Not applicable,N,National,1977,,13.69333,,A,Normal value,0,Units,2,Two,,
DATAFLOW,OECD.SDD.STES:DSD_STES@DF_FINMARK(4.0),Financial market,I,NZL,New Zealand,A,Annual,IR3TIB,Short-term interest rates,PA,Percent per annum,_Z,Not applicable,_Z,Not applicable,_Z,Not applicable,_Z,Not applicable,N,National,1978,,10.97583,,A,Normal value,0,Units,2,Two,,
DATAFLOW,OECD.SDD.STES:DSD_STES@DF_FINMARK(4.0),Financial market,I,NZL,New Zealand,A,Annual,IR3TIB,Short-term interest rates,PA,Percent per annum,_Z,Not applicable,_Z,Not applicable,_Z,Not applicable,_Z,Not applicable,N,National,1979,,14.62667,,A,Normal value,0,Units,2,Two,,
DATAFLOW,OECD.SDD.STES:DSD_STES@DF_FINMARK(4.0),Financial market,I,NZL,New Zealand,A,Annual,IR3TIB,Short-term interest rates,PA,Percent per annum,_Z,Not applicable,_Z,Not applicable,_Z,Not applicable,_Z,Not applicable,N,National,1980,,14.36667,,A,Normal value,0,Units,2,Two,,
DATAFLOW,OECD.SDD.STES:DSD_STES@DF_FINMARK(4.0),Financial market,I,NZL,New Zealand,A,Annual,IR3TIB,Short-term interest rates,PA,Percent per annum,_Z,Not applicable,_Z,Not applicable,_Z,Not applicable,_Z,Not applicable,N,National,1981,,15.2575,,A,Normal value,0,Units,2,Two,,
DATAFLOW,OECD.SDD.STES:DSD_STES@DF_FINMARK(4.0),Financial market,I,NZL,New Zealand,A,Annual,IR3TIB,Short-term interest rates,PA,Percent per annum,_Z,Not applicable,_Z,Not applicable,_Z,Not applicable,_Z,Not applicable,N,National,1982,,17.0075,,A,Normal value,0,Units,2,Two,,
DATAFLOW,OECD.SDD.STES:DSD_STES@DF_FINMARK(4.0),Financial market,I,NZL,New Zealand,A,Annual,IR3TIB,Short-term interest rates,PA,Percent per annum,_Z,Not applicable,_Z,Not applicable,_Z,Not applicable,_Z,Not applicable,N,National,1983,,13.08583,,A,Normal value,0,Units,2,Two,,
DATAFLOW,OECD.SDD.STES:DSD_STES@DF_FINMARK(4.0),Financial market,I,NZL,New Zealand,A,Annual,IR3TIB,Short-term interest rates,PA,Percent per annum,_Z,Not applicable,_Z,Not applicable,_Z,Not applicable,_Z,Not applicable,N,National,1984,,15.0225,,A,Normal value,0,Units,2,Two,,
DATAFLOW,OECD.SDD.STES:DSD_STES@DF_FINMARK(4.0),Financial market,I,NZL,New Zealand,A,Annual,IR3TIB,Short-term interest rates,PA,Percent per annum,_Z,Not applicable,_Z,Not applicable,_Z,Not applicable,_Z,Not applicable,N,National,1985,,23.305,,A,Normal value,0,Units,2,Two,,
DATAFLOW,OECD.SDD.STES:DSD_STES@DF_FINMARK(4.0),Financial market,I,NZL,New Zealand,A,Annual,IR3TIB,Short-term interest rates,PA,Percent per annum,_Z,Not applicable,_Z,Not applicable,_Z,Not applicable,_Z,Not applicable,N,National,1986,,19.075,,A,Normal value,0,Units,2,Two,,
DATAFLOW,OECD.SDD.STES:DSD_STES@DF_FINMARK(4.0),Financial market,I,NZL,New Zealand,A,Annual,IR3TIB,Short-term interest rates,PA,Percent per annum,_Z,Not applicable,_Z,Not applicable,_Z,Not applicable,_Z,Not applicable,N,National,1987,,21.11,,A,Normal value,0,Units,2,Two,,
DATAFLOW,OECD.SDD.STES:DSD_STES@DF_FINMARK(4.0),Financial market,I,NZL,New Zealand,A,Annual,IR3TIB,Short-term interest rates,PA,Percent per annum,_Z,Not applicable,_Z,Not applicable,_Z,Not applicable,_Z,Not applicable,N,National,1988,,15.3925,,A,Normal value,0,Units,2,Two,,
DATAFLOW,OECD.SDD.STES:DSD_STES@DF_FINMARK(4.0),Financial market,I,NZL,New Zealand,A,Annual,IR3TIB,Short-term interest rates,PA,Percent per annum,_Z,Not applicable,_Z,Not applicable,_Z,Not applicable,_Z,Not applicable,N,National,1989,,13.53917,,A,Normal value,0,Units,2,Two,,
DATAFLOW,OECD.SDD.STES:DSD_STES@DF_FINMARK(4.0),Financial market,I,NZL,New Zealand,A,Annual,IR3TIB,Short-term interest rates,PA,Percent per annum,_Z,Not applicable,_Z,Not applicable,_Z,Not applicable,_Z,Not applicable,N,National,1990,,13.8925,,A,Normal value,0,Units,2,Two,,
DATAFLOW,OECD.SDD.STES:DSD_STES@DF_FINMARK(4.0),Financial market,I,NZL,New Zealand,A,Annual,IR3TIB,Short-term interest rates,PA,Percent per annum,_Z,Not applicable,_Z,Not applicable,_Z,Not applicable,_Z,Not applicable,N,National,1991,,9.965834,,A,Normal value,0,Units,2,Two,,
DATAFLOW,OECD.SDD.STES:DSD_STES@DF_FINMARK(4.0),Financial market,I,NZL,New Zealand,A,Annual,IR3TIB,Short-term interest rates,PA,Percent per annum,_Z,Not applicable,_Z,Not applicable,_Z,Not applicable,_Z,Not applicable,N,National,1992,,6.73,,A,Normal value,0,Units,2,Two,,
DATAFLOW,OECD.SDD.STES:DSD_STES@DF_FINMARK(4.0),Financial market,I,NZL,New Zealand,A,Annual,IR3TIB,Short-term interest rates,PA,Percent per annum,_Z,Not applicable,_Z,Not applicable,_Z,Not applicable,_Z,Not applicable,N,National,1993,,6.33,,A,Normal value,0,Units,2,Two,,
DATAFLOW,OECD.SDD.STES:DSD_STES@DF_FINMARK(4.0),Financial market,I,NZL,New Zealand,A,Annual,IR3TIB,Short-term interest rates,PA,Percent per annum,_Z,Not applicable,_Z,Not applicable,_Z,Not applicable,_Z,Not applicable,N,National,1994,,6.735,,A,Normal value,0,Units,2,Two,,
DATAFLOW,OECD.SDD.STES:DSD_STES@DF_FINMARK(4.0),Financial market,I,NZL,New Zealand,A,Annual,IR3TIB,Short-term interest rates,PA,Percent per annum,_Z,Not applicable,_Z,Not applicable,_Z,Not applicable,_Z,Not applicable,N,National,1995,,9.008333,,A,Normal value,0,Units,2,Two,,
DATAFLOW,OECD.SDD.STES:DSD_STES@DF_FINMARK(4.0),Financial market,I,NZL,New Zealand,A,Annual,IR3TIB,Short-term interest rates,PA,Percent per annum,_Z,Not applicable,_Z,Not applicable,_Z,Not applicable,_Z,Not applicable,N,National,1996,,9.300834,,A,Normal value,0,Units,2,Two,,
DATAFLOW,OECD.SDD.STES:DSD_STES@DF_FINMARK(4.0),Financial market,I,NZL,New Zealand,A,Annual,IR3TIB,Short-term interest rates,PA,Percent per annum,_Z,Not applicable,_Z,Not applicable,_Z,Not applicable,_Z,Not applicable,N,National,1997,,7.659167,,A,Normal value,0,Units,2,Two,,
DATAFLOW,OECD.SDD.STES:DSD_STES@DF_FINMARK(4.0),Financial market,I,NZL,New Zealand,A,Annual,IR3TIB,Short-term interest rates,PA,Percent per annum,_Z,Not applicable,_Z,Not applicable,_Z,Not applicable,_Z,Not applicable,N,National,1998,,7.349167,,A,Normal value,0,Units,2,Two,,
DATAFLOW,OECD.SDD.STES:DSD_STES@DF_FINMARK(4.0),Financial market,I,NZL,New Zealand,A,Annual,IR3TIB,Short-term interest rates,PA,Percent per annum,_Z,Not applicable,_Z,Not applicable,_Z,Not applicable,_Z,Not applicable,N,National,1999,,4.83,,A,Normal value,0,Units,2,Two,,
DATAFLOW,OECD.SDD.STES:DSD_STES@DF_FINMARK(4.0),Financial market,I,NZL,New Zealand,A,Annual,IR3TIB,Short-term interest rates,PA,Percent per annum,_Z,Not applicable,_Z,Not applicable,_Z,Not applicable,_Z,Not applicable,N,National,2000,,6.52,,A,Normal value,0,Units,2,Two,,
DATAFLOW,OECD.SDD.STES:DSD_STES@DF_FINMARK(4.0),Financial market,I,NZL,New Zealand,A,Annual,IR3TIB,Short-term interest rates,PA,Percent per annum,_Z,Not applicable,_Z,Not applicable,_Z,Not applicable,_Z,Not applicable,N,National,2001,,5.7425,,A,Normal value,0,Units,2,Two,,
DATAFLOW,OECD.SDD.STES:DSD_STES@DF_FINMARK(4.0),Financial market,I,NZL,New Zealand,A,Annual,IR3TIB,Short-term interest rates,PA,Percent per annum,_Z,Not applicable,_Z,Not applicable,_Z,Not applicable,_Z,Not applicable,N,National,2002,,5.666667,,A,Normal value,0,Units,2,Two,,
DATAFLOW,OECD.SDD.STES:DSD_STES@DF_FINMARK(4.0),Financial market,I,NZL,New Zealand,A,Annual,IR3TIB,Short-term interest rates,PA,Percent per annum,_Z,Not applicable,_Z,Not applicable,_Z,Not applicable,_Z,Not applicable,N,National,2003,,5.423333,,A,Normal value,0,Units,2,Two,,
DATAFLOW,OECD.SDD.STES:DSD_STES@DF_FINMARK(4.0),Financial market,I,NZL,New Zealand,A,Annual,IR3TIB,Short-term interest rates,PA,Percent per annum,_Z,Not applicable,_Z,Not applicable,_Z,Not applicable,_Z,Not applicable,N,National,2004,,6.129167,,A,Normal value,0,Units,2,Two,,
DATAFLOW,OECD.SDD.STES:DSD_STES@DF_FINMARK(4.0),Financial market,I,NZL,New Zealand,A,Annual,IR3TIB,Short-term interest rates,PA,Percent per annum,_Z,Not applicable,_Z,Not applicable,_Z,Not applicable,_Z,Not applicable,N,National,2005,,7.111667,,A,Normal value,0,Units,2,Two,,
DATAFLOW,OECD.SDD.STES:DSD_STES@DF_FINMARK(4.0),Financial market,I,NZL,New Zealand,A,Annual,IR3TIB,Short-term interest rates,PA,Percent per annum,_Z,Not applicable,_Z,Not applicable,_Z,Not applicable,_Z,Not applicable,N,National,2006,,7.545833,,A,Normal value,0,Units,2,Two,,
DATAFLOW,OECD.SDD.STES:DSD_STES@DF_FINMARK(4.0),Financial market,I,NZL,New Zealand,A,Annual,IR3TIB,Short-term interest rates,PA,Percent per annum,_Z,Not applicable,_Z,Not applicable,_Z,Not applicable,_Z,Not applicable,N,National,2007,,8.333333,,A,Normal value,0,Units,2,Two,,
DATAFLOW,OECD.SDD.STES:DSD_STES@DF_FINMARK(4.0),Financial market,I,NZL,New Zealand,A,Annual,IR3TIB,Short-term interest rates,PA,Percent per annum,_Z,Not applicable,_Z,Not applicable,_Z,Not applicable,_Z,Not applicable,N,National,2008,,8.021667,,A,Normal value,0,Units,2,Two,,
DATAFLOW,OECD.SDD.STES:DSD_STES@DF_FINMARK(4.0),Financial market,I,NZL,New Zealand,A,Annual,IR3TIB,Short-term interest rates,PA,Percent per annum,_Z,Not applicable,_Z,Not applicable,_Z,Not applicable,_Z,Not applicable,N,National,2009,,3.035833,,A,Normal value,0,Units,2,Two,,
DATAFLOW,OECD.SDD.STES:DSD_STES@DF_FINMARK(4.0),Financial market,I,NZL,New Zealand,A,Annual,IR3TIB,Short-term interest rates,PA,Percent per annum,_Z,Not applicable,_Z,Not applicable,_Z,Not applicable,_Z,Not applicable,N,National,2010,,3.000833,,A,Normal value,0,Units,2,Two,,
DATAFLOW,OECD.SDD.STES:DSD_STES@DF_FINMARK(4.0),Financial market,I,NZL,New Zealand,A,Annual,IR3TIB,Short-term interest rates,PA,Percent per annum,_Z,Not applicable,_Z,Not applicable,_Z,Not applicable,_Z,Not applicable,N,National,2011,,2.8,,A,Normal value,0,Units,2,Two,,
DATAFLOW,OECD.SDD.STES:DSD_STES@DF_FINMARK(4.0),Financial market,I,NZL,New Zealand,A,Annual,IR3TIB,Short-term interest rates,PA,Percent per annum,_Z,Not applicable,_Z,Not applicable,_Z,Not applicable,_Z,Not applicable,N,National,2012,,2.671667,,A,Normal value,0,Units,2,Two,,
DATAFLOW,OECD.SDD.STES:DSD_STES@DF_FINMARK(4.0),Financial market,I,NZL,New Zealand,A,Annual,IR3TIB,Short-term interest rates,PA,Percent per annum,_Z,Not applicable,_Z,Not applicable,_Z,Not applicable,_Z,Not applicable,N,National,2013,,2.656667,,A,Normal value,0,Units,2,Two,,
DATAFLOW,OECD.SDD.STES:DSD_STES@DF_FINMARK(4.0),Financial market,I,NZL,New Zealand,A,Annual,IR3TIB,Short-term interest rates,PA,Percent per annum,_Z,Not applicable,_Z,Not applicable,_Z,Not applicable,_Z,Not applicable,N,National,2014,,3.424167,,A,Normal value,0,Units,2,Two,,
DATAFLOW,OECD.SDD.STES:DSD_STES@DF_FINMARK(4.0),Financial market,I,NZL,New Zealand,A,Annual,IR3TIB,Short-term interest rates,PA,Percent per annum,_Z,Not applicable,_Z,Not applicable,_Z,Not applicable,_Z,Not applicable,N,National,2015,,3.240833,,A,Normal value,0,Units,2,Two,,
DATAFLOW,OECD.SDD.STES:DSD_STES@DF_FINMARK(4.0),Financial market,I,NZL,New Zealand,A,Annual,IR3TIB,Short-term interest rates,PA,Percent per annum,_Z,Not applicable,_Z,Not applicable,_Z,Not applicable,_Z,Not applicable,N,National,2016,,2.33,,A,Normal value,0,Units,2,Two,,
DATAFLOW,OECD.SDD.STES:DSD_STES@DF_FINMARK(4.0),Financial market,I,NZL,New Zealand,A,Annual,IR3TIB,Short-term interest rates,PA,Percent per annum,_Z,Not applicable,_Z,Not applicable,_Z,Not applicable,_Z,Not applicable,N,National,2017,,1.9575,,A,Normal value,0,Units,2,Two,,
DATAFLOW,OECD.SDD.STES:DSD_STES@DF_FINMARK(4.0),Financial market,I,NZL,New Zealand,A,Annual,IR3TIB,Short-term interest rates,PA,Percent per annum,_Z,Not applicable,_Z,Not applicable,_Z,Not applicable,_Z,Not applicable,N,National,2020,,0.4816667,,A,Normal value,0,Units,2,Two,,
DATAFLOW,OECD.SDD.STES:DSD_STES@DF_FINMARK(4.0),Financial market,I,NZL,New Zealand,A,Annual,IR3TIB,Short-term interest rates,PA,Percent per annum,_Z,Not applicable,_Z,Not applicable,_Z,Not applicable,_Z,Not applicable,N,National,2021,,0.4883333,,A,Normal value,0,Units,2,Two,,
DATAFLOW,OECD.SDD.STES:DSD_STES@DF_FINMARK(4.0),Financial market,I,NZL,New Zealand,A,Annual,IR3TIB,Short-term interest rates,PA,Percent per annum,_Z,Not applicable,_Z,Not applicable,_Z,Not applicable,_Z,Not applicable,N,National,2022,,2.765833,,A,Normal value,0,Units,2,Two,,
DATAFLOW,OECD.SDD.STES:DSD_STES@DF_FINMARK(4.0),Financial market,I,NZL,New Zealand,A,Annual,IR3TIB,Short-term interest rates,PA,Percent per annum,_Z,Not applicable,_Z,Not applicable,_Z,Not applicable,_Z,Not applicable,N,National,2023,,5.478333,,A,Normal value,0,Units,2,Two,,
DATAFLOW,OECD.SDD.STES:DSD_STES@DF_FINMARK(4.0),Financial market,I,NOR,Norway,A,Annual,IR3TIB,Short-term interest rates,PA,Percent per annum,_Z,Not applicable,_Z,Not applicable,_Z,Not applicable,_Z,Not applicable,N,National,1979,,10.71667,,A,Normal value,0,Units,2,Two,,
DATAFLOW,OECD.SDD.STES:DSD_STES@DF_FINMARK(4.0),Financial market,I,NOR,Norway,A,Annual,IR3TIB,Short-term interest rates,PA,Percent per annum,_Z,Not applicable,_Z,Not applicable,_Z,Not applicable,_Z,Not applicable,N,National,1980,,12.23333,,A,Normal value,0,Units,2,Two,,
DATAFLOW,OECD.SDD.STES:DSD_STES@DF_FINMARK(4.0),Financial market,I,NOR,Norway,A,Annual,IR3TIB,Short-term interest rates,PA,Percent per annum,_Z,Not applicable,_Z,Not applicable,_Z,Not applicable,_Z,Not applicable,N,National,1981,,13.125,,A,Normal value,0,Units,2,Two,,
DATAFLOW,OECD.SDD.STES:DSD_STES@DF_FINMARK(4.0),Financial market,I,NOR,Norway,A,Annual,IR3TIB,Short-term interest rates,PA,Percent per annum,_Z,Not applicable,_Z,Not applicable,_Z,Not applicable,_Z,Not applicable,N,National,1982,,15.36667,,A,Normal value,0,Units,2,Two,,
DATAFLOW,OECD.SDD.STES:DSD_STES@DF_FINMARK(4.0),Financial market,I,NOR,Norway,A,Annual,IR3TIB,Short-term interest rates,PA,Percent per annum,_Z,Not applicable,_Z,Not applicable,_Z,Not applicable,_Z,Not applicable,N,National,1983,,13.3,,A,Normal value,0,Units,2,Two,,
DATAFLOW,OECD.SDD.STES:DSD_STES@DF_FINMARK(4.0),Financial market,I,NOR,Norway,A,Annual,IR3TIB,Short-term interest rates,PA,Percent per annum,_Z,Not applicable,_Z,Not applicable,_Z,Not applicable,_Z,Not applicable,N,National,1984,,13.01667,,A,Normal value,0,Units,2,Two,,
DATAFLOW,OECD.SDD.STES:DSD_STES@DF_FINMARK(4.0),Financial market,I,NOR,Norway,A,Annual,IR3TIB,Short-term interest rates,PA,Percent per annum,_Z,Not applicable,_Z,Not applicable,_Z,Not applicable,_Z,Not applicable,N,National,1985,,12.525,,A,Normal value,0,Units,2,Two,,
DATAFLOW,OECD.SDD.STES:DSD_STES@DF_FINMARK(4.0),Financial market,I,NOR,Norway,A,Annual,IR3TIB,Short-term interest rates,PA,Percent per annum,_Z,Not applicable,_Z,Not applicable,_Z,Not applicable,_Z,Not applicable,N,National,1986,,14.39167,,A,Normal value,0,Units,2,Two,,
DATAFLOW,OECD.SDD.STES:DSD_STES@DF_FINMARK(4.0),Financial market,I,NOR,Norway,A,Annual,IR3TIB,Short-term interest rates,PA,Percent per annum,_Z,Not applicable,_Z,Not applicable,_Z,Not applicable,_Z,Not applicable,N,National,1987,,14.7125,,A,Normal value,0,Units,2,Two,,
DATAFLOW,OECD.SDD.STES:DSD_STES@DF_FINMARK(4.0),Financial market,I,NOR,Norway,A,Annual,IR3TIB,Short-term interest rates,PA,Percent per annum,_Z,Not applicable,_Z,Not applicable,_Z,Not applicable,_Z,Not applicable,N,National,1988,,13.51,,A,Normal value,0,Units,2,Two,,
DATAFLOW,OECD.SDD.STES:DSD_STES@DF_FINMARK(4.0),Financial market,I,NOR,Norway,A,Annual,IR3TIB,Short-term interest rates,PA,Percent per annum,_Z,Not applicable,_Z,Not applicable,_Z,Not applicable,_Z,Not applicable,N,National,1989,,11.37917,,A,Normal value,0,Units,2,Two,,
DATAFLOW,OECD.SDD.STES:DSD_STES@DF_FINMARK(4.0),Financial market,I,NOR,Norway,A,Annual,IR3TIB,Short-term interest rates,PA,Percent per annum,_Z,Not applicable,_Z,Not applicable,_Z,Not applicable,_Z,Not applicable,N,National,1990,,11.53917,,A,Normal value,0,Units,2,Two,,
DATAFLOW,OECD.SDD.STES:DSD_STES@DF_FINMARK(4.0),Financial market,I,NOR,Norway,A,Annual,IR3TIB,Short-term interest rates,PA,Percent per annum,_Z,Not applicable,_Z,Not applicable,_Z,Not applicable,_Z,Not applicable,N,National,1991,,10.56417,,A,Normal value,0,Units,2,Two,,
DATAFLOW,OECD.SDD.STES:DSD_STES@DF_FINMARK(4.0),Financial market,I,NOR,Norway,A,Annual,IR3TIB,Short-term interest rates,PA,Percent per annum,_Z,Not applicable,_Z,Not applicable,_Z,Not applicable,_Z,Not applicable,N,National,1992,,11.8325,,A,Normal value,0,Units,2,Two,,
DATAFLOW,OECD.SDD.STES:DSD_STES@DF_FINMARK(4.0),Financial market,I,NOR,Norway,A,Annual,IR3TIB,Short-term interest rates,PA,Percent per annum,_Z,Not applicable,_Z,Not applicable,_Z,Not applicable,_Z,Not applicable,N,National,1993,,7.265,,A,Normal value,0,Units,2,Two,,
DATAFLOW,OECD.SDD.STES:DSD_STES@DF_FINMARK(4.0),Financial market,I,NOR,Norway,A,Annual,IR3TIB,Short-term interest rates,PA,Percent per annum,_Z,Not applicable,_Z,Not applicable,_Z,Not applicable,_Z,Not applicable,N,National,1994,,5.850833,,A,Normal value,0,Units,2,Two,,
DATAFLOW,OECD.SDD.STES:DSD_STES@DF_FINMARK(4.0),Financial market,I,NOR,Norway,A,Annual,IR3TIB,Short-term interest rates,PA,Percent per annum,_Z,Not applicable,_Z,Not applicable,_Z,Not applicable,_Z,Not applicable,N,National,1995,,5.478333,,A,Normal value,0,Units,2,Two,,
DATAFLOW,OECD.SDD.STES:DSD_STES@DF_FINMARK(4.0),Financial market,I,NOR,Norway,A,Annual,IR3TIB,Short-term interest rates,PA,Percent per annum,_Z,Not applicable,_Z,Not applicable,_Z,Not applicable,_Z,Not applicable,N,National,1996,,4.893333,,A,Normal value,0,Units,2,Two,,
DATAFLOW,OECD.SDD.STES:DSD_STES@DF_FINMARK(4.0),Financial market,I,NOR,Norway,A,Annual,IR3TIB,Short-term interest rates,PA,Percent per annum,_Z,Not applicable,_Z,Not applicable,_Z,Not applicable,_Z,Not applicable,N,National,1997,,3.7325,,A,Normal value,0,Units,2,Two,,
DATAFLOW,OECD.SDD.STES:DSD_STES@DF_FINMARK(4.0),Financial market,I,NOR,Norway,A,Annual,IR3TIB,Short-term interest rates,PA,Percent per annum,_Z,Not applicable,_Z,Not applicable,_Z,Not applicable,_Z,Not applicable,N,National,1998,,5.785,,A,Normal value,0,Units,2,Two,,
DATAFLOW,OECD.SDD.STES:DSD_STES@DF_FINMARK(4.0),Financial market,I,NOR,Norway,A,Annual,IR3TIB,Short-term interest rates,PA,Percent per annum,_Z,Not applicable,_Z,Not applicable,_Z,Not applicable,_Z,Not applicable,N,National,1999,,6.538333,,A,Normal value,0,Units,2,Two,,
DATAFLOW,OECD.SDD.STES:DSD_STES@DF_FINMARK(4.0),Financial market,I,NOR,Norway,A,Annual,IR3TIB,Short-term interest rates,PA,Percent per annum,_Z,Not applicable,_Z,Not applicable,_Z,Not applicable,_Z,Not applicable,N,National,2000,,6.745833,,A,Normal value,0,Units,2,Two,,
DATAFLOW,OECD.SDD.STES:DSD_STES@DF_FINMARK(4.0),Financial market,I,NOR,Norway,A,Annual,IR3TIB,Short-term interest rates,PA,Percent per annum,_Z,Not applicable,_Z,Not applicable,_Z,Not applicable,_Z,Not applicable,N,National,2001,,7.226666,,A,Normal value,0,Units,2,Two,,
DATAFLOW,OECD.SDD.STES:DSD_STES@DF_FINMARK(4.0),Financial market,I,NOR,Norway,A,Annual,IR3TIB,Short-term interest rates,PA,Percent per annum,_Z,Not applicable,_Z,Not applicable,_Z,Not applicable,_Z,Not applicable,N,National,2002,,6.9075,,A,Normal value,0,Units,2,Two,,
DATAFLOW,OECD.SDD.STES:DSD_STES@DF_FINMARK(4.0),Financial market,I,NOR,Norway,A,Annual,IR3TIB,Short-term interest rates,PA,Percent per annum,_Z,Not applicable,_Z,Not applicable,_Z,Not applicable,_Z,Not applicable,N,National,2003,,4.098333,,A,Normal value,0,Units,2,Two,,
DATAFLOW,OECD.SDD.STES:DSD_STES@DF_FINMARK(4.0),Financial market,I,NOR,Norway,A,Annual,IR3TIB,Short-term interest rates,PA,Percent per annum,_Z,Not applicable,_Z,Not applicable,_Z,Not applicable,_Z,Not applicable,N,National,2004,,2.006667,,A,Normal value,0,Units,2,Two,,
DATAFLOW,OECD.SDD.STES:DSD_STES@DF_FINMARK(4.0),Financial market,I,NOR,Norway,A,Annual,IR3TIB,Short-term interest rates,PA,Percent per annum,_Z,Not applicable,_Z,Not applicable,_Z,Not applicable,_Z,Not applicable,N,National,2005,,2.211667,,A,Normal value,0,Units,2,Two,,
DATAFLOW,OECD.SDD.STES:DSD_STES@DF_FINMARK(4.0),Financial market,I,NOR,Norway,A,Annual,IR3TIB,Short-term interest rates,PA,Percent per annum,_Z,Not applicable,_Z,Not applicable,_Z,Not applicable,_Z,Not applicable,N,National,2006,,3.099167,,A,Normal value,0,Units,2,Two,,
DATAFLOW,OECD.SDD.STES:DSD_STES@DF_FINMARK(4.0),Financial market,I,NOR,Norway,A,Annual,IR3TIB,Short-term interest rates,PA,Percent per annum,_Z,Not applicable,_Z,Not applicable,_Z,Not applicable,_Z,Not applicable,N,National,2007,,4.9575,,A,Normal value,0,Units,2,Two,,
DATAFLOW,OECD.SDD.STES:DSD_STES@DF_FINMARK(4.0),Financial market,I,NOR,Norway,A,Annual,IR3TIB,Short-term interest rates,PA,Percent per annum,_Z,Not applicable,_Z,Not applicable,_Z,Not applicable,_Z,Not applicable,N,National,2008,,6.218333,,A,Normal value,0,Units,2,Two,,
DATAFLOW,OECD.SDD.STES:DSD_STES@DF_FINMARK(4.0),Financial market,I,NOR,Norway,A,Annual,IR3TIB,Short-term interest rates,PA,Percent per annum,_Z,Not applicable,_Z,Not applicable,_Z,Not applicable,_Z,Not applicable,N,National,2009,,2.463333,,A,Normal value,0,Units,2,Two,,
DATAFLOW,OECD.SDD.STES:DSD_STES@DF_FINMARK(4.0),Financial market,I,NOR,Norway,A,Annual,IR3TIB,Short-term interest rates,PA,Percent per annum,_Z,Not applicable,_Z,Not applicable,_Z,Not applicable,_Z,Not applicable,N,National,2010,,2.501667,,A,Normal value,0,Units,2,Two,,
DATAFLOW,OECD.SDD.STES:DSD_STES@DF_FINMARK(4.0),Financial market,I,NOR,Norway,A,Annual,IR3TIB,Short-term interest rates,PA,Percent per annum,_Z,Not applicable,_Z,Not applicable,_Z,Not applicable,_Z,Not applicable,N,National,2011,,2.871667,,A,Normal value,0,Units,2,Two,,
DATAFLOW,OECD.SDD.STES:DSD_STES@DF_FINMARK(4.0),Financial market,I,NOR,Norway,A,Annual,IR3TIB,Short-term interest rates,PA,Percent per annum,_Z,Not applicable,_Z,Not applicable,_Z,Not applicable,_Z,Not applicable,N,National,2012,,2.235,,A,Normal value,0,Units,2,Two,,
DATAFLOW,OECD.SDD.STES:DSD_STES@DF_FINMARK(4.0),Financial market,I,NOR,Norway,A,Annual,IR3TIB,Short-term interest rates,PA,Percent per annum,_Z,Not applicable,_Z,Not applicable,_Z,Not applicable,_Z,Not applicable,N,National,2013,,1.755068,,A,Normal value,0,Units,2,Two,,
DATAFLOW,OECD.SDD.STES:DSD_STES@DF_FINMARK(4.0),Financial market,I,NOR,Norway,A,Annual,IR3TIB,Short-term interest rates,PA,Percent per annum,_Z,Not applicable,_Z,Not applicable,_Z,Not applicable,_Z,Not applicable,N,National,2014,,1.69904,,A,Normal value,0,Units,2,Two,,
DATAFLOW,OECD.SDD.STES:DSD_STES@DF_FINMARK(4.0),Financial market,I,NOR,Norway,A,Annual,IR3TIB,Short-term interest rates,PA,Percent per annum,_Z,Not applicable,_Z,Not applicable,_Z,Not applicable,_Z,Not applicable,N,National,2015,,1.290675,,A,Normal value,0,Units,2,Two,,
DATAFLOW,OECD.SDD.STES:DSD_STES@DF_FINMARK(4.0),Financial market,I,NOR,Norway,A,Annual,IR3TIB,Short-term interest rates,PA,Percent per annum,_Z,Not applicable,_Z,Not applicable,_Z,Not applicable,_Z,Not applicable,N,National,2016,,1.066667,,A,Normal value,0,Units,2,Two,,
DATAFLOW,OECD.SDD.STES:DSD_STES@DF_FINMARK(4.0),Financial market,I,NOR,Norway,A,Annual,IR3TIB,Short-term interest rates,PA,Percent per annum,_Z,Not applicable,_Z,Not applicable,_Z,Not applicable,_Z,Not applicable,N,National,2017,,0.89,,A,Normal value,0,Units,2,Two,,
DATAFLOW,OECD.SDD.STES:DSD_STES@DF_FINMARK(4.0),Financial market,I,NOR,Norway,A,Annual,IR3TIB,Short-term interest rates,PA,Percent per annum,_Z,Not applicable,_Z,Not applicable,_Z,Not applicable,_Z,Not applicable,N,National,2018,,1.066667,,A,Normal value,0,Units,2,Two,,
DATAFLOW,OECD.SDD.STES:DSD_STES@DF_FINMARK(4.0),Financial market,I,NOR,Norway,A,Annual,IR3TIB,Short-term interest rates,PA,Percent per annum,_Z,Not applicable,_Z,Not applicable,_Z,Not applicable,_Z,Not applicable,N,National,2019,,1.5525,,A,Normal value,0,Units,2,Two,,
DATAFLOW,OECD.SDD.STES:DSD_STES@DF_FINMARK(4.0),Financial market,I,NOR,Norway,A,Annual,IR3TIB,Short-term interest rates,PA,Percent per annum,_Z,Not applicable,_Z,Not applicable,_Z,Not applicable,_Z,Not applicable,N,National,2020,,0.6991667,,A,Normal value,0,Units,2,Two,,
DATAFLOW,OECD.SDD.STES:DSD_STES@DF_FINMARK(4.0),Financial market,I,NOR,Norway,A,Annual,IR3TIB,Short-term interest rates,PA,Percent per annum,_Z,Not applicable,_Z,Not applicable,_Z,Not applicable,_Z,Not applicable,N,National,2021,,0.5041667,,A,Normal value,0,Units,2,Two,,
DATAFLOW,OECD.SDD.STES:DSD_STES@DF_FINMARK(4.0),Financial market,I,NOR,Norway,A,Annual,IR3TIB,Short-term interest rates,PA,Percent per annum,_Z,Not applicable,_Z,Not applicable,_Z,Not applicable,_Z,Not applicable,N,National,2022,,2.138333,,A,Normal value,0,Units,2,Two,,
DATAFLOW,OECD.SDD.STES:DSD_STES@DF_FINMARK(4.0),Financial market,I,NOR,Norway,A,Annual,IR3TIB,Short-term interest rates,PA,Percent per annum,_Z,Not applicable,_Z,Not applicable,_Z,Not applicable,_Z,Not applicable,N,National,2023,,4.21,,A,Normal value,0,Units,2,Two,,
DATAFLOW,OECD.SDD.STES:DSD_STES@DF_FINMARK(4.0),Financial market,I,POL,Poland,A,Annual,IR3TIB,Short-term interest rates,PA,Percent per annum,_Z,Not applicable,_Z,Not applicable,_Z,Not applicable,_Z,Not applicable,N,National,1992,,45.475,,A,Normal value,0,Units,2,Two,,
DATAFLOW,OECD.SDD.STES:DSD_STES@DF_FINMARK(4.0),Financial market,I,POL,Poland,A,Annual,IR3TIB,Short-term interest rates,PA,Percent per annum,_Z,Not applicable,_Z,Not applicable,_Z,Not applicable,_Z,Not applicable,N,National,1993,,34.875,,A,Normal value,0,Units,2,Two,,
DATAFLOW,OECD.SDD.STES:DSD_STES@DF_FINMARK(4.0),Financial market,I,POL,Poland,A,Annual,IR3TIB,Short-term interest rates,PA,Percent per annum,_Z,Not applicable,_Z,Not applicable,_Z,Not applicable,_Z,Not applicable,N,National,1994,,31.75667,,A,Normal value,0,Units,2,Two,,
DATAFLOW,OECD.SDD.STES:DSD_STES@DF_FINMARK(4.0),Financial market,I,POL,Poland,A,Annual,IR3TIB,Short-term interest rates,PA,Percent per annum,_Z,Not applicable,_Z,Not applicable,_Z,Not applicable,_Z,Not applicable,N,National,1995,,27.69,,A,Normal value,0,Units,2,Two,,
DATAFLOW,OECD.SDD.STES:DSD_STES@DF_FINMARK(4.0),Financial market,I,POL,Poland,A,Annual,IR3TIB,Short-term interest rates,PA,Percent per annum,_Z,Not applicable,_Z,Not applicable,_Z,Not applicable,_Z,Not applicable,N,National,1996,,21.33333,,A,Normal value,0,Units,2,Two,,
DATAFLOW,OECD.SDD.STES:DSD_STES@DF_FINMARK(4.0),Financial market,I,POL,Poland,A,Annual,IR3TIB,Short-term interest rates,PA,Percent per annum,_Z,Not applicable,_Z,Not applicable,_Z,Not applicable,_Z,Not applicable,N,National,1997,,23.11,,A,Normal value,0,Units,2,Two,,
DATAFLOW,OECD.SDD.STES:DSD_STES@DF_FINMARK(4.0),Financial market,I,POL,Poland,A,Annual,IR3TIB,Short-term interest rates,PA,Percent per annum,_Z,Not applicable,_Z,Not applicable,_Z,Not applicable,_Z,Not applicable,N,National,1998,,19.905,,A,Normal value,0,Units,2,Two,,
DATAFLOW,OECD.SDD.STES:DSD_STES@DF_FINMARK(4.0),Financial market,I,POL,Poland,A,Annual,IR3TIB,Short-term interest rates,PA,Percent per annum,_Z,Not applicable,_Z,Not applicable,_Z,Not applicable,_Z,Not applicable,N,National,1999,,14.67833,,A,Normal value,0,Units,2,Two,,
DATAFLOW,OECD.SDD.STES:DSD_STES@DF_FINMARK(4.0),Financial market,I,POL,Poland,A,Annual,IR3TIB,Short-term interest rates,PA,Percent per annum,_Z,Not applicable,_Z,Not applicable,_Z,Not applicable,_Z,Not applicable,N,National,2000,,18.875,,A,Normal value,0,Units,2,Two,,
DATAFLOW,OECD.SDD.STES:DSD_STES@DF_FINMARK(4.0),Financial market,I,POL,Poland,A,Annual,IR3TIB,Short-term interest rates,PA,Percent per annum,_Z,Not applicable,_Z,Not applicable,_Z,Not applicable,_Z,Not applicable,N,National,2001,,15.71583,,A,Normal value,0,Units,2,Two,,
DATAFLOW,OECD.SDD.STES:DSD_STES@DF_FINMARK(4.0),Financial market,I,POL,Poland,A,Annual,IR3TIB,Short-term interest rates,PA,Percent per annum,_Z,Not applicable,_Z,Not applicable,_Z,Not applicable,_Z,Not applicable,N,National,2002,,8.7725,,A,Normal value,0,Units,2,Two,,
DATAFLOW,OECD.SDD.STES:DSD_STES@DF_FINMARK(4.0),Financial market,I,POL,Poland,A,Annual,IR3TIB,Short-term interest rates,PA,Percent per annum,_Z,Not applicable,_Z,Not applicable,_Z,Not applicable,_Z,Not applicable,N,National,2003,,5.688334,,A,Normal value,0,Units,2,Two,,
DATAFLOW,OECD.SDD.STES:DSD_STES@DF_FINMARK(4.0),Financial market,I,POL,Poland,A,Annual,IR3TIB,Short-term interest rates,PA,Percent per annum,_Z,Not applicable,_Z,Not applicable,_Z,Not applicable,_Z,Not applicable,N,National,2004,,6.243333,,A,Normal value,0,Units,2,Two,,
DATAFLOW,OECD.SDD.STES:DSD_STES@DF_FINMARK(4.0),Financial market,I,POL,Poland,A,Annual,IR3TIB,Short-term interest rates,PA,Percent per annum,_Z,Not applicable,_Z,Not applicable,_Z,Not applicable,_Z,Not applicable,N,National,2005,,5.198333,,A,Normal value,0,Units,2,Two,,
DATAFLOW,OECD.SDD.STES:DSD_STES@DF_FINMARK(4.0),Financial market,I,POL,Poland,A,Annual,IR3TIB,Short-term interest rates,PA,Percent per annum,_Z,Not applicable,_Z,Not applicable,_Z,Not applicable,_Z,Not applicable,N,National,2006,,4.200833,,A,Normal value,0,Units,2,Two,,
DATAFLOW,OECD.SDD.STES:DSD_STES@DF_FINMARK(4.0),Financial market,I,POL,Poland,A,Annual,IR3TIB,Short-term interest rates,PA,Percent per annum,_Z,Not applicable,_Z,Not applicable,_Z,Not applicable,_Z,Not applicable,N,National,2007,,4.769583,,A,Normal value,0,Units,2,Two,,
DATAFLOW,OECD.SDD.STES:DSD_STES@DF_FINMARK(4.0),Financial market,I,POL,Poland,A,Annual,IR3TIB,Short-term interest rates,PA,Percent per annum,_Z,Not applicable,_Z,Not applicable,_Z,Not applicable,_Z,Not applicable,N,National,2008,,6.349167,,A,Normal value,0,Units,2,Two,,
DATAFLOW,OECD.SDD.STES:DSD_STES@DF_FINMARK(4.0),Financial market,I,POL,Poland,A,Annual,IR3TIB,Short-term interest rates,PA,Percent per annum,_Z,Not applicable,_Z,Not applicable,_Z,Not applicable,_Z,Not applicable,N,National,2009,,4.339167,,A,Normal value,0,Units,2,Two,,
DATAFLOW,OECD.SDD.STES:DSD_STES@DF_FINMARK(4.0),Financial market,I,POL,Poland,A,Annual,IR3TIB,Short-term interest rates,PA,Percent per annum,_Z,Not applicable,_Z,Not applicable,_Z,Not applicable,_Z,Not applicable,N,National,2010,,3.931667,,A,Normal value,0,Units,2,Two,,
DATAFLOW,OECD.SDD.STES:DSD_STES@DF_FINMARK(4.0),Financial market,I,POL,Poland,A,Annual,IR3TIB,Short-term interest rates,PA,Percent per annum,_Z,Not applicable,_Z,Not applicable,_Z,Not applicable,_Z,Not applicable,N,National,2011,,4.578333,,A,Normal value,0,Units,2,Two,,
DATAFLOW,OECD.SDD.STES:DSD_STES@DF_FINMARK(4.0),Financial market,I,POL,Poland,A,Annual,IR3TIB,Short-term interest rates,PA,Percent per annum,_Z,Not applicable,_Z,Not applicable,_Z,Not applicable,_Z,Not applicable,N,National,2012,,4.874558,,A,Normal value,0,Units,2,Two,,
DATAFLOW,OECD.SDD.STES:DSD_STES@DF_FINMARK(4.0),Financial market,I,POL,Poland,A,Annual,IR3TIB,Short-term interest rates,PA,Percent per annum,_Z,Not applicable,_Z,Not applicable,_Z,Not applicable,_Z,Not applicable,N,National,2013,,2.975833,,A,Normal value,0,Units,2,Two,,
DATAFLOW,OECD.SDD.STES:DSD_STES@DF_FINMARK(4.0),Financial market,I,POL,Poland,A,Annual,IR3TIB,Short-term interest rates,PA,Percent per annum,_Z,Not applicable,_Z,Not applicable,_Z,Not applicable,_Z,Not applicable,N,National,2014,,2.489167,,A,Normal value,0,Units,2,Two,,
DATAFLOW,OECD.SDD.STES:DSD_STES@DF_FINMARK(4.0),Financial market,I,POL,Poland,A,Annual,IR3TIB,Short-term interest rates,PA,Percent per annum,_Z,Not applicable,_Z,Not applicable,_Z,Not applicable,_Z,Not applicable,N,National,2015,,1.738333,,A,Normal value,0,Units,2,Two,,
DATAFLOW,OECD.SDD.STES:DSD_STES@DF_FINMARK(4.0),Financial market,I,POL,Poland,A,Annual,IR3TIB,Short-term interest rates,PA,Percent per annum,_Z,Not applicable,_Z,Not applicable,_Z,Not applicable,_Z,Not applicable,N,National,2016,,1.701667,,A,Normal value,0,Units,2,Two,,
DATAFLOW,OECD.SDD.STES:DSD_STES@DF_FINMARK(4.0),Financial market,I,POL,Poland,A,Annual,IR3TIB,Short-term interest rates,PA,Percent per annum,_Z,Not applicable,_Z,Not applicable,_Z,Not applicable,_Z,Not applicable,N,National,2017,,1.729167,,A,Normal value,0,Units,2,Two,,
DATAFLOW,OECD.SDD.STES:DSD_STES@DF_FINMARK(4.0),Financial market,I,POL,Poland,A,Annual,IR3TIB,Short-term interest rates,PA,Percent per annum,_Z,Not applicable,_Z,Not applicable,_Z,Not applicable,_Z,Not applicable,N,National,2018,,1.710833,,A,Normal value,0,Units,2,Two,,
DATAFLOW,OECD.SDD.STES:DSD_STES@DF_FINMARK(4.0),Financial market,I,POL,Poland,A,Annual,IR3TIB,Short-term interest rates,PA,Percent per annum,_Z,Not applicable,_Z,Not applicable,_Z,Not applicable,_Z,Not applicable,N,National,2019,,1.7175,,A,Normal value,0,Units,2,Two,,
DATAFLOW,OECD.SDD.STES:DSD_STES@DF_FINMARK(4.0),Financial market,I,POL,Poland,A,Annual,IR3TIB,Short-term interest rates,PA,Percent per annum,_Z,Not applicable,_Z,Not applicable,_Z,Not applicable,_Z,Not applicable,N,National,2020,,0.595,,A,Normal value,0,Units,2,Two,,
DATAFLOW,OECD.SDD.STES:DSD_STES@DF_FINMARK(4.0),Financial market,I,POL,Poland,A,Annual,IR3TIB,Short-term interest rates,PA,Percent per annum,_Z,Not applicable,_Z,Not applicable,_Z,Not applicable,_Z,Not applicable,N,National,2021,,0.605,,A,Normal value,0,Units,2,Two,,
DATAFLOW,OECD.SDD.STES:DSD_STES@DF_FINMARK(4.0),Financial market,I,POL,Poland,A,Annual,IR3TIB,Short-term interest rates,PA,Percent per annum,_Z,Not applicable,_Z,Not applicable,_Z,Not applicable,_Z,Not applicable,N,National,2022,,6.189167,,A,Normal value,0,Units,2,Two,,
DATAFLOW,OECD.SDD.STES:DSD_STES@DF_FINMARK(4.0),Financial market,I,POL,Poland,A,Annual,IR3TIB,Short-term interest rates,PA,Percent per annum,_Z,Not applicable,_Z,Not applicable,_Z,Not applicable,_Z,Not applicable,N,National,2023,,6.518333,,A,Normal value,0,Units,2,Two,,
DATAFLOW,OECD.SDD.STES:DSD_STES@DF_FINMARK(4.0),Financial market,I,PRT,Portugal,A,Annual,IR3TIB,Short-term interest rates,PA,Percent per annum,_Z,Not applicable,_Z,Not applicable,_Z,Not applicable,_Z,Not applicable,N,National,1986,,15.5625,,A,Normal value,0,Units,2,Two,,
DATAFLOW,OECD.SDD.STES:DSD_STES@DF_FINMARK(4.0),Financial market,I,PRT,Portugal,A,Annual,IR3TIB,Short-term interest rates,PA,Percent per annum,_Z,Not applicable,_Z,Not applicable,_Z,Not applicable,_Z,Not applicable,N,National,1988,,12.96833,,A,Normal value,0,Units,2,Two,,
DATAFLOW,OECD.SDD.STES:DSD_STES@DF_FINMARK(4.0),Financial market,I,PRT,Portugal,A,Annual,IR3TIB,Short-term interest rates,PA,Percent per annum,_Z,Not applicable,_Z,Not applicable,_Z,Not applicable,_Z,Not applicable,N,National,1989,,14.82727,,A,Normal value,0,Units,2,Two,,
DATAFLOW,OECD.SDD.STES:DSD_STES@DF_FINMARK(4.0),Financial market,I,PRT,Portugal,A,Annual,IR3TIB,Short-term interest rates,PA,Percent per annum,_Z,Not applicable,_Z,Not applicable,_Z,Not applicable,_Z,Not applicable,N,National,1990,,16.9025,,A,Normal value,0,Units,2,Two,,
DATAFLOW,OECD.SDD.STES:DSD_STES@DF_FINMARK(4.0),Financial market,I,PRT,Portugal,A,Annual,IR3TIB,Short-term interest rates,PA,Percent per annum,_Z,Not applicable,_Z,Not applicable,_Z,Not applicable,_Z,Not applicable,N,National,1991,,17.7375,,A,Normal value,0,Units,2,Two,,
DATAFLOW,OECD.SDD.STES:DSD_STES@DF_FINMARK(4.0),Financial market,I,PRT,Portugal,A,Annual,IR3TIB,Short-term interest rates,PA,Percent per annum,_Z,Not applicable,_Z,Not applicable,_Z,Not applicable,_Z,Not applicable,N,National,1992,,16.70575,,A,Normal value,0,Units,2,Two,,
DATAFLOW,OECD.SDD.STES:DSD_STES@DF_FINMARK(4.0),Financial market,I,PRT,Portugal,A,Annual,IR3TIB,Short-term interest rates,PA,Percent per annum,_Z,Not applicable,_Z,Not applicable,_Z,Not applicable,_Z,Not applicable,N,National,1993,,13.24508,,A,Normal value,0,Units,2,Two,,
DATAFLOW,OECD.SDD.STES:DSD_STES@DF_FINMARK(4.0),Financial market,I,PRT,Portugal,A,Annual,IR3TIB,Short-term interest rates,PA,Percent per annum,_Z,Not applicable,_Z,Not applicable,_Z,Not applicable,_Z,Not applicable,N,National,1994,,11.10667,,A,Normal value,0,Units,2,Two,,
DATAFLOW,OECD.SDD.STES:DSD_STES@DF_FINMARK(4.0),Financial market,I,PRT,Portugal,A,Annual,IR3TIB,Short-term interest rates,PA,Percent per annum,_Z,Not applicable,_Z,Not applicable,_Z,Not applicable,_Z,Not applicable,N,National,1995,,9.786667,,A,Normal value,0,Units,2,Two,,
DATAFLOW,OECD.SDD.STES:DSD_STES@DF_FINMARK(4.0),Financial market,I,PRT,Portugal,A,Annual,IR3TIB,Short-term interest rates,PA,Percent per annum,_Z,Not applicable,_Z,Not applicable,_Z,Not applicable,_Z,Not applicable,N,National,1996,,7.366667,,A,Normal value,0,Units,2,Two,,
DATAFLOW,OECD.SDD.STES:DSD_STES@DF_FINMARK(4.0),Financial market,I,PRT,Portugal,A,Annual,IR3TIB,Short-term interest rates,PA,Percent per annum,_Z,Not applicable,_Z,Not applicable,_Z,Not applicable,_Z,Not applicable,N,National,1997,,5.741667,,A,Normal value,0,Units,2,Two,,
DATAFLOW,OECD.SDD.STES:DSD_STES@DF_FINMARK(4.0),Financial market,I,PRT,Portugal,A,Annual,IR3TIB,Short-term interest rates,PA,Percent per annum,_Z,Not applicable,_Z,Not applicable,_Z,Not applicable,_Z,Not applicable,N,National,1998,,4.308333,,A,Normal value,0,Units,2,Two,,
DATAFLOW,OECD.SDD.STES:DSD_STES@DF_FINMARK(4.0),Financial market,I,PRT,Portugal,A,Annual,IR3TIB,Short-term interest rates,PA,Percent per annum,_Z,Not applicable,_Z,Not applicable,_Z,Not applicable,_Z,Not applicable,N,National,1999,,2.963488,,A,Normal value,0,Units,2,Two,,
DATAFLOW,OECD.SDD.STES:DSD_STES@DF_FINMARK(4.0),Financial market,I,PRT,Portugal,A,Annual,IR3TIB,Short-term interest rates,PA,Percent per annum,_Z,Not applicable,_Z,Not applicable,_Z,Not applicable,_Z,Not applicable,N,National,2000,,4.391766,,A,Normal value,0,Units,2,Two,,
DATAFLOW,OECD.SDD.STES:DSD_STES@DF_FINMARK(4.0),Financial market,I,PRT,Portugal,A,Annual,IR3TIB,Short-term interest rates,PA,Percent per annum,_Z,Not applicable,_Z,Not applicable,_Z,Not applicable,_Z,Not applicable,N,National,2001,,4.26178,,A,Normal value,0,Units,2,Two,,
DATAFLOW,OECD.SDD.STES:DSD_STES@DF_FINMARK(4.0),Financial market,I,PRT,Portugal,A,Annual,IR3TIB,Short-term interest rates,PA,Percent per annum,_Z,Not applicable,_Z,Not applicable,_Z,Not applicable,_Z,Not applicable,N,National,2002,,3.318602,,A,Normal value,0,Units,2,Two,,
DATAFLOW,OECD.SDD.STES:DSD_STES@DF_FINMARK(4.0),Financial market,I,PRT,Portugal,A,Annual,IR3TIB,Short-term interest rates,PA,Percent per annum,_Z,Not applicable,_Z,Not applicable,_Z,Not applicable,_Z,Not applicable,N,National,2003,,2.333474,,A,Normal value,0,Units,2,Two,,
DATAFLOW,OECD.SDD.STES:DSD_STES@DF_FINMARK(4.0),Financial market,I,PRT,Portugal,A,Annual,IR3TIB,Short-term interest rates,PA,Percent per annum,_Z,Not applicable,_Z,Not applicable,_Z,Not applicable,_Z,Not applicable,N,National,2004,,2.106323,,A,Normal value,0,Units,2,Two,,
DATAFLOW,OECD.SDD.STES:DSD_STES@DF_FINMARK(4.0),Financial market,I,PRT,Portugal,A,Annual,IR3TIB,Short-term interest rates,PA,Percent per annum,_Z,Not applicable,_Z,Not applicable,_Z,Not applicable,_Z,Not applicable,N,National,2005,,2.184689,,A,Normal value,0,Units,2,Two,,
DATAFLOW,OECD.SDD.STES:DSD_STES@DF_FINMARK(4.0),Financial market,I,PRT,Portugal,A,Annual,IR3TIB,Short-term interest rates,PA,Percent per annum,_Z,Not applicable,_Z,Not applicable,_Z,Not applicable,_Z,Not applicable,N,National,2006,,3.079212,,A,Normal value,0,Units,2,Two,,
DATAFLOW,OECD.SDD.STES:DSD_STES@DF_FINMARK(4.0),Financial market,I,PRT,Portugal,A,Annual,IR3TIB,Short-term interest rates,PA,Percent per annum,_Z,Not applicable,_Z,Not applicable,_Z,Not applicable,_Z,Not applicable,N,National,2007,,4.277596,,A,Normal value,0,Units,2,Two,,
DATAFLOW,OECD.SDD.STES:DSD_STES@DF_FINMARK(4.0),Financial market,I,PRT,Portugal,A,Annual,IR3TIB,Short-term interest rates,PA,Percent per annum,_Z,Not applicable,_Z,Not applicable,_Z,Not applicable,_Z,Not applicable,N,National,2008,,4.634233,,A,Normal value,0,Units,2,Two,,
DATAFLOW,OECD.SDD.STES:DSD_STES@DF_FINMARK(4.0),Financial market,I,PRT,Portugal,A,Annual,IR3TIB,Short-term interest rates,PA,Percent per annum,_Z,Not applicable,_Z,Not applicable,_Z,Not applicable,_Z,Not applicable,N,National,2009,,1.22835,,A,Normal value,0,Units,2,Two,,
DATAFLOW,OECD.SDD.STES:DSD_STES@DF_FINMARK(4.0),Financial market,I,PRT,Portugal,A,Annual,IR3TIB,Short-term interest rates,PA,Percent per annum,_Z,Not applicable,_Z,Not applicable,_Z,Not applicable,_Z,Not applicable,N,National,2010,,0.8109539,,A,Normal value,0,Units,2,Two,,
DATAFLOW,OECD.SDD.STES:DSD_STES@DF_FINMARK(4.0),Financial market,I,PRT,Portugal,A,Annual,IR3TIB,Short-term interest rates,PA,Percent per annum,_Z,Not applicable,_Z,Not applicable,_Z,Not applicable,_Z,Not applicable,N,National,2011,,1.3906,,A,Normal value,0,Units,2,Two,,
DATAFLOW,OECD.SDD.STES:DSD_STES@DF_FINMARK(4.0),Financial market,I,PRT,Portugal,A,Annual,IR3TIB,Short-term interest rates,PA,Percent per annum,_Z,Not applicable,_Z,Not applicable,_Z,Not applicable,_Z,Not applicable,N,National,2012,,0.5731811,,A,Normal value,0,Units,2,Two,,
DATAFLOW,OECD.SDD.STES:DSD_STES@DF_FINMARK(4.0),Financial market,I,PRT,Portugal,A,Annual,IR3TIB,Short-term interest rates,PA,Percent per annum,_Z,Not applicable,_Z,Not applicable,_Z,Not applicable,_Z,Not applicable,N,National,2013,,0.2206612,,A,Normal value,0,Units,2,Two,,
DATAFLOW,OECD.SDD.STES:DSD_STES@DF_FINMARK(4.0),Financial market,I,PRT,Portugal,A,Annual,IR3TIB,Short-term interest rates,PA,Percent per annum,_Z,Not applicable,_Z,Not applicable,_Z,Not applicable,_Z,Not applicable,N,National,2014,,0.2099457,,A,Normal value,0,Units,2,Two,,
DATAFLOW,OECD.SDD.STES:DSD_STES@DF_FINMARK(4.0),Financial market,I,PRT,Portugal,A,Annual,IR3TIB,Short-term interest rates,PA,Percent per annum,_Z,Not applicable,_Z,Not applicable,_Z,Not applicable,_Z,Not applicable,N,National,2015,,-0.0193757,,A,Normal value,0,Units,2,Two,,
DATAFLOW,OECD.SDD.STES:DSD_STES@DF_FINMARK(4.0),Financial market,I,PRT,Portugal,A,Annual,IR3TIB,Short-term interest rates,PA,Percent per annum,_Z,Not applicable,_Z,Not applicable,_Z,Not applicable,_Z,Not applicable,N,National,2016,,-0.2636957,,A,Normal value,0,Units,2,Two,,
DATAFLOW,OECD.SDD.STES:DSD_STES@DF_FINMARK(4.0),Financial market,I,PRT,Portugal,A,Annual,IR3TIB,Short-term interest rates,PA,Percent per annum,_Z,Not applicable,_Z,Not applicable,_Z,Not applicable,_Z,Not applicable,N,National,2017,,-0.3290561,,A,Normal value,0,Units,2,Two,,
DATAFLOW,OECD.SDD.STES:DSD_STES@DF_FINMARK(4.0),Financial market,I,PRT,Portugal,A,Annual,IR3TIB,Short-term interest rates,PA,Percent per annum,_Z,Not applicable,_Z,Not applicable,_Z,Not applicable,_Z,Not applicable,N,National,2018,,-0.322093,,A,Normal value,0,Units,2,Two,,
DATAFLOW,OECD.SDD.STES:DSD_STES@DF_FINMARK(4.0),Financial market,I,PRT,Portugal,A,Annual,IR3TIB,Short-term interest rates,PA,Percent per annum,_Z,Not applicable,_Z,Not applicable,_Z,Not applicable,_Z,Not applicable,N,National,2019,,-0.3563193,,A,Normal value,0,Units,2,Two,,
DATAFLOW,OECD.SDD.STES:DSD_STES@DF_FINMARK(4.0),Financial market,I,PRT,Portugal,A,Annual,IR3TIB,Short-term interest rates,PA,Percent per annum,_Z,Not applicable,_Z,Not applicable,_Z,Not applicable,_Z,Not applicable,N,National,2020,,-0.4251596,,A,Normal value,0,Units,2,Two,,
DATAFLOW,OECD.SDD.STES:DSD_STES@DF_FINMARK(4.0),Financial market,I,PRT,Portugal,A,Annual,IR3TIB,Short-term interest rates,PA,Percent per annum,_Z,Not applicable,_Z,Not applicable,_Z,Not applicable,_Z,Not applicable,N,National,2021,,-0.5487563,,A,Normal value,0,Units,2,Two,,
DATAFLOW,OECD.SDD.STES:DSD_STES@DF_FINMARK(4.0),Financial market,I,PRT,Portugal,A,Annual,IR3TIB,Short-term interest rates,PA,Percent per annum,_Z,Not applicable,_Z,Not applicable,_Z,Not applicable,_Z,Not applicable,N,National,2022,,0.3415554,,A,Normal value,0,Units,2,Two,,
DATAFLOW,OECD.SDD.STES:DSD_STES@DF_FINMARK(4.0),Financial market,I,SVK,Slovak Republic,A,Annual,IR3TIB,Short-term interest rates,PA,Percent per annum,_Z,Not applicable,_Z,Not applicable,_Z,Not applicable,_Z,Not applicable,N,National,1996,,11.515,,A,Normal value,0,Units,2,Two,,
DATAFLOW,OECD.SDD.STES:DSD_STES@DF_FINMARK(4.0),Financial market,I,SVK,Slovak Republic,A,Annual,IR3TIB,Short-term interest rates,PA,Percent per annum,_Z,Not applicable,_Z,Not applicable,_Z,Not applicable,_Z,Not applicable,N,National,1999,,14.74454,,A,Normal value,0,Units,2,Two,,
DATAFLOW,OECD.SDD.STES:DSD_STES@DF_FINMARK(4.0),Financial market,I,SVK,Slovak Republic,A,Annual,IR3TIB,Short-term interest rates,PA,Percent per annum,_Z,Not applicable,_Z,Not applicable,_Z,Not applicable,_Z,Not applicable,N,National,2000,,8.1725,,A,Normal value,0,Units,2,Two,,
DATAFLOW,OECD.SDD.STES:DSD_STES@DF_FINMARK(4.0),Financial market,I,SVK,Slovak Republic,A,Annual,IR3TIB,Short-term interest rates,PA,Percent per annum,_Z,Not applicable,_Z,Not applicable,_Z,Not applicable,_Z,Not applicable,N,National,2001,,7.488333,,A,Normal value,0,Units,2,Two,,
DATAFLOW,OECD.SDD.STES:DSD_STES@DF_FINMARK(4.0),Financial market,I,SVK,Slovak Republic,A,Annual,IR3TIB,Short-term interest rates,PA,Percent per annum,_Z,Not applicable,_Z,Not applicable,_Z,Not applicable,_Z,Not applicable,N,National,2002,,7.499166,,A,Normal value,0,Units,2,Two,,
DATAFLOW,OECD.SDD.STES:DSD_STES@DF_FINMARK(4.0),Financial market,I,SVK,Slovak Republic,A,Annual,IR3TIB,Short-term interest rates,PA,Percent per annum,_Z,Not applicable,_Z,Not applicable,_Z,Not applicable,_Z,Not applicable,N,National,2003,,5.89,,A,Normal value,0,Units,2,Two,,
DATAFLOW,OECD.SDD.STES:DSD_STES@DF_FINMARK(4.0),Financial market,I,SVK,Slovak Republic,A,Annual,IR3TIB,Short-term interest rates,PA,Percent per annum,_Z,Not applicable,_Z,Not applicable,_Z,Not applicable,_Z,Not applicable,N,National,2004,,4.384167,,A,Normal value,0,Units,2,Two,,
DATAFLOW,OECD.SDD.STES:DSD_STES@DF_FINMARK(4.0),Financial market,I,SVK,Slovak Republic,A,Annual,IR3TIB,Short-term interest rates,PA,Percent per annum,_Z,Not applicable,_Z,Not applicable,_Z,Not applicable,_Z,Not applicable,N,National,2005,,2.643333,,A,Normal value,0,Units,2,Two,,
DATAFLOW,OECD.SDD.STES:DSD_STES@DF_FINMARK(4.0),Financial market,I,SVK,Slovak Republic,A,Annual,IR3TIB,Short-term interest rates,PA,Percent per annum,_Z,Not applicable,_Z,Not applicable,_Z,Not applicable,_Z,Not applicable,N,National,2006,,4.0825,,A,Normal value,0,Units,2,Two,,
DATAFLOW,OECD.SDD.STES:DSD_STES@DF_FINMARK(4.0),Financial market,I,SVK,Slovak Republic,A,Annual,IR3TIB,Short-term interest rates,PA,Percent per annum,_Z,Not applicable,_Z,Not applicable,_Z,Not applicable,_Z,Not applicable,N,National,2007,,4.025,,A,Normal value,0,Units,2,Two,,
DATAFLOW,OECD.SDD.STES:DSD_STES@DF_FINMARK(4.0),Financial market,I,SVK,Slovak Republic,A,Annual,IR3TIB,Short-term interest rates,PA,Percent per annum,_Z,Not applicable,_Z,Not applicable,_Z,Not applicable,_Z,Not applicable,N,National,2008,,3.854167,,A,Normal value,0,Units,2,Two,,
DATAFLOW,OECD.SDD.STES:DSD_STES@DF_FINMARK(4.0),Financial market,I,SVK,Slovak Republic,A,Annual,IR3TIB,Short-term interest rates,PA,Percent per annum,_Z,Not applicable,_Z,Not applicable,_Z,Not applicable,_Z,Not applicable,N,National,2009,,1.22835,,A,Normal value,0,Units,2,Two,,
DATAFLOW,OECD.SDD.STES:DSD_STES@DF_FINMARK(4.0),Financial market,I,SVK,Slovak Republic,A,Annual,IR3TIB,Short-term interest rates,PA,Percent per annum,_Z,Not applicable,_Z,Not applicable,_Z,Not applicable,_Z,Not applicable,N,National,2010,,0.8109539,,A,Normal value,0,Units,2,Two,,
DATAFLOW,OECD.SDD.STES:DSD_STES@DF_FINMARK(4.0),Financial market,I,SVK,Slovak Republic,A,Annual,IR3TIB,Short-term interest rates,PA,Percent per annum,_Z,Not applicable,_Z,Not applicable,_Z,Not applicable,_Z,Not applicable,N,National,2011,,1.3906,,A,Normal value,0,Units,2,Two,,
DATAFLOW,OECD.SDD.STES:DSD_STES@DF_FINMARK(4.0),Financial market,I,SVK,Slovak Republic,A,Annual,IR3TIB,Short-term interest rates,PA,Percent per annum,_Z,Not applicable,_Z,Not applicable,_Z,Not applicable,_Z,Not applicable,N,National,2012,,0.5731811,,A,Normal value,0,Units,2,Two,,
DATAFLOW,OECD.SDD.STES:DSD_STES@DF_FINMARK(4.0),Financial market,I,SVK,Slovak Republic,A,Annual,IR3TIB,Short-term interest rates,PA,Percent per annum,_Z,Not applicable,_Z,Not applicable,_Z,Not applicable,_Z,Not applicable,N,National,2013,,0.2206612,,A,Normal value,0,Units,2,Two,,
DATAFLOW,OECD.SDD.STES:DSD_STES@DF_FINMARK(4.0),Financial market,I,SVK,Slovak Republic,A,Annual,IR3TIB,Short-term interest rates,PA,Percent per annum,_Z,Not applicable,_Z,Not applicable,_Z,Not applicable,_Z,Not applicable,N,National,2014,,0.2099457,,A,Normal value,0,Units,2,Two,,
DATAFLOW,OECD.SDD.STES:DSD_STES@DF_FINMARK(4.0),Financial market,I,SVK,Slovak Republic,A,Annual,IR3TIB,Short-term interest rates,PA,Percent per annum,_Z,Not applicable,_Z,Not applicable,_Z,Not applicable,_Z,Not applicable,N,National,2015,,-0.0193757,,A,Normal value,0,Units,2,Two,,
DATAFLOW,OECD.SDD.STES:DSD_STES@DF_FINMARK(4.0),Financial market,I,SVK,Slovak Republic,A,Annual,IR3TIB,Short-term interest rates,PA,Percent per annum,_Z,Not applicable,_Z,Not applicable,_Z,Not applicable,_Z,Not applicable,N,National,2016,,-0.2636957,,A,Normal value,0,Units,2,Two,,
DATAFLOW,OECD.SDD.STES:DSD_STES@DF_FINMARK(4.0),Financial market,I,SVK,Slovak Republic,A,Annual,IR3TIB,Short-term interest rates,PA,Percent per annum,_Z,Not applicable,_Z,Not applicable,_Z,Not applicable,_Z,Not applicable,N,National,2017,,-0.3290561,,A,Normal value,0,Units,2,Two,,
DATAFLOW,OECD.SDD.STES:DSD_STES@DF_FINMARK(4.0),Financial market,I,SVK,Slovak Republic,A,Annual,IR3TIB,Short-term interest rates,PA,Percent per annum,_Z,Not applicable,_Z,Not applicable,_Z,Not applicable,_Z,Not applicable,N,National,2018,,-0.322093,,A,Normal value,0,Units,2,Two,,
DATAFLOW,OECD.SDD.STES:DSD_STES@DF_FINMARK(4.0),Financial market,I,SVK,Slovak Republic,A,Annual,IR3TIB,Short-term interest rates,PA,Percent per annum,_Z,Not applicable,_Z,Not applicable,_Z,Not applicable,_Z,Not applicable,N,National,2019,,-0.3563193,,A,Normal value,0,Units,2,Two,,
DATAFLOW,OECD.SDD.STES:DSD_STES@DF_FINMARK(4.0),Financial market,I,SVK,Slovak Republic,A,Annual,IR3TIB,Short-term interest rates,PA,Percent per annum,_Z,Not applicable,_Z,Not applicable,_Z,Not applicable,_Z,Not applicable,N,National,2020,,-0.4251596,,A,Normal value,0,Units,2,Two,,
DATAFLOW,OECD.SDD.STES:DSD_STES@DF_FINMARK(4.0),Financial market,I,SVK,Slovak Republic,A,Annual,IR3TIB,Short-term interest rates,PA,Percent per annum,_Z,Not applicable,_Z,Not applicable,_Z,Not applicable,_Z,Not applicable,N,National,2021,,-0.5487563,,A,Normal value,0,Units,2,Two,,
DATAFLOW,OECD.SDD.STES:DSD_STES@DF_FINMARK(4.0),Financial market,I,SVK,Slovak Republic,A,Annual,IR3TIB,Short-term interest rates,PA,Percent per annum,_Z,Not applicable,_Z,Not applicable,_Z,Not applicable,_Z,Not applicable,N,National,2022,,0.3415554,,A,Normal value,0,Units,2,Two,,
DATAFLOW,OECD.SDD.STES:DSD_STES@DF_FINMARK(4.0),Financial market,I,SVN,Slovenia,A,Annual,IR3TIB,Short-term interest rates,PA,Percent per annum,_Z,Not applicable,_Z,Not applicable,_Z,Not applicable,_Z,Not applicable,N,National,2002,,8.025833,,A,Normal value,0,Units,2,Two,,
DATAFLOW,OECD.SDD.STES:DSD_STES@DF_FINMARK(4.0),Financial market,I,SVN,Slovenia,A,Annual,IR3TIB,Short-term interest rates,PA,Percent per annum,_Z,Not applicable,_Z,Not applicable,_Z,Not applicable,_Z,Not applicable,N,National,2003,,6.781667,,A,Normal value,0,Units,2,Two,,
DATAFLOW,OECD.SDD.STES:DSD_STES@DF_FINMARK(4.0),Financial market,I,SVN,Slovenia,A,Annual,IR3TIB,Short-term interest rates,PA,Percent per annum,_Z,Not applicable,_Z,Not applicable,_Z,Not applicable,_Z,Not applicable,N,National,2004,,4.663333,,A,Normal value,0,Units,2,Two,,
DATAFLOW,OECD.SDD.STES:DSD_STES@DF_FINMARK(4.0),Financial market,I,SVN,Slovenia,A,Annual,IR3TIB,Short-term interest rates,PA,Percent per annum,_Z,Not applicable,_Z,Not applicable,_Z,Not applicable,_Z,Not applicable,N,National,2005,,4.034167,,A,Normal value,0,Units,2,Two,,
DATAFLOW,OECD.SDD.STES:DSD_STES@DF_FINMARK(4.0),Financial market,I,SVN,Slovenia,A,Annual,IR3TIB,Short-term interest rates,PA,Percent per annum,_Z,Not applicable,_Z,Not applicable,_Z,Not applicable,_Z,Not applicable,N,National,2006,,3.580833,,A,Normal value,0,Units,2,Two,,
DATAFLOW,OECD.SDD.STES:DSD_STES@DF_FINMARK(4.0),Financial market,I,SVN,Slovenia,A,Annual,IR3TIB,Short-term interest rates,PA,Percent per annum,_Z,Not applicable,_Z,Not applicable,_Z,Not applicable,_Z,Not applicable,N,National,2007,,4.277596,,A,Normal value,0,Units,2,Two,,
DATAFLOW,OECD.SDD.STES:DSD_STES@DF_FINMARK(4.0),Financial market,I,SVN,Slovenia,A,Annual,IR3TIB,Short-term interest rates,PA,Percent per annum,_Z,Not applicable,_Z,Not applicable,_Z,Not applicable,_Z,Not applicable,N,National,2008,,4.634233,,A,Normal value,0,Units,2,Two,,
DATAFLOW,OECD.SDD.STES:DSD_STES@DF_FINMARK(4.0),Financial market,I,SVN,Slovenia,A,Annual,IR3TIB,Short-term interest rates,PA,Percent per annum,_Z,Not applicable,_Z,Not applicable,_Z,Not applicable,_Z,Not applicable,N,National,2009,,1.22835,,A,Normal value,0,Units,2,Two,,
DATAFLOW,OECD.SDD.STES:DSD_STES@DF_FINMARK(4.0),Financial market,I,SVN,Slovenia,A,Annual,IR3TIB,Short-term interest rates,PA,Percent per annum,_Z,Not applicable,_Z,Not applicable,_Z,Not applicable,_Z,Not applicable,N,National,2010,,0.8109539,,A,Normal value,0,Units,2,Two,,
DATAFLOW,OECD.SDD.STES:DSD_STES@DF_FINMARK(4.0),Financial market,I,SVN,Slovenia,A,Annual,IR3TIB,Short-term interest rates,PA,Percent per annum,_Z,Not applicable,_Z,Not applicable,_Z,Not applicable,_Z,Not applicable,N,National,2011,,1.3906,,A,Normal value,0,Units,2,Two,,
DATAFLOW,OECD.SDD.STES:DSD_STES@DF_FINMARK(4.0),Financial market,I,SVN,Slovenia,A,Annual,IR3TIB,Short-term interest rates,PA,Percent per annum,_Z,Not applicable,_Z,Not applicable,_Z,Not applicable,_Z,Not applicable,N,National,2012,,0.5731811,,A,Normal value,0,Units,2,Two,,
DATAFLOW,OECD.SDD.STES:DSD_STES@DF_FINMARK(4.0),Financial market,I,SVN,Slovenia,A,Annual,IR3TIB,Short-term interest rates,PA,Percent per annum,_Z,Not applicable,_Z,Not applicable,_Z,Not applicable,_Z,Not applicable,N,National,2013,,0.2206612,,A,Normal value,0,Units,2,Two,,
DATAFLOW,OECD.SDD.STES:DSD_STES@DF_FINMARK(4.0),Financial market,I,SVN,Slovenia,A,Annual,IR3TIB,Short-term interest rates,PA,Percent per annum,_Z,Not applicable,_Z,Not applicable,_Z,Not applicable,_Z,Not applicable,N,National,2014,,0.2099457,,A,Normal value,0,Units,2,Two,,
DATAFLOW,OECD.SDD.STES:DSD_STES@DF_FINMARK(4.0),Financial market,I,SVN,Slovenia,A,Annual,IR3TIB,Short-term interest rates,PA,Percent per annum,_Z,Not applicable,_Z,Not applicable,_Z,Not applicable,_Z,Not applicable,N,National,2015,,-0.0193757,,A,Normal value,0,Units,2,Two,,
DATAFLOW,OECD.SDD.STES:DSD_STES@DF_FINMARK(4.0),Financial market,I,SVN,Slovenia,A,Annual,IR3TIB,Short-term interest rates,PA,Percent per annum,_Z,Not applicable,_Z,Not applicable,_Z,Not applicable,_Z,Not applicable,N,National,2016,,-0.2636957,,A,Normal value,0,Units,2,Two,,
DATAFLOW,OECD.SDD.STES:DSD_STES@DF_FINMARK(4.0),Financial market,I,SVN,Slovenia,A,Annual,IR3TIB,Short-term interest rates,PA,Percent per annum,_Z,Not applicable,_Z,Not applicable,_Z,Not applicable,_Z,Not applicable,N,National,2017,,-0.3290561,,A,Normal value,0,Units,2,Two,,
DATAFLOW,OECD.SDD.STES:DSD_STES@DF_FINMARK(4.0),Financial market,I,SVN,Slovenia,A,Annual,IR3TIB,Short-term interest rates,PA,Percent per annum,_Z,Not applicable,_Z,Not applicable,_Z,Not applicable,_Z,Not applicable,N,National,2018,,-0.322093,,A,Normal value,0,Units,2,Two,,
DATAFLOW,OECD.SDD.STES:DSD_STES@DF_FINMARK(4.0),Financial market,I,SVN,Slovenia,A,Annual,IR3TIB,Short-term interest rates,PA,Percent per annum,_Z,Not applicable,_Z,Not applicable,_Z,Not applicable,_Z,Not applicable,N,National,2019,,-0.3563193,,A,Normal value,0,Units,2,Two,,
DATAFLOW,OECD.SDD.STES:DSD_STES@DF_FINMARK(4.0),Financial market,I,SVN,Slovenia,A,Annual,IR3TIB,Short-term interest rates,PA,Percent per annum,_Z,Not applicable,_Z,Not applicable,_Z,Not applicable,_Z,Not applicable,N,National,2020,,-0.4251596,,A,Normal value,0,Units,2,Two,,
DATAFLOW,OECD.SDD.STES:DSD_STES@DF_FINMARK(4.0),Financial market,I,SVN,Slovenia,A,Annual,IR3TIB,Short-term interest rates,PA,Percent per annum,_Z,Not applicable,_Z,Not applicable,_Z,Not applicable,_Z,Not applicable,N,National,2021,,-0.5487563,,A,Normal value,0,Units,2,Two,,
DATAFLOW,OECD.SDD.STES:DSD_STES@DF_FINMARK(4.0),Financial market,I,SVN,Slovenia,A,Annual,IR3TIB,Short-term interest rates,PA,Percent per annum,_Z,Not applicable,_Z,Not applicable,_Z,Not applicable,_Z,Not applicable,N,National,2022,,0.3415554,,A,Normal value,0,Units,2,Two,,
DATAFLOW,OECD.SDD.STES:DSD_STES@DF_FINMARK(4.0),Financial market,I,ESP,Spain,A,Annual,IR3TIB,Short-term interest rates,PA,Percent per annum,_Z,Not applicable,_Z,Not applicable,_Z,Not applicable,_Z,Not applicable,N,National,1977,,15.52241,,A,Normal value,0,Units,2,Two,,
DATAFLOW,OECD.SDD.STES:DSD_STES@DF_FINMARK(4.0),Financial market,I,ESP,Spain,A,Annual,IR3TIB,Short-term interest rates,PA,Percent per annum,_Z,Not applicable,_Z,Not applicable,_Z,Not applicable,_Z,Not applicable,N,National,1978,,17.5905,,A,Normal value,0,Units,2,Two,,
DATAFLOW,OECD.SDD.STES:DSD_STES@DF_FINMARK(4.0),Financial market,I,ESP,Spain,A,Annual,IR3TIB,Short-term interest rates,PA,Percent per annum,_Z,Not applicable,_Z,Not applicable,_Z,Not applicable,_Z,Not applicable,N,National,1979,,15.52008,,A,Normal value,0,Units,2,Two,,
DATAFLOW,OECD.SDD.STES:DSD_STES@DF_FINMARK(4.0),Financial market,I,ESP,Spain,A,Annual,IR3TIB,Short-term interest rates,PA,Percent per annum,_Z,Not applicable,_Z,Not applicable,_Z,Not applicable,_Z,Not applicable,N,National,1980,,16.52266,,A,Normal value,0,Units,2,Two,,
DATAFLOW,OECD.SDD.STES:DSD_STES@DF_FINMARK(4.0),Financial market,I,ESP,Spain,A,Annual,IR3TIB,Short-term interest rates,PA,Percent per annum,_Z,Not applicable,_Z,Not applicable,_Z,Not applicable,_Z,Not applicable,N,National,1981,,16.17766,,A,Normal value,0,Units,2,Two,,
DATAFLOW,OECD.SDD.STES:DSD_STES@DF_FINMARK(4.0),Financial market,I,ESP,Spain,A,Annual,IR3TIB,Short-term interest rates,PA,Percent per annum,_Z,Not applicable,_Z,Not applicable,_Z,Not applicable,_Z,Not applicable,N,National,1982,,16.2815,,A,Normal value,0,Units,2,Two,,
DATAFLOW,OECD.SDD.STES:DSD_STES@DF_FINMARK(4.0),Financial market,I,ESP,Spain,A,Annual,IR3TIB,Short-term interest rates,PA,Percent per annum,_Z,Not applicable,_Z,Not applicable,_Z,Not applicable,_Z,Not applicable,N,National,1983,,20.04957,,A,Normal value,0,Units,2,Two,,
DATAFLOW,OECD.SDD.STES:DSD_STES@DF_FINMARK(4.0),Financial market,I,ESP,Spain,A,Annual,IR3TIB,Short-term interest rates,PA,Percent per annum,_Z,Not applicable,_Z,Not applicable,_Z,Not applicable,_Z,Not applicable,N,National,1984,,14.89783,,A,Normal value,0,Units,2,Two,,
DATAFLOW,OECD.SDD.STES:DSD_STES@DF_FINMARK(4.0),Financial market,I,ESP,Spain,A,Annual,IR3TIB,Short-term interest rates,PA,Percent per annum,_Z,Not applicable,_Z,Not applicable,_Z,Not applicable,_Z,Not applicable,N,National,1985,,12.22442,,A,Normal value,0,Units,2,Two,,
DATAFLOW,OECD.SDD.STES:DSD_STES@DF_FINMARK(4.0),Financial market,I,ESP,Spain,A,Annual,IR3TIB,Short-term interest rates,PA,Percent per annum,_Z,Not applicable,_Z,Not applicable,_Z,Not applicable,_Z,Not applicable,N,National,1986,,11.65775,,A,Normal value,0,Units,2,Two,,
DATAFLOW,OECD.SDD.STES:DSD_STES@DF_FINMARK(4.0),Financial market,I,ESP,Spain,A,Annual,IR3TIB,Short-term interest rates,PA,Percent per annum,_Z,Not applicable,_Z,Not applicable,_Z,Not applicable,_Z,Not applicable,N,National,1987,,15.82208,,A,Normal value,0,Units,2,Two,,
DATAFLOW,OECD.SDD.STES:DSD_STES@DF_FINMARK(4.0),Financial market,I,ESP,Spain,A,Annual,IR3TIB,Short-term interest rates,PA,Percent per annum,_Z,Not applicable,_Z,Not applicable,_Z,Not applicable,_Z,Not applicable,N,National,1988,,11.65033,,A,Normal value,0,Units,2,Two,,
DATAFLOW,OECD.SDD.STES:DSD_STES@DF_FINMARK(4.0),Financial market,I,ESP,Spain,A,Annual,IR3TIB,Short-term interest rates,PA,Percent per annum,_Z,Not applicable,_Z,Not applicable,_Z,Not applicable,_Z,Not applicable,N,National,1989,,15.03633,,A,Normal value,0,Units,2,Two,,
DATAFLOW,OECD.SDD.STES:DSD_STES@DF_FINMARK(4.0),Financial market,I,ESP,Spain,A,Annual,IR3TIB,Short-term interest rates,PA,Percent per annum,_Z,Not applicable,_Z,Not applicable,_Z,Not applicable,_Z,Not applicable,N,National,1990,,15.15158,,A,Normal value,0,Units,2,Two,,
DATAFLOW,OECD.SDD.STES:DSD_STES@DF_FINMARK(4.0),Financial market,I,ESP,Spain,A,Annual,IR3TIB,Short-term interest rates,PA,Percent per annum,_Z,Not applicable,_Z,Not applicable,_Z,Not applicable,_Z,Not applicable,N,National,1991,,13.22675,,A,Normal value,0,Units,2,Two,,
DATAFLOW,OECD.SDD.STES:DSD_STES@DF_FINMARK(4.0),Financial market,I,ESP,Spain,A,Annual,IR3TIB,Short-term interest rates,PA,Percent per annum,_Z,Not applicable,_Z,Not applicable,_Z,Not applicable,_Z,Not applicable,N,National,1992,,13.342,,A,Normal value,0,Units,2,Two,,
DATAFLOW,OECD.SDD.STES:DSD_STES@DF_FINMARK(4.0),Financial market,I,ESP,Spain,A,Annual,IR3TIB,Short-term interest rates,PA,Percent per annum,_Z,Not applicable,_Z,Not applicable,_Z,Not applicable,_Z,Not applicable,N,National,1993,,11.68808,,A,Normal value,0,Units,2,Two,,
DATAFLOW,OECD.SDD.STES:DSD_STES@DF_FINMARK(4.0),Financial market,I,ESP,Spain,A,Annual,IR3TIB,Short-term interest rates,PA,Percent per annum,_Z,Not applicable,_Z,Not applicable,_Z,Not applicable,_Z,Not applicable,N,National,1994,,8.0085,,A,Normal value,0,Units,2,Two,,
DATAFLOW,OECD.SDD.STES:DSD_STES@DF_FINMARK(4.0),Financial market,I,ESP,Spain,A,Annual,IR3TIB,Short-term interest rates,PA,Percent per annum,_Z,Not applicable,_Z,Not applicable,_Z,Not applicable,_Z,Not applicable,N,National,1995,,9.355166,,A,Normal value,0,Units,2,Two,,
DATAFLOW,OECD.SDD.STES:DSD_STES@DF_FINMARK(4.0),Financial market,I,ESP,Spain,A,Annual,IR3TIB,Short-term interest rates,PA,Percent per annum,_Z,Not applicable,_Z,Not applicable,_Z,Not applicable,_Z,Not applicable,N,National,1996,,7.495,,A,Normal value,0,Units,2,Two,,
DATAFLOW,OECD.SDD.STES:DSD_STES@DF_FINMARK(4.0),Financial market,I,ESP,Spain,A,Annual,IR3TIB,Short-term interest rates,PA,Percent per annum,_Z,Not applicable,_Z,Not applicable,_Z,Not applicable,_Z,Not applicable,N,National,1997,,5.373333,,A,Normal value,0,Units,2,Two,,
DATAFLOW,OECD.SDD.STES:DSD_STES@DF_FINMARK(4.0),Financial market,I,ESP,Spain,A,Annual,IR3TIB,Short-term interest rates,PA,Percent per annum,_Z,Not applicable,_Z,Not applicable,_Z,Not applicable,_Z,Not applicable,N,National,1998,,4.242,,A,Normal value,0,Units,2,Two,,
DATAFLOW,OECD.SDD.STES:DSD_STES@DF_FINMARK(4.0),Financial market,I,ESP,Spain,A,Annual,IR3TIB,Short-term interest rates,PA,Percent per annum,_Z,Not applicable,_Z,Not applicable,_Z,Not applicable,_Z,Not applicable,N,National,1999,,2.963488,,A,Normal value,0,Units,2,Two,,
DATAFLOW,OECD.SDD.STES:DSD_STES@DF_FINMARK(4.0),Financial market,I,ESP,Spain,A,Annual,IR3TIB,Short-term interest rates,PA,Percent per annum,_Z,Not applicable,_Z,Not applicable,_Z,Not applicable,_Z,Not applicable,N,National,2000,,4.391766,,A,Normal value,0,Units,2,Two,,
DATAFLOW,OECD.SDD.STES:DSD_STES@DF_FINMARK(4.0),Financial market,I,ESP,Spain,A,Annual,IR3TIB,Short-term interest rates,PA,Percent per annum,_Z,Not applicable,_Z,Not applicable,_Z,Not applicable,_Z,Not applicable,N,National,2001,,4.26178,,A,Normal value,0,Units,2,Two,,
DATAFLOW,OECD.SDD.STES:DSD_STES@DF_FINMARK(4.0),Financial market,I,ESP,Spain,A,Annual,IR3TIB,Short-term interest rates,PA,Percent per annum,_Z,Not applicable,_Z,Not applicable,_Z,Not applicable,_Z,Not applicable,N,National,2002,,3.318602,,A,Normal value,0,Units,2,Two,,
DATAFLOW,OECD.SDD.STES:DSD_STES@DF_FINMARK(4.0),Financial market,I,ESP,Spain,A,Annual,IR3TIB,Short-term interest rates,PA,Percent per annum,_Z,Not applicable,_Z,Not applicable,_Z,Not applicable,_Z,Not applicable,N,National,2003,,2.333474,,A,Normal value,0,Units,2,Two,,
DATAFLOW,OECD.SDD.STES:DSD_STES@DF_FINMARK(4.0),Financial market,I,ESP,Spain,A,Annual,IR3TIB,Short-term interest rates,PA,Percent per annum,_Z,Not applicable,_Z,Not applicable,_Z,Not applicable,_Z,Not applicable,N,National,2004,,2.106323,,A,Normal value,0,Units,2,Two,,
DATAFLOW,OECD.SDD.STES:DSD_STES@DF_FINMARK(4.0),Financial market,I,ESP,Spain,A,Annual,IR3TIB,Short-term interest rates,PA,Percent per annum,_Z,Not applicable,_Z,Not applicable,_Z,Not applicable,_Z,Not applicable,N,National,2005,,2.184689,,A,Normal value,0,Units,2,Two,,
DATAFLOW,OECD.SDD.STES:DSD_STES@DF_FINMARK(4.0),Financial market,I,ESP,Spain,A,Annual,IR3TIB,Short-term interest rates,PA,Percent per annum,_Z,Not applicable,_Z,Not applicable,_Z,Not applicable,_Z,Not applicable,N,National,2006,,3.079212,,A,Normal value,0,Units,2,Two,,
DATAFLOW,OECD.SDD.STES:DSD_STES@DF_FINMARK(4.0),Financial market,I,ESP,Spain,A,Annual,IR3TIB,Short-term interest rates,PA,Percent per annum,_Z,Not applicable,_Z,Not applicable,_Z,Not applicable,_Z,Not applicable,N,National,2007,,4.277596,,A,Normal value,0,Units,2,Two,,
DATAFLOW,OECD.SDD.STES:DSD_STES@DF_FINMARK(4.0),Financial market,I,ESP,Spain,A,Annual,IR3TIB,Short-term interest rates,PA,Percent per annum,_Z,Not applicable,_Z,Not applicable,_Z,Not applicable,_Z,Not applicable,N,National,2008,,4.634233,,A,Normal value,0,Units,2,Two,,
DATAFLOW,OECD.SDD.STES:DSD_STES@DF_FINMARK(4.0),Financial market,I,ESP,Spain,A,Annual,IR3TIB,Short-term interest rates,PA,Percent per annum,_Z,Not applicable,_Z,Not applicable,_Z,Not applicable,_Z,Not applicable,N,National,2009,,1.22835,,A,Normal value,0,Units,2,Two,,
DATAFLOW,OECD.SDD.STES:DSD_STES@DF_FINMARK(4.0),Financial market,I,ESP,Spain,A,Annual,IR3TIB,Short-term interest rates,PA,Percent per annum,_Z,Not applicable,_Z,Not applicable,_Z,Not applicable,_Z,Not applicable,N,National,2010,,0.8109539,,A,Normal value,0,Units,2,Two,,
DATAFLOW,OECD.SDD.STES:DSD_STES@DF_FINMARK(4.0),Financial market,I,ESP,Spain,A,Annual,IR3TIB,Short-term interest rates,PA,Percent per annum,_Z,Not applicable,_Z,Not applicable,_Z,Not applicable,_Z,Not applicable,N,National,2011,,1.3906,,A,Normal value,0,Units,2,Two,,
DATAFLOW,OECD.SDD.STES:DSD_STES@DF_FINMARK(4.0),Financial market,I,ESP,Spain,A,Annual,IR3TIB,Short-term interest rates,PA,Percent per annum,_Z,Not applicable,_Z,Not applicable,_Z,Not applicable,_Z,Not applicable,N,National,2012,,0.5731811,,A,Normal value,0,Units,2,Two,,
DATAFLOW,OECD.SDD.STES:DSD_STES@DF_FINMARK(4.0),Financial market,I,ESP,Spain,A,Annual,IR3TIB,Short-term interest rates,PA,Percent per annum,_Z,Not applicable,_Z,Not applicable,_Z,Not applicable,_Z,Not applicable,N,National,2013,,0.2206612,,A,Normal value,0,Units,2,Two,,
DATAFLOW,OECD.SDD.STES:DSD_STES@DF_FINMARK(4.0),Financial market,I,ESP,Spain,A,Annual,IR3TIB,Short-term interest rates,PA,Percent per annum,_Z,Not applicable,_Z,Not applicable,_Z,Not applicable,_Z,Not applicable,N,National,2014,,0.2099457,,A,Normal value,0,Units,2,Two,,
DATAFLOW,OECD.SDD.STES:DSD_STES@DF_FINMARK(4.0),Financial market,I,ESP,Spain,A,Annual,IR3TIB,Short-term interest rates,PA,Percent per annum,_Z,Not applicable,_Z,Not applicable,_Z,Not applicable,_Z,Not applicable,N,National,2015,,-0.0193757,,A,Normal value,0,Units,2,Two,,
DATAFLOW,OECD.SDD.STES:DSD_STES@DF_FINMARK(4.0),Financial market,I,ESP,Spain,A,Annual,IR3TIB,Short-term interest rates,PA,Percent per annum,_Z,Not applicable,_Z,Not applicable,_Z,Not applicable,_Z,Not applicable,N,National,2016,,-0.2636957,,A,Normal value,0,Units,2,Two,,
DATAFLOW,OECD.SDD.STES:DSD_STES@DF_FINMARK(4.0),Financial market,I,ESP,Spain,A,Annual,IR3TIB,Short-term interest rates,PA,Percent per annum,_Z,Not applicable,_Z,Not applicable,_Z,Not applicable,_Z,Not applicable,N,National,2017,,-0.3290561,,A,Normal value,0,Units,2,Two,,
DATAFLOW,OECD.SDD.STES:DSD_STES@DF_FINMARK(4.0),Financial market,I,ESP,Spain,A,Annual,IR3TIB,Short-term interest rates,PA,Percent per annum,_Z,Not applicable,_Z,Not applicable,_Z,Not applicable,_Z,Not applicable,N,National,2018,,-0.322093,,A,Normal value,0,Units,2,Two,,
DATAFLOW,OECD.SDD.STES:DSD_STES@DF_FINMARK(4.0),Financial market,I,ESP,Spain,A,Annual,IR3TIB,Short-term interest rates,PA,Percent per annum,_Z,Not applicable,_Z,Not applicable,_Z,Not applicable,_Z,Not applicable,N,National,2019,,-0.3563193,,A,Normal value,0,Units,2,Two,,
DATAFLOW,OECD.SDD.STES:DSD_STES@DF_FINMARK(4.0),Financial market,I,ESP,Spain,A,Annual,IR3TIB,Short-term interest rates,PA,Percent per annum,_Z,Not applicable,_Z,Not applicable,_Z,Not applicable,_Z,Not applicable,N,National,2020,,-0.4251596,,A,Normal value,0,Units,2,Two,,
DATAFLOW,OECD.SDD.STES:DSD_STES@DF_FINMARK(4.0),Financial market,I,ESP,Spain,A,Annual,IR3TIB,Short-term interest rates,PA,Percent per annum,_Z,Not applicable,_Z,Not applicable,_Z,Not applicable,_Z,Not applicable,N,National,2021,,-0.5487563,,A,Normal value,0,Units,2,Two,,
DATAFLOW,OECD.SDD.STES:DSD_STES@DF_FINMARK(4.0),Financial market,I,ESP,Spain,A,Annual,IR3TIB,Short-term interest rates,PA,Percent per annum,_Z,Not applicable,_Z,Not applicable,_Z,Not applicable,_Z,Not applicable,N,National,2022,,0.3415554,,A,Normal value,0,Units,2,Two,,
DATAFLOW,OECD.SDD.STES:DSD_STES@DF_FINMARK(4.0),Financial market,I,SWE,Sweden,A,Annual,IR3TIB,Short-term interest rates,PA,Percent per annum,_Z,Not applicable,_Z,Not applicable,_Z,Not applicable,_Z,Not applicable,N,National,1982,,13.25,,A,Normal value,0,Units,2,Two,,
DATAFLOW,OECD.SDD.STES:DSD_STES@DF_FINMARK(4.0),Financial market,I,SWE,Sweden,A,Annual,IR3TIB,Short-term interest rates,PA,Percent per annum,_Z,Not applicable,_Z,Not applicable,_Z,Not applicable,_Z,Not applicable,N,National,1983,,11.41083,,A,Normal value,0,Units,2,Two,,
DATAFLOW,OECD.SDD.STES:DSD_STES@DF_FINMARK(4.0),Financial market,I,SWE,Sweden,A,Annual,IR3TIB,Short-term interest rates,PA,Percent per annum,_Z,Not applicable,_Z,Not applicable,_Z,Not applicable,_Z,Not applicable,N,National,1984,,11.93083,,A,Normal value,0,Units,2,Two,,
DATAFLOW,OECD.SDD.STES:DSD_STES@DF_FINMARK(4.0),Financial market,I,SWE,Sweden,A,Annual,IR3TIB,Short-term interest rates,PA,Percent per annum,_Z,Not applicable,_Z,Not applicable,_Z,Not applicable,_Z,Not applicable,N,National,1985,,14.17417,,A,Normal value,0,Units,2,Two,,
DATAFLOW,OECD.SDD.STES:DSD_STES@DF_FINMARK(4.0),Financial market,I,SWE,Sweden,A,Annual,IR3TIB,Short-term interest rates,PA,Percent per annum,_Z,Not applicable,_Z,Not applicable,_Z,Not applicable,_Z,Not applicable,N,National,1986,,9.830833,,A,Normal value,0,Units,2,Two,,
DATAFLOW,OECD.SDD.STES:DSD_STES@DF_FINMARK(4.0),Financial market,I,SWE,Sweden,A,Annual,IR3TIB,Short-term interest rates,PA,Percent per annum,_Z,Not applicable,_Z,Not applicable,_Z,Not applicable,_Z,Not applicable,N,National,1987,,9.390833,,A,Normal value,0,Units,2,Two,,
DATAFLOW,OECD.SDD.STES:DSD_STES@DF_FINMARK(4.0),Financial market,I,SWE,Sweden,A,Annual,IR3TIB,Short-term interest rates,PA,Percent per annum,_Z,Not applicable,_Z,Not applicable,_Z,Not applicable,_Z,Not applicable,N,National,1988,,10.08333,,A,Normal value,0,Units,2,Two,,
DATAFLOW,OECD.SDD.STES:DSD_STES@DF_FINMARK(4.0),Financial market,I,SWE,Sweden,A,Annual,IR3TIB,Short-term interest rates,PA,Percent per annum,_Z,Not applicable,_Z,Not applicable,_Z,Not applicable,_Z,Not applicable,N,National,1989,,11.49917,,A,Normal value,0,Units,2,Two,,
DATAFLOW,OECD.SDD.STES:DSD_STES@DF_FINMARK(4.0),Financial market,I,SWE,Sweden,A,Annual,IR3TIB,Short-term interest rates,PA,Percent per annum,_Z,Not applicable,_Z,Not applicable,_Z,Not applicable,_Z,Not applicable,N,National,1990,,13.6675,,A,Normal value,0,Units,2,Two,,
DATAFLOW,OECD.SDD.STES:DSD_STES@DF_FINMARK(4.0),Financial market,I,SWE,Sweden,A,Annual,IR3TIB,Short-term interest rates,PA,Percent per annum,_Z,Not applicable,_Z,Not applicable,_Z,Not applicable,_Z,Not applicable,N,National,1991,,11.59333,,A,Normal value,0,Units,2,Two,,
DATAFLOW,OECD.SDD.STES:DSD_STES@DF_FINMARK(4.0),Financial market,I,SWE,Sweden,A,Annual,IR3TIB,Short-term interest rates,PA,Percent per annum,_Z,Not applicable,_Z,Not applicable,_Z,Not applicable,_Z,Not applicable,N,National,1992,,12.85833,,A,Normal value,0,Units,2,Two,,
DATAFLOW,OECD.SDD.STES:DSD_STES@DF_FINMARK(4.0),Financial market,I,SWE,Sweden,A,Annual,IR3TIB,Short-term interest rates,PA,Percent per annum,_Z,Not applicable,_Z,Not applicable,_Z,Not applicable,_Z,Not applicable,N,National,1993,,8.351666,,A,Normal value,0,Units,2,Two,,
DATAFLOW,OECD.SDD.STES:DSD_STES@DF_FINMARK(4.0),Financial market,I,SWE,Sweden,A,Annual,IR3TIB,Short-term interest rates,PA,Percent per annum,_Z,Not applicable,_Z,Not applicable,_Z,Not applicable,_Z,Not applicable,N,National,1994,,7.400833,,A,Normal value,0,Units,2,Two,,
DATAFLOW,OECD.SDD.STES:DSD_STES@DF_FINMARK(4.0),Financial market,I,SWE,Sweden,A,Annual,IR3TIB,Short-term interest rates,PA,Percent per annum,_Z,Not applicable,_Z,Not applicable,_Z,Not applicable,_Z,Not applicable,N,National,1995,,8.745833,,A,Normal value,0,Units,2,Two,,
DATAFLOW,OECD.SDD.STES:DSD_STES@DF_FINMARK(4.0),Financial market,I,SWE,Sweden,A,Annual,IR3TIB,Short-term interest rates,PA,Percent per annum,_Z,Not applicable,_Z,Not applicable,_Z,Not applicable,_Z,Not applicable,N,National,1996,,5.79,,A,Normal value,0,Units,2,Two,,
DATAFLOW,OECD.SDD.STES:DSD_STES@DF_FINMARK(4.0),Financial market,I,SWE,Sweden,A,Annual,IR3TIB,Short-term interest rates,PA,Percent per annum,_Z,Not applicable,_Z,Not applicable,_Z,Not applicable,_Z,Not applicable,N,National,1997,,4.1075,,A,Normal value,0,Units,2,Two,,
DATAFLOW,OECD.SDD.STES:DSD_STES@DF_FINMARK(4.0),Financial market,I,SWE,Sweden,A,Annual,IR3TIB,Short-term interest rates,PA,Percent per annum,_Z,Not applicable,_Z,Not applicable,_Z,Not applicable,_Z,Not applicable,N,National,1998,,4.1875,,A,Normal value,0,Units,2,Two,,
DATAFLOW,OECD.SDD.STES:DSD_STES@DF_FINMARK(4.0),Financial market,I,SWE,Sweden,A,Annual,IR3TIB,Short-term interest rates,PA,Percent per annum,_Z,Not applicable,_Z,Not applicable,_Z,Not applicable,_Z,Not applicable,N,National,1999,,3.115,,A,Normal value,0,Units,2,Two,,
DATAFLOW,OECD.SDD.STES:DSD_STES@DF_FINMARK(4.0),Financial market,I,SWE,Sweden,A,Annual,IR3TIB,Short-term interest rates,PA,Percent per annum,_Z,Not applicable,_Z,Not applicable,_Z,Not applicable,_Z,Not applicable,N,National,2000,,3.954167,,A,Normal value,0,Units,2,Two,,
DATAFLOW,OECD.SDD.STES:DSD_STES@DF_FINMARK(4.0),Financial market,I,SWE,Sweden,A,Annual,IR3TIB,Short-term interest rates,PA,Percent per annum,_Z,Not applicable,_Z,Not applicable,_Z,Not applicable,_Z,Not applicable,N,National,2002,,4.065834,,A,Normal value,0,Units,2,Two,,
DATAFLOW,OECD.SDD.STES:DSD_STES@DF_FINMARK(4.0),Financial market,I,SWE,Sweden,A,Annual,IR3TIB,Short-term interest rates,PA,Percent per annum,_Z,Not applicable,_Z,Not applicable,_Z,Not applicable,_Z,Not applicable,N,National,2003,,3.026667,,A,Normal value,0,Units,2,Two,,
DATAFLOW,OECD.SDD.STES:DSD_STES@DF_FINMARK(4.0),Financial market,I,SWE,Sweden,A,Annual,IR3TIB,Short-term interest rates,PA,Percent per annum,_Z,Not applicable,_Z,Not applicable,_Z,Not applicable,_Z,Not applicable,N,National,2004,,2.114167,,A,Normal value,0,Units,2,Two,,
DATAFLOW,OECD.SDD.STES:DSD_STES@DF_FINMARK(4.0),Financial market,I,SWE,Sweden,A,Annual,IR3TIB,Short-term interest rates,PA,Percent per annum,_Z,Not applicable,_Z,Not applicable,_Z,Not applicable,_Z,Not applicable,N,National,2005,,1.716667,,A,Normal value,0,Units,2,Two,,
DATAFLOW,OECD.SDD.STES:DSD_STES@DF_FINMARK(4.0),Financial market,I,SWE,Sweden,A,Annual,IR3TIB,Short-term interest rates,PA,Percent per annum,_Z,Not applicable,_Z,Not applicable,_Z,Not applicable,_Z,Not applicable,N,National,2006,,2.331667,,A,Normal value,0,Units,2,Two,,
DATAFLOW,OECD.SDD.STES:DSD_STES@DF_FINMARK(4.0),Financial market,I,SWE,Sweden,A,Annual,IR3TIB,Short-term interest rates,PA,Percent per annum,_Z,Not applicable,_Z,Not applicable,_Z,Not applicable,_Z,Not applicable,N,National,2007,,3.5525,,A,Normal value,0,Units,2,Two,,
DATAFLOW,OECD.SDD.STES:DSD_STES@DF_FINMARK(4.0),Financial market,I,SWE,Sweden,A,Annual,IR3TIB,Short-term interest rates,PA,Percent per annum,_Z,Not applicable,_Z,Not applicable,_Z,Not applicable,_Z,Not applicable,N,National,2008,,3.905,,A,Normal value,0,Units,2,Two,,
DATAFLOW,OECD.SDD.STES:DSD_STES@DF_FINMARK(4.0),Financial market,I,SWE,Sweden,A,Annual,IR3TIB,Short-term interest rates,PA,Percent per annum,_Z,Not applicable,_Z,Not applicable,_Z,Not applicable,_Z,Not applicable,N,National,2009,,0.3983333,,A,Normal value,0,Units,2,Two,,
DATAFLOW,OECD.SDD.STES:DSD_STES@DF_FINMARK(4.0),Financial market,I,SWE,Sweden,A,Annual,IR3TIB,Short-term interest rates,PA,Percent per annum,_Z,Not applicable,_Z,Not applicable,_Z,Not applicable,_Z,Not applicable,N,National,2010,,0.5041667,,A,Normal value,0,Units,2,Two,,
DATAFLOW,OECD.SDD.STES:DSD_STES@DF_FINMARK(4.0),Financial market,I,SWE,Sweden,A,Annual,IR3TIB,Short-term interest rates,PA,Percent per annum,_Z,Not applicable,_Z,Not applicable,_Z,Not applicable,_Z,Not applicable,N,National,2011,,1.6575,,A,Normal value,0,Units,2,Two,,
DATAFLOW,OECD.SDD.STES:DSD_STES@DF_FINMARK(4.0),Financial market,I,SWE,Sweden,A,Annual,IR3TIB,Short-term interest rates,PA,Percent per annum,_Z,Not applicable,_Z,Not applicable,_Z,Not applicable,_Z,Not applicable,N,National,2012,,1.253333,,A,Normal value,0,Units,2,Two,,
DATAFLOW,OECD.SDD.STES:DSD_STES@DF_FINMARK(4.0),Financial market,I,SWE,Sweden,A,Annual,IR3TIB,Short-term interest rates,PA,Percent per annum,_Z,Not applicable,_Z,Not applicable,_Z,Not applicable,_Z,Not applicable,N,National,2013,,0.9258333,,A,Normal value,0,Units,2,Two,,
DATAFLOW,OECD.SDD.STES:DSD_STES@DF_FINMARK(4.0),Financial market,I,SWE,Sweden,A,Annual,IR3TIB,Short-term interest rates,PA,Percent per annum,_Z,Not applicable,_Z,Not applicable,_Z,Not applicable,_Z,Not applicable,N,National,2014,,0.4208333,,A,Normal value,0,Units,2,Two,,
DATAFLOW,OECD.SDD.STES:DSD_STES@DF_FINMARK(4.0),Financial market,I,SWE,Sweden,A,Annual,IR3TIB,Short-term interest rates,PA,Percent per annum,_Z,Not applicable,_Z,Not applicable,_Z,Not applicable,_Z,Not applicable,N,National,2015,,-0.2891667,,A,Normal value,0,Units,2,Two,,
DATAFLOW,OECD.SDD.STES:DSD_STES@DF_FINMARK(4.0),Financial market,I,SWE,Sweden,A,Annual,IR3TIB,Short-term interest rates,PA,Percent per annum,_Z,Not applicable,_Z,Not applicable,_Z,Not applicable,_Z,Not applicable,N,National,2016,,-0.655,,A,Normal value,0,Units,2,Two,,
DATAFLOW,OECD.SDD.STES:DSD_STES@DF_FINMARK(4.0),Financial market,I,SWE,Sweden,A,Annual,IR3TIB,Short-term interest rates,PA,Percent per annum,_Z,Not applicable,_Z,Not applicable,_Z,Not applicable,_Z,Not applicable,N,National,2017,,-0.695,,A,Normal value,0,Units,2,Two,,
DATAFLOW,OECD.SDD.STES:DSD_STES@DF_FINMARK(4.0),Financial market,I,SWE,Sweden,A,Annual,IR3TIB,Short-term interest rates,PA,Percent per annum,_Z,Not applicable,_Z,Not applicable,_Z,Not applicable,_Z,Not applicable,N,National,2018,,-0.6858333,,A,Normal value,0,Units,2,Two,,
DATAFLOW,OECD.SDD.STES:DSD_STES@DF_FINMARK(4.0),Financial market,I,SWE,Sweden,A,Annual,IR3TIB,Short-term interest rates,PA,Percent per annum,_Z,Not applicable,_Z,Not applicable,_Z,Not applicable,_Z,Not applicable,N,National,2019,,-0.4196333,,A,Normal value,0,Units,2,Two,,
DATAFLOW,OECD.SDD.STES:DSD_STES@DF_FINMARK(4.0),Financial market,I,SWE,Sweden,A,Annual,IR3TIB,Short-term interest rates,PA,Percent per annum,_Z,Not applicable,_Z,Not applicable,_Z,Not applicable,_Z,Not applicable,N,National,2020,,-0.136838,,A,Normal value,0,Units,2,Two,,
DATAFLOW,OECD.SDD.STES:DSD_STES@DF_FINMARK(4.0),Financial market,I,SWE,Sweden,A,Annual,IR3TIB,Short-term interest rates,PA,Percent per annum,_Z,Not applicable,_Z,Not applicable,_Z,Not applicable,_Z,Not applicable,N,National,2021,,-0.1943358,,A,Normal value,0,Units,2,Two,,
DATAFLOW,OECD.SDD.STES:DSD_STES@DF_FINMARK(4.0),Financial market,I,SWE,Sweden,A,Annual,IR3TIB,Short-term interest rates,PA,Percent per annum,_Z,Not applicable,_Z,Not applicable,_Z,Not applicable,_Z,Not applicable,N,National,2022,,0.7437178,,A,Normal value,0,Units,2,Two,,
DATAFLOW,OECD.SDD.STES:DSD_STES@DF_FINMARK(4.0),Financial market,I,SWE,Sweden,A,Annual,IR3TIB,Short-term interest rates,PA,Percent per annum,_Z,Not applicable,_Z,Not applicable,_Z,Not applicable,_Z,Not applicable,N,National,2023,,3.567463,,A,Normal value,0,Units,2,Two,,
DATAFLOW,OECD.SDD.STES:DSD_STES@DF_FINMARK(4.0),Financial market,I,CHE,Switzerland,A,Annual,IR3TIB,Short-term interest rates,PA,Percent per annum,_Z,Not applicable,_Z,Not applicable,_Z,Not applicable,_Z,Not applicable,N,National,2023,,1.521064,,A,Normal value,0,Units,2,Two,,
DATAFLOW,OECD.SDD.STES:DSD_STES@DF_FINMARK(4.0),Financial market,I,GBR,United Kingdom,A,Annual,IR3TIB,Short-term interest rates,PA,Percent per annum,_Z,Not applicable,_Z,Not applicable,_Z,Not applicable,_Z,Not applicable,N,National,1986,,10.99677,,A,Normal value,0,Units,2,Two,,
DATAFLOW,OECD.SDD.STES:DSD_STES@DF_FINMARK(4.0),Financial market,I,GBR,United Kingdom,A,Annual,IR3TIB,Short-term interest rates,PA,Percent per annum,_Z,Not applicable,_Z,Not applicable,_Z,Not applicable,_Z,Not applicable,N,National,1987,,9.682077,,A,Normal value,0,Units,2,Two,,
DATAFLOW,OECD.SDD.STES:DSD_STES@DF_FINMARK(4.0),Financial market,I,GBR,United Kingdom,A,Annual,IR3TIB,Short-term interest rates,PA,Percent per annum,_Z,Not applicable,_Z,Not applicable,_Z,Not applicable,_Z,Not applicable,N,National,1988,,10.35268,,A,Normal value,0,Units,2,Two,,
DATAFLOW,OECD.SDD.STES:DSD_STES@DF_FINMARK(4.0),Financial market,I,GBR,United Kingdom,A,Annual,IR3TIB,Short-term interest rates,PA,Percent per annum,_Z,Not applicable,_Z,Not applicable,_Z,Not applicable,_Z,Not applicable,N,National,1989,,13.93177,,A,Normal value,0,Units,2,Two,,
DATAFLOW,OECD.SDD.STES:DSD_STES@DF_FINMARK(4.0),Financial market,I,GBR,United Kingdom,A,Annual,IR3TIB,Short-term interest rates,PA,Percent per annum,_Z,Not applicable,_Z,Not applicable,_Z,Not applicable,_Z,Not applicable,N,National,1990,,14.80897,,A,Normal value,0,Units,2,Two,,
DATAFLOW,OECD.SDD.STES:DSD_STES@DF_FINMARK(4.0),Financial market,I,GBR,United Kingdom,A,Annual,IR3TIB,Short-term interest rates,PA,Percent per annum,_Z,Not applicable,_Z,Not applicable,_Z,Not applicable,_Z,Not applicable,N,National,1991,,11.57342,,A,Normal value,0,Units,2,Two,,
DATAFLOW,OECD.SDD.STES:DSD_STES@DF_FINMARK(4.0),Financial market,I,GBR,United Kingdom,A,Annual,IR3TIB,Short-term interest rates,PA,Percent per annum,_Z,Not applicable,_Z,Not applicable,_Z,Not applicable,_Z,Not applicable,N,National,1992,,9.680578,,A,Normal value,0,Units,2,Two,,
DATAFLOW,OECD.SDD.STES:DSD_STES@DF_FINMARK(4.0),Financial market,I,GBR,United Kingdom,A,Annual,IR3TIB,Short-term interest rates,PA,Percent per annum,_Z,Not applicable,_Z,Not applicable,_Z,Not applicable,_Z,Not applicable,N,National,1994,,5.564841,,A,Normal value,0,Units,2,Two,,
DATAFLOW,OECD.SDD.STES:DSD_STES@DF_FINMARK(4.0),Financial market,I,GBR,United Kingdom,A,Annual,IR3TIB,Short-term interest rates,PA,Percent per annum,_Z,Not applicable,_Z,Not applicable,_Z,Not applicable,_Z,Not applicable,N,National,1995,,6.752587,,A,Normal value,0,Units,2,Two,,
DATAFLOW,OECD.SDD.STES:DSD_STES@DF_FINMARK(4.0),Financial market,I,GBR,United Kingdom,A,Annual,IR3TIB,Short-term interest rates,PA,Percent per annum,_Z,Not applicable,_Z,Not applicable,_Z,Not applicable,_Z,Not applicable,N,National,1996,,6.110596,,A,Normal value,0,Units,2,Two,,
DATAFLOW,OECD.SDD.STES:DSD_STES@DF_FINMARK(4.0),Financial market,I,GBR,United Kingdom,A,Annual,IR3TIB,Short-term interest rates,PA,Percent per annum,_Z,Not applicable,_Z,Not applicable,_Z,Not applicable,_Z,Not applicable,N,National,1997,,6.911723,,A,Normal value,0,Units,2,Two,,
DATAFLOW,OECD.SDD.STES:DSD_STES@DF_FINMARK(4.0),Financial market,I,GBR,United Kingdom,A,Annual,IR3TIB,Short-term interest rates,PA,Percent per annum,_Z,Not applicable,_Z,Not applicable,_Z,Not applicable,_Z,Not applicable,N,National,1998,,7.424256,,A,Normal value,0,Units,2,Two,,
DATAFLOW,OECD.SDD.STES:DSD_STES@DF_FINMARK(4.0),Financial market,I,GBR,United Kingdom,A,Annual,IR3TIB,Short-term interest rates,PA,Percent per annum,_Z,Not applicable,_Z,Not applicable,_Z,Not applicable,_Z,Not applicable,N,National,1999,,5.545774,,A,Normal value,0,Units,2,Two,,
DATAFLOW,OECD.SDD.STES:DSD_STES@DF_FINMARK(4.0),Financial market,I,GBR,United Kingdom,A,Annual,IR3TIB,Short-term interest rates,PA,Percent per annum,_Z,Not applicable,_Z,Not applicable,_Z,Not applicable,_Z,Not applicable,N,National,2000,,6.187457,,A,Normal value,0,Units,2,Two,,
DATAFLOW,OECD.SDD.STES:DSD_STES@DF_FINMARK(4.0),Financial market,I,GBR,United Kingdom,A,Annual,IR3TIB,Short-term interest rates,PA,Percent per annum,_Z,Not applicable,_Z,Not applicable,_Z,Not applicable,_Z,Not applicable,N,National,2001,,5.04343,,A,Normal value,0,Units,2,Two,,
DATAFLOW,OECD.SDD.STES:DSD_STES@DF_FINMARK(4.0),Financial market,I,GBR,United Kingdom,A,Annual,IR3TIB,Short-term interest rates,PA,Percent per annum,_Z,Not applicable,_Z,Not applicable,_Z,Not applicable,_Z,Not applicable,N,National,2002,,4.060289,,A,Normal value,0,Units,2,Two,,
DATAFLOW,OECD.SDD.STES:DSD_STES@DF_FINMARK(4.0),Financial market,I,GBR,United Kingdom,A,Annual,IR3TIB,Short-term interest rates,PA,Percent per annum,_Z,Not applicable,_Z,Not applicable,_Z,Not applicable,_Z,Not applicable,N,National,2003,,3.735161,,A,Normal value,0,Units,2,Two,,
DATAFLOW,OECD.SDD.STES:DSD_STES@DF_FINMARK(4.0),Financial market,I,GBR,United Kingdom,A,Annual,IR3TIB,Short-term interest rates,PA,Percent per annum,_Z,Not applicable,_Z,Not applicable,_Z,Not applicable,_Z,Not applicable,N,National,2004,,4.637821,,A,Normal value,0,Units,2,Two,,
DATAFLOW,OECD.SDD.STES:DSD_STES@DF_FINMARK(4.0),Financial market,I,GBR,United Kingdom,A,Annual,IR3TIB,Short-term interest rates,PA,Percent per annum,_Z,Not applicable,_Z,Not applicable,_Z,Not applicable,_Z,Not applicable,N,National,2005,,4.760168,,A,Normal value,0,Units,2,Two,,
DATAFLOW,OECD.SDD.STES:DSD_STES@DF_FINMARK(4.0),Financial market,I,GBR,United Kingdom,A,Annual,IR3TIB,Short-term interest rates,PA,Percent per annum,_Z,Not applicable,_Z,Not applicable,_Z,Not applicable,_Z,Not applicable,N,National,2006,,4.849209,,A,Normal value,0,Units,2,Two,,
DATAFLOW,OECD.SDD.STES:DSD_STES@DF_FINMARK(4.0),Financial market,I,GBR,United Kingdom,A,Annual,IR3TIB,Short-term interest rates,PA,Percent per annum,_Z,Not applicable,_Z,Not applicable,_Z,Not applicable,_Z,Not applicable,N,National,2007,,6.002207,,A,Normal value,0,Units,2,Two,,
DATAFLOW,OECD.SDD.STES:DSD_STES@DF_FINMARK(4.0),Financial market,I,GBR,United Kingdom,A,Annual,IR3TIB,Short-term interest rates,PA,Percent per annum,_Z,Not applicable,_Z,Not applicable,_Z,Not applicable,_Z,Not applicable,N,National,2008,,5.511412,,A,Normal value,0,Units,2,Two,,
DATAFLOW,OECD.SDD.STES:DSD_STES@DF_FINMARK(4.0),Financial market,I,GBR,United Kingdom,A,Annual,IR3TIB,Short-term interest rates,PA,Percent per annum,_Z,Not applicable,_Z,Not applicable,_Z,Not applicable,_Z,Not applicable,N,National,2009,,1.213653,,A,Normal value,0,Units,2,Two,,
DATAFLOW,OECD.SDD.STES:DSD_STES@DF_FINMARK(4.0),Financial market,I,GBR,United Kingdom,A,Annual,IR3TIB,Short-term interest rates,PA,Percent per annum,_Z,Not applicable,_Z,Not applicable,_Z,Not applicable,_Z,Not applicable,N,National,2010,,0.6997741,,A,Normal value,0,Units,2,Two,,
DATAFLOW,OECD.SDD.STES:DSD_STES@DF_FINMARK(4.0),Financial market,I,GBR,United Kingdom,A,Annual,IR3TIB,Short-term interest rates,PA,Percent per annum,_Z,Not applicable,_Z,Not applicable,_Z,Not applicable,_Z,Not applicable,N,National,2011,,0.87458,,A,Normal value,0,Units,2,Two,,
DATAFLOW,OECD.SDD.STES:DSD_STES@DF_FINMARK(4.0),Financial market,I,GBR,United Kingdom,A,Annual,IR3TIB,Short-term interest rates,PA,Percent per annum,_Z,Not applicable,_Z,Not applicable,_Z,Not applicable,_Z,Not applicable,N,National,2012,,0.8272508,,A,Normal value,0,Units,2,Two,,
DATAFLOW,OECD.SDD.STES:DSD_STES@DF_FINMARK(4.0),Financial market,I,GBR,United Kingdom,A,Annual,IR3TIB,Short-term interest rates,PA,Percent per annum,_Z,Not applicable,_Z,Not applicable,_Z,Not applicable,_Z,Not applicable,N,National,2013,,0.5126609,,A,Normal value,0,Units,2,Two,,
DATAFLOW,OECD.SDD.STES:DSD_STES@DF_FINMARK(4.0),Financial market,I,GBR,United Kingdom,A,Annual,IR3TIB,Short-term interest rates,PA,Percent per annum,_Z,Not applicable,_Z,Not applicable,_Z,Not applicable,_Z,Not applicable,N,National,2014,,0.5429491,,A,Normal value,0,Units,2,Two,,
DATAFLOW,OECD.SDD.STES:DSD_STES@DF_FINMARK(4.0),Financial market,I,GBR,United Kingdom,A,Annual,IR3TIB,Short-term interest rates,PA,Percent per annum,_Z,Not applicable,_Z,Not applicable,_Z,Not applicable,_Z,Not applicable,N,National,2015,,0.5741492,,A,Normal value,0,Units,2,Two,,
DATAFLOW,OECD.SDD.STES:DSD_STES@DF_FINMARK(4.0),Financial market,I,GBR,United Kingdom,A,Annual,IR3TIB,Short-term interest rates,PA,Percent per annum,_Z,Not applicable,_Z,Not applicable,_Z,Not applicable,_Z,Not applicable,N,National,2016,,0.4989917,,A,Normal value,0,Units,2,Two,,
DATAFLOW,OECD.SDD.STES:DSD_STES@DF_FINMARK(4.0),Financial market,I,GBR,United Kingdom,A,Annual,IR3TIB,Short-term interest rates,PA,Percent per annum,_Z,Not applicable,_Z,Not applicable,_Z,Not applicable,_Z,Not applicable,N,National,2017,,0.3589517,,A,Normal value,0,Units,2,Two,,
DATAFLOW,OECD.SDD.STES:DSD_STES@DF_FINMARK(4.0),Financial market,I,GBR,United Kingdom,A,Annual,IR3TIB,Short-term interest rates,PA,Percent per annum,_Z,Not applicable,_Z,Not applicable,_Z,Not applicable,_Z,Not applicable,N,National,2018,,0.7228358,,A,Normal value,0,Units,2,Two,,
DATAFLOW,OECD.SDD.STES:DSD_STES@DF_FINMARK(4.0),Financial market,I,GBR,United Kingdom,A,Annual,IR3TIB,Short-term interest rates,PA,Percent per annum,_Z,Not applicable,_Z,Not applicable,_Z,Not applicable,_Z,Not applicable,N,National,2019,,0.80785,,A,Normal value,0,Units,2,Two,,
DATAFLOW,OECD.SDD.STES:DSD_STES@DF_FINMARK(4.0),Financial market,I,GBR,United Kingdom,A,Annual,IR3TIB,Short-term interest rates,PA,Percent per annum,_Z,Not applicable,_Z,Not applicable,_Z,Not applicable,_Z,Not applicable,N,National,2020,,0.295,,A,Normal value,0,Units,2,Two,,
DATAFLOW,OECD.SDD.STES:DSD_STES@DF_FINMARK(4.0),Financial market,I,GBR,United Kingdom,A,Annual,IR3TIB,Short-term interest rates,PA,Percent per annum,_Z,Not applicable,_Z,Not applicable,_Z,Not applicable,_Z,Not applicable,N,National,2021,,0.09,,A,Normal value,0,Units,2,Two,,
DATAFLOW,OECD.SDD.STES:DSD_STES@DF_FINMARK(4.0),Financial market,I,GBR,United Kingdom,A,Annual,IR3TIB,Short-term interest rates,PA,Percent per annum,_Z,Not applicable,_Z,Not applicable,_Z,Not applicable,_Z,Not applicable,N,National,2022,,2.000833,,A,Normal value,0,Units,2,Two,,
DATAFLOW,OECD.SDD.STES:DSD_STES@DF_FINMARK(4.0),Financial market,I,USA,United States,A,Annual,IR3TIB,Short-term interest rates,PA,Percent per annum,_Z,Not applicable,_Z,Not applicable,_Z,Not applicable,_Z,Not applicable,N,National,1965,,4.344167,,A,Normal value,0,Units,2,Two,,
DATAFLOW,OECD.SDD.STES:DSD_STES@DF_FINMARK(4.0),Financial market,I,USA,United States,A,Annual,IR3TIB,Short-term interest rates,PA,Percent per annum,_Z,Not applicable,_Z,Not applicable,_Z,Not applicable,_Z,Not applicable,N,National,1966,,5.483333,,A,Normal value,0,Units,2,Two,,
DATAFLOW,OECD.SDD.STES:DSD_STES@DF_FINMARK(4.0),Financial market,I,USA,United States,A,Annual,IR3TIB,Short-term interest rates,PA,Percent per annum,_Z,Not applicable,_Z,Not applicable,_Z,Not applicable,_Z,Not applicable,N,National,1967,,5.020833,,A,Normal value,0,Units,2,Two,,
DATAFLOW,OECD.SDD.STES:DSD_STES@DF_FINMARK(4.0),Financial market,I,USA,United States,A,Annual,IR3TIB,Short-term interest rates,PA,Percent per annum,_Z,Not applicable,_Z,Not applicable,_Z,Not applicable,_Z,Not applicable,N,National,1968,,5.859167,,A,Normal value,0,Units,2,Two,,
DATAFLOW,OECD.SDD.STES:DSD_STES@DF_FINMARK(4.0),Financial market,I,USA,United States,A,Annual,IR3TIB,Short-term interest rates,PA,Percent per annum,_Z,Not applicable,_Z,Not applicable,_Z,Not applicable,_Z,Not applicable,N,National,1969,,7.760833,,A,Normal value,0,Units,2,Two,,
DATAFLOW,OECD.SDD.STES:DSD_STES@DF_FINMARK(4.0),Financial market,I,USA,United States,A,Annual,IR3TIB,Short-term interest rates,PA,Percent per annum,_Z,Not applicable,_Z,Not applicable,_Z,Not applicable,_Z,Not applicable,N,National,1970,,7.564167,,A,Normal value,0,Units,2,Two,,
DATAFLOW,OECD.SDD.STES:DSD_STES@DF_FINMARK(4.0),Financial market,I,USA,United States,A,Annual,IR3TIB,Short-term interest rates,PA,Percent per annum,_Z,Not applicable,_Z,Not applicable,_Z,Not applicable,_Z,Not applicable,N,National,1971,,5.005,,A,Normal value,0,Units,2,Two,,
DATAFLOW,OECD.SDD.STES:DSD_STES@DF_FINMARK(4.0),Financial market,I,USA,United States,A,Annual,IR3TIB,Short-term interest rates,PA,Percent per annum,_Z,Not applicable,_Z,Not applicable,_Z,Not applicable,_Z,Not applicable,N,National,1972,,4.665833,,A,Normal value,0,Units,2,Two,,
DATAFLOW,OECD.SDD.STES:DSD_STES@DF_FINMARK(4.0),Financial market,I,USA,United States,A,Annual,IR3TIB,Short-term interest rates,PA,Percent per annum,_Z,Not applicable,_Z,Not applicable,_Z,Not applicable,_Z,Not applicable,N,National,1973,,8.415833,,A,Normal value,0,Units,2,Two,,
DATAFLOW,OECD.SDD.STES:DSD_STES@DF_FINMARK(4.0),Financial market,I,USA,United States,A,Annual,IR3TIB,Short-term interest rates,PA,Percent per annum,_Z,Not applicable,_Z,Not applicable,_Z,Not applicable,_Z,Not applicable,N,National,1974,,10.24417,,A,Normal value,0,Units,2,Two,,
DATAFLOW,OECD.SDD.STES:DSD_STES@DF_FINMARK(4.0),Financial market,I,USA,United States,A,Annual,IR3TIB,Short-term interest rates,PA,Percent per annum,_Z,Not applicable,_Z,Not applicable,_Z,Not applicable,_Z,Not applicable,N,National,1975,,6.436666,,A,Normal value,0,Units,2,Two,,
DATAFLOW,OECD.SDD.STES:DSD_STES@DF_FINMARK(4.0),Financial market,I,USA,United States,A,Annual,IR3TIB,Short-term interest rates,PA,Percent per annum,_Z,Not applicable,_Z,Not applicable,_Z,Not applicable,_Z,Not applicable,N,National,1976,,5.268333,,A,Normal value,0,Units,2,Two,,
DATAFLOW,OECD.SDD.STES:DSD_STES@DF_FINMARK(4.0),Financial market,I,USA,United States,A,Annual,IR3TIB,Short-term interest rates,PA,Percent per annum,_Z,Not applicable,_Z,Not applicable,_Z,Not applicable,_Z,Not applicable,N,National,1977,,5.640833,,A,Normal value,0,Units,2,Two,,
DATAFLOW,OECD.SDD.STES:DSD_STES@DF_FINMARK(4.0),Financial market,I,USA,United States,A,Annual,IR3TIB,Short-term interest rates,PA,Percent per annum,_Z,Not applicable,_Z,Not applicable,_Z,Not applicable,_Z,Not applicable,N,National,1978,,8.221666,,A,Normal value,0,Units,2,Two,,
DATAFLOW,OECD.SDD.STES:DSD_STES@DF_FINMARK(4.0),Financial market,I,USA,United States,A,Annual,IR3TIB,Short-term interest rates,PA,Percent per annum,_Z,Not applicable,_Z,Not applicable,_Z,Not applicable,_Z,Not applicable,N,National,1979,,11.225,,A,Normal value,0,Units,2,Two,,
DATAFLOW,OECD.SDD.STES:DSD_STES@DF_FINMARK(4.0),Financial market,I,USA,United States,A,Annual,IR3TIB,Short-term interest rates,PA,Percent per annum,_Z,Not applicable,_Z,Not applicable,_Z,Not applicable,_Z,Not applicable,N,National,1980,,13.06667,,A,Normal value,0,Units,2,Two,,
DATAFLOW,OECD.SDD.STES:DSD_STES@DF_FINMARK(4.0),Financial market,I,USA,United States,A,Annual,IR3TIB,Short-term interest rates,PA,Percent per annum,_Z,Not applicable,_Z,Not applicable,_Z,Not applicable,_Z,Not applicable,N,National,1981,,15.91083,,A,Normal value,0,Units,2,Two,,
DATAFLOW,OECD.SDD.STES:DSD_STES@DF_FINMARK(4.0),Financial market,I,USA,United States,A,Annual,IR3TIB,Short-term interest rates,PA,Percent per annum,_Z,Not applicable,_Z,Not applicable,_Z,Not applicable,_Z,Not applicable,N,National,1982,,12.27083,,A,Normal value,0,Units,2,Two,,
DATAFLOW,OECD.SDD.STES:DSD_STES@DF_FINMARK(4.0),Financial market,I,USA,United States,A,Annual,IR3TIB,Short-term interest rates,PA,Percent per annum,_Z,Not applicable,_Z,Not applicable,_Z,Not applicable,_Z,Not applicable,N,National,1983,,9.066667,,A,Normal value,0,Units,2,Two,,
DATAFLOW,OECD.SDD.STES:DSD_STES@DF_FINMARK(4.0),Financial market,I,USA,United States,A,Annual,IR3TIB,Short-term interest rates,PA,Percent per annum,_Z,Not applicable,_Z,Not applicable,_Z,Not applicable,_Z,Not applicable,N,National,1984,,10.365,,A,Normal value,0,Units,2,Two,,
DATAFLOW,OECD.SDD.STES:DSD_STES@DF_FINMARK(4.0),Financial market,I,USA,United States,A,Annual,IR3TIB,Short-term interest rates,PA,Percent per annum,_Z,Not applicable,_Z,Not applicable,_Z,Not applicable,_Z,Not applicable,N,National,1985,,8.0475,,A,Normal value,0,Units,2,Two,,
DATAFLOW,OECD.SDD.STES:DSD_STES@DF_FINMARK(4.0),Financial market,I,USA,United States,A,Annual,IR3TIB,Short-term interest rates,PA,Percent per annum,_Z,Not applicable,_Z,Not applicable,_Z,Not applicable,_Z,Not applicable,N,National,1986,,6.518333,,A,Normal value,0,Units,2,Two,,
DATAFLOW,OECD.SDD.STES:DSD_STES@DF_FINMARK(4.0),Financial market,I,USA,United States,A,Annual,IR3TIB,Short-term interest rates,PA,Percent per annum,_Z,Not applicable,_Z,Not applicable,_Z,Not applicable,_Z,Not applicable,N,National,1987,,6.860833,,A,Normal value,0,Units,2,Two,,
DATAFLOW,OECD.SDD.STES:DSD_STES@DF_FINMARK(4.0),Financial market,I,USA,United States,A,Annual,IR3TIB,Short-term interest rates,PA,Percent per annum,_Z,Not applicable,_Z,Not applicable,_Z,Not applicable,_Z,Not applicable,N,National,1988,,7.7275,,A,Normal value,0,Units,2,Two,,
DATAFLOW,OECD.SDD.STES:DSD_STES@DF_FINMARK(4.0),Financial market,I,USA,United States,A,Annual,IR3TIB,Short-term interest rates,PA,Percent per annum,_Z,Not applicable,_Z,Not applicable,_Z,Not applicable,_Z,Not applicable,N,National,1989,,9.085,,A,Normal value,0,Units,2,Two,,
DATAFLOW,OECD.SDD.STES:DSD_STES@DF_FINMARK(4.0),Financial market,I,USA,United States,A,Annual,IR3TIB,Short-term interest rates,PA,Percent per annum,_Z,Not applicable,_Z,Not applicable,_Z,Not applicable,_Z,Not applicable,N,National,1990,,8.1475,,A,Normal value,0,Units,2,Two,,
DATAFLOW,OECD.SDD.STES:DSD_STES@DF_FINMARK(4.0),Financial market,I,USA,United States,A,Annual,IR3TIB,Short-term interest rates,PA,Percent per annum,_Z,Not applicable,_Z,Not applicable,_Z,Not applicable,_Z,Not applicable,N,National,1991,,5.835,,A,Normal value,0,Units,2,Two,,
DATAFLOW,OECD.SDD.STES:DSD_STES@DF_FINMARK(4.0),Financial market,I,USA,United States,A,Annual,IR3TIB,Short-term interest rates,PA,Percent per annum,_Z,Not applicable,_Z,Not applicable,_Z,Not applicable,_Z,Not applicable,N,National,1992,,3.681667,,A,Normal value,0,Units,2,Two,,
DATAFLOW,OECD.SDD.STES:DSD_STES@DF_FINMARK(4.0),Financial market,I,USA,United States,A,Annual,IR3TIB,Short-term interest rates,PA,Percent per annum,_Z,Not applicable,_Z,Not applicable,_Z,Not applicable,_Z,Not applicable,N,National,1993,,3.174167,,A,Normal value,0,Units,2,Two,,
DATAFLOW,OECD.SDD.STES:DSD_STES@DF_FINMARK(4.0),Financial market,I,USA,United States,A,Annual,IR3TIB,Short-term interest rates,PA,Percent per annum,_Z,Not applicable,_Z,Not applicable,_Z,Not applicable,_Z,Not applicable,N,National,1994,,4.629167,,A,Normal value,0,Units,2,Two,,
DATAFLOW,OECD.SDD.STES:DSD_STES@DF_FINMARK(4.0),Financial market,I,USA,United States,A,Annual,IR3TIB,Short-term interest rates,PA,Percent per annum,_Z,Not applicable,_Z,Not applicable,_Z,Not applicable,_Z,Not applicable,N,National,1995,,5.916667,,A,Normal value,0,Units,2,Two,,
DATAFLOW,OECD.SDD.STES:DSD_STES@DF_FINMARK(4.0),Financial market,I,USA,United States,A,Annual,IR3TIB,Short-term interest rates,PA,Percent per annum,_Z,Not applicable,_Z,Not applicable,_Z,Not applicable,_Z,Not applicable,N,National,1996,,5.39,,A,Normal value,0,Units,2,Two,,
DATAFLOW,OECD.SDD.STES:DSD_STES@DF_FINMARK(4.0),Financial market,I,USA,United States,A,Annual,IR3TIB,Short-term interest rates,PA,Percent per annum,_Z,Not applicable,_Z,Not applicable,_Z,Not applicable,_Z,Not applicable,N,National,1997,,5.615833,,A,Normal value,0,Units,2,Two,,
DATAFLOW,OECD.SDD.STES:DSD_STES@DF_FINMARK(4.0),Financial market,I,USA,United States,A,Annual,IR3TIB,Short-term interest rates,PA,Percent per annum,_Z,Not applicable,_Z,Not applicable,_Z,Not applicable,_Z,Not applicable,N,National,1998,,5.466667,,A,Normal value,0,Units,2,Two,,
DATAFLOW,OECD.SDD.STES:DSD_STES@DF_FINMARK(4.0),Financial market,I,USA,United States,A,Annual,IR3TIB,Short-term interest rates,PA,Percent per annum,_Z,Not applicable,_Z,Not applicable,_Z,Not applicable,_Z,Not applicable,N,National,1999,,5.33,,A,Normal value,0,Units,2,Two,,
DATAFLOW,OECD.SDD.STES:DSD_STES@DF_FINMARK(4.0),Financial market,I,USA,United States,A,Annual,IR3TIB,Short-term interest rates,PA,Percent per annum,_Z,Not applicable,_Z,Not applicable,_Z,Not applicable,_Z,Not applicable,N,National,2000,,6.455833,,A,Normal value,0,Units,2,Two,,
DATAFLOW,OECD.SDD.STES:DSD_STES@DF_FINMARK(4.0),Financial market,I,USA,United States,A,Annual,IR3TIB,Short-term interest rates,PA,Percent per annum,_Z,Not applicable,_Z,Not applicable,_Z,Not applicable,_Z,Not applicable,N,National,2001,,3.686667,,A,Normal value,0,Units,2,Two,,
DATAFLOW,OECD.SDD.STES:DSD_STES@DF_FINMARK(4.0),Financial market,I,USA,United States,A,Annual,IR3TIB,Short-term interest rates,PA,Percent per annum,_Z,Not applicable,_Z,Not applicable,_Z,Not applicable,_Z,Not applicable,N,National,2002,,1.725833,,A,Normal value,0,Units,2,Two,,
DATAFLOW,OECD.SDD.STES:DSD_STES@DF_FINMARK(4.0),Financial market,I,USA,United States,A,Annual,IR3TIB,Short-term interest rates,PA,Percent per annum,_Z,Not applicable,_Z,Not applicable,_Z,Not applicable,_Z,Not applicable,N,National,2003,,1.150833,,A,Normal value,0,Units,2,Two,,
DATAFLOW,OECD.SDD.STES:DSD_STES@DF_FINMARK(4.0),Financial market,I,USA,United States,A,Annual,IR3TIB,Short-term interest rates,PA,Percent per annum,_Z,Not applicable,_Z,Not applicable,_Z,Not applicable,_Z,Not applicable,N,National,2004,,1.563333,,A,Normal value,0,Units,2,Two,,
DATAFLOW,OECD.SDD.STES:DSD_STES@DF_FINMARK(4.0),Financial market,I,USA,United States,A,Annual,IR3TIB,Short-term interest rates,PA,Percent per annum,_Z,Not applicable,_Z,Not applicable,_Z,Not applicable,_Z,Not applicable,N,National,2005,,3.511667,,A,Normal value,0,Units,2,Two,,
DATAFLOW,OECD.SDD.STES:DSD_STES@DF_FINMARK(4.0),Financial market,I,USA,United States,A,Annual,IR3TIB,Short-term interest rates,PA,Percent per annum,_Z,Not applicable,_Z,Not applicable,_Z,Not applicable,_Z,Not applicable,N,National,2006,,5.153333,,A,Normal value,0,Units,2,Two,,
DATAFLOW,OECD.SDD.STES:DSD_STES@DF_FINMARK(4.0),Financial market,I,USA,United States,A,Annual,IR3TIB,Short-term interest rates,PA,Percent per annum,_Z,Not applicable,_Z,Not applicable,_Z,Not applicable,_Z,Not applicable,N,National,2007,,5.268333,,A,Normal value,0,Units,2,Two,,
DATAFLOW,OECD.SDD.STES:DSD_STES@DF_FINMARK(4.0),Financial market,I,USA,United States,A,Annual,IR3TIB,Short-term interest rates,PA,Percent per annum,_Z,Not applicable,_Z,Not applicable,_Z,Not applicable,_Z,Not applicable,N,National,2008,,2.965,,A,Normal value,0,Units,2,Two,,
DATAFLOW,OECD.SDD.STES:DSD_STES@DF_FINMARK(4.0),Financial market,I,USA,United States,A,Annual,IR3TIB,Short-term interest rates,PA,Percent per annum,_Z,Not applicable,_Z,Not applicable,_Z,Not applicable,_Z,Not applicable,N,National,2009,,0.5558333,,A,Normal value,0,Units,2,Two,,
DATAFLOW,OECD.SDD.STES:DSD_STES@DF_FINMARK(4.0),Financial market,I,USA,United States,A,Annual,IR3TIB,Short-term interest rates,PA,Percent per annum,_Z,Not applicable,_Z,Not applicable,_Z,Not applicable,_Z,Not applicable,N,National,2010,,0.3116667,,A,Normal value,0,Units,2,Two,,
DATAFLOW,OECD.SDD.STES:DSD_STES@DF_FINMARK(4.0),Financial market,I,USA,United States,A,Annual,IR3TIB,Short-term interest rates,PA,Percent per annum,_Z,Not applicable,_Z,Not applicable,_Z,Not applicable,_Z,Not applicable,N,National,2011,,0.3033333,,A,Normal value,0,Units,2,Two,,
DATAFLOW,OECD.SDD.STES:DSD_STES@DF_FINMARK(4.0),Financial market,I,USA,United States,A,Annual,IR3TIB,Short-term interest rates,PA,Percent per annum,_Z,Not applicable,_Z,Not applicable,_Z,Not applicable,_Z,Not applicable,N,National,2012,,0.2825,,A,Normal value,0,Units,2,Two,,
DATAFLOW,OECD.SDD.STES:DSD_STES@DF_FINMARK(4.0),Financial market,I,USA,United States,A,Annual,IR3TIB,Short-term interest rates,PA,Percent per annum,_Z,Not applicable,_Z,Not applicable,_Z,Not applicable,_Z,Not applicable,N,National,2013,,0.1666667,,A,Normal value,0,Units,2,Two,,
DATAFLOW,OECD.SDD.STES:DSD_STES@DF_FINMARK(4.0),Financial market,I,USA,United States,A,Annual,IR3TIB,Short-term interest rates,PA,Percent per annum,_Z,Not applicable,_Z,Not applicable,_Z,Not applicable,_Z,Not applicable,N,National,2014,,0.1241667,,A,Normal value,0,Units,2,Two,,
DATAFLOW,OECD.SDD.STES:DSD_STES@DF_FINMARK(4.0),Financial market,I,USA,United States,A,Annual,IR3TIB,Short-term interest rates,PA,Percent per annum,_Z,Not applicable,_Z,Not applicable,_Z,Not applicable,_Z,Not applicable,N,National,2015,,0.2266667,,A,Normal value,0,Units,2,Two,,
DATAFLOW,OECD.SDD.STES:DSD_STES@DF_FINMARK(4.0),Financial market,I,USA,United States,A,Annual,IR3TIB,Short-term interest rates,PA,Percent per annum,_Z,Not applicable,_Z,Not applicable,_Z,Not applicable,_Z,Not applicable,N,National,2016,,0.6441666,,A,Normal value,0,Units,2,Two,,
DATAFLOW,OECD.SDD.STES:DSD_STES@DF_FINMARK(4.0),Financial market,I,USA,United States,A,Annual,IR3TIB,Short-term interest rates,PA,Percent per annum,_Z,Not applicable,_Z,Not applicable,_Z,Not applicable,_Z,Not applicable,N,National,2017,,1.1525,,A,Normal value,0,Units,2,Two,,
DATAFLOW,OECD.SDD.STES:DSD_STES@DF_FINMARK(4.0),Financial market,I,USA,United States,A,Annual,IR3TIB,Short-term interest rates,PA,Percent per annum,_Z,Not applicable,_Z,Not applicable,_Z,Not applicable,_Z,Not applicable,N,National,2018,,2.188333,,A,Normal value,0,Units,2,Two,,
DATAFLOW,OECD.SDD.STES:DSD_STES@DF_FINMARK(4.0),Financial market,I,USA,United States,A,Annual,IR3TIB,Short-term interest rates,PA,Percent per annum,_Z,Not applicable,_Z,Not applicable,_Z,Not applicable,_Z,Not applicable,N,National,2019,,2.2075,,A,Normal value,0,Units,2,Two,,
DATAFLOW,OECD.SDD.STES:DSD_STES@DF_FINMARK(4.0),Financial market,I,USA,United States,A,Annual,IR3TIB,Short-term interest rates,PA,Percent per annum,_Z,Not applicable,_Z,Not applicable,_Z,Not applicable,_Z,Not applicable,N,National,2020,,0.5336364,,A,Normal value,0,Units,2,Two,,
DATAFLOW,OECD.SDD.STES:DSD_STES@DF_FINMARK(4.0),Financial market,I,USA,United States,A,Annual,IR3TIB,Short-term interest rates,PA,Percent per annum,_Z,Not applicable,_Z,Not applicable,_Z,Not applicable,_Z,Not applicable,N,National,2021,,0.1141667,,A,Normal value,0,Units,2,Two,,
DATAFLOW,OECD.SDD.STES:DSD_STES@DF_FINMARK(4.0),Financial market,I,USA,United States,A,Annual,IR3TIB,Short-term interest rates,PA,Percent per annum,_Z,Not applicable,_Z,Not applicable,_Z,Not applicable,_Z,Not applicable,N,National,2022,,2.2275,,A,Normal value,0,Units,2,Two,,
DATAFLOW,OECD.SDD.STES:DSD_STES@DF_FINMARK(4.0),Financial market,I,USA,United States,A,Annual,IR3TIB,Short-term interest rates,PA,Percent per annum,_Z,Not applicable,_Z,Not applicable,_Z,Not applicable,_Z,Not applicable,N,National,2023,,5.1775,,A,Normal value,0,Units,2,Two,,
DATAFLOW,OECD.SDD.STES:DSD_STES@DF_FINMARK(4.0),Financial market,I,EA19,Euro area (19 countries),A,Annual,IR3TIB,Short-term interest rates,PA,Percent per annum,_Z,Not applicable,_Z,Not applicable,_Z,Not applicable,_Z,Not applicable,N,National,1994,,6.525,,A,Normal value,0,Units,2,Two,,
DATAFLOW,OECD.SDD.STES:DSD_STES@DF_FINMARK(4.0),Financial market,I,EA19,Euro area (19 countries),A,Annual,IR3TIB,Short-term interest rates,PA,Percent per annum,_Z,Not applicable,_Z,Not applicable,_Z,Not applicable,_Z,Not applicable,N,National,1995,,6.82,,A,Normal value,0,Units,2,Two,,
DATAFLOW,OECD.SDD.STES:DSD_STES@DF_FINMARK(4.0),Financial market,I,EA19,Euro area (19 countries),A,Annual,IR3TIB,Short-term interest rates,PA,Percent per annum,_Z,Not applicable,_Z,Not applicable,_Z,Not applicable,_Z,Not applicable,N,National,1996,,5.088333,,A,Normal value,0,Units,2,Two,,
DATAFLOW,OECD.SDD.STES:DSD_STES@DF_FINMARK(4.0),Financial market,I,EA19,Euro area (19 countries),A,Annual,IR3TIB,Short-term interest rates,PA,Percent per annum,_Z,Not applicable,_Z,Not applicable,_Z,Not applicable,_Z,Not applicable,N,National,1997,,4.380833,,A,Normal value,0,Units,2,Two,,
DATAFLOW,OECD.SDD.STES:DSD_STES@DF_FINMARK(4.0),Financial market,I,EA19,Euro area (19 countries),A,Annual,IR3TIB,Short-term interest rates,PA,Percent per annum,_Z,Not applicable,_Z,Not applicable,_Z,Not applicable,_Z,Not applicable,N,National,1998,,3.955,,A,Normal value,0,Units,2,Two,,
DATAFLOW,OECD.SDD.STES:DSD_STES@DF_FINMARK(4.0),Financial market,I,EA19,Euro area (19 countries),A,Annual,IR3TIB,Short-term interest rates,PA,Percent per annum,_Z,Not applicable,_Z,Not applicable,_Z,Not applicable,_Z,Not applicable,N,National,1999,,2.963488,,A,Normal value,0,Units,2,Two,,
DATAFLOW,OECD.SDD.STES:DSD_STES@DF_FINMARK(4.0),Financial market,I,EA19,Euro area (19 countries),A,Annual,IR3TIB,Short-term interest rates,PA,Percent per annum,_Z,Not applicable,_Z,Not applicable,_Z,Not applicable,_Z,Not applicable,N,National,2000,,4.391766,,A,Normal value,0,Units,2,Two,,
DATAFLOW,OECD.SDD.STES:DSD_STES@DF_FINMARK(4.0),Financial market,I,EA19,Euro area (19 countries),A,Annual,IR3TIB,Short-term interest rates,PA,Percent per annum,_Z,Not applicable,_Z,Not applicable,_Z,Not applicable,_Z,Not applicable,N,National,2001,,4.26178,,A,Normal value,0,Units,2,Two,,
DATAFLOW,OECD.SDD.STES:DSD_STES@DF_FINMARK(4.0),Financial market,I,EA19,Euro area (19 countries),A,Annual,IR3TIB,Short-term interest rates,PA,Percent per annum,_Z,Not applicable,_Z,Not applicable,_Z,Not applicable,_Z,Not applicable,N,National,2002,,3.318602,,A,Normal value,0,Units,2,Two,,
DATAFLOW,OECD.SDD.STES:DSD_STES@DF_FINMARK(4.0),Financial market,I,EA19,Euro area (19 countries),A,Annual,IR3TIB,Short-term interest rates,PA,Percent per annum,_Z,Not applicable,_Z,Not applicable,_Z,Not applicable,_Z,Not applicable,N,National,2003,,2.333474,,A,Normal value,0,Units,2,Two,,
DATAFLOW,OECD.SDD.STES:DSD_STES@DF_FINMARK(4.0),Financial market,I,EA19,Euro area (19 countries),A,Annual,IR3TIB,Short-term interest rates,PA,Percent per annum,_Z,Not applicable,_Z,Not applicable,_Z,Not applicable,_Z,Not applicable,N,National,2004,,2.106323,,A,Normal value,0,Units,2,Two,,
DATAFLOW,OECD.SDD.STES:DSD_STES@DF_FINMARK(4.0),Financial market,I,EA19,Euro area (19 countries),A,Annual,IR3TIB,Short-term interest rates,PA,Percent per annum,_Z,Not applicable,_Z,Not applicable,_Z,Not applicable,_Z,Not applicable,N,National,2005,,2.184689,,A,Normal value,0,Units,2,Two,,
DATAFLOW,OECD.SDD.STES:DSD_STES@DF_FINMARK(4.0),Financial market,I,EA19,Euro area (19 countries),A,Annual,IR3TIB,Short-term interest rates,PA,Percent per annum,_Z,Not applicable,_Z,Not applicable,_Z,Not applicable,_Z,Not applicable,N,National,2006,,3.079212,,A,Normal value,0,Units,2,Two,,
DATAFLOW,OECD.SDD.STES:DSD_STES@DF_FINMARK(4.0),Financial market,I,EA19,Euro area (19 countries),A,Annual,IR3TIB,Short-term interest rates,PA,Percent per annum,_Z,Not applicable,_Z,Not applicable,_Z,Not applicable,_Z,Not applicable,N,National,2007,,4.277596,,A,Normal value,0,Units,2,Two,,
DATAFLOW,OECD.SDD.STES:DSD_STES@DF_FINMARK(4.0),Financial market,I,EA19,Euro area (19 countries),A,Annual,IR3TIB,Short-term interest rates,PA,Percent per annum,_Z,Not applicable,_Z,Not applicable,_Z,Not applicable,_Z,Not applicable,N,National,2008,,4.634233,,A,Normal value,0,Units,2,Two,,
DATAFLOW,OECD.SDD.STES:DSD_STES@DF_FINMARK(4.0),Financial market,I,EA19,Euro area (19 countries),A,Annual,IR3TIB,Short-term interest rates,PA,Percent per annum,_Z,Not applicable,_Z,Not applicable,_Z,Not applicable,_Z,Not applicable,N,National,2009,,1.22835,,A,Normal value,0,Units,2,Two,,
DATAFLOW,OECD.SDD.STES:DSD_STES@DF_FINMARK(4.0),Financial market,I,EA19,Euro area (19 countries),A,Annual,IR3TIB,Short-term interest rates,PA,Percent per annum,_Z,Not applicable,_Z,Not applicable,_Z,Not applicable,_Z,Not applicable,N,National,2010,,0.8109539,,A,Normal value,0,Units,2,Two,,
DATAFLOW,OECD.SDD.STES:DSD_STES@DF_FINMARK(4.0),Financial market,I,EA19,Euro area (19 countries),A,Annual,IR3TIB,Short-term interest rates,PA,Percent per annum,_Z,Not applicable,_Z,Not applicable,_Z,Not applicable,_Z,Not applicable,N,National,2011,,1.3906,,A,Normal value,0,Units,2,Two,,
DATAFLOW,OECD.SDD.STES:DSD_STES@DF_FINMARK(4.0),Financial market,I,EA19,Euro area (19 countries),A,Annual,IR3TIB,Short-term interest rates,PA,Percent per annum,_Z,Not applicable,_Z,Not applicable,_Z,Not applicable,_Z,Not applicable,N,National,2012,,0.5731811,,A,Normal value,0,Units,2,Two,,
DATAFLOW,OECD.SDD.STES:DSD_STES@DF_FINMARK(4.0),Financial market,I,EA19,Euro area (19 countries),A,Annual,IR3TIB,Short-term interest rates,PA,Percent per annum,_Z,Not applicable,_Z,Not applicable,_Z,Not applicable,_Z,Not applicable,N,National,2013,,0.2206612,,A,Normal value,0,Units,2,Two,,
DATAFLOW,OECD.SDD.STES:DSD_STES@DF_FINMARK(4.0),Financial market,I,EA19,Euro area (19 countries),A,Annual,IR3TIB,Short-term interest rates,PA,Percent per annum,_Z,Not applicable,_Z,Not applicable,_Z,Not applicable,_Z,Not applicable,N,National,2014,,0.2099457,,A,Normal value,0,Units,2,Two,,
DATAFLOW,OECD.SDD.STES:DSD_STES@DF_FINMARK(4.0),Financial market,I,EA19,Euro area (19 countries),A,Annual,IR3TIB,Short-term interest rates,PA,Percent per annum,_Z,Not applicable,_Z,Not applicable,_Z,Not applicable,_Z,Not applicable,N,National,2015,,-0.0193757,,A,Normal value,0,Units,2,Two,,
DATAFLOW,OECD.SDD.STES:DSD_STES@DF_FINMARK(4.0),Financial market,I,EA19,Euro area (19 countries),A,Annual,IR3TIB,Short-term interest rates,PA,Percent per annum,_Z,Not applicable,_Z,Not applicable,_Z,Not applicable,_Z,Not applicable,N,National,2016,,-0.2636957,,A,Normal value,0,Units,2,Two,,
DATAFLOW,OECD.SDD.STES:DSD_STES@DF_FINMARK(4.0),Financial market,I,EA19,Euro area (19 countries),A,Annual,IR3TIB,Short-term interest rates,PA,Percent per annum,_Z,Not applicable,_Z,Not applicable,_Z,Not applicable,_Z,Not applicable,N,National,2017,,-0.3290561,,A,Normal value,0,Units,2,Two,,
DATAFLOW,OECD.SDD.STES:DSD_STES@DF_FINMARK(4.0),Financial market,I,EA19,Euro area (19 countries),A,Annual,IR3TIB,Short-term interest rates,PA,Percent per annum,_Z,Not applicable,_Z,Not applicable,_Z,Not applicable,_Z,Not applicable,N,National,2018,,-0.322093,,A,Normal value,0,Units,2,Two,,
DATAFLOW,OECD.SDD.STES:DSD_STES@DF_FINMARK(4.0),Financial market,I,EA19,Euro area (19 countries),A,Annual,IR3TIB,Short-term interest rates,PA,Percent per annum,_Z,Not applicable,_Z,Not applicable,_Z,Not applicable,_Z,Not applicable,N,National,2019,,-0.3563193,,A,Normal value,0,Units,2,Two,,
DATAFLOW,OECD.SDD.STES:DSD_STES@DF_FINMARK(4.0),Financial market,I,EA19,Euro area (19 countries),A,Annual,IR3TIB,Short-term interest rates,PA,Percent per annum,_Z,Not applicable,_Z,Not applicable,_Z,Not applicable,_Z,Not applicable,N,National,2020,,-0.4251596,,A,Normal value,0,Units,2,Two,,
DATAFLOW,OECD.SDD.STES:DSD_STES@DF_FINMARK(4.0),Financial market,I,EA19,Euro area (19 countries),A,Annual,IR3TIB,Short-term interest rates,PA,Percent per annum,_Z,Not applicable,_Z,Not applicable,_Z,Not applicable,_Z,Not applicable,N,National,2021,,-0.5487563,,A,Normal value,0,Units,2,Two,,
DATAFLOW,OECD.SDD.STES:DSD_STES@DF_FINMARK(4.0),Financial market,I,EA19,Euro area (19 countries),A,Annual,IR3TIB,Short-term interest rates,PA,Percent per annum,_Z,Not applicable,_Z,Not applicable,_Z,Not applicable,_Z,Not applicable,N,National,2022,,0.3415554,,A,Normal value,0,Units,2,Two,,
DATAFLOW,OECD.SDD.STES:DSD_STES@DF_FINMARK(4.0),Financial market,I,EA19,Euro area (19 countries),A,Annual,IR3TIB,Short-term interest rates,PA,Percent per annum,_Z,Not applicable,_Z,Not applicable,_Z,Not applicable,_Z,Not applicable,N,National,2023,,3.430801,,A,Normal value,0,Units,2,Two,,
DATAFLOW,OECD.SDD.STES:DSD_STES@DF_FINMARK(4.0),Financial market,I,CHN,China (People’s Republic of),A,Annual,IR3TIB,Short-term interest rates,PA,Percent per annum,_Z,Not applicable,_Z,Not applicable,_Z,Not applicable,_Z,Not applicable,N,National,1998,,6.854908,,A,Normal value,0,Units,2,Two,,
DATAFLOW,OECD.SDD.STES:DSD_STES@DF_FINMARK(4.0),Financial market,I,CHN,China (People’s Republic of),A,Annual,IR3TIB,Short-term interest rates,PA,Percent per annum,_Z,Not applicable,_Z,Not applicable,_Z,Not applicable,_Z,Not applicable,N,National,1999,,3.658417,,A,Normal value,0,Units,2,Two,,
DATAFLOW,OECD.SDD.STES:DSD_STES@DF_FINMARK(4.0),Financial market,I,CHN,China (People’s Republic of),A,Annual,IR3TIB,Short-term interest rates,PA,Percent per annum,_Z,Not applicable,_Z,Not applicable,_Z,Not applicable,_Z,Not applicable,N,National,2000,,2.600983,,A,Normal value,0,Units,2,Two,,
DATAFLOW,OECD.SDD.STES:DSD_STES@DF_FINMARK(4.0),Financial market,I,CHN,China (People’s Republic of),A,Annual,IR3TIB,Short-term interest rates,PA,Percent per annum,_Z,Not applicable,_Z,Not applicable,_Z,Not applicable,_Z,Not applicable,N,National,2001,,2.521183,,A,Normal value,0,Units,2,Two,,
DATAFLOW,OECD.SDD.STES:DSD_STES@DF_FINMARK(4.0),Financial market,I,CHN,China (People’s Republic of),A,Annual,IR3TIB,Short-term interest rates,PA,Percent per annum,_Z,Not applicable,_Z,Not applicable,_Z,Not applicable,_Z,Not applicable,N,National,2002,,2.152058,,A,Normal value,0,Units,2,Two,,
DATAFLOW,OECD.SDD.STES:DSD_STES@DF_FINMARK(4.0),Financial market,I,CHN,China (People’s Republic of),A,Annual,IR3TIB,Short-term interest rates,PA,Percent per annum,_Z,Not applicable,_Z,Not applicable,_Z,Not applicable,_Z,Not applicable,N,National,2003,,2.618333,,A,Normal value,0,Units,2,Two,,
DATAFLOW,OECD.SDD.STES:DSD_STES@DF_FINMARK(4.0),Financial market,I,CHN,China (People’s Republic of),A,Annual,IR3TIB,Short-term interest rates,PA,Percent per annum,_Z,Not applicable,_Z,Not applicable,_Z,Not applicable,_Z,Not applicable,N,National,2004,,2.7925,,A,Normal value,0,Units,2,Two,,
DATAFLOW,OECD.SDD.STES:DSD_STES@DF_FINMARK(4.0),Financial market,I,CHN,China (People’s Republic of),A,Annual,IR3TIB,Short-term interest rates,PA,Percent per annum,_Z,Not applicable,_Z,Not applicable,_Z,Not applicable,_Z,Not applicable,N,National,2005,,1.8575,,A,Normal value,0,Units,2,Two,,
DATAFLOW,OECD.SDD.STES:DSD_STES@DF_FINMARK(4.0),Financial market,I,CHN,China (People’s Republic of),A,Annual,IR3TIB,Short-term interest rates,PA,Percent per annum,_Z,Not applicable,_Z,Not applicable,_Z,Not applicable,_Z,Not applicable,N,National,2006,,2.536364,,A,Normal value,0,Units,2,Two,,
DATAFLOW,OECD.SDD.STES:DSD_STES@DF_FINMARK(4.0),Financial market,I,CHN,China (People’s Republic of),A,Annual,IR3TIB,Short-term interest rates,PA,Percent per annum,_Z,Not applicable,_Z,Not applicable,_Z,Not applicable,_Z,Not applicable,N,National,2007,,3.511667,,A,Normal value,0,Units,2,Two,,
DATAFLOW,OECD.SDD.STES:DSD_STES@DF_FINMARK(4.0),Financial market,I,CHN,China (People’s Republic of),A,Annual,IR3TIB,Short-term interest rates,PA,Percent per annum,_Z,Not applicable,_Z,Not applicable,_Z,Not applicable,_Z,Not applicable,N,National,2008,,4.033333,,A,Normal value,0,Units,2,Two,,
DATAFLOW,OECD.SDD.STES:DSD_STES@DF_FINMARK(4.0),Financial market,I,CHN,China (People’s Republic of),A,Annual,IR3TIB,Short-term interest rates,PA,Percent per annum,_Z,Not applicable,_Z,Not applicable,_Z,Not applicable,_Z,Not applicable,N,National,2009,,1.585833,,A,Normal value,0,Units,2,Two,,
DATAFLOW,OECD.SDD.STES:DSD_STES@DF_FINMARK(4.0),Financial market,I,CHN,China (People’s Republic of),A,Annual,IR3TIB,Short-term interest rates,PA,Percent per annum,_Z,Not applicable,_Z,Not applicable,_Z,Not applicable,_Z,Not applicable,N,National,2010,,2.640833,,A,Normal value,0,Units,2,Two,,
DATAFLOW,OECD.SDD.STES:DSD_STES@DF_FINMARK(4.0),Financial market,I,CHN,China (People’s Republic of),A,Annual,IR3TIB,Short-term interest rates,PA,Percent per annum,_Z,Not applicable,_Z,Not applicable,_Z,Not applicable,_Z,Not applicable,N,National,2011,,5.139167,,A,Normal value,0,Units,2,Two,,
DATAFLOW,OECD.SDD.STES:DSD_STES@DF_FINMARK(4.0),Financial market,I,CHN,China (People’s Republic of),A,Annual,IR3TIB,Short-term interest rates,PA,Percent per annum,_Z,Not applicable,_Z,Not applicable,_Z,Not applicable,_Z,Not applicable,N,National,2012,,4.310833,,A,Normal value,0,Units,2,Two,,
DATAFLOW,OECD.SDD.STES:DSD_STES@DF_FINMARK(4.0),Financial market,I,CHN,China (People’s Republic of),A,Annual,IR3TIB,Short-term interest rates,PA,Percent per annum,_Z,Not applicable,_Z,Not applicable,_Z,Not applicable,_Z,Not applicable,N,National,2013,,4.976666,,A,Normal value,0,Units,2,Two,,
DATAFLOW,OECD.SDD.STES:DSD_STES@DF_FINMARK(4.0),Financial market,I,CHN,China (People’s Republic of),A,Annual,IR3TIB,Short-term interest rates,PA,Percent per annum,_Z,Not applicable,_Z,Not applicable,_Z,Not applicable,_Z,Not applicable,N,National,2014,,4.804167,,A,Normal value,0,Units,2,Two,,
DATAFLOW,OECD.SDD.STES:DSD_STES@DF_FINMARK(4.0),Financial market,I,CHN,China (People’s Republic of),A,Annual,IR3TIB,Short-term interest rates,PA,Percent per annum,_Z,Not applicable,_Z,Not applicable,_Z,Not applicable,_Z,Not applicable,N,National,2015,,3.730833,,A,Normal value,0,Units,2,Two,,
DATAFLOW,OECD.SDD.STES:DSD_STES@DF_FINMARK(4.0),Financial market,I,CHN,China (People’s Republic of),A,Annual,IR3TIB,Short-term interest rates,PA,Percent per annum,_Z,Not applicable,_Z,Not applicable,_Z,Not applicable,_Z,Not applicable,N,National,2016,,3.091667,,A,Normal value,0,Units,2,Two,,
DATAFLOW,OECD.SDD.STES:DSD_STES@DF_FINMARK(4.0),Financial market,I,CHN,China (People’s Republic of),A,Annual,IR3TIB,Short-term interest rates,PA,Percent per annum,_Z,Not applicable,_Z,Not applicable,_Z,Not applicable,_Z,Not applicable,N,National,2017,,4.813334,,A,Normal value,0,Units,2,Two,,
DATAFLOW,OECD.SDD.STES:DSD_STES@DF_FINMARK(4.0),Financial market,I,CHN,China (People’s Republic of),A,Annual,IR3TIB,Short-term interest rates,PA,Percent per annum,_Z,Not applicable,_Z,Not applicable,_Z,Not applicable,_Z,Not applicable,N,National,2018,,4.035,,A,Normal value,0,Units,2,Two,,
DATAFLOW,OECD.SDD.STES:DSD_STES@DF_FINMARK(4.0),Financial market,I,CHN,China (People’s Republic of),A,Annual,IR3TIB,Short-term interest rates,PA,Percent per annum,_Z,Not applicable,_Z,Not applicable,_Z,Not applicable,_Z,Not applicable,N,National,2019,,3.235833,,A,Normal value,0,Units,2,Two,,
DATAFLOW,OECD.SDD.STES:DSD_STES@DF_FINMARK(4.0),Financial market,I,CHN,China (People’s Republic of),A,Annual,IR3TIB,Short-term interest rates,PA,Percent per annum,_Z,Not applicable,_Z,Not applicable,_Z,Not applicable,_Z,Not applicable,N,National,2020,,2.915,,A,Normal value,0,Units,2,Two,,
DATAFLOW,OECD.SDD.STES:DSD_STES@DF_FINMARK(4.0),Financial market,I,CHN,China (People’s Republic of),A,Annual,IR3TIB,Short-term interest rates,PA,Percent per annum,_Z,Not applicable,_Z,Not applicable,_Z,Not applicable,_Z,Not applicable,N,National,2021,,2.925833,,A,Normal value,0,Units,2,Two,,
DATAFLOW,OECD.SDD.STES:DSD_STES@DF_FINMARK(4.0),Financial market,I,CHN,China (People’s Republic of),A,Annual,IR3TIB,Short-term interest rates,PA,Percent per annum,_Z,Not applicable,_Z,Not applicable,_Z,Not applicable,_Z,Not applicable,N,National,2022,,2.816667,,A,Normal value,0,Units,2,Two,,
DATAFLOW,OECD.SDD.STES:DSD_STES@DF_FINMARK(4.0),Financial market,I,CHN,China (People’s Republic of),A,Annual,IR3TIB,Short-term interest rates,PA,Percent per annum,_Z,Not applicable,_Z,Not applicable,_Z,Not applicable,_Z,Not applicable,N,National,2023,,2.836667,,A,Normal value,0,Units,2,Two,,
DATAFLOW,OECD.SDD.STES:DSD_STES@DF_FINMARK(4.0),Financial market,I,IDN,Indonesia,A,Annual,IR3TIB,Short-term interest rates,PA,Percent per annum,_Z,Not applicable,_Z,Not applicable,_Z,Not applicable,_Z,Not applicable,N,National,1998,,39.06667,,A,Normal value,0,Units,2,Two,,
DATAFLOW,OECD.SDD.STES:DSD_STES@DF_FINMARK(4.0),Financial market,I,IDN,Indonesia,A,Annual,IR3TIB,Short-term interest rates,PA,Percent per annum,_Z,Not applicable,_Z,Not applicable,_Z,Not applicable,_Z,Not applicable,N,National,1999,,25.7375,,A,Normal value,0,Units,2,Two,,
DATAFLOW,OECD.SDD.STES:DSD_STES@DF_FINMARK(4.0),Financial market,I,IDN,Indonesia,A,Annual,IR3TIB,Short-term interest rates,PA,Percent per annum,_Z,Not applicable,_Z,Not applicable,_Z,Not applicable,_Z,Not applicable,N,National,2000,,12.50333,,A,Normal value,0,Units,2,Two,,
DATAFLOW,OECD.SDD.STES:DSD_STES@DF_FINMARK(4.0),Financial market,I,IDN,Indonesia,A,Annual,IR3TIB,Short-term interest rates,PA,Percent per annum,_Z,Not applicable,_Z,Not applicable,_Z,Not applicable,_Z,Not applicable,N,National,2001,,15.48167,,A,Normal value,0,Units,2,Two,,
DATAFLOW,OECD.SDD.STES:DSD_STES@DF_FINMARK(4.0),Financial market,I,IDN,Indonesia,A,Annual,IR3TIB,Short-term interest rates,PA,Percent per annum,_Z,Not applicable,_Z,Not applicable,_Z,Not applicable,_Z,Not applicable,N,National,2002,,15.5025,,A,Normal value,0,Units,2,Two,,
DATAFLOW,OECD.SDD.STES:DSD_STES@DF_FINMARK(4.0),Financial market,I,IDN,Indonesia,A,Annual,IR3TIB,Short-term interest rates,PA,Percent per annum,_Z,Not applicable,_Z,Not applicable,_Z,Not applicable,_Z,Not applicable,N,National,2003,,10.59,,A,Normal value,0,Units,2,Two,,
DATAFLOW,OECD.SDD.STES:DSD_STES@DF_FINMARK(4.0),Financial market,I,IDN,Indonesia,A,Annual,IR3TIB,Short-term interest rates,PA,Percent per annum,_Z,Not applicable,_Z,Not applicable,_Z,Not applicable,_Z,Not applicable,N,National,2004,,6.443333,,A,Normal value,0,Units,2,Two,,
DATAFLOW,OECD.SDD.STES:DSD_STES@DF_FINMARK(4.0),Financial market,I,IDN,Indonesia,A,Annual,IR3TIB,Short-term interest rates,PA,Percent per annum,_Z,Not applicable,_Z,Not applicable,_Z,Not applicable,_Z,Not applicable,N,National,2005,,8.079166,,A,Normal value,0,Units,2,Two,,
DATAFLOW,OECD.SDD.STES:DSD_STES@DF_FINMARK(4.0),Financial market,I,IDN,Indonesia,A,Annual,IR3TIB,Short-term interest rates,PA,Percent per annum,_Z,Not applicable,_Z,Not applicable,_Z,Not applicable,_Z,Not applicable,N,National,2006,,11.41083,,A,Normal value,0,Units,2,Two,,
DATAFLOW,OECD.SDD.STES:DSD_STES@DF_FINMARK(4.0),Financial market,I,IDN,Indonesia,A,Annual,IR3TIB,Short-term interest rates,PA,Percent per annum,_Z,Not applicable,_Z,Not applicable,_Z,Not applicable,_Z,Not applicable,N,National,2007,,7.975833,,A,Normal value,0,Units,2,Two,,
DATAFLOW,OECD.SDD.STES:DSD_STES@DF_FINMARK(4.0),Financial market,I,IDN,Indonesia,A,Annual,IR3TIB,Short-term interest rates,PA,Percent per annum,_Z,Not applicable,_Z,Not applicable,_Z,Not applicable,_Z,Not applicable,N,National,2008,,8.4925,,A,Normal value,0,Units,2,Two,,
DATAFLOW,OECD.SDD.STES:DSD_STES@DF_FINMARK(4.0),Financial market,I,IDN,Indonesia,A,Annual,IR3TIB,Short-term interest rates,PA,Percent per annum,_Z,Not applicable,_Z,Not applicable,_Z,Not applicable,_Z,Not applicable,N,National,2009,,9.278334,,A,Normal value,0,Units,2,Two,,
DATAFLOW,OECD.SDD.STES:DSD_STES@DF_FINMARK(4.0),Financial market,I,IDN,Indonesia,A,Annual,IR3TIB,Short-term interest rates,PA,Percent per annum,_Z,Not applicable,_Z,Not applicable,_Z,Not applicable,_Z,Not applicable,N,National,2010,,7.016667,,A,Normal value,0,Units,2,Two,,
DATAFLOW,OECD.SDD.STES:DSD_STES@DF_FINMARK(4.0),Financial market,I,IDN,Indonesia,A,Annual,IR3TIB,Short-term interest rates,PA,Percent per annum,_Z,Not applicable,_Z,Not applicable,_Z,Not applicable,_Z,Not applicable,N,National,2011,,6.93,,A,Normal value,0,Units,2,Two,,
DATAFLOW,OECD.SDD.STES:DSD_STES@DF_FINMARK(4.0),Financial market,I,IDN,Indonesia,A,Annual,IR3TIB,Short-term interest rates,PA,Percent per annum,_Z,Not applicable,_Z,Not applicable,_Z,Not applicable,_Z,Not applicable,N,National,2012,,5.946667,,A,Normal value,0,Units,2,Two,,
DATAFLOW,OECD.SDD.STES:DSD_STES@DF_FINMARK(4.0),Financial market,I,IDN,Indonesia,A,Annual,IR3TIB,Short-term interest rates,PA,Percent per annum,_Z,Not applicable,_Z,Not applicable,_Z,Not applicable,_Z,Not applicable,N,National,2013,,6.2625,,A,Normal value,0,Units,2,Two,,
DATAFLOW,OECD.SDD.STES:DSD_STES@DF_FINMARK(4.0),Financial market,I,IDN,Indonesia,A,Annual,IR3TIB,Short-term interest rates,PA,Percent per annum,_Z,Not applicable,_Z,Not applicable,_Z,Not applicable,_Z,Not applicable,N,National,2014,,8.756667,,A,Normal value,0,Units,2,Two,,
DATAFLOW,OECD.SDD.STES:DSD_STES@DF_FINMARK(4.0),Financial market,I,IDN,Indonesia,A,Annual,IR3TIB,Short-term interest rates,PA,Percent per annum,_Z,Not applicable,_Z,Not applicable,_Z,Not applicable,_Z,Not applicable,N,National,2015,,8.336667,,A,Normal value,0,Units,2,Two,,
DATAFLOW,OECD.SDD.STES:DSD_STES@DF_FINMARK(4.0),Financial market,I,IDN,Indonesia,A,Annual,IR3TIB,Short-term interest rates,PA,Percent per annum,_Z,Not applicable,_Z,Not applicable,_Z,Not applicable,_Z,Not applicable,N,National,2016,,7.165833,,A,Normal value,0,Units,2,Two,,
DATAFLOW,OECD.SDD.STES:DSD_STES@DF_FINMARK(4.0),Financial market,I,IDN,Indonesia,A,Annual,IR3TIB,Short-term interest rates,PA,Percent per annum,_Z,Not applicable,_Z,Not applicable,_Z,Not applicable,_Z,Not applicable,N,National,2017,,6.518333,,A,Normal value,0,Units,2,Two,,
DATAFLOW,OECD.SDD.STES:DSD_STES@DF_FINMARK(4.0),Financial market,I,IDN,Indonesia,A,Annual,IR3TIB,Short-term interest rates,PA,Percent per annum,_Z,Not applicable,_Z,Not applicable,_Z,Not applicable,_Z,Not applicable,N,National,2018,,6.129167,,A,Normal value,0,Units,2,Two,,
DATAFLOW,OECD.SDD.STES:DSD_STES@DF_FINMARK(4.0),Financial market,I,IDN,Indonesia,A,Annual,IR3TIB,Short-term interest rates,PA,Percent per annum,_Z,Not applicable,_Z,Not applicable,_Z,Not applicable,_Z,Not applicable,N,National,2019,,6.688334,,A,Normal value,0,Units,2,Two,,
DATAFLOW,OECD.SDD.STES:DSD_STES@DF_FINMARK(4.0),Financial market,I,IDN,Indonesia,A,Annual,IR3TIB,Short-term interest rates,PA,Percent per annum,_Z,Not applicable,_Z,Not applicable,_Z,Not applicable,_Z,Not applicable,N,National,2020,,5.504167,,A,Normal value,0,Units,2,Two,,
DATAFLOW,OECD.SDD.STES:DSD_STES@DF_FINMARK(4.0),Financial market,I,IDN,Indonesia,A,Annual,IR3TIB,Short-term interest rates,PA,Percent per annum,_Z,Not applicable,_Z,Not applicable,_Z,Not applicable,_Z,Not applicable,N,National,2021,,3.665833,,A,Normal value,0,Units,2,Two,,
DATAFLOW,OECD.SDD.STES:DSD_STES@DF_FINMARK(4.0),Financial market,I,IDN,Indonesia,A,Annual,IR3TIB,Short-term interest rates,PA,Percent per annum,_Z,Not applicable,_Z,Not applicable,_Z,Not applicable,_Z,Not applicable,N,National,2022,,3.21,,A,Normal value,0,Units,2,Two,,
DATAFLOW,OECD.SDD.STES:DSD_STES@DF_FINMARK(4.0),Financial market,I,IDN,Indonesia,A,Annual,IR3TIB,Short-term interest rates,PA,Percent per annum,_Z,Not applicable,_Z,Not applicable,_Z,Not applicable,_Z,Not applicable,N,National,2023,,4.6375,,A,Normal value,0,Units,2,Two,,
DATAFLOW,OECD.SDD.STES:DSD_STES@DF_FINMARK(4.0),Financial market,I,RUS,Russia,A,Annual,IR3TIB,Short-term interest rates,PA,Percent per annum,_Z,Not applicable,_Z,Not applicable,_Z,Not applicable,_Z,Not applicable,N,National,1997,,25.375,,A,Normal value,0,Units,2,Two,,
DATAFLOW,OECD.SDD.STES:DSD_STES@DF_FINMARK(4.0),Financial market,I,RUS,Russia,A,Annual,IR3TIB,Short-term interest rates,PA,Percent per annum,_Z,Not applicable,_Z,Not applicable,_Z,Not applicable,_Z,Not applicable,N,National,1998,,29.875,,A,Normal value,0,Units,2,Two,,
DATAFLOW,OECD.SDD.STES:DSD_STES@DF_FINMARK(4.0),Financial market,I,RUS,Russia,A,Annual,IR3TIB,Short-term interest rates,PA,Percent per annum,_Z,Not applicable,_Z,Not applicable,_Z,Not applicable,_Z,Not applicable,N,National,1999,,22.96667,,A,Normal value,0,Units,2,Two,,
DATAFLOW,OECD.SDD.STES:DSD_STES@DF_FINMARK(4.0),Financial market,I,RUS,Russia,A,Annual,IR3TIB,Short-term interest rates,PA,Percent per annum,_Z,Not applicable,_Z,Not applicable,_Z,Not applicable,_Z,Not applicable,N,National,2000,,12.825,,A,Normal value,0,Units,2,Two,,
DATAFLOW,OECD.SDD.STES:DSD_STES@DF_FINMARK(4.0),Financial market,I,RUS,Russia,A,Annual,IR3TIB,Short-term interest rates,PA,Percent per annum,_Z,Not applicable,_Z,Not applicable,_Z,Not applicable,_Z,Not applicable,N,National,2001,,9.983334,,A,Normal value,0,Units,2,Two,,
DATAFLOW,OECD.SDD.STES:DSD_STES@DF_FINMARK(4.0),Financial market,I,RUS,Russia,A,Annual,IR3TIB,Short-term interest rates,PA,Percent per annum,_Z,Not applicable,_Z,Not applicable,_Z,Not applicable,_Z,Not applicable,N,National,2002,,12.39167,,A,Normal value,0,Units,2,Two,,
DATAFLOW,OECD.SDD.STES:DSD_STES@DF_FINMARK(4.0),Financial market,I,RUS,Russia,A,Annual,IR3TIB,Short-term interest rates,PA,Percent per annum,_Z,Not applicable,_Z,Not applicable,_Z,Not applicable,_Z,Not applicable,N,National,2003,,8.125,,A,Normal value,0,Units,2,Two,,
DATAFLOW,OECD.SDD.STES:DSD_STES@DF_FINMARK(4.0),Financial market,I,RUS,Russia,A,Annual,IR3TIB,Short-term interest rates,PA,Percent per annum,_Z,Not applicable,_Z,Not applicable,_Z,Not applicable,_Z,Not applicable,N,National,2004,,7.105,,A,Normal value,0,Units,2,Two,,
DATAFLOW,OECD.SDD.STES:DSD_STES@DF_FINMARK(4.0),Financial market,I,RUS,Russia,A,Annual,IR3TIB,Short-term interest rates,PA,Percent per annum,_Z,Not applicable,_Z,Not applicable,_Z,Not applicable,_Z,Not applicable,N,National,2005,,5.8375,,A,Normal value,0,Units,2,Two,,
DATAFLOW,OECD.SDD.STES:DSD_STES@DF_FINMARK(4.0),Financial market,I,RUS,Russia,A,Annual,IR3TIB,Short-term interest rates,PA,Percent per annum,_Z,Not applicable,_Z,Not applicable,_Z,Not applicable,_Z,Not applicable,N,National,2006,,6.035,,A,Normal value,0,Units,2,Two,,
DATAFLOW,OECD.SDD.STES:DSD_STES@DF_FINMARK(4.0),Financial market,I,RUS,Russia,A,Annual,IR3TIB,Short-term interest rates,PA,Percent per annum,_Z,Not applicable,_Z,Not applicable,_Z,Not applicable,_Z,Not applicable,N,National,2007,,6.660833,,A,Normal value,0,Units,2,Two,,
DATAFLOW,OECD.SDD.STES:DSD_STES@DF_FINMARK(4.0),Financial market,I,RUS,Russia,A,Annual,IR3TIB,Short-term interest rates,PA,Percent per annum,_Z,Not applicable,_Z,Not applicable,_Z,Not applicable,_Z,Not applicable,N,National,2008,,10.77167,,A,Normal value,0,Units,2,Two,,
DATAFLOW,OECD.SDD.STES:DSD_STES@DF_FINMARK(4.0),Financial market,I,RUS,Russia,A,Annual,IR3TIB,Short-term interest rates,PA,Percent per annum,_Z,Not applicable,_Z,Not applicable,_Z,Not applicable,_Z,Not applicable,N,National,2009,,13.05,,A,Normal value,0,Units,2,Two,,
DATAFLOW,OECD.SDD.STES:DSD_STES@DF_FINMARK(4.0),Financial market,I,RUS,Russia,A,Annual,IR3TIB,Short-term interest rates,PA,Percent per annum,_Z,Not applicable,_Z,Not applicable,_Z,Not applicable,_Z,Not applicable,N,National,2010,,5.158333,,A,Normal value,0,Units,2,Two,,
DATAFLOW,OECD.SDD.STES:DSD_STES@DF_FINMARK(4.0),Financial market,I,RUS,Russia,A,Annual,IR3TIB,Short-term interest rates,PA,Percent per annum,_Z,Not applicable,_Z,Not applicable,_Z,Not applicable,_Z,Not applicable,N,National,2011,,5.491167,,A,Normal value,0,Units,2,Two,,
DATAFLOW,OECD.SDD.STES:DSD_STES@DF_FINMARK(4.0),Financial market,I,RUS,Russia,A,Annual,IR3TIB,Short-term interest rates,PA,Percent per annum,_Z,Not applicable,_Z,Not applicable,_Z,Not applicable,_Z,Not applicable,N,National,2012,,7.290417,,A,Normal value,0,Units,2,Two,,
DATAFLOW,OECD.SDD.STES:DSD_STES@DF_FINMARK(4.0),Financial market,I,RUS,Russia,A,Annual,IR3TIB,Short-term interest rates,PA,Percent per annum,_Z,Not applicable,_Z,Not applicable,_Z,Not applicable,_Z,Not applicable,N,National,2013,,7.489417,,A,Normal value,0,Units,2,Two,,
DATAFLOW,OECD.SDD.STES:DSD_STES@DF_FINMARK(4.0),Financial market,I,RUS,Russia,A,Annual,IR3TIB,Short-term interest rates,PA,Percent per annum,_Z,Not applicable,_Z,Not applicable,_Z,Not applicable,_Z,Not applicable,N,National,2014,,9.435917,,A,Normal value,0,Units,2,Two,,
DATAFLOW,OECD.SDD.STES:DSD_STES@DF_FINMARK(4.0),Financial market,I,RUS,Russia,A,Annual,IR3TIB,Short-term interest rates,PA,Percent per annum,_Z,Not applicable,_Z,Not applicable,_Z,Not applicable,_Z,Not applicable,N,National,2015,,14.75667,,A,Normal value,0,Units,2,Two,,
DATAFLOW,OECD.SDD.STES:DSD_STES@DF_FINMARK(4.0),Financial market,I,RUS,Russia,A,Annual,IR3TIB,Short-term interest rates,PA,Percent per annum,_Z,Not applicable,_Z,Not applicable,_Z,Not applicable,_Z,Not applicable,N,National,2016,,11.6025,,A,Normal value,0,Units,2,Two,,
DATAFLOW,OECD.SDD.STES:DSD_STES@DF_FINMARK(4.0),Financial market,I,RUS,Russia,A,Annual,IR3TIB,Short-term interest rates,PA,Percent per annum,_Z,Not applicable,_Z,Not applicable,_Z,Not applicable,_Z,Not applicable,N,National,2017,,9.120833,,A,Normal value,0,Units,2,Two,,
DATAFLOW,OECD.SDD.STES:DSD_STES@DF_FINMARK(4.0),Financial market,I,RUS,Russia,A,Annual,IR3TIB,Short-term interest rates,PA,Percent per annum,_Z,Not applicable,_Z,Not applicable,_Z,Not applicable,_Z,Not applicable,N,National,2018,,7.559166,,A,Normal value,0,Units,2,Two,,
DATAFLOW,OECD.SDD.STES:DSD_STES@DF_FINMARK(4.0),Financial market,I,RUS,Russia,A,Annual,IR3TIB,Short-term interest rates,PA,Percent per annum,_Z,Not applicable,_Z,Not applicable,_Z,Not applicable,_Z,Not applicable,N,National,2019,,7.688334,,A,Normal value,0,Units,2,Two,,
DATAFLOW,OECD.SDD.STES:DSD_STES@DF_FINMARK(4.0),Financial market,I,RUS,Russia,A,Annual,IR3TIB,Short-term interest rates,PA,Percent per annum,_Z,Not applicable,_Z,Not applicable,_Z,Not applicable,_Z,Not applicable,N,National,2021,,6.41,,A,Normal value,0,Units,2,Two,,
DATAFLOW,OECD.SDD.STES:DSD_STES@DF_FINMARK(4.0),Financial market,I,ZAF,South Africa,A,Annual,IR3TIB,Short-term interest rates,PA,Percent per annum,_Z,Not applicable,_Z,Not applicable,_Z,Not applicable,_Z,Not applicable,N,National,1981,,9.723521,,A,Normal value,0,Units,2,Two,,
DATAFLOW,OECD.SDD.STES:DSD_STES@DF_FINMARK(4.0),Financial market,I,ZAF,South Africa,A,Annual,IR3TIB,Short-term interest rates,PA,Percent per annum,_Z,Not applicable,_Z,Not applicable,_Z,Not applicable,_Z,Not applicable,N,National,1982,,15.57974,,A,Normal value,0,Units,2,Two,,
DATAFLOW,OECD.SDD.STES:DSD_STES@DF_FINMARK(4.0),Financial market,I,ZAF,South Africa,A,Annual,IR3TIB,Short-term interest rates,PA,Percent per annum,_Z,Not applicable,_Z,Not applicable,_Z,Not applicable,_Z,Not applicable,N,National,1983,,13.39076,,A,Normal value,0,Units,2,Two,,
DATAFLOW,OECD.SDD.STES:DSD_STES@DF_FINMARK(4.0),Financial market,I,ZAF,South Africa,A,Annual,IR3TIB,Short-term interest rates,PA,Percent per annum,_Z,Not applicable,_Z,Not applicable,_Z,Not applicable,_Z,Not applicable,N,National,1984,,19.30536,,A,Normal value,0,Units,2,Two,,
DATAFLOW,OECD.SDD.STES:DSD_STES@DF_FINMARK(4.0),Financial market,I,ZAF,South Africa,A,Annual,IR3TIB,Short-term interest rates,PA,Percent per annum,_Z,Not applicable,_Z,Not applicable,_Z,Not applicable,_Z,Not applicable,N,National,1985,,17.72245,,A,Normal value,0,Units,2,Two,,
DATAFLOW,OECD.SDD.STES:DSD_STES@DF_FINMARK(4.0),Financial market,I,ZAF,South Africa,A,Annual,IR3TIB,Short-term interest rates,PA,Percent per annum,_Z,Not applicable,_Z,Not applicable,_Z,Not applicable,_Z,Not applicable,N,National,1986,,10.51779,,A,Normal value,0,Units,2,Two,,
DATAFLOW,OECD.SDD.STES:DSD_STES@DF_FINMARK(4.0),Financial market,I,ZAF,South Africa,A,Annual,IR3TIB,Short-term interest rates,PA,Percent per annum,_Z,Not applicable,_Z,Not applicable,_Z,Not applicable,_Z,Not applicable,N,National,1987,,8.783848,,A,Normal value,0,Units,2,Two,,
DATAFLOW,OECD.SDD.STES:DSD_STES@DF_FINMARK(4.0),Financial market,I,ZAF,South Africa,A,Annual,IR3TIB,Short-term interest rates,PA,Percent per annum,_Z,Not applicable,_Z,Not applicable,_Z,Not applicable,_Z,Not applicable,N,National,1988,,12.24384,,A,Normal value,0,Units,2,Two,,
DATAFLOW,OECD.SDD.STES:DSD_STES@DF_FINMARK(4.0),Financial market,I,ZAF,South Africa,A,Annual,IR3TIB,Short-term interest rates,PA,Percent per annum,_Z,Not applicable,_Z,Not applicable,_Z,Not applicable,_Z,Not applicable,N,National,1989,,16.93361,,A,Normal value,0,Units,2,Two,,
DATAFLOW,OECD.SDD.STES:DSD_STES@DF_FINMARK(4.0),Financial market,I,ZAF,South Africa,A,Annual,IR3TIB,Short-term interest rates,PA,Percent per annum,_Z,Not applicable,_Z,Not applicable,_Z,Not applicable,_Z,Not applicable,N,National,1990,,17.80655,,A,Normal value,0,Units,2,Two,,
DATAFLOW,OECD.SDD.STES:DSD_STES@DF_FINMARK(4.0),Financial market,I,ZAF,South Africa,A,Annual,IR3TIB,Short-term interest rates,PA,Percent per annum,_Z,Not applicable,_Z,Not applicable,_Z,Not applicable,_Z,Not applicable,N,National,1991,,16.68785,,A,Normal value,0,Units,2,Two,,
DATAFLOW,OECD.SDD.STES:DSD_STES@DF_FINMARK(4.0),Financial market,I,ZAF,South Africa,A,Annual,IR3TIB,Short-term interest rates,PA,Percent per annum,_Z,Not applicable,_Z,Not applicable,_Z,Not applicable,_Z,Not applicable,N,National,1992,,13.7697,,A,Normal value,0,Units,2,Two,,
DATAFLOW,OECD.SDD.STES:DSD_STES@DF_FINMARK(4.0),Financial market,I,ZAF,South Africa,A,Annual,IR3TIB,Short-term interest rates,PA,Percent per annum,_Z,Not applicable,_Z,Not applicable,_Z,Not applicable,_Z,Not applicable,N,National,1993,,11.32278,,A,Normal value,0,Units,2,Two,,
DATAFLOW,OECD.SDD.STES:DSD_STES@DF_FINMARK(4.0),Financial market,I,ZAF,South Africa,A,Annual,IR3TIB,Short-term interest rates,PA,Percent per annum,_Z,Not applicable,_Z,Not applicable,_Z,Not applicable,_Z,Not applicable,N,National,1994,,10.92272,,A,Normal value,0,Units,2,Two,,
DATAFLOW,OECD.SDD.STES:DSD_STES@DF_FINMARK(4.0),Financial market,I,ZAF,South Africa,A,Annual,IR3TIB,Short-term interest rates,PA,Percent per annum,_Z,Not applicable,_Z,Not applicable,_Z,Not applicable,_Z,Not applicable,N,National,1995,,13.52714,,A,Normal value,0,Units,2,Two,,
DATAFLOW,OECD.SDD.STES:DSD_STES@DF_FINMARK(4.0),Financial market,I,ZAF,South Africa,A,Annual,IR3TIB,Short-term interest rates,PA,Percent per annum,_Z,Not applicable,_Z,Not applicable,_Z,Not applicable,_Z,Not applicable,N,National,1996,,15.03607,,A,Normal value,0,Units,2,Two,,
DATAFLOW,OECD.SDD.STES:DSD_STES@DF_FINMARK(4.0),Financial market,I,ZAF,South Africa,A,Annual,IR3TIB,Short-term interest rates,PA,Percent per annum,_Z,Not applicable,_Z,Not applicable,_Z,Not applicable,_Z,Not applicable,N,National,1997,,15.25681,,A,Normal value,0,Units,2,Two,,
DATAFLOW,OECD.SDD.STES:DSD_STES@DF_FINMARK(4.0),Financial market,I,ZAF,South Africa,A,Annual,IR3TIB,Short-term interest rates,PA,Percent per annum,_Z,Not applicable,_Z,Not applicable,_Z,Not applicable,_Z,Not applicable,N,National,1998,,16.53383,,A,Normal value,0,Units,2,Two,,
DATAFLOW,OECD.SDD.STES:DSD_STES@DF_FINMARK(4.0),Financial market,I,ZAF,South Africa,A,Annual,IR3TIB,Short-term interest rates,PA,Percent per annum,_Z,Not applicable,_Z,Not applicable,_Z,Not applicable,_Z,Not applicable,N,National,1999,,12.85226,,A,Normal value,0,Units,2,Two,,
DATAFLOW,OECD.SDD.STES:DSD_STES@DF_FINMARK(4.0),Financial market,I,ZAF,South Africa,A,Annual,IR3TIB,Short-term interest rates,PA,Percent per annum,_Z,Not applicable,_Z,Not applicable,_Z,Not applicable,_Z,Not applicable,N,National,2000,,10.11052,,A,Normal value,0,Units,2,Two,,
DATAFLOW,OECD.SDD.STES:DSD_STES@DF_FINMARK(4.0),Financial market,I,ZAF,South Africa,A,Annual,IR3TIB,Short-term interest rates,PA,Percent per annum,_Z,Not applicable,_Z,Not applicable,_Z,Not applicable,_Z,Not applicable,N,National,2001,,9.676273,,A,Normal value,0,Units,2,Two,,
DATAFLOW,OECD.SDD.STES:DSD_STES@DF_FINMARK(4.0),Financial market,I,ZAF,South Africa,A,Annual,IR3TIB,Short-term interest rates,PA,Percent per annum,_Z,Not applicable,_Z,Not applicable,_Z,Not applicable,_Z,Not applicable,N,National,2002,,11.16127,,A,Normal value,0,Units,2,Two,,
DATAFLOW,OECD.SDD.STES:DSD_STES@DF_FINMARK(4.0),Financial market,I,ZAF,South Africa,A,Annual,IR3TIB,Short-term interest rates,PA,Percent per annum,_Z,Not applicable,_Z,Not applicable,_Z,Not applicable,_Z,Not applicable,N,National,2003,,10.66587,,A,Normal value,0,Units,2,Two,,
DATAFLOW,OECD.SDD.STES:DSD_STES@DF_FINMARK(4.0),Financial market,I,ZAF,South Africa,A,Annual,IR3TIB,Short-term interest rates,PA,Percent per annum,_Z,Not applicable,_Z,Not applicable,_Z,Not applicable,_Z,Not applicable,N,National,2004,,7.533075,,A,Normal value,0,Units,2,Two,,
DATAFLOW,OECD.SDD.STES:DSD_STES@DF_FINMARK(4.0),Financial market,I,ZAF,South Africa,A,Annual,IR3TIB,Short-term interest rates,PA,Percent per annum,_Z,Not applicable,_Z,Not applicable,_Z,Not applicable,_Z,Not applicable,N,National,2005,,6.905032,,A,Normal value,0,Units,2,Two,,
DATAFLOW,OECD.SDD.STES:DSD_STES@DF_FINMARK(4.0),Financial market,I,ZAF,South Africa,A,Annual,IR3TIB,Short-term interest rates,PA,Percent per annum,_Z,Not applicable,_Z,Not applicable,_Z,Not applicable,_Z,Not applicable,N,National,2006,,7.338825,,A,Normal value,0,Units,2,Two,,
DATAFLOW,OECD.SDD.STES:DSD_STES@DF_FINMARK(4.0),Financial market,I,ZAF,South Africa,A,Annual,IR3TIB,Short-term interest rates,PA,Percent per annum,_Z,Not applicable,_Z,Not applicable,_Z,Not applicable,_Z,Not applicable,N,National,2007,,9.113696,,A,Normal value,0,Units,2,Two,,
DATAFLOW,OECD.SDD.STES:DSD_STES@DF_FINMARK(4.0),Financial market,I,ZAF,South Africa,A,Annual,IR3TIB,Short-term interest rates,PA,Percent per annum,_Z,Not applicable,_Z,Not applicable,_Z,Not applicable,_Z,Not applicable,N,National,2008,,10.80735,,A,Normal value,0,Units,2,Two,,
DATAFLOW,OECD.SDD.STES:DSD_STES@DF_FINMARK(4.0),Financial market,I,ZAF,South Africa,A,Annual,IR3TIB,Short-term interest rates,PA,Percent per annum,_Z,Not applicable,_Z,Not applicable,_Z,Not applicable,_Z,Not applicable,N,National,2009,,7.848801,,A,Normal value,0,Units,2,Two,,
DATAFLOW,OECD.SDD.STES:DSD_STES@DF_FINMARK(4.0),Financial market,I,ZAF,South Africa,A,Annual,IR3TIB,Short-term interest rates,PA,Percent per annum,_Z,Not applicable,_Z,Not applicable,_Z,Not applicable,_Z,Not applicable,N,National,2010,,6.419063,,A,Normal value,0,Units,2,Two,,
DATAFLOW,OECD.SDD.STES:DSD_STES@DF_FINMARK(4.0),Financial market,I,ZAF,South Africa,A,Annual,IR3TIB,Short-term interest rates,PA,Percent per annum,_Z,Not applicable,_Z,Not applicable,_Z,Not applicable,_Z,Not applicable,N,National,2011,,5.487752,,A,Normal value,0,Units,2,Two,,
DATAFLOW,OECD.SDD.STES:DSD_STES@DF_FINMARK(4.0),Financial market,I,ZAF,South Africa,A,Annual,IR3TIB,Short-term interest rates,PA,Percent per annum,_Z,Not applicable,_Z,Not applicable,_Z,Not applicable,_Z,Not applicable,N,National,2012,,5.287186,,A,Normal value,0,Units,2,Two,,
DATAFLOW,OECD.SDD.STES:DSD_STES@DF_FINMARK(4.0),Financial market,I,ZAF,South Africa,A,Annual,IR3TIB,Short-term interest rates,PA,Percent per annum,_Z,Not applicable,_Z,Not applicable,_Z,Not applicable,_Z,Not applicable,N,National,2013,,5.078237,,A,Normal value,0,Units,2,Two,,
DATAFLOW,OECD.SDD.STES:DSD_STES@DF_FINMARK(4.0),Financial market,I,ZAF,South Africa,A,Annual,IR3TIB,Short-term interest rates,PA,Percent per annum,_Z,Not applicable,_Z,Not applicable,_Z,Not applicable,_Z,Not applicable,N,National,2014,,5.798091,,A,Normal value,0,Units,2,Two,,
DATAFLOW,OECD.SDD.STES:DSD_STES@DF_FINMARK(4.0),Financial market,I,ZAF,South Africa,A,Annual,IR3TIB,Short-term interest rates,PA,Percent per annum,_Z,Not applicable,_Z,Not applicable,_Z,Not applicable,_Z,Not applicable,N,National,2015,,6.052203,,A,Normal value,0,Units,2,Two,,
DATAFLOW,OECD.SDD.STES:DSD_STES@DF_FINMARK(4.0),Financial market,I,ZAF,South Africa,A,Annual,IR3TIB,Short-term interest rates,PA,Percent per annum,_Z,Not applicable,_Z,Not applicable,_Z,Not applicable,_Z,Not applicable,N,National,2016,,7.22808,,A,Normal value,0,Units,2,Two,,
DATAFLOW,OECD.SDD.STES:DSD_STES@DF_FINMARK(4.0),Financial market,I,ZAF,South Africa,A,Annual,IR3TIB,Short-term interest rates,PA,Percent per annum,_Z,Not applicable,_Z,Not applicable,_Z,Not applicable,_Z,Not applicable,N,National,2017,,7.331863,,A,Normal value,0,Units,2,Two,,
DATAFLOW,OECD.SDD.STES:DSD_STES@DF_FINMARK(4.0),Financial market,I,ZAF,South Africa,A,Annual,IR3TIB,Short-term interest rates,PA,Percent per annum,_Z,Not applicable,_Z,Not applicable,_Z,Not applicable,_Z,Not applicable,N,National,2018,,7.155443,,A,Normal value,0,Units,2,Two,,
DATAFLOW,OECD.SDD.STES:DSD_STES@DF_FINMARK(4.0),Financial market,I,ZAF,South Africa,A,Annual,IR3TIB,Short-term interest rates,PA,Percent per annum,_Z,Not applicable,_Z,Not applicable,_Z,Not applicable,_Z,Not applicable,N,National,2019,,7.084257,,A,Normal value,0,Units,2,Two,,
DATAFLOW,OECD.SDD.STES:DSD_STES@DF_FINMARK(4.0),Financial market,I,ZAF,South Africa,A,Annual,IR3TIB,Short-term interest rates,PA,Percent per annum,_Z,Not applicable,_Z,Not applicable,_Z,Not applicable,_Z,Not applicable,N,National,2020,,4.545619,,A,Normal value,0,Units,2,Two,,
DATAFLOW,OECD.SDD.STES:DSD_STES@DF_FINMARK(4.0),Financial market,I,ZAF,South Africa,A,Annual,IR3TIB,Short-term interest rates,PA,Percent per annum,_Z,Not applicable,_Z,Not applicable,_Z,Not applicable,_Z,Not applicable,N,National,2021,,3.78381,,A,Normal value,0,Units,2,Two,,
DATAFLOW,OECD.SDD.STES:DSD_STES@DF_FINMARK(4.0),Financial market,I,ZAF,South Africa,A,Annual,IR3TIB,Short-term interest rates,PA,Percent per annum,_Z,Not applicable,_Z,Not applicable,_Z,Not applicable,_Z,Not applicable,N,National,2022,,5.063748,,A,Normal value,0,Units,2,Two,,
DATAFLOW,OECD.SDD.STES:DSD_STES@DF_FINMARK(4.0),Financial market,I,ZAF,South Africa,A,Annual,IR3TIB,Short-term interest rates,PA,Percent per annum,_Z,Not applicable,_Z,Not applicable,_Z,Not applicable,_Z,Not applicable,N,National,2023,,7.935971,,A,Normal value,0,Units,2,Two,,
DATAFLOW,OECD.SDD.STES:DSD_STES@DF_FINMARK(4.0),Financial market,I,BEL,Belgium,A,Annual,IR3TIB,Short-term interest rates,PA,Percent per annum,_Z,Not applicable,_Z,Not applicable,_Z,Not applicable,_Z,Not applicable,N,National,1958,,2.833333,,A,Normal value,0,Units,2,Two,,
DATAFLOW,OECD.SDD.STES:DSD_STES@DF_FINMARK(4.0),Financial market,I,BEL,Belgium,A,Annual,IR3TIB,Short-term interest rates,PA,Percent per annum,_Z,Not applicable,_Z,Not applicable,_Z,Not applicable,_Z,Not applicable,N,National,1959,,1.995833,,A,Normal value,0,Units,2,Two,,
DATAFLOW,OECD.SDD.STES:DSD_STES@DF_FINMARK(4.0),Financial market,I,BEL,Belgium,A,Annual,IR3TIB,Short-term interest rates,PA,Percent per annum,_Z,Not applicable,_Z,Not applicable,_Z,Not applicable,_Z,Not applicable,N,National,1960,,3.916667,,A,Normal value,0,Units,2,Two,,
DATAFLOW,OECD.SDD.STES:DSD_STES@DF_FINMARK(4.0),Financial market,I,BEL,Belgium,A,Annual,IR3TIB,Short-term interest rates,PA,Percent per annum,_Z,Not applicable,_Z,Not applicable,_Z,Not applicable,_Z,Not applicable,N,National,1961,,4.375,,A,Normal value,0,Units,2,Two,,
DATAFLOW,OECD.SDD.STES:DSD_STES@DF_FINMARK(4.0),Financial market,I,BEL,Belgium,A,Annual,IR3TIB,Short-term interest rates,PA,Percent per annum,_Z,Not applicable,_Z,Not applicable,_Z,Not applicable,_Z,Not applicable,N,National,1962,,3.091667,,A,Normal value,0,Units,2,Two,,
DATAFLOW,OECD.SDD.STES:DSD_STES@DF_FINMARK(4.0),Financial market,I,BEL,Belgium,A,Annual,IR3TIB,Short-term interest rates,PA,Percent per annum,_Z,Not applicable,_Z,Not applicable,_Z,Not applicable,_Z,Not applicable,N,National,1963,,3.333333,,A,Normal value,0,Units,2,Two,,
DATAFLOW,OECD.SDD.STES:DSD_STES@DF_FINMARK(4.0),Financial market,I,BEL,Belgium,A,Annual,IR3TIB,Short-term interest rates,PA,Percent per annum,_Z,Not applicable,_Z,Not applicable,_Z,Not applicable,_Z,Not applicable,N,National,1964,,4.425,,A,Normal value,0,Units,2,Two,,
DATAFLOW,OECD.SDD.STES:DSD_STES@DF_FINMARK(4.0),Financial market,I,BEL,Belgium,A,Annual,IR3TIB,Short-term interest rates,PA,Percent per annum,_Z,Not applicable,_Z,Not applicable,_Z,Not applicable,_Z,Not applicable,N,National,1965,,4.616667,,A,Normal value,0,Units,2,Two,,
DATAFLOW,OECD.SDD.STES:DSD_STES@DF_FINMARK(4.0),Financial market,I,BEL,Belgium,A,Annual,IR3TIB,Short-term interest rates,PA,Percent per annum,_Z,Not applicable,_Z,Not applicable,_Z,Not applicable,_Z,Not applicable,N,National,1966,,5.254167,,A,Normal value,0,Units,2,Two,,
DATAFLOW,OECD.SDD.STES:DSD_STES@DF_FINMARK(4.0),Financial market,I,BEL,Belgium,A,Annual,IR3TIB,Short-term interest rates,PA,Percent per annum,_Z,Not applicable,_Z,Not applicable,_Z,Not applicable,_Z,Not applicable,N,National,1967,,5.166667,,A,Normal value,0,Units,2,Two,,
DATAFLOW,OECD.SDD.STES:DSD_STES@DF_FINMARK(4.0),Financial market,I,BEL,Belgium,A,Annual,IR3TIB,Short-term interest rates,PA,Percent per annum,_Z,Not applicable,_Z,Not applicable,_Z,Not applicable,_Z,Not applicable,N,National,1968,,4.045833,,A,Normal value,0,Units,2,Two,,
DATAFLOW,OECD.SDD.STES:DSD_STES@DF_FINMARK(4.0),Financial market,I,BEL,Belgium,A,Annual,IR3TIB,Short-term interest rates,PA,Percent per annum,_Z,Not applicable,_Z,Not applicable,_Z,Not applicable,_Z,Not applicable,N,National,1969,,7.104167,,A,Normal value,0,Units,2,Two,,
DATAFLOW,OECD.SDD.STES:DSD_STES@DF_FINMARK(4.0),Financial market,I,BEL,Belgium,A,Annual,IR3TIB,Short-term interest rates,PA,Percent per annum,_Z,Not applicable,_Z,Not applicable,_Z,Not applicable,_Z,Not applicable,N,National,1970,,7.808333,,A,Normal value,0,Units,2,Two,,
DATAFLOW,OECD.SDD.STES:DSD_STES@DF_FINMARK(4.0),Financial market,I,BEL,Belgium,A,Annual,IR3TIB,Short-term interest rates,PA,Percent per annum,_Z,Not applicable,_Z,Not applicable,_Z,Not applicable,_Z,Not applicable,N,National,1971,,5.004167,,A,Normal value,0,Units,2,Two,,
DATAFLOW,OECD.SDD.STES:DSD_STES@DF_FINMARK(4.0),Financial market,I,BEL,Belgium,A,Annual,IR3TIB,Short-term interest rates,PA,Percent per annum,_Z,Not applicable,_Z,Not applicable,_Z,Not applicable,_Z,Not applicable,N,National,1972,,3.829167,,A,Normal value,0,Units,2,Two,,
DATAFLOW,OECD.SDD.STES:DSD_STES@DF_FINMARK(4.0),Financial market,I,BEL,Belgium,A,Annual,IR3TIB,Short-term interest rates,PA,Percent per annum,_Z,Not applicable,_Z,Not applicable,_Z,Not applicable,_Z,Not applicable,N,National,1973,,6.2875,,A,Normal value,0,Units,2,Two,,
DATAFLOW,OECD.SDD.STES:DSD_STES@DF_FINMARK(4.0),Financial market,I,BEL,Belgium,A,Annual,IR3TIB,Short-term interest rates,PA,Percent per annum,_Z,Not applicable,_Z,Not applicable,_Z,Not applicable,_Z,Not applicable,N,National,1974,,10.29583,,A,Normal value,0,Units,2,Two,,
DATAFLOW,OECD.SDD.STES:DSD_STES@DF_FINMARK(4.0),Financial market,I,BEL,Belgium,A,Annual,IR3TIB,Short-term interest rates,PA,Percent per annum,_Z,Not applicable,_Z,Not applicable,_Z,Not applicable,_Z,Not applicable,N,National,1975,,6.795833,,A,Normal value,0,Units,2,Two,,
DATAFLOW,OECD.SDD.STES:DSD_STES@DF_FINMARK(4.0),Financial market,I,BEL,Belgium,A,Annual,IR3TIB,Short-term interest rates,PA,Percent per annum,_Z,Not applicable,_Z,Not applicable,_Z,Not applicable,_Z,Not applicable,N,National,1976,,9.891666,,A,Normal value,0,Units,2,Two,,
DATAFLOW,OECD.SDD.STES:DSD_STES@DF_FINMARK(4.0),Financial market,I,BEL,Belgium,A,Annual,IR3TIB,Short-term interest rates,PA,Percent per annum,_Z,Not applicable,_Z,Not applicable,_Z,Not applicable,_Z,Not applicable,N,National,1977,,7.054167,,A,Normal value,0,Units,2,Two,,
DATAFLOW,OECD.SDD.STES:DSD_STES@DF_FINMARK(4.0),Financial market,I,BEL,Belgium,A,Annual,IR3TIB,Short-term interest rates,PA,Percent per annum,_Z,Not applicable,_Z,Not applicable,_Z,Not applicable,_Z,Not applicable,N,National,1978,,7.129167,,A,Normal value,0,Units,2,Two,,
DATAFLOW,OECD.SDD.STES:DSD_STES@DF_FINMARK(4.0),Financial market,I,BEL,Belgium,A,Annual,IR3TIB,Short-term interest rates,PA,Percent per annum,_Z,Not applicable,_Z,Not applicable,_Z,Not applicable,_Z,Not applicable,N,National,1979,,11.0125,,A,Normal value,0,Units,2,Two,,
DATAFLOW,OECD.SDD.STES:DSD_STES@DF_FINMARK(4.0),Financial market,I,BEL,Belgium,A,Annual,IR3TIB,Short-term interest rates,PA,Percent per annum,_Z,Not applicable,_Z,Not applicable,_Z,Not applicable,_Z,Not applicable,N,National,1980,,14.02917,,A,Normal value,0,Units,2,Two,,
DATAFLOW,OECD.SDD.STES:DSD_STES@DF_FINMARK(4.0),Financial market,I,BEL,Belgium,A,Annual,IR3TIB,Short-term interest rates,PA,Percent per annum,_Z,Not applicable,_Z,Not applicable,_Z,Not applicable,_Z,Not applicable,N,National,1981,,15.27083,,A,Normal value,0,Units,2,Two,,
DATAFLOW,OECD.SDD.STES:DSD_STES@DF_FINMARK(4.0),Financial market,I,BEL,Belgium,A,Annual,IR3TIB,Short-term interest rates,PA,Percent per annum,_Z,Not applicable,_Z,Not applicable,_Z,Not applicable,_Z,Not applicable,N,National,1982,,13.97083,,A,Normal value,0,Units,2,Two,,
DATAFLOW,OECD.SDD.STES:DSD_STES@DF_FINMARK(4.0),Financial market,I,BEL,Belgium,A,Annual,IR3TIB,Short-term interest rates,PA,Percent per annum,_Z,Not applicable,_Z,Not applicable,_Z,Not applicable,_Z,Not applicable,N,National,1983,,10.4,,A,Normal value,0,Units,2,Two,,
DATAFLOW,OECD.SDD.STES:DSD_STES@DF_FINMARK(4.0),Financial market,I,BEL,Belgium,A,Annual,IR3TIB,Short-term interest rates,PA,Percent per annum,_Z,Not applicable,_Z,Not applicable,_Z,Not applicable,_Z,Not applicable,N,National,1984,,11.42083,,A,Normal value,0,Units,2,Two,,
DATAFLOW,OECD.SDD.STES:DSD_STES@DF_FINMARK(4.0),Financial market,I,BEL,Belgium,A,Annual,IR3TIB,Short-term interest rates,PA,Percent per annum,_Z,Not applicable,_Z,Not applicable,_Z,Not applicable,_Z,Not applicable,N,National,1985,,9.516666,,A,Normal value,0,Units,2,Two,,
DATAFLOW,OECD.SDD.STES:DSD_STES@DF_FINMARK(4.0),Financial market,I,BEL,Belgium,A,Annual,IR3TIB,Short-term interest rates,PA,Percent per annum,_Z,Not applicable,_Z,Not applicable,_Z,Not applicable,_Z,Not applicable,N,National,1986,,8.083333,,A,Normal value,0,Units,2,Two,,
DATAFLOW,OECD.SDD.STES:DSD_STES@DF_FINMARK(4.0),Financial market,I,BEL,Belgium,A,Annual,IR3TIB,Short-term interest rates,PA,Percent per annum,_Z,Not applicable,_Z,Not applicable,_Z,Not applicable,_Z,Not applicable,N,National,1987,,7.054167,,A,Normal value,0,Units,2,Two,,
DATAFLOW,OECD.SDD.STES:DSD_STES@DF_FINMARK(4.0),Financial market,I,BEL,Belgium,A,Annual,IR3TIB,Short-term interest rates,PA,Percent per annum,_Z,Not applicable,_Z,Not applicable,_Z,Not applicable,_Z,Not applicable,N,National,1988,,6.729167,,A,Normal value,0,Units,2,Two,,
DATAFLOW,OECD.SDD.STES:DSD_STES@DF_FINMARK(4.0),Financial market,I,BEL,Belgium,A,Annual,IR3TIB,Short-term interest rates,PA,Percent per annum,_Z,Not applicable,_Z,Not applicable,_Z,Not applicable,_Z,Not applicable,N,National,1989,,8.8,,A,Normal value,0,Units,2,Two,,
DATAFLOW,OECD.SDD.STES:DSD_STES@DF_FINMARK(4.0),Financial market,I,BEL,Belgium,A,Annual,IR3TIB,Short-term interest rates,PA,Percent per annum,_Z,Not applicable,_Z,Not applicable,_Z,Not applicable,_Z,Not applicable,N,National,1990,,9.633333,,A,Normal value,0,Units,2,Two,,
DATAFLOW,OECD.SDD.STES:DSD_STES@DF_FINMARK(4.0),Financial market,I,BEL,Belgium,A,Annual,IR3TIB,Short-term interest rates,PA,Percent per annum,_Z,Not applicable,_Z,Not applicable,_Z,Not applicable,_Z,Not applicable,N,National,1991,,9.3825,,A,Normal value,0,Units,2,Two,,
DATAFLOW,OECD.SDD.STES:DSD_STES@DF_FINMARK(4.0),Financial market,I,BEL,Belgium,A,Annual,IR3TIB,Short-term interest rates,PA,Percent per annum,_Z,Not applicable,_Z,Not applicable,_Z,Not applicable,_Z,Not applicable,N,National,1992,,9.370833,,A,Normal value,0,Units,2,Two,,
DATAFLOW,OECD.SDD.STES:DSD_STES@DF_FINMARK(4.0),Financial market,I,BEL,Belgium,A,Annual,IR3TIB,Short-term interest rates,PA,Percent per annum,_Z,Not applicable,_Z,Not applicable,_Z,Not applicable,_Z,Not applicable,N,National,1993,,8.224167,,A,Normal value,0,Units,2,Two,,
DATAFLOW,OECD.SDD.STES:DSD_STES@DF_FINMARK(4.0),Financial market,I,BEL,Belgium,A,Annual,IR3TIB,Short-term interest rates,PA,Percent per annum,_Z,Not applicable,_Z,Not applicable,_Z,Not applicable,_Z,Not applicable,N,National,1994,,5.695,,A,Normal value,0,Units,2,Two,,
DATAFLOW,OECD.SDD.STES:DSD_STES@DF_FINMARK(4.0),Financial market,I,BEL,Belgium,A,Annual,IR3TIB,Short-term interest rates,PA,Percent per annum,_Z,Not applicable,_Z,Not applicable,_Z,Not applicable,_Z,Not applicable,N,National,1995,,4.783333,,A,Normal value,0,Units,2,Two,,
DATAFLOW,OECD.SDD.STES:DSD_STES@DF_FINMARK(4.0),Financial market,I,BEL,Belgium,A,Annual,IR3TIB,Short-term interest rates,PA,Percent per annum,_Z,Not applicable,_Z,Not applicable,_Z,Not applicable,_Z,Not applicable,N,National,1996,,3.216667,,A,Normal value,0,Units,2,Two,,
DATAFLOW,OECD.SDD.STES:DSD_STES@DF_FINMARK(4.0),Financial market,I,BEL,Belgium,A,Annual,IR3TIB,Short-term interest rates,PA,Percent per annum,_Z,Not applicable,_Z,Not applicable,_Z,Not applicable,_Z,Not applicable,N,National,1997,,3.436667,,A,Normal value,0,Units,2,Two,,
DATAFLOW,OECD.SDD.STES:DSD_STES@DF_FINMARK(4.0),Financial market,I,BEL,Belgium,A,Annual,IR3TIB,Short-term interest rates,PA,Percent per annum,_Z,Not applicable,_Z,Not applicable,_Z,Not applicable,_Z,Not applicable,N,National,1998,,3.558333,,A,Normal value,0,Units,2,Two,,
DATAFLOW,OECD.SDD.STES:DSD_STES@DF_FINMARK(4.0),Financial market,I,BEL,Belgium,A,Annual,IR3TIB,Short-term interest rates,PA,Percent per annum,_Z,Not applicable,_Z,Not applicable,_Z,Not applicable,_Z,Not applicable,N,National,1999,,2.963488,,A,Normal value,0,Units,2,Two,,
DATAFLOW,OECD.SDD.STES:DSD_STES@DF_FINMARK(4.0),Financial market,I,BEL,Belgium,A,Annual,IR3TIB,Short-term interest rates,PA,Percent per annum,_Z,Not applicable,_Z,Not applicable,_Z,Not applicable,_Z,Not applicable,N,National,2000,,4.391766,,A,Normal value,0,Units,2,Two,,
DATAFLOW,OECD.SDD.STES:DSD_STES@DF_FINMARK(4.0),Financial market,I,BEL,Belgium,A,Annual,IR3TIB,Short-term interest rates,PA,Percent per annum,_Z,Not applicable,_Z,Not applicable,_Z,Not applicable,_Z,Not applicable,N,National,2001,,4.26178,,A,Normal value,0,Units,2,Two,,
DATAFLOW,OECD.SDD.STES:DSD_STES@DF_FINMARK(4.0),Financial market,I,BEL,Belgium,A,Annual,IR3TIB,Short-term interest rates,PA,Percent per annum,_Z,Not applicable,_Z,Not applicable,_Z,Not applicable,_Z,Not applicable,N,National,2002,,3.318602,,A,Normal value,0,Units,2,Two,,
DATAFLOW,OECD.SDD.STES:DSD_STES@DF_FINMARK(4.0),Financial market,I,BEL,Belgium,A,Annual,IR3TIB,Short-term interest rates,PA,Percent per annum,_Z,Not applicable,_Z,Not applicable,_Z,Not applicable,_Z,Not applicable,N,National,2003,,2.333474,,A,Normal value,0,Units,2,Two,,
DATAFLOW,OECD.SDD.STES:DSD_STES@DF_FINMARK(4.0),Financial market,I,BEL,Belgium,A,Annual,IR3TIB,Short-term interest rates,PA,Percent per annum,_Z,Not applicable,_Z,Not applicable,_Z,Not applicable,_Z,Not applicable,N,National,2004,,2.106323,,A,Normal value,0,Units,2,Two,,
DATAFLOW,OECD.SDD.STES:DSD_STES@DF_FINMARK(4.0),Financial market,I,BEL,Belgium,A,Annual,IR3TIB,Short-term interest rates,PA,Percent per annum,_Z,Not applicable,_Z,Not applicable,_Z,Not applicable,_Z,Not applicable,N,National,2005,,2.184689,,A,Normal value,0,Units,2,Two,,
DATAFLOW,OECD.SDD.STES:DSD_STES@DF_FINMARK(4.0),Financial market,I,BEL,Belgium,A,Annual,IR3TIB,Short-term interest rates,PA,Percent per annum,_Z,Not applicable,_Z,Not applicable,_Z,Not applicable,_Z,Not applicable,N,National,2006,,3.079212,,A,Normal value,0,Units,2,Two,,
DATAFLOW,OECD.SDD.STES:DSD_STES@DF_FINMARK(4.0),Financial market,I,BEL,Belgium,A,Annual,IR3TIB,Short-term interest rates,PA,Percent per annum,_Z,Not applicable,_Z,Not applicable,_Z,Not applicable,_Z,Not applicable,N,National,2007,,4.277596,,A,Normal value,0,Units,2,Two,,
DATAFLOW,OECD.SDD.STES:DSD_STES@DF_FINMARK(4.0),Financial market,I,BEL,Belgium,A,Annual,IR3TIB,Short-term interest rates,PA,Percent per annum,_Z,Not applicable,_Z,Not applicable,_Z,Not applicable,_Z,Not applicable,N,National,2008,,4.634233,,A,Normal value,0,Units,2,Two,,
DATAFLOW,OECD.SDD.STES:DSD_STES@DF_FINMARK(4.0),Financial market,I,BEL,Belgium,A,Annual,IR3TIB,Short-term interest rates,PA,Percent per annum,_Z,Not applicable,_Z,Not applicable,_Z,Not applicable,_Z,Not applicable,N,National,2009,,1.22835,,A,Normal value,0,Units,2,Two,,
DATAFLOW,OECD.SDD.STES:DSD_STES@DF_FINMARK(4.0),Financial market,I,BEL,Belgium,A,Annual,IR3TIB,Short-term interest rates,PA,Percent per annum,_Z,Not applicable,_Z,Not applicable,_Z,Not applicable,_Z,Not applicable,N,National,2010,,0.8109539,,A,Normal value,0,Units,2,Two,,
DATAFLOW,OECD.SDD.STES:DSD_STES@DF_FINMARK(4.0),Financial market,I,BEL,Belgium,A,Annual,IR3TIB,Short-term interest rates,PA,Percent per annum,_Z,Not applicable,_Z,Not applicable,_Z,Not applicable,_Z,Not applicable,N,National,2011,,1.3906,,A,Normal value,0,Units,2,Two,,
DATAFLOW,OECD.SDD.STES:DSD_STES@DF_FINMARK(4.0),Financial market,I,BEL,Belgium,A,Annual,IR3TIB,Short-term interest rates,PA,Percent per annum,_Z,Not applicable,_Z,Not applicable,_Z,Not applicable,_Z,Not applicable,N,National,2012,,0.5731811,,A,Normal value,0,Units,2,Two,,
DATAFLOW,OECD.SDD.STES:DSD_STES@DF_FINMARK(4.0),Financial market,I,BEL,Belgium,A,Annual,IR3TIB,Short-term interest rates,PA,Percent per annum,_Z,Not applicable,_Z,Not applicable,_Z,Not applicable,_Z,Not applicable,N,National,2013,,0.2206612,,A,Normal value,0,Units,2,Two,,
DATAFLOW,OECD.SDD.STES:DSD_STES@DF_FINMARK(4.0),Financial market,I,BEL,Belgium,A,Annual,IR3TIB,Short-term interest rates,PA,Percent per annum,_Z,Not applicable,_Z,Not applicable,_Z,Not applicable,_Z,Not applicable,N,National,2014,,0.2099457,,A,Normal value,0,Units,2,Two,,
DATAFLOW,OECD.SDD.STES:DSD_STES@DF_FINMARK(4.0),Financial market,I,BEL,Belgium,A,Annual,IR3TIB,Short-term interest rates,PA,Percent per annum,_Z,Not applicable,_Z,Not applicable,_Z,Not applicable,_Z,Not applicable,N,National,2015,,-0.0193757,,A,Normal value,0,Units,2,Two,,
DATAFLOW,OECD.SDD.STES:DSD_STES@DF_FINMARK(4.0),Financial market,I,BEL,Belgium,A,Annual,IR3TIB,Short-term interest rates,PA,Percent per annum,_Z,Not applicable,_Z,Not applicable,_Z,Not applicable,_Z,Not applicable,N,National,2016,,-0.2636957,,A,Normal value,0,Units,2,Two,,
DATAFLOW,OECD.SDD.STES:DSD_STES@DF_FINMARK(4.0),Financial market,I,BEL,Belgium,A,Annual,IR3TIB,Short-term interest rates,PA,Percent per annum,_Z,Not applicable,_Z,Not applicable,_Z,Not applicable,_Z,Not applicable,N,National,2017,,-0.3290561,,A,Normal value,0,Units,2,Two,,
DATAFLOW,OECD.SDD.STES:DSD_STES@DF_FINMARK(4.0),Financial market,I,BEL,Belgium,A,Annual,IR3TIB,Short-term interest rates,PA,Percent per annum,_Z,Not applicable,_Z,Not applicable,_Z,Not applicable,_Z,Not applicable,N,National,2018,,-0.322093,,A,Normal value,0,Units,2,Two,,
DATAFLOW,OECD.SDD.STES:DSD_STES@DF_FINMARK(4.0),Financial market,I,BEL,Belgium,A,Annual,IR3TIB,Short-term interest rates,PA,Percent per annum,_Z,Not applicable,_Z,Not applicable,_Z,Not applicable,_Z,Not applicable,N,National,2019,,-0.3563193,,A,Normal value,0,Units,2,Two,,
DATAFLOW,OECD.SDD.STES:DSD_STES@DF_FINMARK(4.0),Financial market,I,BEL,Belgium,A,Annual,IR3TIB,Short-term interest rates,PA,Percent per annum,_Z,Not applicable,_Z,Not applicable,_Z,Not applicable,_Z,Not applicable,N,National,2020,,-0.4251596,,A,Normal value,0,Units,2,Two,,
DATAFLOW,OECD.SDD.STES:DSD_STES@DF_FINMARK(4.0),Financial market,I,BEL,Belgium,A,Annual,IR3TIB,Short-term interest rates,PA,Percent per annum,_Z,Not applicable,_Z,Not applicable,_Z,Not applicable,_Z,Not applicable,N,National,2021,,-0.5487563,,A,Normal value,0,Units,2,Two,,
DATAFLOW,OECD.SDD.STES:DSD_STES@DF_FINMARK(4.0),Financial market,I,BEL,Belgium,A,Annual,IR3TIB,Short-term interest rates,PA,Percent per annum,_Z,Not applicable,_Z,Not applicable,_Z,Not applicable,_Z,Not applicable,N,National,2022,,0.3415554,,A,Normal value,0,Units,2,Two,,
DATAFLOW,OECD.SDD.STES:DSD_STES@DF_FINMARK(4.0),Financial market,I,USA,United States,A,Annual,IRLT,Long-term interest rates,PA,Percent per annum,_Z,Not applicable,_Z,Not applicable,_Z,Not applicable,_Z,Not applicable,N,National,1954,,2.401667,,A,Normal value,0,Units,2,Two,,
DATAFLOW,OECD.SDD.STES:DSD_STES@DF_FINMARK(4.0),Financial market,I,USA,United States,A,Annual,IRLT,Long-term interest rates,PA,Percent per annum,_Z,Not applicable,_Z,Not applicable,_Z,Not applicable,_Z,Not applicable,N,National,1955,,2.816667,,A,Normal value,0,Units,2,Two,,
DATAFLOW,OECD.SDD.STES:DSD_STES@DF_FINMARK(4.0),Financial market,I,USA,United States,A,Annual,IRLT,Long-term interest rates,PA,Percent per annum,_Z,Not applicable,_Z,Not applicable,_Z,Not applicable,_Z,Not applicable,N,National,1956,,3.1825,,A,Normal value,0,Units,2,Two,,
DATAFLOW,OECD.SDD.STES:DSD_STES@DF_FINMARK(4.0),Financial market,I,USA,United States,A,Annual,IRLT,Long-term interest rates,PA,Percent per annum,_Z,Not applicable,_Z,Not applicable,_Z,Not applicable,_Z,Not applicable,N,National,1957,,3.6475,,A,Normal value,0,Units,2,Two,,
DATAFLOW,OECD.SDD.STES:DSD_STES@DF_FINMARK(4.0),Financial market,I,USA,United States,A,Annual,IRLT,Long-term interest rates,PA,Percent per annum,_Z,Not applicable,_Z,Not applicable,_Z,Not applicable,_Z,Not applicable,N,National,1958,,3.315833,,A,Normal value,0,Units,2,Two,,
DATAFLOW,OECD.SDD.STES:DSD_STES@DF_FINMARK(4.0),Financial market,I,USA,United States,A,Annual,IRLT,Long-term interest rates,PA,Percent per annum,_Z,Not applicable,_Z,Not applicable,_Z,Not applicable,_Z,Not applicable,N,National,1959,,4.333333,,A,Normal value,0,Units,2,Two,,
DATAFLOW,OECD.SDD.STES:DSD_STES@DF_FINMARK(4.0),Financial market,I,USA,United States,A,Annual,IRLT,Long-term interest rates,PA,Percent per annum,_Z,Not applicable,_Z,Not applicable,_Z,Not applicable,_Z,Not applicable,N,National,1960,,4.116667,,A,Normal value,0,Units,2,Two,,
DATAFLOW,OECD.SDD.STES:DSD_STES@DF_FINMARK(4.0),Financial market,I,USA,United States,A,Annual,IRLT,Long-term interest rates,PA,Percent per annum,_Z,Not applicable,_Z,Not applicable,_Z,Not applicable,_Z,Not applicable,N,National,1961,,3.8825,,A,Normal value,0,Units,2,Two,,
DATAFLOW,OECD.SDD.STES:DSD_STES@DF_FINMARK(4.0),Financial market,I,USA,United States,A,Annual,IRLT,Long-term interest rates,PA,Percent per annum,_Z,Not applicable,_Z,Not applicable,_Z,Not applicable,_Z,Not applicable,N,National,1962,,3.945833,,A,Normal value,0,Units,2,Two,,
DATAFLOW,OECD.SDD.STES:DSD_STES@DF_FINMARK(4.0),Financial market,I,USA,United States,A,Annual,IRLT,Long-term interest rates,PA,Percent per annum,_Z,Not applicable,_Z,Not applicable,_Z,Not applicable,_Z,Not applicable,N,National,1963,,4.0025,,A,Normal value,0,Units,2,Two,,
DATAFLOW,OECD.SDD.STES:DSD_STES@DF_FINMARK(4.0),Financial market,I,USA,United States,A,Annual,IRLT,Long-term interest rates,PA,Percent per annum,_Z,Not applicable,_Z,Not applicable,_Z,Not applicable,_Z,Not applicable,N,National,1964,,4.186666,,A,Normal value,0,Units,2,Two,,
DATAFLOW,OECD.SDD.STES:DSD_STES@DF_FINMARK(4.0),Financial market,I,USA,United States,A,Annual,IRLT,Long-term interest rates,PA,Percent per annum,_Z,Not applicable,_Z,Not applicable,_Z,Not applicable,_Z,Not applicable,N,National,1965,,4.2825,,A,Normal value,0,Units,2,Two,,
DATAFLOW,OECD.SDD.STES:DSD_STES@DF_FINMARK(4.0),Financial market,I,USA,United States,A,Annual,IRLT,Long-term interest rates,PA,Percent per annum,_Z,Not applicable,_Z,Not applicable,_Z,Not applicable,_Z,Not applicable,N,National,1966,,4.923333,,A,Normal value,0,Units,2,Two,,
DATAFLOW,OECD.SDD.STES:DSD_STES@DF_FINMARK(4.0),Financial market,I,USA,United States,A,Annual,IRLT,Long-term interest rates,PA,Percent per annum,_Z,Not applicable,_Z,Not applicable,_Z,Not applicable,_Z,Not applicable,N,National,1967,,5.073333,,A,Normal value,0,Units,2,Two,,
DATAFLOW,OECD.SDD.STES:DSD_STES@DF_FINMARK(4.0),Financial market,I,USA,United States,A,Annual,IRLT,Long-term interest rates,PA,Percent per annum,_Z,Not applicable,_Z,Not applicable,_Z,Not applicable,_Z,Not applicable,N,National,1968,,5.645833,,A,Normal value,0,Units,2,Two,,
DATAFLOW,OECD.SDD.STES:DSD_STES@DF_FINMARK(4.0),Financial market,I,USA,United States,A,Annual,IRLT,Long-term interest rates,PA,Percent per annum,_Z,Not applicable,_Z,Not applicable,_Z,Not applicable,_Z,Not applicable,N,National,1969,,6.670833,,A,Normal value,0,Units,2,Two,,
DATAFLOW,OECD.SDD.STES:DSD_STES@DF_FINMARK(4.0),Financial market,I,USA,United States,A,Annual,IRLT,Long-term interest rates,PA,Percent per annum,_Z,Not applicable,_Z,Not applicable,_Z,Not applicable,_Z,Not applicable,N,National,1970,,7.348333,,A,Normal value,0,Units,2,Two,,
DATAFLOW,OECD.SDD.STES:DSD_STES@DF_FINMARK(4.0),Financial market,I,USA,United States,A,Annual,IRLT,Long-term interest rates,PA,Percent per annum,_Z,Not applicable,_Z,Not applicable,_Z,Not applicable,_Z,Not applicable,N,National,1971,,6.159167,,A,Normal value,0,Units,2,Two,,
DATAFLOW,OECD.SDD.STES:DSD_STES@DF_FINMARK(4.0),Financial market,I,USA,United States,A,Annual,IRLT,Long-term interest rates,PA,Percent per annum,_Z,Not applicable,_Z,Not applicable,_Z,Not applicable,_Z,Not applicable,N,National,1972,,6.21,,A,Normal value,0,Units,2,Two,,
DATAFLOW,OECD.SDD.STES:DSD_STES@DF_FINMARK(4.0),Financial market,I,USA,United States,A,Annual,IRLT,Long-term interest rates,PA,Percent per annum,_Z,Not applicable,_Z,Not applicable,_Z,Not applicable,_Z,Not applicable,N,National,1973,,6.8425,,A,Normal value,0,Units,2,Two,,
DATAFLOW,OECD.SDD.STES:DSD_STES@DF_FINMARK(4.0),Financial market,I,USA,United States,A,Annual,IRLT,Long-term interest rates,PA,Percent per annum,_Z,Not applicable,_Z,Not applicable,_Z,Not applicable,_Z,Not applicable,N,National,1974,,7.5575,,A,Normal value,0,Units,2,Two,,
DATAFLOW,OECD.SDD.STES:DSD_STES@DF_FINMARK(4.0),Financial market,I,USA,United States,A,Annual,IRLT,Long-term interest rates,PA,Percent per annum,_Z,Not applicable,_Z,Not applicable,_Z,Not applicable,_Z,Not applicable,N,National,1975,,7.9875,,A,Normal value,0,Units,2,Two,,
DATAFLOW,OECD.SDD.STES:DSD_STES@DF_FINMARK(4.0),Financial market,I,USA,United States,A,Annual,IRLT,Long-term interest rates,PA,Percent per annum,_Z,Not applicable,_Z,Not applicable,_Z,Not applicable,_Z,Not applicable,N,National,1976,,7.611667,,A,Normal value,0,Units,2,Two,,
DATAFLOW,OECD.SDD.STES:DSD_STES@DF_FINMARK(4.0),Financial market,I,USA,United States,A,Annual,IRLT,Long-term interest rates,PA,Percent per annum,_Z,Not applicable,_Z,Not applicable,_Z,Not applicable,_Z,Not applicable,N,National,1977,,7.419167,,A,Normal value,0,Units,2,Two,,
DATAFLOW,OECD.SDD.STES:DSD_STES@DF_FINMARK(4.0),Financial market,I,USA,United States,A,Annual,IRLT,Long-term interest rates,PA,Percent per annum,_Z,Not applicable,_Z,Not applicable,_Z,Not applicable,_Z,Not applicable,N,National,1978,,8.41,,A,Normal value,0,Units,2,Two,,
DATAFLOW,OECD.SDD.STES:DSD_STES@DF_FINMARK(4.0),Financial market,I,USA,United States,A,Annual,IRLT,Long-term interest rates,PA,Percent per annum,_Z,Not applicable,_Z,Not applicable,_Z,Not applicable,_Z,Not applicable,N,National,1979,,9.4425,,A,Normal value,0,Units,2,Two,,
DATAFLOW,OECD.SDD.STES:DSD_STES@DF_FINMARK(4.0),Financial market,I,USA,United States,A,Annual,IRLT,Long-term interest rates,PA,Percent per annum,_Z,Not applicable,_Z,Not applicable,_Z,Not applicable,_Z,Not applicable,N,National,1980,,11.46,,A,Normal value,0,Units,2,Two,,
DATAFLOW,OECD.SDD.STES:DSD_STES@DF_FINMARK(4.0),Financial market,I,USA,United States,A,Annual,IRLT,Long-term interest rates,PA,Percent per annum,_Z,Not applicable,_Z,Not applicable,_Z,Not applicable,_Z,Not applicable,N,National,1981,,13.91083,,A,Normal value,0,Units,2,Two,,
DATAFLOW,OECD.SDD.STES:DSD_STES@DF_FINMARK(4.0),Financial market,I,USA,United States,A,Annual,IRLT,Long-term interest rates,PA,Percent per annum,_Z,Not applicable,_Z,Not applicable,_Z,Not applicable,_Z,Not applicable,N,National,1982,,13.00167,,A,Normal value,0,Units,2,Two,,
DATAFLOW,OECD.SDD.STES:DSD_STES@DF_FINMARK(4.0),Financial market,I,USA,United States,A,Annual,IRLT,Long-term interest rates,PA,Percent per annum,_Z,Not applicable,_Z,Not applicable,_Z,Not applicable,_Z,Not applicable,N,National,1983,,11.105,,A,Normal value,0,Units,2,Two,,
DATAFLOW,OECD.SDD.STES:DSD_STES@DF_FINMARK(4.0),Financial market,I,USA,United States,A,Annual,IRLT,Long-term interest rates,PA,Percent per annum,_Z,Not applicable,_Z,Not applicable,_Z,Not applicable,_Z,Not applicable,N,National,1984,,12.43833,,A,Normal value,0,Units,2,Two,,
DATAFLOW,OECD.SDD.STES:DSD_STES@DF_FINMARK(4.0),Financial market,I,USA,United States,A,Annual,IRLT,Long-term interest rates,PA,Percent per annum,_Z,Not applicable,_Z,Not applicable,_Z,Not applicable,_Z,Not applicable,N,National,1985,,10.62333,,A,Normal value,0,Units,2,Two,,
DATAFLOW,OECD.SDD.STES:DSD_STES@DF_FINMARK(4.0),Financial market,I,USA,United States,A,Annual,IRLT,Long-term interest rates,PA,Percent per annum,_Z,Not applicable,_Z,Not applicable,_Z,Not applicable,_Z,Not applicable,N,National,1986,,7.6825,,A,Normal value,0,Units,2,Two,,
DATAFLOW,OECD.SDD.STES:DSD_STES@DF_FINMARK(4.0),Financial market,I,USA,United States,A,Annual,IRLT,Long-term interest rates,PA,Percent per annum,_Z,Not applicable,_Z,Not applicable,_Z,Not applicable,_Z,Not applicable,N,National,1987,,8.384167,,A,Normal value,0,Units,2,Two,,
DATAFLOW,OECD.SDD.STES:DSD_STES@DF_FINMARK(4.0),Financial market,I,USA,United States,A,Annual,IRLT,Long-term interest rates,PA,Percent per annum,_Z,Not applicable,_Z,Not applicable,_Z,Not applicable,_Z,Not applicable,N,National,1988,,8.845834,,A,Normal value,0,Units,2,Two,,
DATAFLOW,OECD.SDD.STES:DSD_STES@DF_FINMARK(4.0),Financial market,I,USA,United States,A,Annual,IRLT,Long-term interest rates,PA,Percent per annum,_Z,Not applicable,_Z,Not applicable,_Z,Not applicable,_Z,Not applicable,N,National,1989,,8.498333,,A,Normal value,0,Units,2,Two,,
DATAFLOW,OECD.SDD.STES:DSD_STES@DF_FINMARK(4.0),Financial market,I,USA,United States,A,Annual,IRLT,Long-term interest rates,PA,Percent per annum,_Z,Not applicable,_Z,Not applicable,_Z,Not applicable,_Z,Not applicable,N,National,1990,,8.55,,A,Normal value,0,Units,2,Two,,
DATAFLOW,OECD.SDD.STES:DSD_STES@DF_FINMARK(4.0),Financial market,I,USA,United States,A,Annual,IRLT,Long-term interest rates,PA,Percent per annum,_Z,Not applicable,_Z,Not applicable,_Z,Not applicable,_Z,Not applicable,N,National,1991,,7.858333,,A,Normal value,0,Units,2,Two,,
DATAFLOW,OECD.SDD.STES:DSD_STES@DF_FINMARK(4.0),Financial market,I,USA,United States,A,Annual,IRLT,Long-term interest rates,PA,Percent per annum,_Z,Not applicable,_Z,Not applicable,_Z,Not applicable,_Z,Not applicable,N,National,1992,,7.01,,A,Normal value,0,Units,2,Two,,
DATAFLOW,OECD.SDD.STES:DSD_STES@DF_FINMARK(4.0),Financial market,I,USA,United States,A,Annual,IRLT,Long-term interest rates,PA,Percent per annum,_Z,Not applicable,_Z,Not applicable,_Z,Not applicable,_Z,Not applicable,N,National,1993,,5.873333,,A,Normal value,0,Units,2,Two,,
DATAFLOW,OECD.SDD.STES:DSD_STES@DF_FINMARK(4.0),Financial market,I,USA,United States,A,Annual,IRLT,Long-term interest rates,PA,Percent per annum,_Z,Not applicable,_Z,Not applicable,_Z,Not applicable,_Z,Not applicable,N,National,1994,,7.08,,A,Normal value,0,Units,2,Two,,
DATAFLOW,OECD.SDD.STES:DSD_STES@DF_FINMARK(4.0),Financial market,I,USA,United States,A,Annual,IRLT,Long-term interest rates,PA,Percent per annum,_Z,Not applicable,_Z,Not applicable,_Z,Not applicable,_Z,Not applicable,N,National,1995,,6.58,,A,Normal value,0,Units,2,Two,,
DATAFLOW,OECD.SDD.STES:DSD_STES@DF_FINMARK(4.0),Financial market,I,USA,United States,A,Annual,IRLT,Long-term interest rates,PA,Percent per annum,_Z,Not applicable,_Z,Not applicable,_Z,Not applicable,_Z,Not applicable,N,National,1996,,6.438334,,A,Normal value,0,Units,2,Two,,
DATAFLOW,OECD.SDD.STES:DSD_STES@DF_FINMARK(4.0),Financial market,I,USA,United States,A,Annual,IRLT,Long-term interest rates,PA,Percent per annum,_Z,Not applicable,_Z,Not applicable,_Z,Not applicable,_Z,Not applicable,N,National,1997,,6.3525,,A,Normal value,0,Units,2,Two,,
DATAFLOW,OECD.SDD.STES:DSD_STES@DF_FINMARK(4.0),Financial market,I,USA,United States,A,Annual,IRLT,Long-term interest rates,PA,Percent per annum,_Z,Not applicable,_Z,Not applicable,_Z,Not applicable,_Z,Not applicable,N,National,1998,,5.264167,,A,Normal value,0,Units,2,Two,,
DATAFLOW,OECD.SDD.STES:DSD_STES@DF_FINMARK(4.0),Financial market,I,USA,United States,A,Annual,IRLT,Long-term interest rates,PA,Percent per annum,_Z,Not applicable,_Z,Not applicable,_Z,Not applicable,_Z,Not applicable,N,National,1999,,5.636667,,A,Normal value,0,Units,2,Two,,
DATAFLOW,OECD.SDD.STES:DSD_STES@DF_FINMARK(4.0),Financial market,I,USA,United States,A,Annual,IRLT,Long-term interest rates,PA,Percent per annum,_Z,Not applicable,_Z,Not applicable,_Z,Not applicable,_Z,Not applicable,N,National,2000,,6.029167,,A,Normal value,0,Units,2,Two,,
DATAFLOW,OECD.SDD.STES:DSD_STES@DF_FINMARK(4.0),Financial market,I,USA,United States,A,Annual,IRLT,Long-term interest rates,PA,Percent per annum,_Z,Not applicable,_Z,Not applicable,_Z,Not applicable,_Z,Not applicable,N,National,2001,,5.0175,,A,Normal value,0,Units,2,Two,,
DATAFLOW,OECD.SDD.STES:DSD_STES@DF_FINMARK(4.0),Financial market,I,USA,United States,A,Annual,IRLT,Long-term interest rates,PA,Percent per annum,_Z,Not applicable,_Z,Not applicable,_Z,Not applicable,_Z,Not applicable,N,National,2002,,4.610833,,A,Normal value,0,Units,2,Two,,
DATAFLOW,OECD.SDD.STES:DSD_STES@DF_FINMARK(4.0),Financial market,I,USA,United States,A,Annual,IRLT,Long-term interest rates,PA,Percent per annum,_Z,Not applicable,_Z,Not applicable,_Z,Not applicable,_Z,Not applicable,N,National,2003,,4.015,,A,Normal value,0,Units,2,Two,,
DATAFLOW,OECD.SDD.STES:DSD_STES@DF_FINMARK(4.0),Financial market,I,USA,United States,A,Annual,IRLT,Long-term interest rates,PA,Percent per annum,_Z,Not applicable,_Z,Not applicable,_Z,Not applicable,_Z,Not applicable,N,National,2004,,4.274167,,A,Normal value,0,Units,2,Two,,
DATAFLOW,OECD.SDD.STES:DSD_STES@DF_FINMARK(4.0),Financial market,I,USA,United States,A,Annual,IRLT,Long-term interest rates,PA,Percent per annum,_Z,Not applicable,_Z,Not applicable,_Z,Not applicable,_Z,Not applicable,N,National,2005,,4.29,,A,Normal value,0,Units,2,Two,,
DATAFLOW,OECD.SDD.STES:DSD_STES@DF_FINMARK(4.0),Financial market,I,USA,United States,A,Annual,IRLT,Long-term interest rates,PA,Percent per annum,_Z,Not applicable,_Z,Not applicable,_Z,Not applicable,_Z,Not applicable,N,National,2006,,4.791667,,A,Normal value,0,Units,2,Two,,
DATAFLOW,OECD.SDD.STES:DSD_STES@DF_FINMARK(4.0),Financial market,I,USA,United States,A,Annual,IRLT,Long-term interest rates,PA,Percent per annum,_Z,Not applicable,_Z,Not applicable,_Z,Not applicable,_Z,Not applicable,N,National,2007,,4.629167,,A,Normal value,0,Units,2,Two,,
DATAFLOW,OECD.SDD.STES:DSD_STES@DF_FINMARK(4.0),Financial market,I,USA,United States,A,Annual,IRLT,Long-term interest rates,PA,Percent per annum,_Z,Not applicable,_Z,Not applicable,_Z,Not applicable,_Z,Not applicable,N,National,2008,,3.666667,,A,Normal value,0,Units,2,Two,,
DATAFLOW,OECD.SDD.STES:DSD_STES@DF_FINMARK(4.0),Financial market,I,USA,United States,A,Annual,IRLT,Long-term interest rates,PA,Percent per annum,_Z,Not applicable,_Z,Not applicable,_Z,Not applicable,_Z,Not applicable,N,National,2009,,3.256667,,A,Normal value,0,Units,2,Two,,
DATAFLOW,OECD.SDD.STES:DSD_STES@DF_FINMARK(4.0),Financial market,I,USA,United States,A,Annual,IRLT,Long-term interest rates,PA,Percent per annum,_Z,Not applicable,_Z,Not applicable,_Z,Not applicable,_Z,Not applicable,N,National,2010,,3.214167,,A,Normal value,0,Units,2,Two,,
DATAFLOW,OECD.SDD.STES:DSD_STES@DF_FINMARK(4.0),Financial market,I,USA,United States,A,Annual,IRLT,Long-term interest rates,PA,Percent per annum,_Z,Not applicable,_Z,Not applicable,_Z,Not applicable,_Z,Not applicable,N,National,2011,,2.785833,,A,Normal value,0,Units,2,Two,,
DATAFLOW,OECD.SDD.STES:DSD_STES@DF_FINMARK(4.0),Financial market,I,USA,United States,A,Annual,IRLT,Long-term interest rates,PA,Percent per annum,_Z,Not applicable,_Z,Not applicable,_Z,Not applicable,_Z,Not applicable,N,National,2012,,1.8025,,A,Normal value,0,Units,2,Two,,
DATAFLOW,OECD.SDD.STES:DSD_STES@DF_FINMARK(4.0),Financial market,I,USA,United States,A,Annual,IRLT,Long-term interest rates,PA,Percent per annum,_Z,Not applicable,_Z,Not applicable,_Z,Not applicable,_Z,Not applicable,N,National,2013,,2.350833,,A,Normal value,0,Units,2,Two,,
DATAFLOW,OECD.SDD.STES:DSD_STES@DF_FINMARK(4.0),Financial market,I,USA,United States,A,Annual,IRLT,Long-term interest rates,PA,Percent per annum,_Z,Not applicable,_Z,Not applicable,_Z,Not applicable,_Z,Not applicable,N,National,2014,,2.540833,,A,Normal value,0,Units,2,Two,,
DATAFLOW,OECD.SDD.STES:DSD_STES@DF_FINMARK(4.0),Financial market,I,USA,United States,A,Annual,IRLT,Long-term interest rates,PA,Percent per annum,_Z,Not applicable,_Z,Not applicable,_Z,Not applicable,_Z,Not applicable,N,National,2015,,2.135833,,A,Normal value,0,Units,2,Two,,
DATAFLOW,OECD.SDD.STES:DSD_STES@DF_FINMARK(4.0),Financial market,I,USA,United States,A,Annual,IRLT,Long-term interest rates,PA,Percent per annum,_Z,Not applicable,_Z,Not applicable,_Z,Not applicable,_Z,Not applicable,N,National,2016,,1.841667,,A,Normal value,0,Units,2,Two,,
DATAFLOW,OECD.SDD.STES:DSD_STES@DF_FINMARK(4.0),Financial market,I,USA,United States,A,Annual,IRLT,Long-term interest rates,PA,Percent per annum,_Z,Not applicable,_Z,Not applicable,_Z,Not applicable,_Z,Not applicable,N,National,2017,,2.33,,A,Normal value,0,Units,2,Two,,
DATAFLOW,OECD.SDD.STES:DSD_STES@DF_FINMARK(4.0),Financial market,I,USA,United States,A,Annual,IRLT,Long-term interest rates,PA,Percent per annum,_Z,Not applicable,_Z,Not applicable,_Z,Not applicable,_Z,Not applicable,N,National,2018,,2.91,,A,Normal value,0,Units,2,Two,,
DATAFLOW,OECD.SDD.STES:DSD_STES@DF_FINMARK(4.0),Financial market,I,USA,United States,A,Annual,IRLT,Long-term interest rates,PA,Percent per annum,_Z,Not applicable,_Z,Not applicable,_Z,Not applicable,_Z,Not applicable,N,National,2019,,2.144167,,A,Normal value,0,Units,2,Two,,
DATAFLOW,OECD.SDD.STES:DSD_STES@DF_FINMARK(4.0),Financial market,I,USA,United States,A,Annual,IRLT,Long-term interest rates,PA,Percent per annum,_Z,Not applicable,_Z,Not applicable,_Z,Not applicable,_Z,Not applicable,N,National,2020,,0.8941666,,A,Normal value,0,Units,2,Two,,
DATAFLOW,OECD.SDD.STES:DSD_STES@DF_FINMARK(4.0),Financial market,I,USA,United States,A,Annual,IRLT,Long-term interest rates,PA,Percent per annum,_Z,Not applicable,_Z,Not applicable,_Z,Not applicable,_Z,Not applicable,N,National,2021,,1.4425,,A,Normal value,0,Units,2,Two,,
DATAFLOW,OECD.SDD.STES:DSD_STES@DF_FINMARK(4.0),Financial market,I,USA,United States,A,Annual,IRLT,Long-term interest rates,PA,Percent per annum,_Z,Not applicable,_Z,Not applicable,_Z,Not applicable,_Z,Not applicable,N,National,2022,,2.951667,,A,Normal value,0,Units,2,Two,,
DATAFLOW,OECD.SDD.STES:DSD_STES@DF_FINMARK(4.0),Financial market,I,USA,United States,A,Annual,IRLT,Long-term interest rates,PA,Percent per annum,_Z,Not applicable,_Z,Not applicable,_Z,Not applicable,_Z,Not applicable,N,National,2023,,3.9575,,A,Normal value,0,Units,2,Two,,
DATAFLOW,OECD.SDD.STES:DSD_STES@DF_FINMARK(4.0),Financial market,I,CHE,Switzerland,A,Annual,IRLT,Long-term interest rates,PA,Percent per annum,_Z,Not applicable,_Z,Not applicable,_Z,Not applicable,_Z,Not applicable,N,National,1955,,2.9825,,A,Normal value,0,Units,2,Two,,
DATAFLOW,OECD.SDD.STES:DSD_STES@DF_FINMARK(4.0),Financial market,I,CHE,Switzerland,A,Annual,IRLT,Long-term interest rates,PA,Percent per annum,_Z,Not applicable,_Z,Not applicable,_Z,Not applicable,_Z,Not applicable,N,National,1956,,3.125,,A,Normal value,0,Units,2,Two,,
DATAFLOW,OECD.SDD.STES:DSD_STES@DF_FINMARK(4.0),Financial market,I,CHE,Switzerland,A,Annual,IRLT,Long-term interest rates,PA,Percent per annum,_Z,Not applicable,_Z,Not applicable,_Z,Not applicable,_Z,Not applicable,N,National,1957,,3.6675,,A,Normal value,0,Units,2,Two,,
DATAFLOW,OECD.SDD.STES:DSD_STES@DF_FINMARK(4.0),Financial market,I,CHE,Switzerland,A,Annual,IRLT,Long-term interest rates,PA,Percent per annum,_Z,Not applicable,_Z,Not applicable,_Z,Not applicable,_Z,Not applicable,N,National,1958,,3.153333,,A,Normal value,0,Units,2,Two,,
DATAFLOW,OECD.SDD.STES:DSD_STES@DF_FINMARK(4.0),Financial market,I,CHE,Switzerland,A,Annual,IRLT,Long-term interest rates,PA,Percent per annum,_Z,Not applicable,_Z,Not applicable,_Z,Not applicable,_Z,Not applicable,N,National,1959,,3.076667,,A,Normal value,0,Units,2,Two,,
DATAFLOW,OECD.SDD.STES:DSD_STES@DF_FINMARK(4.0),Financial market,I,CHE,Switzerland,A,Annual,IRLT,Long-term interest rates,PA,Percent per annum,_Z,Not applicable,_Z,Not applicable,_Z,Not applicable,_Z,Not applicable,N,National,1960,,3.0925,,A,Normal value,0,Units,2,Two,,
DATAFLOW,OECD.SDD.STES:DSD_STES@DF_FINMARK(4.0),Financial market,I,CHE,Switzerland,A,Annual,IRLT,Long-term interest rates,PA,Percent per annum,_Z,Not applicable,_Z,Not applicable,_Z,Not applicable,_Z,Not applicable,N,National,1961,,2.955833,,A,Normal value,0,Units,2,Two,,
DATAFLOW,OECD.SDD.STES:DSD_STES@DF_FINMARK(4.0),Financial market,I,CHE,Switzerland,A,Annual,IRLT,Long-term interest rates,PA,Percent per annum,_Z,Not applicable,_Z,Not applicable,_Z,Not applicable,_Z,Not applicable,N,National,1962,,3.124167,,A,Normal value,0,Units,2,Two,,
DATAFLOW,OECD.SDD.STES:DSD_STES@DF_FINMARK(4.0),Financial market,I,CHE,Switzerland,A,Annual,IRLT,Long-term interest rates,PA,Percent per annum,_Z,Not applicable,_Z,Not applicable,_Z,Not applicable,_Z,Not applicable,N,National,1963,,3.246667,,A,Normal value,0,Units,2,Two,,
DATAFLOW,OECD.SDD.STES:DSD_STES@DF_FINMARK(4.0),Financial market,I,CHE,Switzerland,A,Annual,IRLT,Long-term interest rates,PA,Percent per annum,_Z,Not applicable,_Z,Not applicable,_Z,Not applicable,_Z,Not applicable,N,National,1964,,3.970833,,A,Normal value,0,Units,2,Two,,
DATAFLOW,OECD.SDD.STES:DSD_STES@DF_FINMARK(4.0),Financial market,I,CHE,Switzerland,A,Annual,IRLT,Long-term interest rates,PA,Percent per annum,_Z,Not applicable,_Z,Not applicable,_Z,Not applicable,_Z,Not applicable,N,National,1965,,3.945833,,A,Normal value,0,Units,2,Two,,
DATAFLOW,OECD.SDD.STES:DSD_STES@DF_FINMARK(4.0),Financial market,I,CHE,Switzerland,A,Annual,IRLT,Long-term interest rates,PA,Percent per annum,_Z,Not applicable,_Z,Not applicable,_Z,Not applicable,_Z,Not applicable,N,National,1966,,4.164166,,A,Normal value,0,Units,2,Two,,
DATAFLOW,OECD.SDD.STES:DSD_STES@DF_FINMARK(4.0),Financial market,I,CHE,Switzerland,A,Annual,IRLT,Long-term interest rates,PA,Percent per annum,_Z,Not applicable,_Z,Not applicable,_Z,Not applicable,_Z,Not applicable,N,National,1967,,4.603333,,A,Normal value,0,Units,2,Two,,
DATAFLOW,OECD.SDD.STES:DSD_STES@DF_FINMARK(4.0),Financial market,I,CHE,Switzerland,A,Annual,IRLT,Long-term interest rates,PA,Percent per annum,_Z,Not applicable,_Z,Not applicable,_Z,Not applicable,_Z,Not applicable,N,National,1968,,4.3725,,A,Normal value,0,Units,2,Two,,
DATAFLOW,OECD.SDD.STES:DSD_STES@DF_FINMARK(4.0),Financial market,I,CHE,Switzerland,A,Annual,IRLT,Long-term interest rates,PA,Percent per annum,_Z,Not applicable,_Z,Not applicable,_Z,Not applicable,_Z,Not applicable,N,National,1969,,4.9,,A,Normal value,0,Units,2,Two,,
DATAFLOW,OECD.SDD.STES:DSD_STES@DF_FINMARK(4.0),Financial market,I,CHE,Switzerland,A,Annual,IRLT,Long-term interest rates,PA,Percent per annum,_Z,Not applicable,_Z,Not applicable,_Z,Not applicable,_Z,Not applicable,N,National,1970,,5.715833,,A,Normal value,0,Units,2,Two,,
DATAFLOW,OECD.SDD.STES:DSD_STES@DF_FINMARK(4.0),Financial market,I,CHE,Switzerland,A,Annual,IRLT,Long-term interest rates,PA,Percent per annum,_Z,Not applicable,_Z,Not applicable,_Z,Not applicable,_Z,Not applicable,N,National,1971,,5.265833,,A,Normal value,0,Units,2,Two,,
DATAFLOW,OECD.SDD.STES:DSD_STES@DF_FINMARK(4.0),Financial market,I,CHE,Switzerland,A,Annual,IRLT,Long-term interest rates,PA,Percent per annum,_Z,Not applicable,_Z,Not applicable,_Z,Not applicable,_Z,Not applicable,N,National,1972,,4.963333,,A,Normal value,0,Units,2,Two,,
DATAFLOW,OECD.SDD.STES:DSD_STES@DF_FINMARK(4.0),Financial market,I,CHE,Switzerland,A,Annual,IRLT,Long-term interest rates,PA,Percent per annum,_Z,Not applicable,_Z,Not applicable,_Z,Not applicable,_Z,Not applicable,N,National,1973,,5.594167,,A,Normal value,0,Units,2,Two,,
DATAFLOW,OECD.SDD.STES:DSD_STES@DF_FINMARK(4.0),Financial market,I,CHE,Switzerland,A,Annual,IRLT,Long-term interest rates,PA,Percent per annum,_Z,Not applicable,_Z,Not applicable,_Z,Not applicable,_Z,Not applicable,N,National,1974,,7.129167,,A,Normal value,0,Units,2,Two,,
DATAFLOW,OECD.SDD.STES:DSD_STES@DF_FINMARK(4.0),Financial market,I,CHE,Switzerland,A,Annual,IRLT,Long-term interest rates,PA,Percent per annum,_Z,Not applicable,_Z,Not applicable,_Z,Not applicable,_Z,Not applicable,N,National,1975,,6.435833,,A,Normal value,0,Units,2,Two,,
DATAFLOW,OECD.SDD.STES:DSD_STES@DF_FINMARK(4.0),Financial market,I,CHE,Switzerland,A,Annual,IRLT,Long-term interest rates,PA,Percent per annum,_Z,Not applicable,_Z,Not applicable,_Z,Not applicable,_Z,Not applicable,N,National,1976,,4.9825,,A,Normal value,0,Units,2,Two,,
DATAFLOW,OECD.SDD.STES:DSD_STES@DF_FINMARK(4.0),Financial market,I,CHE,Switzerland,A,Annual,IRLT,Long-term interest rates,PA,Percent per annum,_Z,Not applicable,_Z,Not applicable,_Z,Not applicable,_Z,Not applicable,N,National,1977,,4.045,,A,Normal value,0,Units,2,Two,,
DATAFLOW,OECD.SDD.STES:DSD_STES@DF_FINMARK(4.0),Financial market,I,CHE,Switzerland,A,Annual,IRLT,Long-term interest rates,PA,Percent per annum,_Z,Not applicable,_Z,Not applicable,_Z,Not applicable,_Z,Not applicable,N,National,1978,,3.326667,,A,Normal value,0,Units,2,Two,,
DATAFLOW,OECD.SDD.STES:DSD_STES@DF_FINMARK(4.0),Financial market,I,CHE,Switzerland,A,Annual,IRLT,Long-term interest rates,PA,Percent per annum,_Z,Not applicable,_Z,Not applicable,_Z,Not applicable,_Z,Not applicable,N,National,1979,,3.4525,,A,Normal value,0,Units,2,Two,,
DATAFLOW,OECD.SDD.STES:DSD_STES@DF_FINMARK(4.0),Financial market,I,CHE,Switzerland,A,Annual,IRLT,Long-term interest rates,PA,Percent per annum,_Z,Not applicable,_Z,Not applicable,_Z,Not applicable,_Z,Not applicable,N,National,1980,,4.7625,,A,Normal value,0,Units,2,Two,,
DATAFLOW,OECD.SDD.STES:DSD_STES@DF_FINMARK(4.0),Financial market,I,CHE,Switzerland,A,Annual,IRLT,Long-term interest rates,PA,Percent per annum,_Z,Not applicable,_Z,Not applicable,_Z,Not applicable,_Z,Not applicable,N,National,1981,,5.57,,A,Normal value,0,Units,2,Two,,
DATAFLOW,OECD.SDD.STES:DSD_STES@DF_FINMARK(4.0),Financial market,I,CHE,Switzerland,A,Annual,IRLT,Long-term interest rates,PA,Percent per annum,_Z,Not applicable,_Z,Not applicable,_Z,Not applicable,_Z,Not applicable,N,National,1982,,4.598333,,A,Normal value,0,Units,2,Two,,
DATAFLOW,OECD.SDD.STES:DSD_STES@DF_FINMARK(4.0),Financial market,I,CHE,Switzerland,A,Annual,IRLT,Long-term interest rates,PA,Percent per annum,_Z,Not applicable,_Z,Not applicable,_Z,Not applicable,_Z,Not applicable,N,National,1983,,4.174167,,A,Normal value,0,Units,2,Two,,
DATAFLOW,OECD.SDD.STES:DSD_STES@DF_FINMARK(4.0),Financial market,I,CHE,Switzerland,A,Annual,IRLT,Long-term interest rates,PA,Percent per annum,_Z,Not applicable,_Z,Not applicable,_Z,Not applicable,_Z,Not applicable,N,National,1984,,4.552917,,A,Normal value,0,Units,2,Two,,
DATAFLOW,OECD.SDD.STES:DSD_STES@DF_FINMARK(4.0),Financial market,I,CHE,Switzerland,A,Annual,IRLT,Long-term interest rates,PA,Percent per annum,_Z,Not applicable,_Z,Not applicable,_Z,Not applicable,_Z,Not applicable,N,National,1985,,4.700083,,A,Normal value,0,Units,2,Two,,
DATAFLOW,OECD.SDD.STES:DSD_STES@DF_FINMARK(4.0),Financial market,I,CHE,Switzerland,A,Annual,IRLT,Long-term interest rates,PA,Percent per annum,_Z,Not applicable,_Z,Not applicable,_Z,Not applicable,_Z,Not applicable,N,National,1986,,4.229917,,A,Normal value,0,Units,2,Two,,
DATAFLOW,OECD.SDD.STES:DSD_STES@DF_FINMARK(4.0),Financial market,I,CHE,Switzerland,A,Annual,IRLT,Long-term interest rates,PA,Percent per annum,_Z,Not applicable,_Z,Not applicable,_Z,Not applicable,_Z,Not applicable,N,National,1987,,4.03275,,A,Normal value,0,Units,2,Two,,
DATAFLOW,OECD.SDD.STES:DSD_STES@DF_FINMARK(4.0),Financial market,I,CHE,Switzerland,A,Annual,IRLT,Long-term interest rates,PA,Percent per annum,_Z,Not applicable,_Z,Not applicable,_Z,Not applicable,_Z,Not applicable,N,National,1988,,4.114083,,A,Normal value,0,Units,2,Two,,
DATAFLOW,OECD.SDD.STES:DSD_STES@DF_FINMARK(4.0),Financial market,I,CHE,Switzerland,A,Annual,IRLT,Long-term interest rates,PA,Percent per annum,_Z,Not applicable,_Z,Not applicable,_Z,Not applicable,_Z,Not applicable,N,National,1989,,5.12325,,A,Normal value,0,Units,2,Two,,
DATAFLOW,OECD.SDD.STES:DSD_STES@DF_FINMARK(4.0),Financial market,I,CHE,Switzerland,A,Annual,IRLT,Long-term interest rates,PA,Percent per annum,_Z,Not applicable,_Z,Not applicable,_Z,Not applicable,_Z,Not applicable,N,National,1990,,6.384083,,A,Normal value,0,Units,2,Two,,
DATAFLOW,OECD.SDD.STES:DSD_STES@DF_FINMARK(4.0),Financial market,I,CHE,Switzerland,A,Annual,IRLT,Long-term interest rates,PA,Percent per annum,_Z,Not applicable,_Z,Not applicable,_Z,Not applicable,_Z,Not applicable,N,National,1991,,6.216417,,A,Normal value,0,Units,2,Two,,
DATAFLOW,OECD.SDD.STES:DSD_STES@DF_FINMARK(4.0),Financial market,I,CHE,Switzerland,A,Annual,IRLT,Long-term interest rates,PA,Percent per annum,_Z,Not applicable,_Z,Not applicable,_Z,Not applicable,_Z,Not applicable,N,National,1992,,6.430083,,A,Normal value,0,Units,2,Two,,
DATAFLOW,OECD.SDD.STES:DSD_STES@DF_FINMARK(4.0),Financial market,I,CHE,Switzerland,A,Annual,IRLT,Long-term interest rates,PA,Percent per annum,_Z,Not applicable,_Z,Not applicable,_Z,Not applicable,_Z,Not applicable,N,National,1993,,4.621833,,A,Normal value,0,Units,2,Two,,
DATAFLOW,OECD.SDD.STES:DSD_STES@DF_FINMARK(4.0),Financial market,I,CHE,Switzerland,A,Annual,IRLT,Long-term interest rates,PA,Percent per annum,_Z,Not applicable,_Z,Not applicable,_Z,Not applicable,_Z,Not applicable,N,National,1994,,5.117833,,A,Normal value,0,Units,2,Two,,
DATAFLOW,OECD.SDD.STES:DSD_STES@DF_FINMARK(4.0),Financial market,I,CHE,Switzerland,A,Annual,IRLT,Long-term interest rates,PA,Percent per annum,_Z,Not applicable,_Z,Not applicable,_Z,Not applicable,_Z,Not applicable,N,National,1995,,4.77825,,A,Normal value,0,Units,2,Two,,
DATAFLOW,OECD.SDD.STES:DSD_STES@DF_FINMARK(4.0),Financial market,I,CHE,Switzerland,A,Annual,IRLT,Long-term interest rates,PA,Percent per annum,_Z,Not applicable,_Z,Not applicable,_Z,Not applicable,_Z,Not applicable,N,National,1996,,4.38375,,A,Normal value,0,Units,2,Two,,
DATAFLOW,OECD.SDD.STES:DSD_STES@DF_FINMARK(4.0),Financial market,I,CHE,Switzerland,A,Annual,IRLT,Long-term interest rates,PA,Percent per annum,_Z,Not applicable,_Z,Not applicable,_Z,Not applicable,_Z,Not applicable,N,National,1997,,3.67025,,A,Normal value,0,Units,2,Two,,
DATAFLOW,OECD.SDD.STES:DSD_STES@DF_FINMARK(4.0),Financial market,I,CHE,Switzerland,A,Annual,IRLT,Long-term interest rates,PA,Percent per annum,_Z,Not applicable,_Z,Not applicable,_Z,Not applicable,_Z,Not applicable,N,National,1998,,3.044583,,A,Normal value,0,Units,2,Two,,
DATAFLOW,OECD.SDD.STES:DSD_STES@DF_FINMARK(4.0),Financial market,I,CHE,Switzerland,A,Annual,IRLT,Long-term interest rates,PA,Percent per annum,_Z,Not applicable,_Z,Not applicable,_Z,Not applicable,_Z,Not applicable,N,National,1999,,3.039333,,A,Normal value,0,Units,2,Two,,
DATAFLOW,OECD.SDD.STES:DSD_STES@DF_FINMARK(4.0),Financial market,I,CHE,Switzerland,A,Annual,IRLT,Long-term interest rates,PA,Percent per annum,_Z,Not applicable,_Z,Not applicable,_Z,Not applicable,_Z,Not applicable,N,National,2000,,3.925083,,A,Normal value,0,Units,2,Two,,
DATAFLOW,OECD.SDD.STES:DSD_STES@DF_FINMARK(4.0),Financial market,I,CHE,Switzerland,A,Annual,IRLT,Long-term interest rates,PA,Percent per annum,_Z,Not applicable,_Z,Not applicable,_Z,Not applicable,_Z,Not applicable,N,National,2001,,3.38175,,A,Normal value,0,Units,2,Two,,
DATAFLOW,OECD.SDD.STES:DSD_STES@DF_FINMARK(4.0),Financial market,I,CHE,Switzerland,A,Annual,IRLT,Long-term interest rates,PA,Percent per annum,_Z,Not applicable,_Z,Not applicable,_Z,Not applicable,_Z,Not applicable,N,National,2002,,3.198917,,A,Normal value,0,Units,2,Two,,
DATAFLOW,OECD.SDD.STES:DSD_STES@DF_FINMARK(4.0),Financial market,I,CHE,Switzerland,A,Annual,IRLT,Long-term interest rates,PA,Percent per annum,_Z,Not applicable,_Z,Not applicable,_Z,Not applicable,_Z,Not applicable,N,National,2003,,2.65875,,A,Normal value,0,Units,2,Two,,
DATAFLOW,OECD.SDD.STES:DSD_STES@DF_FINMARK(4.0),Financial market,I,CHE,Switzerland,A,Annual,IRLT,Long-term interest rates,PA,Percent per annum,_Z,Not applicable,_Z,Not applicable,_Z,Not applicable,_Z,Not applicable,N,National,2004,,2.740167,,A,Normal value,0,Units,2,Two,,
DATAFLOW,OECD.SDD.STES:DSD_STES@DF_FINMARK(4.0),Financial market,I,CHE,Switzerland,A,Annual,IRLT,Long-term interest rates,PA,Percent per annum,_Z,Not applicable,_Z,Not applicable,_Z,Not applicable,_Z,Not applicable,N,National,2005,,2.0955,,A,Normal value,0,Units,2,Two,,
DATAFLOW,OECD.SDD.STES:DSD_STES@DF_FINMARK(4.0),Financial market,I,CHE,Switzerland,A,Annual,IRLT,Long-term interest rates,PA,Percent per annum,_Z,Not applicable,_Z,Not applicable,_Z,Not applicable,_Z,Not applicable,N,National,2006,,2.517083,,A,Normal value,0,Units,2,Two,,
DATAFLOW,OECD.SDD.STES:DSD_STES@DF_FINMARK(4.0),Financial market,I,CHE,Switzerland,A,Annual,IRLT,Long-term interest rates,PA,Percent per annum,_Z,Not applicable,_Z,Not applicable,_Z,Not applicable,_Z,Not applicable,N,National,2007,,2.92675,,A,Normal value,0,Units,2,Two,,
DATAFLOW,OECD.SDD.STES:DSD_STES@DF_FINMARK(4.0),Financial market,I,CHE,Switzerland,A,Annual,IRLT,Long-term interest rates,PA,Percent per annum,_Z,Not applicable,_Z,Not applicable,_Z,Not applicable,_Z,Not applicable,N,National,2008,,2.896833,,A,Normal value,0,Units,2,Two,,
DATAFLOW,OECD.SDD.STES:DSD_STES@DF_FINMARK(4.0),Financial market,I,CHE,Switzerland,A,Annual,IRLT,Long-term interest rates,PA,Percent per annum,_Z,Not applicable,_Z,Not applicable,_Z,Not applicable,_Z,Not applicable,N,National,2009,,2.202667,,A,Normal value,0,Units,2,Two,,
DATAFLOW,OECD.SDD.STES:DSD_STES@DF_FINMARK(4.0),Financial market,I,CHE,Switzerland,A,Annual,IRLT,Long-term interest rates,PA,Percent per annum,_Z,Not applicable,_Z,Not applicable,_Z,Not applicable,_Z,Not applicable,N,National,2010,,1.631917,,A,Normal value,0,Units,2,Two,,
DATAFLOW,OECD.SDD.STES:DSD_STES@DF_FINMARK(4.0),Financial market,I,CHE,Switzerland,A,Annual,IRLT,Long-term interest rates,PA,Percent per annum,_Z,Not applicable,_Z,Not applicable,_Z,Not applicable,_Z,Not applicable,N,National,2011,,1.471333,,A,Normal value,0,Units,2,Two,,
DATAFLOW,OECD.SDD.STES:DSD_STES@DF_FINMARK(4.0),Financial market,I,CHE,Switzerland,A,Annual,IRLT,Long-term interest rates,PA,Percent per annum,_Z,Not applicable,_Z,Not applicable,_Z,Not applicable,_Z,Not applicable,N,National,2012,,0.6454167,,A,Normal value,0,Units,2,Two,,
DATAFLOW,OECD.SDD.STES:DSD_STES@DF_FINMARK(4.0),Financial market,I,CHE,Switzerland,A,Annual,IRLT,Long-term interest rates,PA,Percent per annum,_Z,Not applicable,_Z,Not applicable,_Z,Not applicable,_Z,Not applicable,N,National,2013,,0.9493333,,A,Normal value,0,Units,2,Two,,
DATAFLOW,OECD.SDD.STES:DSD_STES@DF_FINMARK(4.0),Financial market,I,CHE,Switzerland,A,Annual,IRLT,Long-term interest rates,PA,Percent per annum,_Z,Not applicable,_Z,Not applicable,_Z,Not applicable,_Z,Not applicable,N,National,2014,,0.69275,,A,Normal value,0,Units,2,Two,,
DATAFLOW,OECD.SDD.STES:DSD_STES@DF_FINMARK(4.0),Financial market,I,CHE,Switzerland,A,Annual,IRLT,Long-term interest rates,PA,Percent per annum,_Z,Not applicable,_Z,Not applicable,_Z,Not applicable,_Z,Not applicable,N,National,2015,,-0.06866667,,A,Normal value,0,Units,2,Two,,
DATAFLOW,OECD.SDD.STES:DSD_STES@DF_FINMARK(4.0),Financial market,I,CHE,Switzerland,A,Annual,IRLT,Long-term interest rates,PA,Percent per annum,_Z,Not applicable,_Z,Not applicable,_Z,Not applicable,_Z,Not applicable,N,National,2016,,-0.362,,A,Normal value,0,Units,2,Two,,
DATAFLOW,OECD.SDD.STES:DSD_STES@DF_FINMARK(4.0),Financial market,I,CHE,Switzerland,A,Annual,IRLT,Long-term interest rates,PA,Percent per annum,_Z,Not applicable,_Z,Not applicable,_Z,Not applicable,_Z,Not applicable,N,National,2017,,-0.07208333,,A,Normal value,0,Units,2,Two,,
DATAFLOW,OECD.SDD.STES:DSD_STES@DF_FINMARK(4.0),Financial market,I,CHE,Switzerland,A,Annual,IRLT,Long-term interest rates,PA,Percent per annum,_Z,Not applicable,_Z,Not applicable,_Z,Not applicable,_Z,Not applicable,N,National,2018,,0.03316667,,A,Normal value,0,Units,2,Two,,
DATAFLOW,OECD.SDD.STES:DSD_STES@DF_FINMARK(4.0),Financial market,I,CHE,Switzerland,A,Annual,IRLT,Long-term interest rates,PA,Percent per annum,_Z,Not applicable,_Z,Not applicable,_Z,Not applicable,_Z,Not applicable,N,National,2019,,-0.489,,A,Normal value,0,Units,2,Two,,
DATAFLOW,OECD.SDD.STES:DSD_STES@DF_FINMARK(4.0),Financial market,I,CHE,Switzerland,A,Annual,IRLT,Long-term interest rates,PA,Percent per annum,_Z,Not applicable,_Z,Not applicable,_Z,Not applicable,_Z,Not applicable,N,National,2020,,-0.5238333,,A,Normal value,0,Units,2,Two,,
DATAFLOW,OECD.SDD.STES:DSD_STES@DF_FINMARK(4.0),Financial market,I,CHE,Switzerland,A,Annual,IRLT,Long-term interest rates,PA,Percent per annum,_Z,Not applicable,_Z,Not applicable,_Z,Not applicable,_Z,Not applicable,N,National,2021,,-0.23225,,A,Normal value,0,Units,2,Two,,
DATAFLOW,OECD.SDD.STES:DSD_STES@DF_FINMARK(4.0),Financial market,I,CHE,Switzerland,A,Annual,IRLT,Long-term interest rates,PA,Percent per annum,_Z,Not applicable,_Z,Not applicable,_Z,Not applicable,_Z,Not applicable,N,National,2022,,0.8288333,,A,Normal value,0,Units,2,Two,,
DATAFLOW,OECD.SDD.STES:DSD_STES@DF_FINMARK(4.0),Financial market,I,CHE,Switzerland,A,Annual,IRLT,Long-term interest rates,PA,Percent per annum,_Z,Not applicable,_Z,Not applicable,_Z,Not applicable,_Z,Not applicable,N,National,2023,,1.0305,,A,Normal value,0,Units,2,Two,,
DATAFLOW,OECD.SDD.STES:DSD_STES@DF_FINMARK(4.0),Financial market,I,ZAF,South Africa,A,Annual,IRLT,Long-term interest rates,PA,Percent per annum,_Z,Not applicable,_Z,Not applicable,_Z,Not applicable,_Z,Not applicable,N,National,1957,,4.75,,A,Normal value,0,Units,2,Two,,
DATAFLOW,OECD.SDD.STES:DSD_STES@DF_FINMARK(4.0),Financial market,I,ZAF,South Africa,A,Annual,IRLT,Long-term interest rates,PA,Percent per annum,_Z,Not applicable,_Z,Not applicable,_Z,Not applicable,_Z,Not applicable,N,National,1958,,5.145833,,A,Normal value,0,Units,2,Two,,
DATAFLOW,OECD.SDD.STES:DSD_STES@DF_FINMARK(4.0),Financial market,I,ZAF,South Africa,A,Annual,IRLT,Long-term interest rates,PA,Percent per annum,_Z,Not applicable,_Z,Not applicable,_Z,Not applicable,_Z,Not applicable,N,National,1959,,5.25,,A,Normal value,0,Units,2,Two,,
DATAFLOW,OECD.SDD.STES:DSD_STES@DF_FINMARK(4.0),Financial market,I,ZAF,South Africa,A,Annual,IRLT,Long-term interest rates,PA,Percent per annum,_Z,Not applicable,_Z,Not applicable,_Z,Not applicable,_Z,Not applicable,N,National,1960,,5.293334,,A,Normal value,0,Units,2,Two,,
DATAFLOW,OECD.SDD.STES:DSD_STES@DF_FINMARK(4.0),Financial market,I,ZAF,South Africa,A,Annual,IRLT,Long-term interest rates,PA,Percent per annum,_Z,Not applicable,_Z,Not applicable,_Z,Not applicable,_Z,Not applicable,N,National,1961,,5.773334,,A,Normal value,0,Units,2,Two,,
DATAFLOW,OECD.SDD.STES:DSD_STES@DF_FINMARK(4.0),Financial market,I,ZAF,South Africa,A,Annual,IRLT,Long-term interest rates,PA,Percent per annum,_Z,Not applicable,_Z,Not applicable,_Z,Not applicable,_Z,Not applicable,N,National,1962,,5.386667,,A,Normal value,0,Units,2,Two,,
DATAFLOW,OECD.SDD.STES:DSD_STES@DF_FINMARK(4.0),Financial market,I,ZAF,South Africa,A,Annual,IRLT,Long-term interest rates,PA,Percent per annum,_Z,Not applicable,_Z,Not applicable,_Z,Not applicable,_Z,Not applicable,N,National,1963,,4.75,,A,Normal value,0,Units,2,Two,,
DATAFLOW,OECD.SDD.STES:DSD_STES@DF_FINMARK(4.0),Financial market,I,ZAF,South Africa,A,Annual,IRLT,Long-term interest rates,PA,Percent per annum,_Z,Not applicable,_Z,Not applicable,_Z,Not applicable,_Z,Not applicable,N,National,1964,,4.770833,,A,Normal value,0,Units,2,Two,,
DATAFLOW,OECD.SDD.STES:DSD_STES@DF_FINMARK(4.0),Financial market,I,ZAF,South Africa,A,Annual,IRLT,Long-term interest rates,PA,Percent per annum,_Z,Not applicable,_Z,Not applicable,_Z,Not applicable,_Z,Not applicable,N,National,1965,,5.604167,,A,Normal value,0,Units,2,Two,,
DATAFLOW,OECD.SDD.STES:DSD_STES@DF_FINMARK(4.0),Financial market,I,ZAF,South Africa,A,Annual,IRLT,Long-term interest rates,PA,Percent per annum,_Z,Not applicable,_Z,Not applicable,_Z,Not applicable,_Z,Not applicable,N,National,1966,,6.25,,A,Normal value,0,Units,2,Two,,
DATAFLOW,OECD.SDD.STES:DSD_STES@DF_FINMARK(4.0),Financial market,I,ZAF,South Africa,A,Annual,IRLT,Long-term interest rates,PA,Percent per annum,_Z,Not applicable,_Z,Not applicable,_Z,Not applicable,_Z,Not applicable,N,National,1967,,6.5,,A,Normal value,0,Units,2,Two,,
DATAFLOW,OECD.SDD.STES:DSD_STES@DF_FINMARK(4.0),Financial market,I,ZAF,South Africa,A,Annual,IRLT,Long-term interest rates,PA,Percent per annum,_Z,Not applicable,_Z,Not applicable,_Z,Not applicable,_Z,Not applicable,N,National,1968,,6.5,,A,Normal value,0,Units,2,Two,,
DATAFLOW,OECD.SDD.STES:DSD_STES@DF_FINMARK(4.0),Financial market,I,ZAF,South Africa,A,Annual,IRLT,Long-term interest rates,PA,Percent per annum,_Z,Not applicable,_Z,Not applicable,_Z,Not applicable,_Z,Not applicable,N,National,1969,,6.5,,A,Normal value,0,Units,2,Two,,
DATAFLOW,OECD.SDD.STES:DSD_STES@DF_FINMARK(4.0),Financial market,I,ZAF,South Africa,A,Annual,IRLT,Long-term interest rates,PA,Percent per annum,_Z,Not applicable,_Z,Not applicable,_Z,Not applicable,_Z,Not applicable,N,National,1970,,7.145833,,A,Normal value,0,Units,2,Two,,
DATAFLOW,OECD.SDD.STES:DSD_STES@DF_FINMARK(4.0),Financial market,I,ZAF,South Africa,A,Annual,IRLT,Long-term interest rates,PA,Percent per annum,_Z,Not applicable,_Z,Not applicable,_Z,Not applicable,_Z,Not applicable,N,National,1971,,8.375,,A,Normal value,0,Units,2,Two,,
DATAFLOW,OECD.SDD.STES:DSD_STES@DF_FINMARK(4.0),Financial market,I,ZAF,South Africa,A,Annual,IRLT,Long-term interest rates,PA,Percent per annum,_Z,Not applicable,_Z,Not applicable,_Z,Not applicable,_Z,Not applicable,N,National,1972,,8.353333,,A,Normal value,0,Units,2,Two,,
DATAFLOW,OECD.SDD.STES:DSD_STES@DF_FINMARK(4.0),Financial market,I,ZAF,South Africa,A,Annual,IRLT,Long-term interest rates,PA,Percent per annum,_Z,Not applicable,_Z,Not applicable,_Z,Not applicable,_Z,Not applicable,N,National,1973,,7.8325,,A,Normal value,0,Units,2,Two,,
DATAFLOW,OECD.SDD.STES:DSD_STES@DF_FINMARK(4.0),Financial market,I,ZAF,South Africa,A,Annual,IRLT,Long-term interest rates,PA,Percent per annum,_Z,Not applicable,_Z,Not applicable,_Z,Not applicable,_Z,Not applicable,N,National,1974,,8.958333,,A,Normal value,0,Units,2,Two,,
DATAFLOW,OECD.SDD.STES:DSD_STES@DF_FINMARK(4.0),Financial market,I,ZAF,South Africa,A,Annual,IRLT,Long-term interest rates,PA,Percent per annum,_Z,Not applicable,_Z,Not applicable,_Z,Not applicable,_Z,Not applicable,N,National,1975,,9.708333,,A,Normal value,0,Units,2,Two,,
DATAFLOW,OECD.SDD.STES:DSD_STES@DF_FINMARK(4.0),Financial market,I,ZAF,South Africa,A,Annual,IRLT,Long-term interest rates,PA,Percent per annum,_Z,Not applicable,_Z,Not applicable,_Z,Not applicable,_Z,Not applicable,N,National,1976,,10.43667,,A,Normal value,0,Units,2,Two,,
DATAFLOW,OECD.SDD.STES:DSD_STES@DF_FINMARK(4.0),Financial market,I,ZAF,South Africa,A,Annual,IRLT,Long-term interest rates,PA,Percent per annum,_Z,Not applicable,_Z,Not applicable,_Z,Not applicable,_Z,Not applicable,N,National,1977,,11.00833,,A,Normal value,0,Units,2,Two,,
DATAFLOW,OECD.SDD.STES:DSD_STES@DF_FINMARK(4.0),Financial market,I,ZAF,South Africa,A,Annual,IRLT,Long-term interest rates,PA,Percent per annum,_Z,Not applicable,_Z,Not applicable,_Z,Not applicable,_Z,Not applicable,N,National,1978,,10.39583,,A,Normal value,0,Units,2,Two,,
DATAFLOW,OECD.SDD.STES:DSD_STES@DF_FINMARK(4.0),Financial market,I,ZAF,South Africa,A,Annual,IRLT,Long-term interest rates,PA,Percent per annum,_Z,Not applicable,_Z,Not applicable,_Z,Not applicable,_Z,Not applicable,N,National,1979,,9.26,,A,Normal value,0,Units,2,Two,,
DATAFLOW,OECD.SDD.STES:DSD_STES@DF_FINMARK(4.0),Financial market,I,ZAF,South Africa,A,Annual,IRLT,Long-term interest rates,PA,Percent per annum,_Z,Not applicable,_Z,Not applicable,_Z,Not applicable,_Z,Not applicable,N,National,1980,,10.08583,,A,Normal value,0,Units,2,Two,,
DATAFLOW,OECD.SDD.STES:DSD_STES@DF_FINMARK(4.0),Financial market,I,ZAF,South Africa,A,Annual,IRLT,Long-term interest rates,PA,Percent per annum,_Z,Not applicable,_Z,Not applicable,_Z,Not applicable,_Z,Not applicable,N,National,1981,,12.9875,,A,Normal value,0,Units,2,Two,,
DATAFLOW,OECD.SDD.STES:DSD_STES@DF_FINMARK(4.0),Financial market,I,ZAF,South Africa,A,Annual,IRLT,Long-term interest rates,PA,Percent per annum,_Z,Not applicable,_Z,Not applicable,_Z,Not applicable,_Z,Not applicable,N,National,1982,,13.50833,,A,Normal value,0,Units,2,Two,,
DATAFLOW,OECD.SDD.STES:DSD_STES@DF_FINMARK(4.0),Financial market,I,ZAF,South Africa,A,Annual,IRLT,Long-term interest rates,PA,Percent per annum,_Z,Not applicable,_Z,Not applicable,_Z,Not applicable,_Z,Not applicable,N,National,1983,,12.665,,A,Normal value,0,Units,2,Two,,
DATAFLOW,OECD.SDD.STES:DSD_STES@DF_FINMARK(4.0),Financial market,I,ZAF,South Africa,A,Annual,IRLT,Long-term interest rates,PA,Percent per annum,_Z,Not applicable,_Z,Not applicable,_Z,Not applicable,_Z,Not applicable,N,National,1984,,15.22667,,A,Normal value,0,Units,2,Two,,
DATAFLOW,OECD.SDD.STES:DSD_STES@DF_FINMARK(4.0),Financial market,I,ZAF,South Africa,A,Annual,IRLT,Long-term interest rates,PA,Percent per annum,_Z,Not applicable,_Z,Not applicable,_Z,Not applicable,_Z,Not applicable,N,National,1985,,16.79167,,A,Normal value,0,Units,2,Two,,
DATAFLOW,OECD.SDD.STES:DSD_STES@DF_FINMARK(4.0),Financial market,I,ZAF,South Africa,A,Annual,IRLT,Long-term interest rates,PA,Percent per annum,_Z,Not applicable,_Z,Not applicable,_Z,Not applicable,_Z,Not applicable,N,National,1986,,16.36583,,A,Normal value,0,Units,2,Two,,
DATAFLOW,OECD.SDD.STES:DSD_STES@DF_FINMARK(4.0),Financial market,I,ZAF,South Africa,A,Annual,IRLT,Long-term interest rates,PA,Percent per annum,_Z,Not applicable,_Z,Not applicable,_Z,Not applicable,_Z,Not applicable,N,National,1987,,15.29667,,A,Normal value,0,Units,2,Two,,
DATAFLOW,OECD.SDD.STES:DSD_STES@DF_FINMARK(4.0),Financial market,I,ZAF,South Africa,A,Annual,IRLT,Long-term interest rates,PA,Percent per annum,_Z,Not applicable,_Z,Not applicable,_Z,Not applicable,_Z,Not applicable,N,National,1988,,16.37167,,A,Normal value,0,Units,2,Two,,
DATAFLOW,OECD.SDD.STES:DSD_STES@DF_FINMARK(4.0),Financial market,I,ZAF,South Africa,A,Annual,IRLT,Long-term interest rates,PA,Percent per annum,_Z,Not applicable,_Z,Not applicable,_Z,Not applicable,_Z,Not applicable,N,National,1989,,16.90083,,A,Normal value,0,Units,2,Two,,
DATAFLOW,OECD.SDD.STES:DSD_STES@DF_FINMARK(4.0),Financial market,I,ZAF,South Africa,A,Annual,IRLT,Long-term interest rates,PA,Percent per annum,_Z,Not applicable,_Z,Not applicable,_Z,Not applicable,_Z,Not applicable,N,National,1990,,16.15083,,A,Normal value,0,Units,2,Two,,
DATAFLOW,OECD.SDD.STES:DSD_STES@DF_FINMARK(4.0),Financial market,I,ZAF,South Africa,A,Annual,IRLT,Long-term interest rates,PA,Percent per annum,_Z,Not applicable,_Z,Not applicable,_Z,Not applicable,_Z,Not applicable,N,National,1991,,16.34417,,A,Normal value,0,Units,2,Two,,
DATAFLOW,OECD.SDD.STES:DSD_STES@DF_FINMARK(4.0),Financial market,I,ZAF,South Africa,A,Annual,IRLT,Long-term interest rates,PA,Percent per annum,_Z,Not applicable,_Z,Not applicable,_Z,Not applicable,_Z,Not applicable,N,National,1992,,15.44,,A,Normal value,0,Units,2,Two,,
DATAFLOW,OECD.SDD.STES:DSD_STES@DF_FINMARK(4.0),Financial market,I,ZAF,South Africa,A,Annual,IRLT,Long-term interest rates,PA,Percent per annum,_Z,Not applicable,_Z,Not applicable,_Z,Not applicable,_Z,Not applicable,N,National,1993,,13.9675,,A,Normal value,0,Units,2,Two,,
DATAFLOW,OECD.SDD.STES:DSD_STES@DF_FINMARK(4.0),Financial market,I,ZAF,South Africa,A,Annual,IRLT,Long-term interest rates,PA,Percent per annum,_Z,Not applicable,_Z,Not applicable,_Z,Not applicable,_Z,Not applicable,N,National,1994,,14.83167,,A,Normal value,0,Units,2,Two,,
DATAFLOW,OECD.SDD.STES:DSD_STES@DF_FINMARK(4.0),Financial market,I,ZAF,South Africa,A,Annual,IRLT,Long-term interest rates,PA,Percent per annum,_Z,Not applicable,_Z,Not applicable,_Z,Not applicable,_Z,Not applicable,N,National,1995,,16.10667,,A,Normal value,0,Units,2,Two,,
DATAFLOW,OECD.SDD.STES:DSD_STES@DF_FINMARK(4.0),Financial market,I,ZAF,South Africa,A,Annual,IRLT,Long-term interest rates,PA,Percent per annum,_Z,Not applicable,_Z,Not applicable,_Z,Not applicable,_Z,Not applicable,N,National,1996,,15.48333,,A,Normal value,0,Units,2,Two,,
DATAFLOW,OECD.SDD.STES:DSD_STES@DF_FINMARK(4.0),Financial market,I,ZAF,South Africa,A,Annual,IRLT,Long-term interest rates,PA,Percent per annum,_Z,Not applicable,_Z,Not applicable,_Z,Not applicable,_Z,Not applicable,N,National,1997,,14.6975,,A,Normal value,0,Units,2,Two,,
DATAFLOW,OECD.SDD.STES:DSD_STES@DF_FINMARK(4.0),Financial market,I,ZAF,South Africa,A,Annual,IRLT,Long-term interest rates,PA,Percent per annum,_Z,Not applicable,_Z,Not applicable,_Z,Not applicable,_Z,Not applicable,N,National,1998,,15.1225,,A,Normal value,0,Units,2,Two,,
DATAFLOW,OECD.SDD.STES:DSD_STES@DF_FINMARK(4.0),Financial market,I,ZAF,South Africa,A,Annual,IRLT,Long-term interest rates,PA,Percent per annum,_Z,Not applicable,_Z,Not applicable,_Z,Not applicable,_Z,Not applicable,N,National,1999,,14.90167,,A,Normal value,0,Units,2,Two,,
DATAFLOW,OECD.SDD.STES:DSD_STES@DF_FINMARK(4.0),Financial market,I,ZAF,South Africa,A,Annual,IRLT,Long-term interest rates,PA,Percent per annum,_Z,Not applicable,_Z,Not applicable,_Z,Not applicable,_Z,Not applicable,N,National,2000,,13.78667,,A,Normal value,0,Units,2,Two,,
DATAFLOW,OECD.SDD.STES:DSD_STES@DF_FINMARK(4.0),Financial market,I,ZAF,South Africa,A,Annual,IRLT,Long-term interest rates,PA,Percent per annum,_Z,Not applicable,_Z,Not applicable,_Z,Not applicable,_Z,Not applicable,N,National,2001,,11.40667,,A,Normal value,0,Units,2,Two,,
DATAFLOW,OECD.SDD.STES:DSD_STES@DF_FINMARK(4.0),Financial market,I,ZAF,South Africa,A,Annual,IRLT,Long-term interest rates,PA,Percent per annum,_Z,Not applicable,_Z,Not applicable,_Z,Not applicable,_Z,Not applicable,N,National,2002,,11.50888,,A,Normal value,0,Units,2,Two,,
DATAFLOW,OECD.SDD.STES:DSD_STES@DF_FINMARK(4.0),Financial market,I,ZAF,South Africa,A,Annual,IRLT,Long-term interest rates,PA,Percent per annum,_Z,Not applicable,_Z,Not applicable,_Z,Not applicable,_Z,Not applicable,N,National,2003,,9.617318,,A,Normal value,0,Units,2,Two,,
DATAFLOW,OECD.SDD.STES:DSD_STES@DF_FINMARK(4.0),Financial market,I,ZAF,South Africa,A,Annual,IRLT,Long-term interest rates,PA,Percent per annum,_Z,Not applicable,_Z,Not applicable,_Z,Not applicable,_Z,Not applicable,N,National,2004,,9.515293,,A,Normal value,0,Units,2,Two,,
DATAFLOW,OECD.SDD.STES:DSD_STES@DF_FINMARK(4.0),Financial market,I,ZAF,South Africa,A,Annual,IRLT,Long-term interest rates,PA,Percent per annum,_Z,Not applicable,_Z,Not applicable,_Z,Not applicable,_Z,Not applicable,N,National,2005,,8.067034,,A,Normal value,0,Units,2,Two,,
DATAFLOW,OECD.SDD.STES:DSD_STES@DF_FINMARK(4.0),Financial market,I,ZAF,South Africa,A,Annual,IRLT,Long-term interest rates,PA,Percent per annum,_Z,Not applicable,_Z,Not applicable,_Z,Not applicable,_Z,Not applicable,N,National,2006,,7.934869,,A,Normal value,0,Units,2,Two,,
DATAFLOW,OECD.SDD.STES:DSD_STES@DF_FINMARK(4.0),Financial market,I,ZAF,South Africa,A,Annual,IRLT,Long-term interest rates,PA,Percent per annum,_Z,Not applicable,_Z,Not applicable,_Z,Not applicable,_Z,Not applicable,N,National,2007,,7.98763,,A,Normal value,0,Units,2,Two,,
DATAFLOW,OECD.SDD.STES:DSD_STES@DF_FINMARK(4.0),Financial market,I,ZAF,South Africa,A,Annual,IRLT,Long-term interest rates,PA,Percent per annum,_Z,Not applicable,_Z,Not applicable,_Z,Not applicable,_Z,Not applicable,N,National,2008,,9.091066,,A,Normal value,0,Units,2,Two,,
DATAFLOW,OECD.SDD.STES:DSD_STES@DF_FINMARK(4.0),Financial market,I,ZAF,South Africa,A,Annual,IRLT,Long-term interest rates,PA,Percent per annum,_Z,Not applicable,_Z,Not applicable,_Z,Not applicable,_Z,Not applicable,N,National,2009,,8.691194,,A,Normal value,0,Units,2,Two,,
DATAFLOW,OECD.SDD.STES:DSD_STES@DF_FINMARK(4.0),Financial market,I,ZAF,South Africa,A,Annual,IRLT,Long-term interest rates,PA,Percent per annum,_Z,Not applicable,_Z,Not applicable,_Z,Not applicable,_Z,Not applicable,N,National,2010,,8.615417,,A,Normal value,0,Units,2,Two,,
DATAFLOW,OECD.SDD.STES:DSD_STES@DF_FINMARK(4.0),Financial market,I,ZAF,South Africa,A,Annual,IRLT,Long-term interest rates,PA,Percent per annum,_Z,Not applicable,_Z,Not applicable,_Z,Not applicable,_Z,Not applicable,N,National,2011,,8.514085,,A,Normal value,0,Units,2,Two,,
DATAFLOW,OECD.SDD.STES:DSD_STES@DF_FINMARK(4.0),Financial market,I,ZAF,South Africa,A,Annual,IRLT,Long-term interest rates,PA,Percent per annum,_Z,Not applicable,_Z,Not applicable,_Z,Not applicable,_Z,Not applicable,N,National,2012,,7.902799,,A,Normal value,0,Units,2,Two,,
DATAFLOW,OECD.SDD.STES:DSD_STES@DF_FINMARK(4.0),Financial market,I,ZAF,South Africa,A,Annual,IRLT,Long-term interest rates,PA,Percent per annum,_Z,Not applicable,_Z,Not applicable,_Z,Not applicable,_Z,Not applicable,N,National,2013,,7.719594,,A,Normal value,0,Units,2,Two,,
DATAFLOW,OECD.SDD.STES:DSD_STES@DF_FINMARK(4.0),Financial market,I,ZAF,South Africa,A,Annual,IRLT,Long-term interest rates,PA,Percent per annum,_Z,Not applicable,_Z,Not applicable,_Z,Not applicable,_Z,Not applicable,N,National,2014,,8.243854,,A,Normal value,0,Units,2,Two,,
DATAFLOW,OECD.SDD.STES:DSD_STES@DF_FINMARK(4.0),Financial market,I,ZAF,South Africa,A,Annual,IRLT,Long-term interest rates,PA,Percent per annum,_Z,Not applicable,_Z,Not applicable,_Z,Not applicable,_Z,Not applicable,N,National,2015,,8.159151,,A,Normal value,0,Units,2,Two,,
DATAFLOW,OECD.SDD.STES:DSD_STES@DF_FINMARK(4.0),Financial market,I,ZAF,South Africa,A,Annual,IRLT,Long-term interest rates,PA,Percent per annum,_Z,Not applicable,_Z,Not applicable,_Z,Not applicable,_Z,Not applicable,N,National,2016,,9.016841,,A,Normal value,0,Units,2,Two,,
DATAFLOW,OECD.SDD.STES:DSD_STES@DF_FINMARK(4.0),Financial market,I,ZAF,South Africa,A,Annual,IRLT,Long-term interest rates,PA,Percent per annum,_Z,Not applicable,_Z,Not applicable,_Z,Not applicable,_Z,Not applicable,N,National,2017,,9.054002,,A,Normal value,0,Units,2,Two,,
DATAFLOW,OECD.SDD.STES:DSD_STES@DF_FINMARK(4.0),Financial market,I,ZAF,South Africa,A,Annual,IRLT,Long-term interest rates,PA,Percent per annum,_Z,Not applicable,_Z,Not applicable,_Z,Not applicable,_Z,Not applicable,N,National,2018,,9.127577,,A,Normal value,0,Units,2,Two,,
DATAFLOW,OECD.SDD.STES:DSD_STES@DF_FINMARK(4.0),Financial market,I,ZAF,South Africa,A,Annual,IRLT,Long-term interest rates,PA,Percent per annum,_Z,Not applicable,_Z,Not applicable,_Z,Not applicable,_Z,Not applicable,N,National,2019,,9.072575,,A,Normal value,0,Units,2,Two,,
DATAFLOW,OECD.SDD.STES:DSD_STES@DF_FINMARK(4.0),Financial market,I,ZAF,South Africa,A,Annual,IRLT,Long-term interest rates,PA,Percent per annum,_Z,Not applicable,_Z,Not applicable,_Z,Not applicable,_Z,Not applicable,N,National,2020,,10.07324,,A,Normal value,0,Units,2,Two,,
DATAFLOW,OECD.SDD.STES:DSD_STES@DF_FINMARK(4.0),Financial market,I,ZAF,South Africa,A,Annual,IRLT,Long-term interest rates,PA,Percent per annum,_Z,Not applicable,_Z,Not applicable,_Z,Not applicable,_Z,Not applicable,N,National,2021,,9.789732,,A,Normal value,0,Units,2,Two,,
DATAFLOW,OECD.SDD.STES:DSD_STES@DF_FINMARK(4.0),Financial market,I,ZAF,South Africa,A,Annual,IRLT,Long-term interest rates,PA,Percent per annum,_Z,Not applicable,_Z,Not applicable,_Z,Not applicable,_Z,Not applicable,N,National,2022,,10.73649,,A,Normal value,0,Units,2,Two,,
DATAFLOW,OECD.SDD.STES:DSD_STES@DF_FINMARK(4.0),Financial market,I,ZAF,South Africa,A,Annual,IRLT,Long-term interest rates,PA,Percent per annum,_Z,Not applicable,_Z,Not applicable,_Z,Not applicable,_Z,Not applicable,N,National,2023,,11.62392,,A,Normal value,0,Units,2,Two,,
DATAFLOW,OECD.SDD.STES:DSD_STES@DF_FINMARK(4.0),Financial market,I,CAN,Canada,A,Annual,IRLT,Long-term interest rates,PA,Percent per annum,_Z,Not applicable,_Z,Not applicable,_Z,Not applicable,_Z,Not applicable,N,National,1955,,3.189167,,A,Normal value,0,Units,2,Two,,
DATAFLOW,OECD.SDD.STES:DSD_STES@DF_FINMARK(4.0),Financial market,I,CAN,Canada,A,Annual,IRLT,Long-term interest rates,PA,Percent per annum,_Z,Not applicable,_Z,Not applicable,_Z,Not applicable,_Z,Not applicable,N,National,1956,,3.605833,,A,Normal value,0,Units,2,Two,,
DATAFLOW,OECD.SDD.STES:DSD_STES@DF_FINMARK(4.0),Financial market,I,CAN,Canada,A,Annual,IRLT,Long-term interest rates,PA,Percent per annum,_Z,Not applicable,_Z,Not applicable,_Z,Not applicable,_Z,Not applicable,N,National,1957,,4.125,,A,Normal value,0,Units,2,Two,,
DATAFLOW,OECD.SDD.STES:DSD_STES@DF_FINMARK(4.0),Financial market,I,CAN,Canada,A,Annual,IRLT,Long-term interest rates,PA,Percent per annum,_Z,Not applicable,_Z,Not applicable,_Z,Not applicable,_Z,Not applicable,N,National,1958,,4.115833,,A,Normal value,0,Units,2,Two,,
DATAFLOW,OECD.SDD.STES:DSD_STES@DF_FINMARK(4.0),Financial market,I,CAN,Canada,A,Annual,IRLT,Long-term interest rates,PA,Percent per annum,_Z,Not applicable,_Z,Not applicable,_Z,Not applicable,_Z,Not applicable,N,National,1959,,5.048333,,A,Normal value,0,Units,2,Two,,
DATAFLOW,OECD.SDD.STES:DSD_STES@DF_FINMARK(4.0),Financial market,I,CAN,Canada,A,Annual,IRLT,Long-term interest rates,PA,Percent per annum,_Z,Not applicable,_Z,Not applicable,_Z,Not applicable,_Z,Not applicable,N,National,1960,,5.188334,,A,Normal value,0,Units,2,Two,,
DATAFLOW,OECD.SDD.STES:DSD_STES@DF_FINMARK(4.0),Financial market,I,CAN,Canada,A,Annual,IRLT,Long-term interest rates,PA,Percent per annum,_Z,Not applicable,_Z,Not applicable,_Z,Not applicable,_Z,Not applicable,N,National,1961,,5.058333,,A,Normal value,0,Units,2,Two,,
DATAFLOW,OECD.SDD.STES:DSD_STES@DF_FINMARK(4.0),Financial market,I,CAN,Canada,A,Annual,IRLT,Long-term interest rates,PA,Percent per annum,_Z,Not applicable,_Z,Not applicable,_Z,Not applicable,_Z,Not applicable,N,National,1962,,5.099167,,A,Normal value,0,Units,2,Two,,
DATAFLOW,OECD.SDD.STES:DSD_STES@DF_FINMARK(4.0),Financial market,I,CAN,Canada,A,Annual,IRLT,Long-term interest rates,PA,Percent per annum,_Z,Not applicable,_Z,Not applicable,_Z,Not applicable,_Z,Not applicable,N,National,1963,,5.090833,,A,Normal value,0,Units,2,Two,,
DATAFLOW,OECD.SDD.STES:DSD_STES@DF_FINMARK(4.0),Financial market,I,CAN,Canada,A,Annual,IRLT,Long-term interest rates,PA,Percent per annum,_Z,Not applicable,_Z,Not applicable,_Z,Not applicable,_Z,Not applicable,N,National,1964,,5.184166,,A,Normal value,0,Units,2,Two,,
DATAFLOW,OECD.SDD.STES:DSD_STES@DF_FINMARK(4.0),Financial market,I,CAN,Canada,A,Annual,IRLT,Long-term interest rates,PA,Percent per annum,_Z,Not applicable,_Z,Not applicable,_Z,Not applicable,_Z,Not applicable,N,National,1965,,5.199167,,A,Normal value,0,Units,2,Two,,
DATAFLOW,OECD.SDD.STES:DSD_STES@DF_FINMARK(4.0),Financial market,I,CAN,Canada,A,Annual,IRLT,Long-term interest rates,PA,Percent per annum,_Z,Not applicable,_Z,Not applicable,_Z,Not applicable,_Z,Not applicable,N,National,1966,,5.685,,A,Normal value,0,Units,2,Two,,
DATAFLOW,OECD.SDD.STES:DSD_STES@DF_FINMARK(4.0),Financial market,I,CAN,Canada,A,Annual,IRLT,Long-term interest rates,PA,Percent per annum,_Z,Not applicable,_Z,Not applicable,_Z,Not applicable,_Z,Not applicable,N,National,1967,,5.898334,,A,Normal value,0,Units,2,Two,,
DATAFLOW,OECD.SDD.STES:DSD_STES@DF_FINMARK(4.0),Financial market,I,CAN,Canada,A,Annual,IRLT,Long-term interest rates,PA,Percent per annum,_Z,Not applicable,_Z,Not applicable,_Z,Not applicable,_Z,Not applicable,N,National,1968,,6.725,,A,Normal value,0,Units,2,Two,,
DATAFLOW,OECD.SDD.STES:DSD_STES@DF_FINMARK(4.0),Financial market,I,CAN,Canada,A,Annual,IRLT,Long-term interest rates,PA,Percent per annum,_Z,Not applicable,_Z,Not applicable,_Z,Not applicable,_Z,Not applicable,N,National,1969,,7.558333,,A,Normal value,0,Units,2,Two,,
DATAFLOW,OECD.SDD.STES:DSD_STES@DF_FINMARK(4.0),Financial market,I,CAN,Canada,A,Annual,IRLT,Long-term interest rates,PA,Percent per annum,_Z,Not applicable,_Z,Not applicable,_Z,Not applicable,_Z,Not applicable,N,National,1970,,7.965833,,A,Normal value,0,Units,2,Two,,
DATAFLOW,OECD.SDD.STES:DSD_STES@DF_FINMARK(4.0),Financial market,I,CAN,Canada,A,Annual,IRLT,Long-term interest rates,PA,Percent per annum,_Z,Not applicable,_Z,Not applicable,_Z,Not applicable,_Z,Not applicable,N,National,1971,,6.945,,A,Normal value,0,Units,2,Two,,
DATAFLOW,OECD.SDD.STES:DSD_STES@DF_FINMARK(4.0),Financial market,I,CAN,Canada,A,Annual,IRLT,Long-term interest rates,PA,Percent per annum,_Z,Not applicable,_Z,Not applicable,_Z,Not applicable,_Z,Not applicable,N,National,1972,,7.225,,A,Normal value,0,Units,2,Two,,
DATAFLOW,OECD.SDD.STES:DSD_STES@DF_FINMARK(4.0),Financial market,I,CAN,Canada,A,Annual,IRLT,Long-term interest rates,PA,Percent per annum,_Z,Not applicable,_Z,Not applicable,_Z,Not applicable,_Z,Not applicable,N,National,1973,,7.528333,,A,Normal value,0,Units,2,Two,,
DATAFLOW,OECD.SDD.STES:DSD_STES@DF_FINMARK(4.0),Financial market,I,CAN,Canada,A,Annual,IRLT,Long-term interest rates,PA,Percent per annum,_Z,Not applicable,_Z,Not applicable,_Z,Not applicable,_Z,Not applicable,N,National,1974,,8.87,,A,Normal value,0,Units,2,Two,,
DATAFLOW,OECD.SDD.STES:DSD_STES@DF_FINMARK(4.0),Financial market,I,CAN,Canada,A,Annual,IRLT,Long-term interest rates,PA,Percent per annum,_Z,Not applicable,_Z,Not applicable,_Z,Not applicable,_Z,Not applicable,N,National,1975,,8.993333,,A,Normal value,0,Units,2,Two,,
DATAFLOW,OECD.SDD.STES:DSD_STES@DF_FINMARK(4.0),Financial market,I,CAN,Canada,A,Annual,IRLT,Long-term interest rates,PA,Percent per annum,_Z,Not applicable,_Z,Not applicable,_Z,Not applicable,_Z,Not applicable,N,National,1976,,9.229167,,A,Normal value,0,Units,2,Two,,
DATAFLOW,OECD.SDD.STES:DSD_STES@DF_FINMARK(4.0),Financial market,I,CAN,Canada,A,Annual,IRLT,Long-term interest rates,PA,Percent per annum,_Z,Not applicable,_Z,Not applicable,_Z,Not applicable,_Z,Not applicable,N,National,1977,,8.693334,,A,Normal value,0,Units,2,Two,,
DATAFLOW,OECD.SDD.STES:DSD_STES@DF_FINMARK(4.0),Financial market,I,CAN,Canada,A,Annual,IRLT,Long-term interest rates,PA,Percent per annum,_Z,Not applicable,_Z,Not applicable,_Z,Not applicable,_Z,Not applicable,N,National,1978,,9.235833,,A,Normal value,0,Units,2,Two,,
DATAFLOW,OECD.SDD.STES:DSD_STES@DF_FINMARK(4.0),Financial market,I,CAN,Canada,A,Annual,IRLT,Long-term interest rates,PA,Percent per annum,_Z,Not applicable,_Z,Not applicable,_Z,Not applicable,_Z,Not applicable,N,National,1979,,10.17917,,A,Normal value,0,Units,2,Two,,
DATAFLOW,OECD.SDD.STES:DSD_STES@DF_FINMARK(4.0),Financial market,I,CAN,Canada,A,Annual,IRLT,Long-term interest rates,PA,Percent per annum,_Z,Not applicable,_Z,Not applicable,_Z,Not applicable,_Z,Not applicable,N,National,1980,,12.33833,,A,Normal value,0,Units,2,Two,,
DATAFLOW,OECD.SDD.STES:DSD_STES@DF_FINMARK(4.0),Financial market,I,CAN,Canada,A,Annual,IRLT,Long-term interest rates,PA,Percent per annum,_Z,Not applicable,_Z,Not applicable,_Z,Not applicable,_Z,Not applicable,N,National,1981,,14.98917,,A,Normal value,0,Units,2,Two,,
DATAFLOW,OECD.SDD.STES:DSD_STES@DF_FINMARK(4.0),Financial market,I,CAN,Canada,A,Annual,IRLT,Long-term interest rates,PA,Percent per annum,_Z,Not applicable,_Z,Not applicable,_Z,Not applicable,_Z,Not applicable,N,National,1983,,11.39858,,A,Normal value,0,Units,2,Two,,
DATAFLOW,OECD.SDD.STES:DSD_STES@DF_FINMARK(4.0),Financial market,I,CAN,Canada,A,Annual,IRLT,Long-term interest rates,PA,Percent per annum,_Z,Not applicable,_Z,Not applicable,_Z,Not applicable,_Z,Not applicable,N,National,1984,,12.71004,,A,Normal value,0,Units,2,Two,,
DATAFLOW,OECD.SDD.STES:DSD_STES@DF_FINMARK(4.0),Financial market,I,CAN,Canada,A,Annual,IRLT,Long-term interest rates,PA,Percent per annum,_Z,Not applicable,_Z,Not applicable,_Z,Not applicable,_Z,Not applicable,N,National,1985,,10.91183,,A,Normal value,0,Units,2,Two,,
DATAFLOW,OECD.SDD.STES:DSD_STES@DF_FINMARK(4.0),Financial market,I,CAN,Canada,A,Annual,IRLT,Long-term interest rates,PA,Percent per annum,_Z,Not applicable,_Z,Not applicable,_Z,Not applicable,_Z,Not applicable,N,National,1986,,9.145541,,A,Normal value,0,Units,2,Two,,
DATAFLOW,OECD.SDD.STES:DSD_STES@DF_FINMARK(4.0),Financial market,I,CAN,Canada,A,Annual,IRLT,Long-term interest rates,PA,Percent per annum,_Z,Not applicable,_Z,Not applicable,_Z,Not applicable,_Z,Not applicable,N,National,1987,,9.470708,,A,Normal value,0,Units,2,Two,,
DATAFLOW,OECD.SDD.STES:DSD_STES@DF_FINMARK(4.0),Financial market,I,CAN,Canada,A,Annual,IRLT,Long-term interest rates,PA,Percent per annum,_Z,Not applicable,_Z,Not applicable,_Z,Not applicable,_Z,Not applicable,N,National,1988,,9.830916,,A,Normal value,0,Units,2,Two,,
DATAFLOW,OECD.SDD.STES:DSD_STES@DF_FINMARK(4.0),Financial market,I,CAN,Canada,A,Annual,IRLT,Long-term interest rates,PA,Percent per annum,_Z,Not applicable,_Z,Not applicable,_Z,Not applicable,_Z,Not applicable,N,National,1989,,9.782253,,A,Normal value,0,Units,2,Two,,
DATAFLOW,OECD.SDD.STES:DSD_STES@DF_FINMARK(4.0),Financial market,I,CAN,Canada,A,Annual,IRLT,Long-term interest rates,PA,Percent per annum,_Z,Not applicable,_Z,Not applicable,_Z,Not applicable,_Z,Not applicable,N,National,1990,,10.72708,,A,Normal value,0,Units,2,Two,,
DATAFLOW,OECD.SDD.STES:DSD_STES@DF_FINMARK(4.0),Financial market,I,CAN,Canada,A,Annual,IRLT,Long-term interest rates,PA,Percent per annum,_Z,Not applicable,_Z,Not applicable,_Z,Not applicable,_Z,Not applicable,N,National,1991,,9.455926,,A,Normal value,0,Units,2,Two,,
DATAFLOW,OECD.SDD.STES:DSD_STES@DF_FINMARK(4.0),Financial market,I,CAN,Canada,A,Annual,IRLT,Long-term interest rates,PA,Percent per annum,_Z,Not applicable,_Z,Not applicable,_Z,Not applicable,_Z,Not applicable,N,National,1992,,8.061233,,A,Normal value,0,Units,2,Two,,
DATAFLOW,OECD.SDD.STES:DSD_STES@DF_FINMARK(4.0),Financial market,I,CAN,Canada,A,Annual,IRLT,Long-term interest rates,PA,Percent per annum,_Z,Not applicable,_Z,Not applicable,_Z,Not applicable,_Z,Not applicable,N,National,1993,,7.24507,,A,Normal value,0,Units,2,Two,,
DATAFLOW,OECD.SDD.STES:DSD_STES@DF_FINMARK(4.0),Financial market,I,CAN,Canada,A,Annual,IRLT,Long-term interest rates,PA,Percent per annum,_Z,Not applicable,_Z,Not applicable,_Z,Not applicable,_Z,Not applicable,N,National,1994,,8.364868,,A,Normal value,0,Units,2,Two,,
DATAFLOW,OECD.SDD.STES:DSD_STES@DF_FINMARK(4.0),Financial market,I,CAN,Canada,A,Annual,IRLT,Long-term interest rates,PA,Percent per annum,_Z,Not applicable,_Z,Not applicable,_Z,Not applicable,_Z,Not applicable,N,National,1995,,8.161792,,A,Normal value,0,Units,2,Two,,
DATAFLOW,OECD.SDD.STES:DSD_STES@DF_FINMARK(4.0),Financial market,I,CAN,Canada,A,Annual,IRLT,Long-term interest rates,PA,Percent per annum,_Z,Not applicable,_Z,Not applicable,_Z,Not applicable,_Z,Not applicable,N,National,1996,,7.229915,,A,Normal value,0,Units,2,Two,,
DATAFLOW,OECD.SDD.STES:DSD_STES@DF_FINMARK(4.0),Financial market,I,CAN,Canada,A,Annual,IRLT,Long-term interest rates,PA,Percent per annum,_Z,Not applicable,_Z,Not applicable,_Z,Not applicable,_Z,Not applicable,N,National,1997,,6.143073,,A,Normal value,0,Units,2,Two,,
DATAFLOW,OECD.SDD.STES:DSD_STES@DF_FINMARK(4.0),Financial market,I,CAN,Canada,A,Annual,IRLT,Long-term interest rates,PA,Percent per annum,_Z,Not applicable,_Z,Not applicable,_Z,Not applicable,_Z,Not applicable,N,National,1998,,5.279053,,A,Normal value,0,Units,2,Two,,
DATAFLOW,OECD.SDD.STES:DSD_STES@DF_FINMARK(4.0),Financial market,I,CAN,Canada,A,Annual,IRLT,Long-term interest rates,PA,Percent per annum,_Z,Not applicable,_Z,Not applicable,_Z,Not applicable,_Z,Not applicable,N,National,1999,,5.541102,,A,Normal value,0,Units,2,Two,,
DATAFLOW,OECD.SDD.STES:DSD_STES@DF_FINMARK(4.0),Financial market,I,CAN,Canada,A,Annual,IRLT,Long-term interest rates,PA,Percent per annum,_Z,Not applicable,_Z,Not applicable,_Z,Not applicable,_Z,Not applicable,N,National,2000,,5.925412,,A,Normal value,0,Units,2,Two,,
DATAFLOW,OECD.SDD.STES:DSD_STES@DF_FINMARK(4.0),Financial market,I,CAN,Canada,A,Annual,IRLT,Long-term interest rates,PA,Percent per annum,_Z,Not applicable,_Z,Not applicable,_Z,Not applicable,_Z,Not applicable,N,National,2001,,5.480272,,A,Normal value,0,Units,2,Two,,
DATAFLOW,OECD.SDD.STES:DSD_STES@DF_FINMARK(4.0),Financial market,I,CAN,Canada,A,Annual,IRLT,Long-term interest rates,PA,Percent per annum,_Z,Not applicable,_Z,Not applicable,_Z,Not applicable,_Z,Not applicable,N,National,2002,,5.290907,,A,Normal value,0,Units,2,Two,,
DATAFLOW,OECD.SDD.STES:DSD_STES@DF_FINMARK(4.0),Financial market,I,CAN,Canada,A,Annual,IRLT,Long-term interest rates,PA,Percent per annum,_Z,Not applicable,_Z,Not applicable,_Z,Not applicable,_Z,Not applicable,N,National,2003,,4.810544,,A,Normal value,0,Units,2,Two,,
DATAFLOW,OECD.SDD.STES:DSD_STES@DF_FINMARK(4.0),Financial market,I,CAN,Canada,A,Annual,IRLT,Long-term interest rates,PA,Percent per annum,_Z,Not applicable,_Z,Not applicable,_Z,Not applicable,_Z,Not applicable,N,National,2004,,4.579607,,A,Normal value,0,Units,2,Two,,
DATAFLOW,OECD.SDD.STES:DSD_STES@DF_FINMARK(4.0),Financial market,I,CAN,Canada,A,Annual,IRLT,Long-term interest rates,PA,Percent per annum,_Z,Not applicable,_Z,Not applicable,_Z,Not applicable,_Z,Not applicable,N,National,2005,,4.066929,,A,Normal value,0,Units,2,Two,,
DATAFLOW,OECD.SDD.STES:DSD_STES@DF_FINMARK(4.0),Financial market,I,CAN,Canada,A,Annual,IRLT,Long-term interest rates,PA,Percent per annum,_Z,Not applicable,_Z,Not applicable,_Z,Not applicable,_Z,Not applicable,N,National,2006,,4.20776,,A,Normal value,0,Units,2,Two,,
DATAFLOW,OECD.SDD.STES:DSD_STES@DF_FINMARK(4.0),Financial market,I,CAN,Canada,A,Annual,IRLT,Long-term interest rates,PA,Percent per annum,_Z,Not applicable,_Z,Not applicable,_Z,Not applicable,_Z,Not applicable,N,National,2007,,4.269767,,A,Normal value,0,Units,2,Two,,
DATAFLOW,OECD.SDD.STES:DSD_STES@DF_FINMARK(4.0),Financial market,I,CAN,Canada,A,Annual,IRLT,Long-term interest rates,PA,Percent per annum,_Z,Not applicable,_Z,Not applicable,_Z,Not applicable,_Z,Not applicable,N,National,2008,,3.605302,,A,Normal value,0,Units,2,Two,,
DATAFLOW,OECD.SDD.STES:DSD_STES@DF_FINMARK(4.0),Financial market,I,CAN,Canada,A,Annual,IRLT,Long-term interest rates,PA,Percent per annum,_Z,Not applicable,_Z,Not applicable,_Z,Not applicable,_Z,Not applicable,N,National,2009,,3.230619,,A,Normal value,0,Units,2,Two,,
DATAFLOW,OECD.SDD.STES:DSD_STES@DF_FINMARK(4.0),Financial market,I,CAN,Canada,A,Annual,IRLT,Long-term interest rates,PA,Percent per annum,_Z,Not applicable,_Z,Not applicable,_Z,Not applicable,_Z,Not applicable,N,National,2010,,3.23514,,A,Normal value,0,Units,2,Two,,
DATAFLOW,OECD.SDD.STES:DSD_STES@DF_FINMARK(4.0),Financial market,I,CAN,Canada,A,Annual,IRLT,Long-term interest rates,PA,Percent per annum,_Z,Not applicable,_Z,Not applicable,_Z,Not applicable,_Z,Not applicable,N,National,2011,,2.783036,,A,Normal value,0,Units,2,Two,,
DATAFLOW,OECD.SDD.STES:DSD_STES@DF_FINMARK(4.0),Financial market,I,CAN,Canada,A,Annual,IRLT,Long-term interest rates,PA,Percent per annum,_Z,Not applicable,_Z,Not applicable,_Z,Not applicable,_Z,Not applicable,N,National,2012,,1.87341,,A,Normal value,0,Units,2,Two,,
DATAFLOW,OECD.SDD.STES:DSD_STES@DF_FINMARK(4.0),Financial market,I,CAN,Canada,A,Annual,IRLT,Long-term interest rates,PA,Percent per annum,_Z,Not applicable,_Z,Not applicable,_Z,Not applicable,_Z,Not applicable,N,National,2013,,2.261959,,A,Normal value,0,Units,2,Two,,
DATAFLOW,OECD.SDD.STES:DSD_STES@DF_FINMARK(4.0),Financial market,I,CAN,Canada,A,Annual,IRLT,Long-term interest rates,PA,Percent per annum,_Z,Not applicable,_Z,Not applicable,_Z,Not applicable,_Z,Not applicable,N,National,2014,,2.23083,,A,Normal value,0,Units,2,Two,,
DATAFLOW,OECD.SDD.STES:DSD_STES@DF_FINMARK(4.0),Financial market,I,CAN,Canada,A,Annual,IRLT,Long-term interest rates,PA,Percent per annum,_Z,Not applicable,_Z,Not applicable,_Z,Not applicable,_Z,Not applicable,N,National,2015,,1.521695,,A,Normal value,0,Units,2,Two,,
DATAFLOW,OECD.SDD.STES:DSD_STES@DF_FINMARK(4.0),Financial market,I,CAN,Canada,A,Annual,IRLT,Long-term interest rates,PA,Percent per annum,_Z,Not applicable,_Z,Not applicable,_Z,Not applicable,_Z,Not applicable,N,National,2016,,1.251758,,A,Normal value,0,Units,2,Two,,
DATAFLOW,OECD.SDD.STES:DSD_STES@DF_FINMARK(4.0),Financial market,I,CAN,Canada,A,Annual,IRLT,Long-term interest rates,PA,Percent per annum,_Z,Not applicable,_Z,Not applicable,_Z,Not applicable,_Z,Not applicable,N,National,2017,,1.783652,,A,Normal value,0,Units,2,Two,,
DATAFLOW,OECD.SDD.STES:DSD_STES@DF_FINMARK(4.0),Financial market,I,CAN,Canada,A,Annual,IRLT,Long-term interest rates,PA,Percent per annum,_Z,Not applicable,_Z,Not applicable,_Z,Not applicable,_Z,Not applicable,N,National,2018,,2.277912,,A,Normal value,0,Units,2,Two,,
DATAFLOW,OECD.SDD.STES:DSD_STES@DF_FINMARK(4.0),Financial market,I,CAN,Canada,A,Annual,IRLT,Long-term interest rates,PA,Percent per annum,_Z,Not applicable,_Z,Not applicable,_Z,Not applicable,_Z,Not applicable,N,National,2020,,0.7531087,,A,Normal value,0,Units,2,Two,,
DATAFLOW,OECD.SDD.STES:DSD_STES@DF_FINMARK(4.0),Financial market,I,CAN,Canada,A,Annual,IRLT,Long-term interest rates,PA,Percent per annum,_Z,Not applicable,_Z,Not applicable,_Z,Not applicable,_Z,Not applicable,N,National,2021,,1.358811,,A,Normal value,0,Units,2,Two,,
DATAFLOW,OECD.SDD.STES:DSD_STES@DF_FINMARK(4.0),Financial market,I,GBR,United Kingdom,A,Annual,IRLT,Long-term interest rates,PA,Percent per annum,_Z,Not applicable,_Z,Not applicable,_Z,Not applicable,_Z,Not applicable,N,National,1960,,5.855834,,A,Normal value,0,Units,2,Two,,
DATAFLOW,OECD.SDD.STES:DSD_STES@DF_FINMARK(4.0),Financial market,I,GBR,United Kingdom,A,Annual,IRLT,Long-term interest rates,PA,Percent per annum,_Z,Not applicable,_Z,Not applicable,_Z,Not applicable,_Z,Not applicable,N,National,1961,,6.264167,,A,Normal value,0,Units,2,Two,,
DATAFLOW,OECD.SDD.STES:DSD_STES@DF_FINMARK(4.0),Financial market,I,GBR,United Kingdom,A,Annual,IRLT,Long-term interest rates,PA,Percent per annum,_Z,Not applicable,_Z,Not applicable,_Z,Not applicable,_Z,Not applicable,N,National,1962,,5.764167,,A,Normal value,0,Units,2,Two,,
DATAFLOW,OECD.SDD.STES:DSD_STES@DF_FINMARK(4.0),Financial market,I,GBR,United Kingdom,A,Annual,IRLT,Long-term interest rates,PA,Percent per annum,_Z,Not applicable,_Z,Not applicable,_Z,Not applicable,_Z,Not applicable,N,National,1963,,5.165833,,A,Normal value,0,Units,2,Two,,
DATAFLOW,OECD.SDD.STES:DSD_STES@DF_FINMARK(4.0),Financial market,I,GBR,United Kingdom,A,Annual,IRLT,Long-term interest rates,PA,Percent per annum,_Z,Not applicable,_Z,Not applicable,_Z,Not applicable,_Z,Not applicable,N,National,1964,,5.7025,,A,Normal value,0,Units,2,Two,,
DATAFLOW,OECD.SDD.STES:DSD_STES@DF_FINMARK(4.0),Financial market,I,GBR,United Kingdom,A,Annual,IRLT,Long-term interest rates,PA,Percent per annum,_Z,Not applicable,_Z,Not applicable,_Z,Not applicable,_Z,Not applicable,N,National,1965,,6.551667,,A,Normal value,0,Units,2,Two,,
DATAFLOW,OECD.SDD.STES:DSD_STES@DF_FINMARK(4.0),Financial market,I,GBR,United Kingdom,A,Annual,IRLT,Long-term interest rates,PA,Percent per annum,_Z,Not applicable,_Z,Not applicable,_Z,Not applicable,_Z,Not applicable,N,National,1966,,6.866667,,A,Normal value,0,Units,2,Two,,
DATAFLOW,OECD.SDD.STES:DSD_STES@DF_FINMARK(4.0),Financial market,I,GBR,United Kingdom,A,Annual,IRLT,Long-term interest rates,PA,Percent per annum,_Z,Not applicable,_Z,Not applicable,_Z,Not applicable,_Z,Not applicable,N,National,1967,,6.7,,A,Normal value,0,Units,2,Two,,
DATAFLOW,OECD.SDD.STES:DSD_STES@DF_FINMARK(4.0),Financial market,I,GBR,United Kingdom,A,Annual,IRLT,Long-term interest rates,PA,Percent per annum,_Z,Not applicable,_Z,Not applicable,_Z,Not applicable,_Z,Not applicable,N,National,1968,,7.509167,,A,Normal value,0,Units,2,Two,,
DATAFLOW,OECD.SDD.STES:DSD_STES@DF_FINMARK(4.0),Financial market,I,GBR,United Kingdom,A,Annual,IRLT,Long-term interest rates,PA,Percent per annum,_Z,Not applicable,_Z,Not applicable,_Z,Not applicable,_Z,Not applicable,N,National,1969,,8.83,,A,Normal value,0,Units,2,Two,,
DATAFLOW,OECD.SDD.STES:DSD_STES@DF_FINMARK(4.0),Financial market,I,GBR,United Kingdom,A,Annual,IRLT,Long-term interest rates,PA,Percent per annum,_Z,Not applicable,_Z,Not applicable,_Z,Not applicable,_Z,Not applicable,N,National,1970,,8.634167,,A,Normal value,0,Units,2,Two,,
DATAFLOW,OECD.SDD.STES:DSD_STES@DF_FINMARK(4.0),Financial market,I,GBR,United Kingdom,A,Annual,IRLT,Long-term interest rates,PA,Percent per annum,_Z,Not applicable,_Z,Not applicable,_Z,Not applicable,_Z,Not applicable,N,National,1971,,7.868333,,A,Normal value,0,Units,2,Two,,
DATAFLOW,OECD.SDD.STES:DSD_STES@DF_FINMARK(4.0),Financial market,I,GBR,United Kingdom,A,Annual,IRLT,Long-term interest rates,PA,Percent per annum,_Z,Not applicable,_Z,Not applicable,_Z,Not applicable,_Z,Not applicable,N,National,1972,,8.375,,A,Normal value,0,Units,2,Two,,
DATAFLOW,OECD.SDD.STES:DSD_STES@DF_FINMARK(4.0),Financial market,I,GBR,United Kingdom,A,Annual,IRLT,Long-term interest rates,PA,Percent per annum,_Z,Not applicable,_Z,Not applicable,_Z,Not applicable,_Z,Not applicable,N,National,1973,,10.55833,,A,Normal value,0,Units,2,Two,,
DATAFLOW,OECD.SDD.STES:DSD_STES@DF_FINMARK(4.0),Financial market,I,GBR,United Kingdom,A,Annual,IRLT,Long-term interest rates,PA,Percent per annum,_Z,Not applicable,_Z,Not applicable,_Z,Not applicable,_Z,Not applicable,N,National,1974,,14.20667,,A,Normal value,0,Units,2,Two,,
DATAFLOW,OECD.SDD.STES:DSD_STES@DF_FINMARK(4.0),Financial market,I,GBR,United Kingdom,A,Annual,IRLT,Long-term interest rates,PA,Percent per annum,_Z,Not applicable,_Z,Not applicable,_Z,Not applicable,_Z,Not applicable,N,National,1975,,13.18167,,A,Normal value,0,Units,2,Two,,
DATAFLOW,OECD.SDD.STES:DSD_STES@DF_FINMARK(4.0),Financial market,I,GBR,United Kingdom,A,Annual,IRLT,Long-term interest rates,PA,Percent per annum,_Z,Not applicable,_Z,Not applicable,_Z,Not applicable,_Z,Not applicable,N,National,1976,,13.61,,A,Normal value,0,Units,2,Two,,
DATAFLOW,OECD.SDD.STES:DSD_STES@DF_FINMARK(4.0),Financial market,I,GBR,United Kingdom,A,Annual,IRLT,Long-term interest rates,PA,Percent per annum,_Z,Not applicable,_Z,Not applicable,_Z,Not applicable,_Z,Not applicable,N,National,1977,,12.0275,,A,Normal value,0,Units,2,Two,,
DATAFLOW,OECD.SDD.STES:DSD_STES@DF_FINMARK(4.0),Financial market,I,GBR,United Kingdom,A,Annual,IRLT,Long-term interest rates,PA,Percent per annum,_Z,Not applicable,_Z,Not applicable,_Z,Not applicable,_Z,Not applicable,N,National,1978,,12.065,,A,Normal value,0,Units,2,Two,,
DATAFLOW,OECD.SDD.STES:DSD_STES@DF_FINMARK(4.0),Financial market,I,GBR,United Kingdom,A,Annual,IRLT,Long-term interest rates,PA,Percent per annum,_Z,Not applicable,_Z,Not applicable,_Z,Not applicable,_Z,Not applicable,N,National,1979,,12.94583,,A,Normal value,0,Units,2,Two,,
DATAFLOW,OECD.SDD.STES:DSD_STES@DF_FINMARK(4.0),Financial market,I,GBR,United Kingdom,A,Annual,IRLT,Long-term interest rates,PA,Percent per annum,_Z,Not applicable,_Z,Not applicable,_Z,Not applicable,_Z,Not applicable,N,National,1980,,13.91333,,A,Normal value,0,Units,2,Two,,
DATAFLOW,OECD.SDD.STES:DSD_STES@DF_FINMARK(4.0),Financial market,I,GBR,United Kingdom,A,Annual,IRLT,Long-term interest rates,PA,Percent per annum,_Z,Not applicable,_Z,Not applicable,_Z,Not applicable,_Z,Not applicable,N,National,1981,,14.88333,,A,Normal value,0,Units,2,Two,,
DATAFLOW,OECD.SDD.STES:DSD_STES@DF_FINMARK(4.0),Financial market,I,GBR,United Kingdom,A,Annual,IRLT,Long-term interest rates,PA,Percent per annum,_Z,Not applicable,_Z,Not applicable,_Z,Not applicable,_Z,Not applicable,N,National,1982,,13.085,,A,Normal value,0,Units,2,Two,,
DATAFLOW,OECD.SDD.STES:DSD_STES@DF_FINMARK(4.0),Financial market,I,GBR,United Kingdom,A,Annual,IRLT,Long-term interest rates,PA,Percent per annum,_Z,Not applicable,_Z,Not applicable,_Z,Not applicable,_Z,Not applicable,N,National,1983,,11.26833,,A,Normal value,0,Units,2,Two,,
DATAFLOW,OECD.SDD.STES:DSD_STES@DF_FINMARK(4.0),Financial market,I,GBR,United Kingdom,A,Annual,IRLT,Long-term interest rates,PA,Percent per annum,_Z,Not applicable,_Z,Not applicable,_Z,Not applicable,_Z,Not applicable,N,National,1984,,11.1275,,A,Normal value,0,Units,2,Two,,
DATAFLOW,OECD.SDD.STES:DSD_STES@DF_FINMARK(4.0),Financial market,I,GBR,United Kingdom,A,Annual,IRLT,Long-term interest rates,PA,Percent per annum,_Z,Not applicable,_Z,Not applicable,_Z,Not applicable,_Z,Not applicable,N,National,1985,,10.97,,A,Normal value,0,Units,2,Two,,
DATAFLOW,OECD.SDD.STES:DSD_STES@DF_FINMARK(4.0),Financial market,I,GBR,United Kingdom,A,Annual,IRLT,Long-term interest rates,PA,Percent per annum,_Z,Not applicable,_Z,Not applicable,_Z,Not applicable,_Z,Not applicable,N,National,1986,,10.135,,A,Normal value,0,Units,2,Two,,
DATAFLOW,OECD.SDD.STES:DSD_STES@DF_FINMARK(4.0),Financial market,I,GBR,United Kingdom,A,Annual,IRLT,Long-term interest rates,PA,Percent per annum,_Z,Not applicable,_Z,Not applicable,_Z,Not applicable,_Z,Not applicable,N,National,1987,,9.570833,,A,Normal value,0,Units,2,Two,,
DATAFLOW,OECD.SDD.STES:DSD_STES@DF_FINMARK(4.0),Financial market,I,GBR,United Kingdom,A,Annual,IRLT,Long-term interest rates,PA,Percent per annum,_Z,Not applicable,_Z,Not applicable,_Z,Not applicable,_Z,Not applicable,N,National,1988,,9.675834,,A,Normal value,0,Units,2,Two,,
DATAFLOW,OECD.SDD.STES:DSD_STES@DF_FINMARK(4.0),Financial market,I,GBR,United Kingdom,A,Annual,IRLT,Long-term interest rates,PA,Percent per annum,_Z,Not applicable,_Z,Not applicable,_Z,Not applicable,_Z,Not applicable,N,National,1989,,10.19083,,A,Normal value,0,Units,2,Two,,
DATAFLOW,OECD.SDD.STES:DSD_STES@DF_FINMARK(4.0),Financial market,I,GBR,United Kingdom,A,Annual,IRLT,Long-term interest rates,PA,Percent per annum,_Z,Not applicable,_Z,Not applicable,_Z,Not applicable,_Z,Not applicable,N,National,1990,,11.8025,,A,Normal value,0,Units,2,Two,,
DATAFLOW,OECD.SDD.STES:DSD_STES@DF_FINMARK(4.0),Financial market,I,GBR,United Kingdom,A,Annual,IRLT,Long-term interest rates,PA,Percent per annum,_Z,Not applicable,_Z,Not applicable,_Z,Not applicable,_Z,Not applicable,N,National,1991,,10.105,,A,Normal value,0,Units,2,Two,,
DATAFLOW,OECD.SDD.STES:DSD_STES@DF_FINMARK(4.0),Financial market,I,GBR,United Kingdom,A,Annual,IRLT,Long-term interest rates,PA,Percent per annum,_Z,Not applicable,_Z,Not applicable,_Z,Not applicable,_Z,Not applicable,N,National,1992,,9.063334,,A,Normal value,0,Units,2,Two,,
DATAFLOW,OECD.SDD.STES:DSD_STES@DF_FINMARK(4.0),Financial market,I,GBR,United Kingdom,A,Annual,IRLT,Long-term interest rates,PA,Percent per annum,_Z,Not applicable,_Z,Not applicable,_Z,Not applicable,_Z,Not applicable,N,National,1993,,7.479609,,A,Normal value,0,Units,2,Two,,
DATAFLOW,OECD.SDD.STES:DSD_STES@DF_FINMARK(4.0),Financial market,I,GBR,United Kingdom,A,Annual,IRLT,Long-term interest rates,PA,Percent per annum,_Z,Not applicable,_Z,Not applicable,_Z,Not applicable,_Z,Not applicable,N,National,1994,,8.1221,,A,Normal value,0,Units,2,Two,,
DATAFLOW,OECD.SDD.STES:DSD_STES@DF_FINMARK(4.0),Financial market,I,GBR,United Kingdom,A,Annual,IRLT,Long-term interest rates,PA,Percent per annum,_Z,Not applicable,_Z,Not applicable,_Z,Not applicable,_Z,Not applicable,N,National,1995,,8.200283,,A,Normal value,0,Units,2,Two,,
DATAFLOW,OECD.SDD.STES:DSD_STES@DF_FINMARK(4.0),Financial market,I,GBR,United Kingdom,A,Annual,IRLT,Long-term interest rates,PA,Percent per annum,_Z,Not applicable,_Z,Not applicable,_Z,Not applicable,_Z,Not applicable,N,National,1996,,7.810184,,A,Normal value,0,Units,2,Two,,
DATAFLOW,OECD.SDD.STES:DSD_STES@DF_FINMARK(4.0),Financial market,I,GBR,United Kingdom,A,Annual,IRLT,Long-term interest rates,PA,Percent per annum,_Z,Not applicable,_Z,Not applicable,_Z,Not applicable,_Z,Not applicable,N,National,1997,,7.052592,,A,Normal value,0,Units,2,Two,,
DATAFLOW,OECD.SDD.STES:DSD_STES@DF_FINMARK(4.0),Financial market,I,GBR,United Kingdom,A,Annual,IRLT,Long-term interest rates,PA,Percent per annum,_Z,Not applicable,_Z,Not applicable,_Z,Not applicable,_Z,Not applicable,N,National,1998,,5.550958,,A,Normal value,0,Units,2,Two,,
DATAFLOW,OECD.SDD.STES:DSD_STES@DF_FINMARK(4.0),Financial market,I,GBR,United Kingdom,A,Annual,IRLT,Long-term interest rates,PA,Percent per annum,_Z,Not applicable,_Z,Not applicable,_Z,Not applicable,_Z,Not applicable,N,National,1999,,5.093525,,A,Normal value,0,Units,2,Two,,
DATAFLOW,OECD.SDD.STES:DSD_STES@DF_FINMARK(4.0),Financial market,I,GBR,United Kingdom,A,Annual,IRLT,Long-term interest rates,PA,Percent per annum,_Z,Not applicable,_Z,Not applicable,_Z,Not applicable,_Z,Not applicable,N,National,2000,,5.328975,,A,Normal value,0,Units,2,Two,,
DATAFLOW,OECD.SDD.STES:DSD_STES@DF_FINMARK(4.0),Financial market,I,GBR,United Kingdom,A,Annual,IRLT,Long-term interest rates,PA,Percent per annum,_Z,Not applicable,_Z,Not applicable,_Z,Not applicable,_Z,Not applicable,N,National,2001,,4.9295,,A,Normal value,0,Units,2,Two,,
DATAFLOW,OECD.SDD.STES:DSD_STES@DF_FINMARK(4.0),Financial market,I,GBR,United Kingdom,A,Annual,IRLT,Long-term interest rates,PA,Percent per annum,_Z,Not applicable,_Z,Not applicable,_Z,Not applicable,_Z,Not applicable,N,National,2002,,4.894242,,A,Normal value,0,Units,2,Two,,
DATAFLOW,OECD.SDD.STES:DSD_STES@DF_FINMARK(4.0),Financial market,I,GBR,United Kingdom,A,Annual,IRLT,Long-term interest rates,PA,Percent per annum,_Z,Not applicable,_Z,Not applicable,_Z,Not applicable,_Z,Not applicable,N,National,2003,,4.526592,,A,Normal value,0,Units,2,Two,,
DATAFLOW,OECD.SDD.STES:DSD_STES@DF_FINMARK(4.0),Financial market,I,GBR,United Kingdom,A,Annual,IRLT,Long-term interest rates,PA,Percent per annum,_Z,Not applicable,_Z,Not applicable,_Z,Not applicable,_Z,Not applicable,N,National,2004,,4.882267,,A,Normal value,0,Units,2,Two,,
DATAFLOW,OECD.SDD.STES:DSD_STES@DF_FINMARK(4.0),Financial market,I,GBR,United Kingdom,A,Annual,IRLT,Long-term interest rates,PA,Percent per annum,_Z,Not applicable,_Z,Not applicable,_Z,Not applicable,_Z,Not applicable,N,National,2005,,4.413892,,A,Normal value,0,Units,2,Two,,
DATAFLOW,OECD.SDD.STES:DSD_STES@DF_FINMARK(4.0),Financial market,I,GBR,United Kingdom,A,Annual,IRLT,Long-term interest rates,PA,Percent per annum,_Z,Not applicable,_Z,Not applicable,_Z,Not applicable,_Z,Not applicable,N,National,2006,,4.501675,,A,Normal value,0,Units,2,Two,,
DATAFLOW,OECD.SDD.STES:DSD_STES@DF_FINMARK(4.0),Financial market,I,GBR,United Kingdom,A,Annual,IRLT,Long-term interest rates,PA,Percent per annum,_Z,Not applicable,_Z,Not applicable,_Z,Not applicable,_Z,Not applicable,N,National,2007,,5.011275,,A,Normal value,0,Units,2,Two,,
DATAFLOW,OECD.SDD.STES:DSD_STES@DF_FINMARK(4.0),Financial market,I,GBR,United Kingdom,A,Annual,IRLT,Long-term interest rates,PA,Percent per annum,_Z,Not applicable,_Z,Not applicable,_Z,Not applicable,_Z,Not applicable,N,National,2008,,4.590725,,A,Normal value,0,Units,2,Two,,
DATAFLOW,OECD.SDD.STES:DSD_STES@DF_FINMARK(4.0),Financial market,I,GBR,United Kingdom,A,Annual,IRLT,Long-term interest rates,PA,Percent per annum,_Z,Not applicable,_Z,Not applicable,_Z,Not applicable,_Z,Not applicable,N,National,2009,,3.647517,,A,Normal value,0,Units,2,Two,,
DATAFLOW,OECD.SDD.STES:DSD_STES@DF_FINMARK(4.0),Financial market,I,GBR,United Kingdom,A,Annual,IRLT,Long-term interest rates,PA,Percent per annum,_Z,Not applicable,_Z,Not applicable,_Z,Not applicable,_Z,Not applicable,N,National,2010,,3.624425,,A,Normal value,0,Units,2,Two,,
DATAFLOW,OECD.SDD.STES:DSD_STES@DF_FINMARK(4.0),Financial market,I,GBR,United Kingdom,A,Annual,IRLT,Long-term interest rates,PA,Percent per annum,_Z,Not applicable,_Z,Not applicable,_Z,Not applicable,_Z,Not applicable,N,National,2011,,3.135992,,A,Normal value,0,Units,2,Two,,
DATAFLOW,OECD.SDD.STES:DSD_STES@DF_FINMARK(4.0),Financial market,I,GBR,United Kingdom,A,Annual,IRLT,Long-term interest rates,PA,Percent per annum,_Z,Not applicable,_Z,Not applicable,_Z,Not applicable,_Z,Not applicable,N,National,2012,,1.918042,,A,Normal value,0,Units,2,Two,,
DATAFLOW,OECD.SDD.STES:DSD_STES@DF_FINMARK(4.0),Financial market,I,GBR,United Kingdom,A,Annual,IRLT,Long-term interest rates,PA,Percent per annum,_Z,Not applicable,_Z,Not applicable,_Z,Not applicable,_Z,Not applicable,N,National,2013,,2.389783,,A,Normal value,0,Units,2,Two,,
DATAFLOW,OECD.SDD.STES:DSD_STES@DF_FINMARK(4.0),Financial market,I,GBR,United Kingdom,A,Annual,IRLT,Long-term interest rates,PA,Percent per annum,_Z,Not applicable,_Z,Not applicable,_Z,Not applicable,_Z,Not applicable,N,National,2014,,2.569083,,A,Normal value,0,Units,2,Two,,
DATAFLOW,OECD.SDD.STES:DSD_STES@DF_FINMARK(4.0),Financial market,I,GBR,United Kingdom,A,Annual,IRLT,Long-term interest rates,PA,Percent per annum,_Z,Not applicable,_Z,Not applicable,_Z,Not applicable,_Z,Not applicable,N,National,2015,,1.901033,,A,Normal value,0,Units,2,Two,,
DATAFLOW,OECD.SDD.STES:DSD_STES@DF_FINMARK(4.0),Financial market,I,GBR,United Kingdom,A,Annual,IRLT,Long-term interest rates,PA,Percent per annum,_Z,Not applicable,_Z,Not applicable,_Z,Not applicable,_Z,Not applicable,N,National,2016,,1.305208,,A,Normal value,0,Units,2,Two,,
DATAFLOW,OECD.SDD.STES:DSD_STES@DF_FINMARK(4.0),Financial market,I,GBR,United Kingdom,A,Annual,IRLT,Long-term interest rates,PA,Percent per annum,_Z,Not applicable,_Z,Not applicable,_Z,Not applicable,_Z,Not applicable,N,National,2017,,1.235808,,A,Normal value,0,Units,2,Two,,
DATAFLOW,OECD.SDD.STES:DSD_STES@DF_FINMARK(4.0),Financial market,I,GBR,United Kingdom,A,Annual,IRLT,Long-term interest rates,PA,Percent per annum,_Z,Not applicable,_Z,Not applicable,_Z,Not applicable,_Z,Not applicable,N,National,2018,,1.460658,,A,Normal value,0,Units,2,Two,,
DATAFLOW,OECD.SDD.STES:DSD_STES@DF_FINMARK(4.0),Financial market,I,GBR,United Kingdom,A,Annual,IRLT,Long-term interest rates,PA,Percent per annum,_Z,Not applicable,_Z,Not applicable,_Z,Not applicable,_Z,Not applicable,N,National,2019,,0.935825,,A,Normal value,0,Units,2,Two,,
DATAFLOW,OECD.SDD.STES:DSD_STES@DF_FINMARK(4.0),Financial market,I,GBR,United Kingdom,A,Annual,IRLT,Long-term interest rates,PA,Percent per annum,_Z,Not applicable,_Z,Not applicable,_Z,Not applicable,_Z,Not applicable,N,National,2020,,0.3744417,,A,Normal value,0,Units,2,Two,,
DATAFLOW,OECD.SDD.STES:DSD_STES@DF_FINMARK(4.0),Financial market,I,GBR,United Kingdom,A,Annual,IRLT,Long-term interest rates,PA,Percent per annum,_Z,Not applicable,_Z,Not applicable,_Z,Not applicable,_Z,Not applicable,N,National,2021,,0.7876083,,A,Normal value,0,Units,2,Two,,
DATAFLOW,OECD.SDD.STES:DSD_STES@DF_FINMARK(4.0),Financial market,I,GBR,United Kingdom,A,Annual,IRLT,Long-term interest rates,PA,Percent per annum,_Z,Not applicable,_Z,Not applicable,_Z,Not applicable,_Z,Not applicable,N,National,2022,,2.447292,,A,Normal value,0,Units,2,Two,,
DATAFLOW,OECD.SDD.STES:DSD_STES@DF_FINMARK(4.0),Financial market,I,GBR,United Kingdom,A,Annual,IRLT,Long-term interest rates,PA,Percent per annum,_Z,Not applicable,_Z,Not applicable,_Z,Not applicable,_Z,Not applicable,N,National,2023,,4.0583,,A,Normal value,0,Units,2,Two,,
DATAFLOW,OECD.SDD.STES:DSD_STES@DF_FINMARK(4.0),Financial market,I,AUS,Australia,A,Annual,IRLT,Long-term interest rates,PA,Percent per annum,_Z,Not applicable,_Z,Not applicable,_Z,Not applicable,_Z,Not applicable,N,National,1970,,6.646667,,A,Normal value,0,Units,2,Two,,
DATAFLOW,OECD.SDD.STES:DSD_STES@DF_FINMARK(4.0),Financial market,I,AUS,Australia,A,Annual,IRLT,Long-term interest rates,PA,Percent per annum,_Z,Not applicable,_Z,Not applicable,_Z,Not applicable,_Z,Not applicable,N,National,1971,,6.713333,,A,Normal value,0,Units,2,Two,,
DATAFLOW,OECD.SDD.STES:DSD_STES@DF_FINMARK(4.0),Financial market,I,AUS,Australia,A,Annual,IRLT,Long-term interest rates,PA,Percent per annum,_Z,Not applicable,_Z,Not applicable,_Z,Not applicable,_Z,Not applicable,N,National,1972,,5.831666,,A,Normal value,0,Units,2,Two,,
DATAFLOW,OECD.SDD.STES:DSD_STES@DF_FINMARK(4.0),Financial market,I,AUS,Australia,A,Annual,IRLT,Long-term interest rates,PA,Percent per annum,_Z,Not applicable,_Z,Not applicable,_Z,Not applicable,_Z,Not applicable,N,National,1973,,6.933333,,A,Normal value,0,Units,2,Two,,
DATAFLOW,OECD.SDD.STES:DSD_STES@DF_FINMARK(4.0),Financial market,I,AUS,Australia,A,Annual,IRLT,Long-term interest rates,PA,Percent per annum,_Z,Not applicable,_Z,Not applicable,_Z,Not applicable,_Z,Not applicable,N,National,1974,,9.036667,,A,Normal value,0,Units,2,Two,,
DATAFLOW,OECD.SDD.STES:DSD_STES@DF_FINMARK(4.0),Financial market,I,AUS,Australia,A,Annual,IRLT,Long-term interest rates,PA,Percent per annum,_Z,Not applicable,_Z,Not applicable,_Z,Not applicable,_Z,Not applicable,N,National,1975,,9.741667,,A,Normal value,0,Units,2,Two,,
DATAFLOW,OECD.SDD.STES:DSD_STES@DF_FINMARK(4.0),Financial market,I,AUS,Australia,A,Annual,IRLT,Long-term interest rates,PA,Percent per annum,_Z,Not applicable,_Z,Not applicable,_Z,Not applicable,_Z,Not applicable,N,National,1976,,10.03083,,A,Normal value,0,Units,2,Two,,
DATAFLOW,OECD.SDD.STES:DSD_STES@DF_FINMARK(4.0),Financial market,I,AUS,Australia,A,Annual,IRLT,Long-term interest rates,PA,Percent per annum,_Z,Not applicable,_Z,Not applicable,_Z,Not applicable,_Z,Not applicable,N,National,1977,,10.22667,,A,Normal value,0,Units,2,Two,,
DATAFLOW,OECD.SDD.STES:DSD_STES@DF_FINMARK(4.0),Financial market,I,AUS,Australia,A,Annual,IRLT,Long-term interest rates,PA,Percent per annum,_Z,Not applicable,_Z,Not applicable,_Z,Not applicable,_Z,Not applicable,N,National,1978,,9.06,,A,Normal value,0,Units,2,Two,,
DATAFLOW,OECD.SDD.STES:DSD_STES@DF_FINMARK(4.0),Financial market,I,AUS,Australia,A,Annual,IRLT,Long-term interest rates,PA,Percent per annum,_Z,Not applicable,_Z,Not applicable,_Z,Not applicable,_Z,Not applicable,N,National,1979,,9.749166,,A,Normal value,0,Units,2,Two,,
DATAFLOW,OECD.SDD.STES:DSD_STES@DF_FINMARK(4.0),Financial market,I,AUS,Australia,A,Annual,IRLT,Long-term interest rates,PA,Percent per annum,_Z,Not applicable,_Z,Not applicable,_Z,Not applicable,_Z,Not applicable,N,National,1980,,11.6475,,A,Normal value,0,Units,2,Two,,
DATAFLOW,OECD.SDD.STES:DSD_STES@DF_FINMARK(4.0),Financial market,I,AUS,Australia,A,Annual,IRLT,Long-term interest rates,PA,Percent per annum,_Z,Not applicable,_Z,Not applicable,_Z,Not applicable,_Z,Not applicable,N,National,1981,,13.95833,,A,Normal value,0,Units,2,Two,,
DATAFLOW,OECD.SDD.STES:DSD_STES@DF_FINMARK(4.0),Financial market,I,AUS,Australia,A,Annual,IRLT,Long-term interest rates,PA,Percent per annum,_Z,Not applicable,_Z,Not applicable,_Z,Not applicable,_Z,Not applicable,N,National,1982,,15.375,,A,Normal value,0,Units,2,Two,,
DATAFLOW,OECD.SDD.STES:DSD_STES@DF_FINMARK(4.0),Financial market,I,AUS,Australia,A,Annual,IRLT,Long-term interest rates,PA,Percent per annum,_Z,Not applicable,_Z,Not applicable,_Z,Not applicable,_Z,Not applicable,N,National,1983,,13.8875,,A,Normal value,0,Units,2,Two,,
DATAFLOW,OECD.SDD.STES:DSD_STES@DF_FINMARK(4.0),Financial market,I,AUS,Australia,A,Annual,IRLT,Long-term interest rates,PA,Percent per annum,_Z,Not applicable,_Z,Not applicable,_Z,Not applicable,_Z,Not applicable,N,National,1984,,13.525,,A,Normal value,0,Units,2,Two,,
DATAFLOW,OECD.SDD.STES:DSD_STES@DF_FINMARK(4.0),Financial market,I,AUS,Australia,A,Annual,IRLT,Long-term interest rates,PA,Percent per annum,_Z,Not applicable,_Z,Not applicable,_Z,Not applicable,_Z,Not applicable,N,National,1985,,13.95417,,A,Normal value,0,Units,2,Two,,
DATAFLOW,OECD.SDD.STES:DSD_STES@DF_FINMARK(4.0),Financial market,I,AUS,Australia,A,Annual,IRLT,Long-term interest rates,PA,Percent per annum,_Z,Not applicable,_Z,Not applicable,_Z,Not applicable,_Z,Not applicable,N,National,1986,,13.41667,,A,Normal value,0,Units,2,Two,,
DATAFLOW,OECD.SDD.STES:DSD_STES@DF_FINMARK(4.0),Financial market,I,AUS,Australia,A,Annual,IRLT,Long-term interest rates,PA,Percent per annum,_Z,Not applicable,_Z,Not applicable,_Z,Not applicable,_Z,Not applicable,N,National,1987,,13.19167,,A,Normal value,0,Units,2,Two,,
DATAFLOW,OECD.SDD.STES:DSD_STES@DF_FINMARK(4.0),Financial market,I,AUS,Australia,A,Annual,IRLT,Long-term interest rates,PA,Percent per annum,_Z,Not applicable,_Z,Not applicable,_Z,Not applicable,_Z,Not applicable,N,National,1988,,12.10417,,A,Normal value,0,Units,2,Two,,
DATAFLOW,OECD.SDD.STES:DSD_STES@DF_FINMARK(4.0),Financial market,I,AUS,Australia,A,Annual,IRLT,Long-term interest rates,PA,Percent per annum,_Z,Not applicable,_Z,Not applicable,_Z,Not applicable,_Z,Not applicable,N,National,1989,,13.40833,,A,Normal value,0,Units,2,Two,,
DATAFLOW,OECD.SDD.STES:DSD_STES@DF_FINMARK(4.0),Financial market,I,AUS,Australia,A,Annual,IRLT,Long-term interest rates,PA,Percent per annum,_Z,Not applicable,_Z,Not applicable,_Z,Not applicable,_Z,Not applicable,N,National,1990,,13.18,,A,Normal value,0,Units,2,Two,,
DATAFLOW,OECD.SDD.STES:DSD_STES@DF_FINMARK(4.0),Financial market,I,AUS,Australia,A,Annual,IRLT,Long-term interest rates,PA,Percent per annum,_Z,Not applicable,_Z,Not applicable,_Z,Not applicable,_Z,Not applicable,N,National,1991,,10.69083,,A,Normal value,0,Units,2,Two,,
DATAFLOW,OECD.SDD.STES:DSD_STES@DF_FINMARK(4.0),Financial market,I,AUS,Australia,A,Annual,IRLT,Long-term interest rates,PA,Percent per annum,_Z,Not applicable,_Z,Not applicable,_Z,Not applicable,_Z,Not applicable,N,National,1992,,9.22,,A,Normal value,0,Units,2,Two,,
DATAFLOW,OECD.SDD.STES:DSD_STES@DF_FINMARK(4.0),Financial market,I,AUS,Australia,A,Annual,IRLT,Long-term interest rates,PA,Percent per annum,_Z,Not applicable,_Z,Not applicable,_Z,Not applicable,_Z,Not applicable,N,National,1993,,7.280833,,A,Normal value,0,Units,2,Two,,
DATAFLOW,OECD.SDD.STES:DSD_STES@DF_FINMARK(4.0),Financial market,I,AUS,Australia,A,Annual,IRLT,Long-term interest rates,PA,Percent per annum,_Z,Not applicable,_Z,Not applicable,_Z,Not applicable,_Z,Not applicable,N,National,1994,,9.041667,,A,Normal value,0,Units,2,Two,,
DATAFLOW,OECD.SDD.STES:DSD_STES@DF_FINMARK(4.0),Financial market,I,AUS,Australia,A,Annual,IRLT,Long-term interest rates,PA,Percent per annum,_Z,Not applicable,_Z,Not applicable,_Z,Not applicable,_Z,Not applicable,N,National,1995,,9.210896,,A,Normal value,0,Units,2,Two,,
DATAFLOW,OECD.SDD.STES:DSD_STES@DF_FINMARK(4.0),Financial market,I,AUS,Australia,A,Annual,IRLT,Long-term interest rates,PA,Percent per annum,_Z,Not applicable,_Z,Not applicable,_Z,Not applicable,_Z,Not applicable,N,National,1996,,8.209207,,A,Normal value,0,Units,2,Two,,
DATAFLOW,OECD.SDD.STES:DSD_STES@DF_FINMARK(4.0),Financial market,I,AUS,Australia,A,Annual,IRLT,Long-term interest rates,PA,Percent per annum,_Z,Not applicable,_Z,Not applicable,_Z,Not applicable,_Z,Not applicable,N,National,1997,,6.954918,,A,Normal value,0,Units,2,Two,,
DATAFLOW,OECD.SDD.STES:DSD_STES@DF_FINMARK(4.0),Financial market,I,AUS,Australia,A,Annual,IRLT,Long-term interest rates,PA,Percent per annum,_Z,Not applicable,_Z,Not applicable,_Z,Not applicable,_Z,Not applicable,N,National,1998,,5.49297,,A,Normal value,0,Units,2,Two,,
DATAFLOW,OECD.SDD.STES:DSD_STES@DF_FINMARK(4.0),Financial market,I,AUS,Australia,A,Annual,IRLT,Long-term interest rates,PA,Percent per annum,_Z,Not applicable,_Z,Not applicable,_Z,Not applicable,_Z,Not applicable,N,National,1999,,6.009312,,A,Normal value,0,Units,2,Two,,
DATAFLOW,OECD.SDD.STES:DSD_STES@DF_FINMARK(4.0),Financial market,I,AUS,Australia,A,Annual,IRLT,Long-term interest rates,PA,Percent per annum,_Z,Not applicable,_Z,Not applicable,_Z,Not applicable,_Z,Not applicable,N,National,2000,,6.314569,,A,Normal value,0,Units,2,Two,,
DATAFLOW,OECD.SDD.STES:DSD_STES@DF_FINMARK(4.0),Financial market,I,AUS,Australia,A,Annual,IRLT,Long-term interest rates,PA,Percent per annum,_Z,Not applicable,_Z,Not applicable,_Z,Not applicable,_Z,Not applicable,N,National,2001,,5.615264,,A,Normal value,0,Units,2,Two,,
DATAFLOW,OECD.SDD.STES:DSD_STES@DF_FINMARK(4.0),Financial market,I,AUS,Australia,A,Annual,IRLT,Long-term interest rates,PA,Percent per annum,_Z,Not applicable,_Z,Not applicable,_Z,Not applicable,_Z,Not applicable,N,National,2002,,5.843958,,A,Normal value,0,Units,2,Two,,
DATAFLOW,OECD.SDD.STES:DSD_STES@DF_FINMARK(4.0),Financial market,I,AUS,Australia,A,Annual,IRLT,Long-term interest rates,PA,Percent per annum,_Z,Not applicable,_Z,Not applicable,_Z,Not applicable,_Z,Not applicable,N,National,2003,,5.366776,,A,Normal value,0,Units,2,Two,,
DATAFLOW,OECD.SDD.STES:DSD_STES@DF_FINMARK(4.0),Financial market,I,AUS,Australia,A,Annual,IRLT,Long-term interest rates,PA,Percent per annum,_Z,Not applicable,_Z,Not applicable,_Z,Not applicable,_Z,Not applicable,N,National,2004,,5.590775,,A,Normal value,0,Units,2,Two,,
DATAFLOW,OECD.SDD.STES:DSD_STES@DF_FINMARK(4.0),Financial market,I,AUS,Australia,A,Annual,IRLT,Long-term interest rates,PA,Percent per annum,_Z,Not applicable,_Z,Not applicable,_Z,Not applicable,_Z,Not applicable,N,National,2005,,5.339973,,A,Normal value,0,Units,2,Two,,
DATAFLOW,OECD.SDD.STES:DSD_STES@DF_FINMARK(4.0),Financial market,I,AUS,Australia,A,Annual,IRLT,Long-term interest rates,PA,Percent per annum,_Z,Not applicable,_Z,Not applicable,_Z,Not applicable,_Z,Not applicable,N,National,2006,,5.587872,,A,Normal value,0,Units,2,Two,,
DATAFLOW,OECD.SDD.STES:DSD_STES@DF_FINMARK(4.0),Financial market,I,AUS,Australia,A,Annual,IRLT,Long-term interest rates,PA,Percent per annum,_Z,Not applicable,_Z,Not applicable,_Z,Not applicable,_Z,Not applicable,N,National,2007,,5.994521,,A,Normal value,0,Units,2,Two,,
DATAFLOW,OECD.SDD.STES:DSD_STES@DF_FINMARK(4.0),Financial market,I,AUS,Australia,A,Annual,IRLT,Long-term interest rates,PA,Percent per annum,_Z,Not applicable,_Z,Not applicable,_Z,Not applicable,_Z,Not applicable,N,National,2008,,5.817944,,A,Normal value,0,Units,2,Two,,
DATAFLOW,OECD.SDD.STES:DSD_STES@DF_FINMARK(4.0),Financial market,I,AUS,Australia,A,Annual,IRLT,Long-term interest rates,PA,Percent per annum,_Z,Not applicable,_Z,Not applicable,_Z,Not applicable,_Z,Not applicable,N,National,2009,,5.039512,,A,Normal value,0,Units,2,Two,,
DATAFLOW,OECD.SDD.STES:DSD_STES@DF_FINMARK(4.0),Financial market,I,AUS,Australia,A,Annual,IRLT,Long-term interest rates,PA,Percent per annum,_Z,Not applicable,_Z,Not applicable,_Z,Not applicable,_Z,Not applicable,N,National,2010,,5.366042,,A,Normal value,0,Units,2,Two,,
DATAFLOW,OECD.SDD.STES:DSD_STES@DF_FINMARK(4.0),Financial market,I,AUS,Australia,A,Annual,IRLT,Long-term interest rates,PA,Percent per annum,_Z,Not applicable,_Z,Not applicable,_Z,Not applicable,_Z,Not applicable,N,National,2011,,4.879583,,A,Normal value,0,Units,2,Two,,
DATAFLOW,OECD.SDD.STES:DSD_STES@DF_FINMARK(4.0),Financial market,I,AUS,Australia,A,Annual,IRLT,Long-term interest rates,PA,Percent per annum,_Z,Not applicable,_Z,Not applicable,_Z,Not applicable,_Z,Not applicable,N,National,2012,,3.379167,,A,Normal value,0,Units,2,Two,,
DATAFLOW,OECD.SDD.STES:DSD_STES@DF_FINMARK(4.0),Financial market,I,AUS,Australia,A,Annual,IRLT,Long-term interest rates,PA,Percent per annum,_Z,Not applicable,_Z,Not applicable,_Z,Not applicable,_Z,Not applicable,N,National,2014,,3.663833,,A,Normal value,0,Units,2,Two,,
DATAFLOW,OECD.SDD.STES:DSD_STES@DF_FINMARK(4.0),Financial market,I,AUS,Australia,A,Annual,IRLT,Long-term interest rates,PA,Percent per annum,_Z,Not applicable,_Z,Not applicable,_Z,Not applicable,_Z,Not applicable,N,National,2016,,2.340833,,A,Normal value,0,Units,2,Two,,
DATAFLOW,OECD.SDD.STES:DSD_STES@DF_FINMARK(4.0),Financial market,I,AUS,Australia,A,Annual,IRLT,Long-term interest rates,PA,Percent per annum,_Z,Not applicable,_Z,Not applicable,_Z,Not applicable,_Z,Not applicable,N,National,2021,,1.47975,,A,Normal value,0,Units,2,Two,,
DATAFLOW,OECD.SDD.STES:DSD_STES@DF_FINMARK(4.0),Financial market,I,AUT,Austria,A,Annual,IRLT,Long-term interest rates,PA,Percent per annum,_Z,Not applicable,_Z,Not applicable,_Z,Not applicable,_Z,Not applicable,N,National,1990,,8.7275,,A,Normal value,0,Units,2,Two,,
DATAFLOW,OECD.SDD.STES:DSD_STES@DF_FINMARK(4.0),Financial market,I,AUT,Austria,A,Annual,IRLT,Long-term interest rates,PA,Percent per annum,_Z,Not applicable,_Z,Not applicable,_Z,Not applicable,_Z,Not applicable,N,National,1991,,8.546667,,A,Normal value,0,Units,2,Two,,
DATAFLOW,OECD.SDD.STES:DSD_STES@DF_FINMARK(4.0),Financial market,I,AUT,Austria,A,Annual,IRLT,Long-term interest rates,PA,Percent per annum,_Z,Not applicable,_Z,Not applicable,_Z,Not applicable,_Z,Not applicable,N,National,1992,,8.139167,,A,Normal value,0,Units,2,Two,,
DATAFLOW,OECD.SDD.STES:DSD_STES@DF_FINMARK(4.0),Financial market,I,BEL,Belgium,A,Annual,IRLT,Long-term interest rates,PA,Percent per annum,_Z,Not applicable,_Z,Not applicable,_Z,Not applicable,_Z,Not applicable,N,National,1955,,4.614167,,A,Normal value,0,Units,2,Two,,
DATAFLOW,OECD.SDD.STES:DSD_STES@DF_FINMARK(4.0),Financial market,I,BEL,Belgium,A,Annual,IRLT,Long-term interest rates,PA,Percent per annum,_Z,Not applicable,_Z,Not applicable,_Z,Not applicable,_Z,Not applicable,N,National,1956,,4.759167,,A,Normal value,0,Units,2,Two,,
DATAFLOW,OECD.SDD.STES:DSD_STES@DF_FINMARK(4.0),Financial market,I,BEL,Belgium,A,Annual,IRLT,Long-term interest rates,PA,Percent per annum,_Z,Not applicable,_Z,Not applicable,_Z,Not applicable,_Z,Not applicable,N,National,1957,,6.065,,A,Normal value,0,Units,2,Two,,
DATAFLOW,OECD.SDD.STES:DSD_STES@DF_FINMARK(4.0),Financial market,I,BEL,Belgium,A,Annual,IRLT,Long-term interest rates,PA,Percent per annum,_Z,Not applicable,_Z,Not applicable,_Z,Not applicable,_Z,Not applicable,N,National,1958,,5.410833,,A,Normal value,0,Units,2,Two,,
DATAFLOW,OECD.SDD.STES:DSD_STES@DF_FINMARK(4.0),Financial market,I,BEL,Belgium,A,Annual,IRLT,Long-term interest rates,PA,Percent per annum,_Z,Not applicable,_Z,Not applicable,_Z,Not applicable,_Z,Not applicable,N,National,1959,,5.020833,,A,Normal value,0,Units,2,Two,,
DATAFLOW,OECD.SDD.STES:DSD_STES@DF_FINMARK(4.0),Financial market,I,BEL,Belgium,A,Annual,IRLT,Long-term interest rates,PA,Percent per annum,_Z,Not applicable,_Z,Not applicable,_Z,Not applicable,_Z,Not applicable,N,National,1960,,5.548333,,A,Normal value,0,Units,2,Two,,
DATAFLOW,OECD.SDD.STES:DSD_STES@DF_FINMARK(4.0),Financial market,I,BEL,Belgium,A,Annual,IRLT,Long-term interest rates,PA,Percent per annum,_Z,Not applicable,_Z,Not applicable,_Z,Not applicable,_Z,Not applicable,N,National,1961,,5.871666,,A,Normal value,0,Units,2,Two,,
DATAFLOW,OECD.SDD.STES:DSD_STES@DF_FINMARK(4.0),Financial market,I,BEL,Belgium,A,Annual,IRLT,Long-term interest rates,PA,Percent per annum,_Z,Not applicable,_Z,Not applicable,_Z,Not applicable,_Z,Not applicable,N,National,1962,,5.1775,,A,Normal value,0,Units,2,Two,,
DATAFLOW,OECD.SDD.STES:DSD_STES@DF_FINMARK(4.0),Financial market,I,BEL,Belgium,A,Annual,IRLT,Long-term interest rates,PA,Percent per annum,_Z,Not applicable,_Z,Not applicable,_Z,Not applicable,_Z,Not applicable,N,National,1963,,5.2825,,A,Normal value,0,Units,2,Two,,
DATAFLOW,OECD.SDD.STES:DSD_STES@DF_FINMARK(4.0),Financial market,I,BEL,Belgium,A,Annual,IRLT,Long-term interest rates,PA,Percent per annum,_Z,Not applicable,_Z,Not applicable,_Z,Not applicable,_Z,Not applicable,N,National,1964,,6.451667,,A,Normal value,0,Units,2,Two,,
DATAFLOW,OECD.SDD.STES:DSD_STES@DF_FINMARK(4.0),Financial market,I,BEL,Belgium,A,Annual,IRLT,Long-term interest rates,PA,Percent per annum,_Z,Not applicable,_Z,Not applicable,_Z,Not applicable,_Z,Not applicable,N,National,1965,,6.438334,,A,Normal value,0,Units,2,Two,,
DATAFLOW,OECD.SDD.STES:DSD_STES@DF_FINMARK(4.0),Financial market,I,BEL,Belgium,A,Annual,IRLT,Long-term interest rates,PA,Percent per annum,_Z,Not applicable,_Z,Not applicable,_Z,Not applicable,_Z,Not applicable,N,National,1966,,6.651667,,A,Normal value,0,Units,2,Two,,
DATAFLOW,OECD.SDD.STES:DSD_STES@DF_FINMARK(4.0),Financial market,I,BEL,Belgium,A,Annual,IRLT,Long-term interest rates,PA,Percent per annum,_Z,Not applicable,_Z,Not applicable,_Z,Not applicable,_Z,Not applicable,N,National,1967,,6.684166,,A,Normal value,0,Units,2,Two,,
DATAFLOW,OECD.SDD.STES:DSD_STES@DF_FINMARK(4.0),Financial market,I,BEL,Belgium,A,Annual,IRLT,Long-term interest rates,PA,Percent per annum,_Z,Not applicable,_Z,Not applicable,_Z,Not applicable,_Z,Not applicable,N,National,1968,,6.545,,A,Normal value,0,Units,2,Two,,
DATAFLOW,OECD.SDD.STES:DSD_STES@DF_FINMARK(4.0),Financial market,I,BEL,Belgium,A,Annual,IRLT,Long-term interest rates,PA,Percent per annum,_Z,Not applicable,_Z,Not applicable,_Z,Not applicable,_Z,Not applicable,N,National,1969,,7.293334,,A,Normal value,0,Units,2,Two,,
DATAFLOW,OECD.SDD.STES:DSD_STES@DF_FINMARK(4.0),Financial market,I,BEL,Belgium,A,Annual,IRLT,Long-term interest rates,PA,Percent per annum,_Z,Not applicable,_Z,Not applicable,_Z,Not applicable,_Z,Not applicable,N,National,1970,,7.804167,,A,Normal value,0,Units,2,Two,,
DATAFLOW,OECD.SDD.STES:DSD_STES@DF_FINMARK(4.0),Financial market,I,BEL,Belgium,A,Annual,IRLT,Long-term interest rates,PA,Percent per annum,_Z,Not applicable,_Z,Not applicable,_Z,Not applicable,_Z,Not applicable,N,National,1971,,7.321667,,A,Normal value,0,Units,2,Two,,
DATAFLOW,OECD.SDD.STES:DSD_STES@DF_FINMARK(4.0),Financial market,I,BEL,Belgium,A,Annual,IRLT,Long-term interest rates,PA,Percent per annum,_Z,Not applicable,_Z,Not applicable,_Z,Not applicable,_Z,Not applicable,N,National,1972,,7.044167,,A,Normal value,0,Units,2,Two,,
DATAFLOW,OECD.SDD.STES:DSD_STES@DF_FINMARK(4.0),Financial market,I,BEL,Belgium,A,Annual,IRLT,Long-term interest rates,PA,Percent per annum,_Z,Not applicable,_Z,Not applicable,_Z,Not applicable,_Z,Not applicable,N,National,1973,,7.494167,,A,Normal value,0,Units,2,Two,,
DATAFLOW,OECD.SDD.STES:DSD_STES@DF_FINMARK(4.0),Financial market,I,BEL,Belgium,A,Annual,IRLT,Long-term interest rates,PA,Percent per annum,_Z,Not applicable,_Z,Not applicable,_Z,Not applicable,_Z,Not applicable,N,National,1974,,8.768333,,A,Normal value,0,Units,2,Two,,
DATAFLOW,OECD.SDD.STES:DSD_STES@DF_FINMARK(4.0),Financial market,I,BEL,Belgium,A,Annual,IRLT,Long-term interest rates,PA,Percent per annum,_Z,Not applicable,_Z,Not applicable,_Z,Not applicable,_Z,Not applicable,N,National,1975,,8.515833,,A,Normal value,0,Units,2,Two,,
DATAFLOW,OECD.SDD.STES:DSD_STES@DF_FINMARK(4.0),Financial market,I,BEL,Belgium,A,Annual,IRLT,Long-term interest rates,PA,Percent per annum,_Z,Not applicable,_Z,Not applicable,_Z,Not applicable,_Z,Not applicable,N,National,1976,,9.088333,,A,Normal value,0,Units,2,Two,,
DATAFLOW,OECD.SDD.STES:DSD_STES@DF_FINMARK(4.0),Financial market,I,BEL,Belgium,A,Annual,IRLT,Long-term interest rates,PA,Percent per annum,_Z,Not applicable,_Z,Not applicable,_Z,Not applicable,_Z,Not applicable,N,National,1977,,8.7625,,A,Normal value,0,Units,2,Two,,
DATAFLOW,OECD.SDD.STES:DSD_STES@DF_FINMARK(4.0),Financial market,I,BEL,Belgium,A,Annual,IRLT,Long-term interest rates,PA,Percent per annum,_Z,Not applicable,_Z,Not applicable,_Z,Not applicable,_Z,Not applicable,N,National,1978,,8.9275,,A,Normal value,0,Units,2,Two,,
DATAFLOW,OECD.SDD.STES:DSD_STES@DF_FINMARK(4.0),Financial market,I,BEL,Belgium,A,Annual,IRLT,Long-term interest rates,PA,Percent per annum,_Z,Not applicable,_Z,Not applicable,_Z,Not applicable,_Z,Not applicable,N,National,1979,,9.693334,,A,Normal value,0,Units,2,Two,,
DATAFLOW,OECD.SDD.STES:DSD_STES@DF_FINMARK(4.0),Financial market,I,BEL,Belgium,A,Annual,IRLT,Long-term interest rates,PA,Percent per annum,_Z,Not applicable,_Z,Not applicable,_Z,Not applicable,_Z,Not applicable,N,National,1980,,11.9,,A,Normal value,0,Units,2,Two,,
DATAFLOW,OECD.SDD.STES:DSD_STES@DF_FINMARK(4.0),Financial market,I,BEL,Belgium,A,Annual,IRLT,Long-term interest rates,PA,Percent per annum,_Z,Not applicable,_Z,Not applicable,_Z,Not applicable,_Z,Not applicable,N,National,1981,,13.43667,,A,Normal value,0,Units,2,Two,,
DATAFLOW,OECD.SDD.STES:DSD_STES@DF_FINMARK(4.0),Financial market,I,BEL,Belgium,A,Annual,IRLT,Long-term interest rates,PA,Percent per annum,_Z,Not applicable,_Z,Not applicable,_Z,Not applicable,_Z,Not applicable,N,National,1982,,13.42833,,A,Normal value,0,Units,2,Two,,
DATAFLOW,OECD.SDD.STES:DSD_STES@DF_FINMARK(4.0),Financial market,I,BEL,Belgium,A,Annual,IRLT,Long-term interest rates,PA,Percent per annum,_Z,Not applicable,_Z,Not applicable,_Z,Not applicable,_Z,Not applicable,N,National,1983,,11.94083,,A,Normal value,0,Units,2,Two,,
DATAFLOW,OECD.SDD.STES:DSD_STES@DF_FINMARK(4.0),Financial market,I,BEL,Belgium,A,Annual,IRLT,Long-term interest rates,PA,Percent per annum,_Z,Not applicable,_Z,Not applicable,_Z,Not applicable,_Z,Not applicable,N,National,1984,,12.2425,,A,Normal value,0,Units,2,Two,,
DATAFLOW,OECD.SDD.STES:DSD_STES@DF_FINMARK(4.0),Financial market,I,BEL,Belgium,A,Annual,IRLT,Long-term interest rates,PA,Percent per annum,_Z,Not applicable,_Z,Not applicable,_Z,Not applicable,_Z,Not applicable,N,National,1985,,10.96833,,A,Normal value,0,Units,2,Two,,
DATAFLOW,OECD.SDD.STES:DSD_STES@DF_FINMARK(4.0),Financial market,I,BEL,Belgium,A,Annual,IRLT,Long-term interest rates,PA,Percent per annum,_Z,Not applicable,_Z,Not applicable,_Z,Not applicable,_Z,Not applicable,N,National,1986,,8.625834,,A,Normal value,0,Units,2,Two,,
DATAFLOW,OECD.SDD.STES:DSD_STES@DF_FINMARK(4.0),Financial market,I,BEL,Belgium,A,Annual,IRLT,Long-term interest rates,PA,Percent per annum,_Z,Not applicable,_Z,Not applicable,_Z,Not applicable,_Z,Not applicable,N,National,1987,,8.184167,,A,Normal value,0,Units,2,Two,,
DATAFLOW,OECD.SDD.STES:DSD_STES@DF_FINMARK(4.0),Financial market,I,BEL,Belgium,A,Annual,IRLT,Long-term interest rates,PA,Percent per annum,_Z,Not applicable,_Z,Not applicable,_Z,Not applicable,_Z,Not applicable,N,National,2022,,1.733333,,A,Normal value,0,Units,2,Two,,
DATAFLOW,OECD.SDD.STES:DSD_STES@DF_FINMARK(4.0),Financial market,I,CHL,Chile,A,Annual,IRLT,Long-term interest rates,PA,Percent per annum,_Z,Not applicable,_Z,Not applicable,_Z,Not applicable,_Z,Not applicable,N,National,2006,,6.16,,A,Normal value,0,Units,2,Two,,
DATAFLOW,OECD.SDD.STES:DSD_STES@DF_FINMARK(4.0),Financial market,I,CHL,Chile,A,Annual,IRLT,Long-term interest rates,PA,Percent per annum,_Z,Not applicable,_Z,Not applicable,_Z,Not applicable,_Z,Not applicable,N,National,2009,,5.665295,,A,Normal value,0,Units,2,Two,,
DATAFLOW,OECD.SDD.STES:DSD_STES@DF_FINMARK(4.0),Financial market,I,CHL,Chile,A,Annual,IRLT,Long-term interest rates,PA,Percent per annum,_Z,Not applicable,_Z,Not applicable,_Z,Not applicable,_Z,Not applicable,N,National,2010,,6.252874,,A,Normal value,0,Units,2,Two,,
DATAFLOW,OECD.SDD.STES:DSD_STES@DF_FINMARK(4.0),Financial market,I,CHL,Chile,A,Annual,IRLT,Long-term interest rates,PA,Percent per annum,_Z,Not applicable,_Z,Not applicable,_Z,Not applicable,_Z,Not applicable,N,National,2011,,5.969645,,A,Normal value,0,Units,2,Two,,
DATAFLOW,OECD.SDD.STES:DSD_STES@DF_FINMARK(4.0),Financial market,I,CHL,Chile,A,Annual,IRLT,Long-term interest rates,PA,Percent per annum,_Z,Not applicable,_Z,Not applicable,_Z,Not applicable,_Z,Not applicable,N,National,2012,,5.42557,,A,Normal value,0,Units,2,Two,,
DATAFLOW,OECD.SDD.STES:DSD_STES@DF_FINMARK(4.0),Financial market,I,CHL,Chile,A,Annual,IRLT,Long-term interest rates,PA,Percent per annum,_Z,Not applicable,_Z,Not applicable,_Z,Not applicable,_Z,Not applicable,N,National,2013,,5.308737,,A,Normal value,0,Units,2,Two,,
DATAFLOW,OECD.SDD.STES:DSD_STES@DF_FINMARK(4.0),Financial market,I,CHL,Chile,A,Annual,IRLT,Long-term interest rates,PA,Percent per annum,_Z,Not applicable,_Z,Not applicable,_Z,Not applicable,_Z,Not applicable,N,National,2014,,4.736615,,A,Normal value,0,Units,2,Two,,
DATAFLOW,OECD.SDD.STES:DSD_STES@DF_FINMARK(4.0),Financial market,I,CHL,Chile,A,Annual,IRLT,Long-term interest rates,PA,Percent per annum,_Z,Not applicable,_Z,Not applicable,_Z,Not applicable,_Z,Not applicable,N,National,2015,,4.480221,,A,Normal value,0,Units,2,Two,,
DATAFLOW,OECD.SDD.STES:DSD_STES@DF_FINMARK(4.0),Financial market,I,CHL,Chile,A,Annual,IRLT,Long-term interest rates,PA,Percent per annum,_Z,Not applicable,_Z,Not applicable,_Z,Not applicable,_Z,Not applicable,N,National,2016,,4.405277,,A,Normal value,0,Units,2,Two,,
DATAFLOW,OECD.SDD.STES:DSD_STES@DF_FINMARK(4.0),Financial market,I,CHL,Chile,A,Annual,IRLT,Long-term interest rates,PA,Percent per annum,_Z,Not applicable,_Z,Not applicable,_Z,Not applicable,_Z,Not applicable,N,National,2017,,4.244958,,A,Normal value,0,Units,2,Two,,
DATAFLOW,OECD.SDD.STES:DSD_STES@DF_FINMARK(4.0),Financial market,I,CHL,Chile,A,Annual,IRLT,Long-term interest rates,PA,Percent per annum,_Z,Not applicable,_Z,Not applicable,_Z,Not applicable,_Z,Not applicable,N,National,2018,,4.497857,,A,Normal value,0,Units,2,Two,,
DATAFLOW,OECD.SDD.STES:DSD_STES@DF_FINMARK(4.0),Financial market,I,CHL,Chile,A,Annual,IRLT,Long-term interest rates,PA,Percent per annum,_Z,Not applicable,_Z,Not applicable,_Z,Not applicable,_Z,Not applicable,N,National,2019,,3.577887,,A,Normal value,0,Units,2,Two,,
DATAFLOW,OECD.SDD.STES:DSD_STES@DF_FINMARK(4.0),Financial market,I,CHL,Chile,A,Annual,IRLT,Long-term interest rates,PA,Percent per annum,_Z,Not applicable,_Z,Not applicable,_Z,Not applicable,_Z,Not applicable,N,National,2020,,2.798563,,A,Normal value,0,Units,2,Two,,
DATAFLOW,OECD.SDD.STES:DSD_STES@DF_FINMARK(4.0),Financial market,I,CHL,Chile,A,Annual,IRLT,Long-term interest rates,PA,Percent per annum,_Z,Not applicable,_Z,Not applicable,_Z,Not applicable,_Z,Not applicable,N,National,2021,,4.36159,,A,Normal value,0,Units,2,Two,,
DATAFLOW,OECD.SDD.STES:DSD_STES@DF_FINMARK(4.0),Financial market,I,CHL,Chile,A,Annual,IRLT,Long-term interest rates,PA,Percent per annum,_Z,Not applicable,_Z,Not applicable,_Z,Not applicable,_Z,Not applicable,N,National,2022,,6.260022,,A,Normal value,0,Units,2,Two,,
DATAFLOW,OECD.SDD.STES:DSD_STES@DF_FINMARK(4.0),Financial market,I,CHL,Chile,A,Annual,IRLT,Long-term interest rates,PA,Percent per annum,_Z,Not applicable,_Z,Not applicable,_Z,Not applicable,_Z,Not applicable,N,National,2023,,5.655799,,A,Normal value,0,Units,2,Two,,
DATAFLOW,OECD.SDD.STES:DSD_STES@DF_FINMARK(4.0),Financial market,I,COL,Colombia,A,Annual,IRLT,Long-term interest rates,PA,Percent per annum,_Z,Not applicable,_Z,Not applicable,_Z,Not applicable,_Z,Not applicable,N,National,2019,,6.4975,,A,Normal value,0,Units,2,Two,,
DATAFLOW,OECD.SDD.STES:DSD_STES@DF_FINMARK(4.0),Financial market,I,COL,Colombia,A,Annual,IRLT,Long-term interest rates,PA,Percent per annum,_Z,Not applicable,_Z,Not applicable,_Z,Not applicable,_Z,Not applicable,N,National,2020,,6.333333,,A,Normal value,0,Units,2,Two,,
DATAFLOW,OECD.SDD.STES:DSD_STES@DF_FINMARK(4.0),Financial market,I,COL,Colombia,A,Annual,IRLT,Long-term interest rates,PA,Percent per annum,_Z,Not applicable,_Z,Not applicable,_Z,Not applicable,_Z,Not applicable,N,National,2021,,7.624166,,A,Normal value,0,Units,2,Two,,
DATAFLOW,OECD.SDD.STES:DSD_STES@DF_FINMARK(4.0),Financial market,I,COL,Colombia,A,Annual,IRLT,Long-term interest rates,PA,Percent per annum,_Z,Not applicable,_Z,Not applicable,_Z,Not applicable,_Z,Not applicable,N,National,2023,,11.33917,,A,Normal value,0,Units,2,Two,,
DATAFLOW,OECD.SDD.STES:DSD_STES@DF_FINMARK(4.0),Financial market,I,DNK,Denmark,A,Annual,IRLT,Long-term interest rates,PA,Percent per annum,_Z,Not applicable,_Z,Not applicable,_Z,Not applicable,_Z,Not applicable,N,National,1993,,7.30375,,A,Normal value,0,Units,2,Two,,
DATAFLOW,OECD.SDD.STES:DSD_STES@DF_FINMARK(4.0),Financial market,I,DNK,Denmark,A,Annual,IRLT,Long-term interest rates,PA,Percent per annum,_Z,Not applicable,_Z,Not applicable,_Z,Not applicable,_Z,Not applicable,N,National,1994,,7.825333,,A,Normal value,0,Units,2,Two,,
DATAFLOW,OECD.SDD.STES:DSD_STES@DF_FINMARK(4.0),Financial market,I,DNK,Denmark,A,Annual,IRLT,Long-term interest rates,PA,Percent per annum,_Z,Not applicable,_Z,Not applicable,_Z,Not applicable,_Z,Not applicable,N,National,1995,,8.268583,,A,Normal value,0,Units,2,Two,,
DATAFLOW,OECD.SDD.STES:DSD_STES@DF_FINMARK(4.0),Financial market,I,DNK,Denmark,A,Annual,IRLT,Long-term interest rates,PA,Percent per annum,_Z,Not applicable,_Z,Not applicable,_Z,Not applicable,_Z,Not applicable,N,National,1996,,7.193083,,A,Normal value,0,Units,2,Two,,
DATAFLOW,OECD.SDD.STES:DSD_STES@DF_FINMARK(4.0),Financial market,I,DNK,Denmark,A,Annual,IRLT,Long-term interest rates,PA,Percent per annum,_Z,Not applicable,_Z,Not applicable,_Z,Not applicable,_Z,Not applicable,N,National,1997,,6.252584,,A,Normal value,0,Units,2,Two,,
DATAFLOW,OECD.SDD.STES:DSD_STES@DF_FINMARK(4.0),Financial market,I,DNK,Denmark,A,Annual,IRLT,Long-term interest rates,PA,Percent per annum,_Z,Not applicable,_Z,Not applicable,_Z,Not applicable,_Z,Not applicable,N,National,1998,,4.937583,,A,Normal value,0,Units,2,Two,,
DATAFLOW,OECD.SDD.STES:DSD_STES@DF_FINMARK(4.0),Financial market,I,DNK,Denmark,A,Annual,IRLT,Long-term interest rates,PA,Percent per annum,_Z,Not applicable,_Z,Not applicable,_Z,Not applicable,_Z,Not applicable,N,National,1999,,4.909,,A,Normal value,0,Units,2,Two,,
DATAFLOW,OECD.SDD.STES:DSD_STES@DF_FINMARK(4.0),Financial market,I,DNK,Denmark,A,Annual,IRLT,Long-term interest rates,PA,Percent per annum,_Z,Not applicable,_Z,Not applicable,_Z,Not applicable,_Z,Not applicable,N,National,2000,,5.641833,,A,Normal value,0,Units,2,Two,,
DATAFLOW,OECD.SDD.STES:DSD_STES@DF_FINMARK(4.0),Financial market,I,DNK,Denmark,A,Annual,IRLT,Long-term interest rates,PA,Percent per annum,_Z,Not applicable,_Z,Not applicable,_Z,Not applicable,_Z,Not applicable,N,National,2001,,5.079167,,A,Normal value,0,Units,2,Two,,
DATAFLOW,OECD.SDD.STES:DSD_STES@DF_FINMARK(4.0),Financial market,I,DNK,Denmark,A,Annual,IRLT,Long-term interest rates,PA,Percent per annum,_Z,Not applicable,_Z,Not applicable,_Z,Not applicable,_Z,Not applicable,N,National,2002,,5.055917,,A,Normal value,0,Units,2,Two,,
DATAFLOW,OECD.SDD.STES:DSD_STES@DF_FINMARK(4.0),Financial market,I,DNK,Denmark,A,Annual,IRLT,Long-term interest rates,PA,Percent per annum,_Z,Not applicable,_Z,Not applicable,_Z,Not applicable,_Z,Not applicable,N,National,2003,,4.30775,,A,Normal value,0,Units,2,Two,,
DATAFLOW,OECD.SDD.STES:DSD_STES@DF_FINMARK(4.0),Financial market,I,DNK,Denmark,A,Annual,IRLT,Long-term interest rates,PA,Percent per annum,_Z,Not applicable,_Z,Not applicable,_Z,Not applicable,_Z,Not applicable,N,National,2004,,4.304584,,A,Normal value,0,Units,2,Two,,
DATAFLOW,OECD.SDD.STES:DSD_STES@DF_FINMARK(4.0),Financial market,I,DNK,Denmark,A,Annual,IRLT,Long-term interest rates,PA,Percent per annum,_Z,Not applicable,_Z,Not applicable,_Z,Not applicable,_Z,Not applicable,N,National,2005,,3.40375,,A,Normal value,0,Units,2,Two,,
DATAFLOW,OECD.SDD.STES:DSD_STES@DF_FINMARK(4.0),Financial market,I,DNK,Denmark,A,Annual,IRLT,Long-term interest rates,PA,Percent per annum,_Z,Not applicable,_Z,Not applicable,_Z,Not applicable,_Z,Not applicable,N,National,2006,,3.812,,A,Normal value,0,Units,2,Two,,
DATAFLOW,OECD.SDD.STES:DSD_STES@DF_FINMARK(4.0),Financial market,I,DNK,Denmark,A,Annual,IRLT,Long-term interest rates,PA,Percent per annum,_Z,Not applicable,_Z,Not applicable,_Z,Not applicable,_Z,Not applicable,N,National,2007,,4.286417,,A,Normal value,0,Units,2,Two,,
DATAFLOW,OECD.SDD.STES:DSD_STES@DF_FINMARK(4.0),Financial market,I,DNK,Denmark,A,Annual,IRLT,Long-term interest rates,PA,Percent per annum,_Z,Not applicable,_Z,Not applicable,_Z,Not applicable,_Z,Not applicable,N,National,2008,,4.284333,,A,Normal value,0,Units,2,Two,,
DATAFLOW,OECD.SDD.STES:DSD_STES@DF_FINMARK(4.0),Financial market,I,DNK,Denmark,A,Annual,IRLT,Long-term interest rates,PA,Percent per annum,_Z,Not applicable,_Z,Not applicable,_Z,Not applicable,_Z,Not applicable,N,National,2009,,3.586333,,A,Normal value,0,Units,2,Two,,
DATAFLOW,OECD.SDD.STES:DSD_STES@DF_FINMARK(4.0),Financial market,I,DNK,Denmark,A,Annual,IRLT,Long-term interest rates,PA,Percent per annum,_Z,Not applicable,_Z,Not applicable,_Z,Not applicable,_Z,Not applicable,N,National,2010,,2.926083,,A,Normal value,0,Units,2,Two,,
DATAFLOW,OECD.SDD.STES:DSD_STES@DF_FINMARK(4.0),Financial market,I,DNK,Denmark,A,Annual,IRLT,Long-term interest rates,PA,Percent per annum,_Z,Not applicable,_Z,Not applicable,_Z,Not applicable,_Z,Not applicable,N,National,2011,,2.72925,,A,Normal value,0,Units,2,Two,,
DATAFLOW,OECD.SDD.STES:DSD_STES@DF_FINMARK(4.0),Financial market,I,DNK,Denmark,A,Annual,IRLT,Long-term interest rates,PA,Percent per annum,_Z,Not applicable,_Z,Not applicable,_Z,Not applicable,_Z,Not applicable,N,National,2012,,1.403417,,A,Normal value,0,Units,2,Two,,
DATAFLOW,OECD.SDD.STES:DSD_STES@DF_FINMARK(4.0),Financial market,I,DNK,Denmark,A,Annual,IRLT,Long-term interest rates,PA,Percent per annum,_Z,Not applicable,_Z,Not applicable,_Z,Not applicable,_Z,Not applicable,N,National,2013,,1.745,,A,Normal value,0,Units,2,Two,,
DATAFLOW,OECD.SDD.STES:DSD_STES@DF_FINMARK(4.0),Financial market,I,DNK,Denmark,A,Annual,IRLT,Long-term interest rates,PA,Percent per annum,_Z,Not applicable,_Z,Not applicable,_Z,Not applicable,_Z,Not applicable,N,National,2014,,1.324833,,A,Normal value,0,Units,2,Two,,
DATAFLOW,OECD.SDD.STES:DSD_STES@DF_FINMARK(4.0),Financial market,I,DNK,Denmark,A,Annual,IRLT,Long-term interest rates,PA,Percent per annum,_Z,Not applicable,_Z,Not applicable,_Z,Not applicable,_Z,Not applicable,N,National,2015,,0.6905,,A,Normal value,0,Units,2,Two,,
DATAFLOW,OECD.SDD.STES:DSD_STES@DF_FINMARK(4.0),Financial market,I,DNK,Denmark,A,Annual,IRLT,Long-term interest rates,PA,Percent per annum,_Z,Not applicable,_Z,Not applicable,_Z,Not applicable,_Z,Not applicable,N,National,2016,,0.3203333,,A,Normal value,0,Units,2,Two,,
DATAFLOW,OECD.SDD.STES:DSD_STES@DF_FINMARK(4.0),Financial market,I,DNK,Denmark,A,Annual,IRLT,Long-term interest rates,PA,Percent per annum,_Z,Not applicable,_Z,Not applicable,_Z,Not applicable,_Z,Not applicable,N,National,2017,,0.4764167,,A,Normal value,0,Units,2,Two,,
DATAFLOW,OECD.SDD.STES:DSD_STES@DF_FINMARK(4.0),Financial market,I,DNK,Denmark,A,Annual,IRLT,Long-term interest rates,PA,Percent per annum,_Z,Not applicable,_Z,Not applicable,_Z,Not applicable,_Z,Not applicable,N,National,2018,,0.4548333,,A,Normal value,0,Units,2,Two,,
DATAFLOW,OECD.SDD.STES:DSD_STES@DF_FINMARK(4.0),Financial market,I,DNK,Denmark,A,Annual,IRLT,Long-term interest rates,PA,Percent per annum,_Z,Not applicable,_Z,Not applicable,_Z,Not applicable,_Z,Not applicable,N,National,2019,,-0.1834167,,A,Normal value,0,Units,2,Two,,
DATAFLOW,OECD.SDD.STES:DSD_STES@DF_FINMARK(4.0),Financial market,I,DNK,Denmark,A,Annual,IRLT,Long-term interest rates,PA,Percent per annum,_Z,Not applicable,_Z,Not applicable,_Z,Not applicable,_Z,Not applicable,N,National,2020,,-0.35925,,A,Normal value,0,Units,2,Two,,
DATAFLOW,OECD.SDD.STES:DSD_STES@DF_FINMARK(4.0),Financial market,I,DNK,Denmark,A,Annual,IRLT,Long-term interest rates,PA,Percent per annum,_Z,Not applicable,_Z,Not applicable,_Z,Not applicable,_Z,Not applicable,N,National,2021,,-0.06083333,,A,Normal value,0,Units,2,Two,,
DATAFLOW,OECD.SDD.STES:DSD_STES@DF_FINMARK(4.0),Financial market,I,DNK,Denmark,A,Annual,IRLT,Long-term interest rates,PA,Percent per annum,_Z,Not applicable,_Z,Not applicable,_Z,Not applicable,_Z,Not applicable,N,National,2022,,1.47775,,A,Normal value,0,Units,2,Two,,
DATAFLOW,OECD.SDD.STES:DSD_STES@DF_FINMARK(4.0),Financial market,I,EST,Estonia,A,Annual,IRLT,Long-term interest rates,PA,Percent per annum,_Z,Not applicable,_Z,Not applicable,_Z,Not applicable,_Z,Not applicable,N,National,2021,,0.06333333,,A,Normal value,0,Units,2,Two,,
DATAFLOW,OECD.SDD.STES:DSD_STES@DF_FINMARK(4.0),Financial market,I,EST,Estonia,A,Annual,IRLT,Long-term interest rates,PA,Percent per annum,_Z,Not applicable,_Z,Not applicable,_Z,Not applicable,_Z,Not applicable,N,National,2022,,2.285833,,A,Normal value,0,Units,2,Two,,
DATAFLOW,OECD.SDD.STES:DSD_STES@DF_FINMARK(4.0),Financial market,I,EST,Estonia,A,Annual,IRLT,Long-term interest rates,PA,Percent per annum,_Z,Not applicable,_Z,Not applicable,_Z,Not applicable,_Z,Not applicable,N,National,2023,,3.900833,,A,Normal value,0,Units,2,Two,,
DATAFLOW,OECD.SDD.STES:DSD_STES@DF_FINMARK(4.0),Financial market,I,FIN,Finland,A,Annual,IRLT,Long-term interest rates,PA,Percent per annum,_Z,Not applicable,_Z,Not applicable,_Z,Not applicable,_Z,Not applicable,N,National,1988,,10.5575,,A,Normal value,0,Units,2,Two,,
DATAFLOW,OECD.SDD.STES:DSD_STES@DF_FINMARK(4.0),Financial market,I,FIN,Finland,A,Annual,IRLT,Long-term interest rates,PA,Percent per annum,_Z,Not applicable,_Z,Not applicable,_Z,Not applicable,_Z,Not applicable,N,National,1989,,12.08583,,A,Normal value,0,Units,2,Two,,
DATAFLOW,OECD.SDD.STES:DSD_STES@DF_FINMARK(4.0),Financial market,I,FIN,Finland,A,Annual,IRLT,Long-term interest rates,PA,Percent per annum,_Z,Not applicable,_Z,Not applicable,_Z,Not applicable,_Z,Not applicable,N,National,1990,,13.21,,A,Normal value,0,Units,2,Two,,
DATAFLOW,OECD.SDD.STES:DSD_STES@DF_FINMARK(4.0),Financial market,I,FIN,Finland,A,Annual,IRLT,Long-term interest rates,PA,Percent per annum,_Z,Not applicable,_Z,Not applicable,_Z,Not applicable,_Z,Not applicable,N,National,1991,,11.71167,,A,Normal value,0,Units,2,Two,,
DATAFLOW,OECD.SDD.STES:DSD_STES@DF_FINMARK(4.0),Financial market,I,FIN,Finland,A,Annual,IRLT,Long-term interest rates,PA,Percent per annum,_Z,Not applicable,_Z,Not applicable,_Z,Not applicable,_Z,Not applicable,N,National,1992,,11.9725,,A,Normal value,0,Units,2,Two,,
DATAFLOW,OECD.SDD.STES:DSD_STES@DF_FINMARK(4.0),Financial market,I,FIN,Finland,A,Annual,IRLT,Long-term interest rates,PA,Percent per annum,_Z,Not applicable,_Z,Not applicable,_Z,Not applicable,_Z,Not applicable,N,National,1993,,8.825,,A,Normal value,0,Units,2,Two,,
DATAFLOW,OECD.SDD.STES:DSD_STES@DF_FINMARK(4.0),Financial market,I,FIN,Finland,A,Annual,IRLT,Long-term interest rates,PA,Percent per annum,_Z,Not applicable,_Z,Not applicable,_Z,Not applicable,_Z,Not applicable,N,National,1994,,9.036667,,A,Normal value,0,Units,2,Two,,
DATAFLOW,OECD.SDD.STES:DSD_STES@DF_FINMARK(4.0),Financial market,I,FIN,Finland,A,Annual,IRLT,Long-term interest rates,PA,Percent per annum,_Z,Not applicable,_Z,Not applicable,_Z,Not applicable,_Z,Not applicable,N,National,1995,,8.791667,,A,Normal value,0,Units,2,Two,,
DATAFLOW,OECD.SDD.STES:DSD_STES@DF_FINMARK(4.0),Financial market,I,FIN,Finland,A,Annual,IRLT,Long-term interest rates,PA,Percent per annum,_Z,Not applicable,_Z,Not applicable,_Z,Not applicable,_Z,Not applicable,N,National,1996,,7.076667,,A,Normal value,0,Units,2,Two,,
DATAFLOW,OECD.SDD.STES:DSD_STES@DF_FINMARK(4.0),Financial market,I,FIN,Finland,A,Annual,IRLT,Long-term interest rates,PA,Percent per annum,_Z,Not applicable,_Z,Not applicable,_Z,Not applicable,_Z,Not applicable,N,National,1997,,5.9575,,A,Normal value,0,Units,2,Two,,
DATAFLOW,OECD.SDD.STES:DSD_STES@DF_FINMARK(4.0),Financial market,I,FIN,Finland,A,Annual,IRLT,Long-term interest rates,PA,Percent per annum,_Z,Not applicable,_Z,Not applicable,_Z,Not applicable,_Z,Not applicable,N,National,1998,,4.7875,,A,Normal value,0,Units,2,Two,,
DATAFLOW,OECD.SDD.STES:DSD_STES@DF_FINMARK(4.0),Financial market,I,FIN,Finland,A,Annual,IRLT,Long-term interest rates,PA,Percent per annum,_Z,Not applicable,_Z,Not applicable,_Z,Not applicable,_Z,Not applicable,N,National,1999,,4.7225,,A,Normal value,0,Units,2,Two,,
DATAFLOW,OECD.SDD.STES:DSD_STES@DF_FINMARK(4.0),Financial market,I,FIN,Finland,A,Annual,IRLT,Long-term interest rates,PA,Percent per annum,_Z,Not applicable,_Z,Not applicable,_Z,Not applicable,_Z,Not applicable,N,National,2000,,5.4825,,A,Normal value,0,Units,2,Two,,
DATAFLOW,OECD.SDD.STES:DSD_STES@DF_FINMARK(4.0),Financial market,I,FIN,Finland,A,Annual,IRLT,Long-term interest rates,PA,Percent per annum,_Z,Not applicable,_Z,Not applicable,_Z,Not applicable,_Z,Not applicable,N,National,2001,,5.043334,,A,Normal value,0,Units,2,Two,,
DATAFLOW,OECD.SDD.STES:DSD_STES@DF_FINMARK(4.0),Financial market,I,FIN,Finland,A,Annual,IRLT,Long-term interest rates,PA,Percent per annum,_Z,Not applicable,_Z,Not applicable,_Z,Not applicable,_Z,Not applicable,N,National,2002,,4.980834,,A,Normal value,0,Units,2,Two,,
DATAFLOW,OECD.SDD.STES:DSD_STES@DF_FINMARK(4.0),Financial market,I,FIN,Finland,A,Annual,IRLT,Long-term interest rates,PA,Percent per annum,_Z,Not applicable,_Z,Not applicable,_Z,Not applicable,_Z,Not applicable,N,National,2003,,4.135,,A,Normal value,0,Units,2,Two,,
DATAFLOW,OECD.SDD.STES:DSD_STES@DF_FINMARK(4.0),Financial market,I,FIN,Finland,A,Annual,IRLT,Long-term interest rates,PA,Percent per annum,_Z,Not applicable,_Z,Not applicable,_Z,Not applicable,_Z,Not applicable,N,National,2004,,4.109167,,A,Normal value,0,Units,2,Two,,
DATAFLOW,OECD.SDD.STES:DSD_STES@DF_FINMARK(4.0),Financial market,I,FIN,Finland,A,Annual,IRLT,Long-term interest rates,PA,Percent per annum,_Z,Not applicable,_Z,Not applicable,_Z,Not applicable,_Z,Not applicable,N,National,2005,,3.350833,,A,Normal value,0,Units,2,Two,,
DATAFLOW,OECD.SDD.STES:DSD_STES@DF_FINMARK(4.0),Financial market,I,FIN,Finland,A,Annual,IRLT,Long-term interest rates,PA,Percent per annum,_Z,Not applicable,_Z,Not applicable,_Z,Not applicable,_Z,Not applicable,N,National,2006,,3.7825,,A,Normal value,0,Units,2,Two,,
DATAFLOW,OECD.SDD.STES:DSD_STES@DF_FINMARK(4.0),Financial market,I,FIN,Finland,A,Annual,IRLT,Long-term interest rates,PA,Percent per annum,_Z,Not applicable,_Z,Not applicable,_Z,Not applicable,_Z,Not applicable,N,National,2007,,4.293334,,A,Normal value,0,Units,2,Two,,
DATAFLOW,OECD.SDD.STES:DSD_STES@DF_FINMARK(4.0),Financial market,I,FIN,Finland,A,Annual,IRLT,Long-term interest rates,PA,Percent per annum,_Z,Not applicable,_Z,Not applicable,_Z,Not applicable,_Z,Not applicable,N,National,2008,,4.29,,A,Normal value,0,Units,2,Two,,
DATAFLOW,OECD.SDD.STES:DSD_STES@DF_FINMARK(4.0),Financial market,I,FIN,Finland,A,Annual,IRLT,Long-term interest rates,PA,Percent per annum,_Z,Not applicable,_Z,Not applicable,_Z,Not applicable,_Z,Not applicable,N,National,2009,,3.738333,,A,Normal value,0,Units,2,Two,,
DATAFLOW,OECD.SDD.STES:DSD_STES@DF_FINMARK(4.0),Financial market,I,FIN,Finland,A,Annual,IRLT,Long-term interest rates,PA,Percent per annum,_Z,Not applicable,_Z,Not applicable,_Z,Not applicable,_Z,Not applicable,N,National,2010,,3.010833,,A,Normal value,0,Units,2,Two,,
DATAFLOW,OECD.SDD.STES:DSD_STES@DF_FINMARK(4.0),Financial market,I,FIN,Finland,A,Annual,IRLT,Long-term interest rates,PA,Percent per annum,_Z,Not applicable,_Z,Not applicable,_Z,Not applicable,_Z,Not applicable,N,National,2011,,3.005833,,A,Normal value,0,Units,2,Two,,
DATAFLOW,OECD.SDD.STES:DSD_STES@DF_FINMARK(4.0),Financial market,I,FIN,Finland,A,Annual,IRLT,Long-term interest rates,PA,Percent per annum,_Z,Not applicable,_Z,Not applicable,_Z,Not applicable,_Z,Not applicable,N,National,2012,,1.883333,,A,Normal value,0,Units,2,Two,,
DATAFLOW,OECD.SDD.STES:DSD_STES@DF_FINMARK(4.0),Financial market,I,FIN,Finland,A,Annual,IRLT,Long-term interest rates,PA,Percent per annum,_Z,Not applicable,_Z,Not applicable,_Z,Not applicable,_Z,Not applicable,N,National,2013,,1.860833,,A,Normal value,0,Units,2,Two,,
DATAFLOW,OECD.SDD.STES:DSD_STES@DF_FINMARK(4.0),Financial market,I,FIN,Finland,A,Annual,IRLT,Long-term interest rates,PA,Percent per annum,_Z,Not applicable,_Z,Not applicable,_Z,Not applicable,_Z,Not applicable,N,National,2014,,1.448333,,A,Normal value,0,Units,2,Two,,
DATAFLOW,OECD.SDD.STES:DSD_STES@DF_FINMARK(4.0),Financial market,I,FIN,Finland,A,Annual,IRLT,Long-term interest rates,PA,Percent per annum,_Z,Not applicable,_Z,Not applicable,_Z,Not applicable,_Z,Not applicable,N,National,2015,,0.7233334,,A,Normal value,0,Units,2,Two,,
DATAFLOW,OECD.SDD.STES:DSD_STES@DF_FINMARK(4.0),Financial market,I,FIN,Finland,A,Annual,IRLT,Long-term interest rates,PA,Percent per annum,_Z,Not applicable,_Z,Not applicable,_Z,Not applicable,_Z,Not applicable,N,National,2016,,0.365,,A,Normal value,0,Units,2,Two,,
DATAFLOW,OECD.SDD.STES:DSD_STES@DF_FINMARK(4.0),Financial market,I,FIN,Finland,A,Annual,IRLT,Long-term interest rates,PA,Percent per annum,_Z,Not applicable,_Z,Not applicable,_Z,Not applicable,_Z,Not applicable,N,National,2017,,0.5466667,,A,Normal value,0,Units,2,Two,,
DATAFLOW,OECD.SDD.STES:DSD_STES@DF_FINMARK(4.0),Financial market,I,FIN,Finland,A,Annual,IRLT,Long-term interest rates,PA,Percent per annum,_Z,Not applicable,_Z,Not applicable,_Z,Not applicable,_Z,Not applicable,N,National,2018,,0.6616667,,A,Normal value,0,Units,2,Two,,
DATAFLOW,OECD.SDD.STES:DSD_STES@DF_FINMARK(4.0),Financial market,I,FIN,Finland,A,Annual,IRLT,Long-term interest rates,PA,Percent per annum,_Z,Not applicable,_Z,Not applicable,_Z,Not applicable,_Z,Not applicable,N,National,2019,,0.07,,A,Normal value,0,Units,2,Two,,
DATAFLOW,OECD.SDD.STES:DSD_STES@DF_FINMARK(4.0),Financial market,I,FIN,Finland,A,Annual,IRLT,Long-term interest rates,PA,Percent per annum,_Z,Not applicable,_Z,Not applicable,_Z,Not applicable,_Z,Not applicable,N,National,2020,,-0.2191667,,A,Normal value,0,Units,2,Two,,
DATAFLOW,OECD.SDD.STES:DSD_STES@DF_FINMARK(4.0),Financial market,I,FIN,Finland,A,Annual,IRLT,Long-term interest rates,PA,Percent per annum,_Z,Not applicable,_Z,Not applicable,_Z,Not applicable,_Z,Not applicable,N,National,2021,,-0.09507604,,A,Normal value,0,Units,2,Two,,
DATAFLOW,OECD.SDD.STES:DSD_STES@DF_FINMARK(4.0),Financial market,I,FIN,Finland,A,Annual,IRLT,Long-term interest rates,PA,Percent per annum,_Z,Not applicable,_Z,Not applicable,_Z,Not applicable,_Z,Not applicable,N,National,2022,,1.655308,,A,Normal value,0,Units,2,Two,,
DATAFLOW,OECD.SDD.STES:DSD_STES@DF_FINMARK(4.0),Financial market,I,FRA,France,A,Annual,IRLT,Long-term interest rates,PA,Percent per annum,_Z,Not applicable,_Z,Not applicable,_Z,Not applicable,_Z,Not applicable,N,National,1960,,5.663333,,A,Normal value,0,Units,2,Two,,
DATAFLOW,OECD.SDD.STES:DSD_STES@DF_FINMARK(4.0),Financial market,I,FRA,France,A,Annual,IRLT,Long-term interest rates,PA,Percent per annum,_Z,Not applicable,_Z,Not applicable,_Z,Not applicable,_Z,Not applicable,N,National,1961,,5.519166,,A,Normal value,0,Units,2,Two,,
DATAFLOW,OECD.SDD.STES:DSD_STES@DF_FINMARK(4.0),Financial market,I,FRA,France,A,Annual,IRLT,Long-term interest rates,PA,Percent per annum,_Z,Not applicable,_Z,Not applicable,_Z,Not applicable,_Z,Not applicable,N,National,1962,,5.434166,,A,Normal value,0,Units,2,Two,,
DATAFLOW,OECD.SDD.STES:DSD_STES@DF_FINMARK(4.0),Financial market,I,FRA,France,A,Annual,IRLT,Long-term interest rates,PA,Percent per annum,_Z,Not applicable,_Z,Not applicable,_Z,Not applicable,_Z,Not applicable,N,National,1963,,5.338333,,A,Normal value,0,Units,2,Two,,
DATAFLOW,OECD.SDD.STES:DSD_STES@DF_FINMARK(4.0),Financial market,I,FRA,France,A,Annual,IRLT,Long-term interest rates,PA,Percent per annum,_Z,Not applicable,_Z,Not applicable,_Z,Not applicable,_Z,Not applicable,N,National,1964,,5.449167,,A,Normal value,0,Units,2,Two,,
DATAFLOW,OECD.SDD.STES:DSD_STES@DF_FINMARK(4.0),Financial market,I,FRA,France,A,Annual,IRLT,Long-term interest rates,PA,Percent per annum,_Z,Not applicable,_Z,Not applicable,_Z,Not applicable,_Z,Not applicable,N,National,1965,,6.2025,,A,Normal value,0,Units,2,Two,,
DATAFLOW,OECD.SDD.STES:DSD_STES@DF_FINMARK(4.0),Financial market,I,FRA,France,A,Annual,IRLT,Long-term interest rates,PA,Percent per annum,_Z,Not applicable,_Z,Not applicable,_Z,Not applicable,_Z,Not applicable,N,National,1966,,6.579167,,A,Normal value,0,Units,2,Two,,
DATAFLOW,OECD.SDD.STES:DSD_STES@DF_FINMARK(4.0),Financial market,I,FRA,France,A,Annual,IRLT,Long-term interest rates,PA,Percent per annum,_Z,Not applicable,_Z,Not applicable,_Z,Not applicable,_Z,Not applicable,N,National,1967,,6.706666,,A,Normal value,0,Units,2,Two,,
DATAFLOW,OECD.SDD.STES:DSD_STES@DF_FINMARK(4.0),Financial market,I,FRA,France,A,Annual,IRLT,Long-term interest rates,PA,Percent per annum,_Z,Not applicable,_Z,Not applicable,_Z,Not applicable,_Z,Not applicable,N,National,1969,,8.1775,,A,Normal value,0,Units,2,Two,,
DATAFLOW,OECD.SDD.STES:DSD_STES@DF_FINMARK(4.0),Financial market,I,FRA,France,A,Annual,IRLT,Long-term interest rates,PA,Percent per annum,_Z,Not applicable,_Z,Not applicable,_Z,Not applicable,_Z,Not applicable,N,National,1970,,8.550834,,A,Normal value,0,Units,2,Two,,
DATAFLOW,OECD.SDD.STES:DSD_STES@DF_FINMARK(4.0),Financial market,I,FRA,France,A,Annual,IRLT,Long-term interest rates,PA,Percent per annum,_Z,Not applicable,_Z,Not applicable,_Z,Not applicable,_Z,Not applicable,N,National,1971,,8.421667,,A,Normal value,0,Units,2,Two,,
DATAFLOW,OECD.SDD.STES:DSD_STES@DF_FINMARK(4.0),Financial market,I,FRA,France,A,Annual,IRLT,Long-term interest rates,PA,Percent per annum,_Z,Not applicable,_Z,Not applicable,_Z,Not applicable,_Z,Not applicable,N,National,1972,,8.013333,,A,Normal value,0,Units,2,Two,,
DATAFLOW,OECD.SDD.STES:DSD_STES@DF_FINMARK(4.0),Financial market,I,FRA,France,A,Annual,IRLT,Long-term interest rates,PA,Percent per annum,_Z,Not applicable,_Z,Not applicable,_Z,Not applicable,_Z,Not applicable,N,National,1973,,8.998333,,A,Normal value,0,Units,2,Two,,
DATAFLOW,OECD.SDD.STES:DSD_STES@DF_FINMARK(4.0),Financial market,I,FRA,France,A,Annual,IRLT,Long-term interest rates,PA,Percent per annum,_Z,Not applicable,_Z,Not applicable,_Z,Not applicable,_Z,Not applicable,N,National,1974,,11.0025,,A,Normal value,0,Units,2,Two,,
DATAFLOW,OECD.SDD.STES:DSD_STES@DF_FINMARK(4.0),Financial market,I,FRA,France,A,Annual,IRLT,Long-term interest rates,PA,Percent per annum,_Z,Not applicable,_Z,Not applicable,_Z,Not applicable,_Z,Not applicable,N,National,1975,,10.31167,,A,Normal value,0,Units,2,Two,,
DATAFLOW,OECD.SDD.STES:DSD_STES@DF_FINMARK(4.0),Financial market,I,FRA,France,A,Annual,IRLT,Long-term interest rates,PA,Percent per annum,_Z,Not applicable,_Z,Not applicable,_Z,Not applicable,_Z,Not applicable,N,National,1976,,10.51,,A,Normal value,0,Units,2,Two,,
DATAFLOW,OECD.SDD.STES:DSD_STES@DF_FINMARK(4.0),Financial market,I,FRA,France,A,Annual,IRLT,Long-term interest rates,PA,Percent per annum,_Z,Not applicable,_Z,Not applicable,_Z,Not applicable,_Z,Not applicable,N,National,1977,,10.99167,,A,Normal value,0,Units,2,Two,,
DATAFLOW,OECD.SDD.STES:DSD_STES@DF_FINMARK(4.0),Financial market,I,FRA,France,A,Annual,IRLT,Long-term interest rates,PA,Percent per annum,_Z,Not applicable,_Z,Not applicable,_Z,Not applicable,_Z,Not applicable,N,National,1978,,10.61167,,A,Normal value,0,Units,2,Two,,
DATAFLOW,OECD.SDD.STES:DSD_STES@DF_FINMARK(4.0),Financial market,I,FRA,France,A,Annual,IRLT,Long-term interest rates,PA,Percent per annum,_Z,Not applicable,_Z,Not applicable,_Z,Not applicable,_Z,Not applicable,N,National,1979,,10.8475,,A,Normal value,0,Units,2,Two,,
DATAFLOW,OECD.SDD.STES:DSD_STES@DF_FINMARK(4.0),Financial market,I,FRA,France,A,Annual,IRLT,Long-term interest rates,PA,Percent per annum,_Z,Not applicable,_Z,Not applicable,_Z,Not applicable,_Z,Not applicable,N,National,1980,,13.78417,,A,Normal value,0,Units,2,Two,,
DATAFLOW,OECD.SDD.STES:DSD_STES@DF_FINMARK(4.0),Financial market,I,FRA,France,A,Annual,IRLT,Long-term interest rates,PA,Percent per annum,_Z,Not applicable,_Z,Not applicable,_Z,Not applicable,_Z,Not applicable,N,National,1981,,16.29167,,A,Normal value,0,Units,2,Two,,
DATAFLOW,OECD.SDD.STES:DSD_STES@DF_FINMARK(4.0),Financial market,I,FRA,France,A,Annual,IRLT,Long-term interest rates,PA,Percent per annum,_Z,Not applicable,_Z,Not applicable,_Z,Not applicable,_Z,Not applicable,N,National,1982,,15.9975,,A,Normal value,0,Units,2,Two,,
DATAFLOW,OECD.SDD.STES:DSD_STES@DF_FINMARK(4.0),Financial market,I,FRA,France,A,Annual,IRLT,Long-term interest rates,PA,Percent per annum,_Z,Not applicable,_Z,Not applicable,_Z,Not applicable,_Z,Not applicable,N,National,1983,,14.36833,,A,Normal value,0,Units,2,Two,,
DATAFLOW,OECD.SDD.STES:DSD_STES@DF_FINMARK(4.0),Financial market,I,FRA,France,A,Annual,IRLT,Long-term interest rates,PA,Percent per annum,_Z,Not applicable,_Z,Not applicable,_Z,Not applicable,_Z,Not applicable,N,National,1984,,13.40417,,A,Normal value,0,Units,2,Two,,
DATAFLOW,OECD.SDD.STES:DSD_STES@DF_FINMARK(4.0),Financial market,I,FRA,France,A,Annual,IRLT,Long-term interest rates,PA,Percent per annum,_Z,Not applicable,_Z,Not applicable,_Z,Not applicable,_Z,Not applicable,N,National,1985,,11.86667,,A,Normal value,0,Units,2,Two,,
DATAFLOW,OECD.SDD.STES:DSD_STES@DF_FINMARK(4.0),Financial market,I,GRC,Greece,A,Annual,IRLT,Long-term interest rates,PA,Percent per annum,_Z,Not applicable,_Z,Not applicable,_Z,Not applicable,_Z,Not applicable,N,National,1998,,8.481667,,A,Normal value,0,Units,2,Two,,
DATAFLOW,OECD.SDD.STES:DSD_STES@DF_FINMARK(4.0),Financial market,I,GRC,Greece,A,Annual,IRLT,Long-term interest rates,PA,Percent per annum,_Z,Not applicable,_Z,Not applicable,_Z,Not applicable,_Z,Not applicable,N,National,1999,,6.05,,A,Normal value,0,Units,2,Two,,
DATAFLOW,OECD.SDD.STES:DSD_STES@DF_FINMARK(4.0),Financial market,I,GRC,Greece,A,Annual,IRLT,Long-term interest rates,PA,Percent per annum,_Z,Not applicable,_Z,Not applicable,_Z,Not applicable,_Z,Not applicable,N,National,2000,,6.105834,,A,Normal value,0,Units,2,Two,,
DATAFLOW,OECD.SDD.STES:DSD_STES@DF_FINMARK(4.0),Financial market,I,GRC,Greece,A,Annual,IRLT,Long-term interest rates,PA,Percent per annum,_Z,Not applicable,_Z,Not applicable,_Z,Not applicable,_Z,Not applicable,N,National,2001,,5.304167,,A,Normal value,0,Units,2,Two,,
DATAFLOW,OECD.SDD.STES:DSD_STES@DF_FINMARK(4.0),Financial market,I,GRC,Greece,A,Annual,IRLT,Long-term interest rates,PA,Percent per annum,_Z,Not applicable,_Z,Not applicable,_Z,Not applicable,_Z,Not applicable,N,National,2002,,5.121666,,A,Normal value,0,Units,2,Two,,
DATAFLOW,OECD.SDD.STES:DSD_STES@DF_FINMARK(4.0),Financial market,I,GRC,Greece,A,Annual,IRLT,Long-term interest rates,PA,Percent per annum,_Z,Not applicable,_Z,Not applicable,_Z,Not applicable,_Z,Not applicable,N,National,2005,,3.585,,A,Normal value,0,Units,2,Two,,
DATAFLOW,OECD.SDD.STES:DSD_STES@DF_FINMARK(4.0),Financial market,I,GRC,Greece,A,Annual,IRLT,Long-term interest rates,PA,Percent per annum,_Z,Not applicable,_Z,Not applicable,_Z,Not applicable,_Z,Not applicable,N,National,2006,,4.07,,A,Normal value,0,Units,2,Two,,
DATAFLOW,OECD.SDD.STES:DSD_STES@DF_FINMARK(4.0),Financial market,I,GRC,Greece,A,Annual,IRLT,Long-term interest rates,PA,Percent per annum,_Z,Not applicable,_Z,Not applicable,_Z,Not applicable,_Z,Not applicable,N,National,2007,,4.5,,A,Normal value,0,Units,2,Two,,
DATAFLOW,OECD.SDD.STES:DSD_STES@DF_FINMARK(4.0),Financial market,I,GRC,Greece,A,Annual,IRLT,Long-term interest rates,PA,Percent per annum,_Z,Not applicable,_Z,Not applicable,_Z,Not applicable,_Z,Not applicable,N,National,2010,,9.091666,,A,Normal value,0,Units,2,Two,,
DATAFLOW,OECD.SDD.STES:DSD_STES@DF_FINMARK(4.0),Financial market,I,GRC,Greece,A,Annual,IRLT,Long-term interest rates,PA,Percent per annum,_Z,Not applicable,_Z,Not applicable,_Z,Not applicable,_Z,Not applicable,N,National,2011,,15.74917,,A,Normal value,0,Units,2,Two,,
DATAFLOW,OECD.SDD.STES:DSD_STES@DF_FINMARK(4.0),Financial market,I,GRC,Greece,A,Annual,IRLT,Long-term interest rates,PA,Percent per annum,_Z,Not applicable,_Z,Not applicable,_Z,Not applicable,_Z,Not applicable,N,National,2013,,10.05417,,A,Normal value,0,Units,2,Two,,
DATAFLOW,OECD.SDD.STES:DSD_STES@DF_FINMARK(4.0),Financial market,I,GRC,Greece,A,Annual,IRLT,Long-term interest rates,PA,Percent per annum,_Z,Not applicable,_Z,Not applicable,_Z,Not applicable,_Z,Not applicable,N,National,2014,,6.929167,,A,Normal value,0,Units,2,Two,,
DATAFLOW,OECD.SDD.STES:DSD_STES@DF_FINMARK(4.0),Financial market,I,GRC,Greece,A,Annual,IRLT,Long-term interest rates,PA,Percent per annum,_Z,Not applicable,_Z,Not applicable,_Z,Not applicable,_Z,Not applicable,N,National,2016,,8.36,,A,Normal value,0,Units,2,Two,,
DATAFLOW,OECD.SDD.STES:DSD_STES@DF_FINMARK(4.0),Financial market,I,GRC,Greece,A,Annual,IRLT,Long-term interest rates,PA,Percent per annum,_Z,Not applicable,_Z,Not applicable,_Z,Not applicable,_Z,Not applicable,N,National,2017,,5.978333,,A,Normal value,0,Units,2,Two,,
DATAFLOW,OECD.SDD.STES:DSD_STES@DF_FINMARK(4.0),Financial market,I,GRC,Greece,A,Annual,IRLT,Long-term interest rates,PA,Percent per annum,_Z,Not applicable,_Z,Not applicable,_Z,Not applicable,_Z,Not applicable,N,National,2018,,4.185,,A,Normal value,0,Units,2,Two,,
DATAFLOW,OECD.SDD.STES:DSD_STES@DF_FINMARK(4.0),Financial market,I,GRC,Greece,A,Annual,IRLT,Long-term interest rates,PA,Percent per annum,_Z,Not applicable,_Z,Not applicable,_Z,Not applicable,_Z,Not applicable,N,National,2019,,2.585833,,A,Normal value,0,Units,2,Two,,
DATAFLOW,OECD.SDD.STES:DSD_STES@DF_FINMARK(4.0),Financial market,I,GRC,Greece,A,Annual,IRLT,Long-term interest rates,PA,Percent per annum,_Z,Not applicable,_Z,Not applicable,_Z,Not applicable,_Z,Not applicable,N,National,2020,,1.271667,,A,Normal value,0,Units,2,Two,,
DATAFLOW,OECD.SDD.STES:DSD_STES@DF_FINMARK(4.0),Financial market,I,GRC,Greece,A,Annual,IRLT,Long-term interest rates,PA,Percent per annum,_Z,Not applicable,_Z,Not applicable,_Z,Not applicable,_Z,Not applicable,N,National,2022,,3.486667,,A,Normal value,0,Units,2,Two,,
DATAFLOW,OECD.SDD.STES:DSD_STES@DF_FINMARK(4.0),Financial market,I,GRC,Greece,A,Annual,IRLT,Long-term interest rates,PA,Percent per annum,_Z,Not applicable,_Z,Not applicable,_Z,Not applicable,_Z,Not applicable,N,National,2023,,4.001667,,A,Normal value,0,Units,2,Two,,
DATAFLOW,OECD.SDD.STES:DSD_STES@DF_FINMARK(4.0),Financial market,I,HUN,Hungary,A,Annual,IRLT,Long-term interest rates,PA,Percent per annum,_Z,Not applicable,_Z,Not applicable,_Z,Not applicable,_Z,Not applicable,N,National,2000,,8.55,,A,Normal value,0,Units,2,Two,,
DATAFLOW,OECD.SDD.STES:DSD_STES@DF_FINMARK(4.0),Financial market,I,HUN,Hungary,A,Annual,IRLT,Long-term interest rates,PA,Percent per annum,_Z,Not applicable,_Z,Not applicable,_Z,Not applicable,_Z,Not applicable,N,National,2001,,7.945,,A,Normal value,0,Units,2,Two,,
DATAFLOW,OECD.SDD.STES:DSD_STES@DF_FINMARK(4.0),Financial market,I,HUN,Hungary,A,Annual,IRLT,Long-term interest rates,PA,Percent per annum,_Z,Not applicable,_Z,Not applicable,_Z,Not applicable,_Z,Not applicable,N,National,2002,,7.085834,,A,Normal value,0,Units,2,Two,,
DATAFLOW,OECD.SDD.STES:DSD_STES@DF_FINMARK(4.0),Financial market,I,HUN,Hungary,A,Annual,IRLT,Long-term interest rates,PA,Percent per annum,_Z,Not applicable,_Z,Not applicable,_Z,Not applicable,_Z,Not applicable,N,National,2003,,6.773334,,A,Normal value,0,Units,2,Two,,
DATAFLOW,OECD.SDD.STES:DSD_STES@DF_FINMARK(4.0),Financial market,I,HUN,Hungary,A,Annual,IRLT,Long-term interest rates,PA,Percent per annum,_Z,Not applicable,_Z,Not applicable,_Z,Not applicable,_Z,Not applicable,N,National,2004,,8.291667,,A,Normal value,0,Units,2,Two,,
DATAFLOW,OECD.SDD.STES:DSD_STES@DF_FINMARK(4.0),Financial market,I,HUN,Hungary,A,Annual,IRLT,Long-term interest rates,PA,Percent per annum,_Z,Not applicable,_Z,Not applicable,_Z,Not applicable,_Z,Not applicable,N,National,2005,,6.598333,,A,Normal value,0,Units,2,Two,,
DATAFLOW,OECD.SDD.STES:DSD_STES@DF_FINMARK(4.0),Financial market,I,HUN,Hungary,A,Annual,IRLT,Long-term interest rates,PA,Percent per annum,_Z,Not applicable,_Z,Not applicable,_Z,Not applicable,_Z,Not applicable,N,National,2006,,7.115833,,A,Normal value,0,Units,2,Two,,
DATAFLOW,OECD.SDD.STES:DSD_STES@DF_FINMARK(4.0),Financial market,I,HUN,Hungary,A,Annual,IRLT,Long-term interest rates,PA,Percent per annum,_Z,Not applicable,_Z,Not applicable,_Z,Not applicable,_Z,Not applicable,N,National,2007,,6.744167,,A,Normal value,0,Units,2,Two,,
DATAFLOW,OECD.SDD.STES:DSD_STES@DF_FINMARK(4.0),Financial market,I,HUN,Hungary,A,Annual,IRLT,Long-term interest rates,PA,Percent per annum,_Z,Not applicable,_Z,Not applicable,_Z,Not applicable,_Z,Not applicable,N,National,2008,,8.238334,,A,Normal value,0,Units,2,Two,,
DATAFLOW,OECD.SDD.STES:DSD_STES@DF_FINMARK(4.0),Financial market,I,HUN,Hungary,A,Annual,IRLT,Long-term interest rates,PA,Percent per annum,_Z,Not applicable,_Z,Not applicable,_Z,Not applicable,_Z,Not applicable,N,National,2009,,9.123333,,A,Normal value,0,Units,2,Two,,
DATAFLOW,OECD.SDD.STES:DSD_STES@DF_FINMARK(4.0),Financial market,I,HUN,Hungary,A,Annual,IRLT,Long-term interest rates,PA,Percent per annum,_Z,Not applicable,_Z,Not applicable,_Z,Not applicable,_Z,Not applicable,N,National,2010,,7.281667,,A,Normal value,0,Units,2,Two,,
DATAFLOW,OECD.SDD.STES:DSD_STES@DF_FINMARK(4.0),Financial market,I,HUN,Hungary,A,Annual,IRLT,Long-term interest rates,PA,Percent per annum,_Z,Not applicable,_Z,Not applicable,_Z,Not applicable,_Z,Not applicable,N,National,2011,,7.635409,,A,Normal value,0,Units,2,Two,,
DATAFLOW,OECD.SDD.STES:DSD_STES@DF_FINMARK(4.0),Financial market,I,HUN,Hungary,A,Annual,IRLT,Long-term interest rates,PA,Percent per annum,_Z,Not applicable,_Z,Not applicable,_Z,Not applicable,_Z,Not applicable,N,National,2012,,7.890833,,A,Normal value,0,Units,2,Two,,
DATAFLOW,OECD.SDD.STES:DSD_STES@DF_FINMARK(4.0),Financial market,I,HUN,Hungary,A,Annual,IRLT,Long-term interest rates,PA,Percent per annum,_Z,Not applicable,_Z,Not applicable,_Z,Not applicable,_Z,Not applicable,N,National,2013,,5.923333,,A,Normal value,0,Units,2,Two,,
DATAFLOW,OECD.SDD.STES:DSD_STES@DF_FINMARK(4.0),Financial market,I,HUN,Hungary,A,Annual,IRLT,Long-term interest rates,PA,Percent per annum,_Z,Not applicable,_Z,Not applicable,_Z,Not applicable,_Z,Not applicable,N,National,2014,,4.809166,,A,Normal value,0,Units,2,Two,,
DATAFLOW,OECD.SDD.STES:DSD_STES@DF_FINMARK(4.0),Financial market,I,HUN,Hungary,A,Annual,IRLT,Long-term interest rates,PA,Percent per annum,_Z,Not applicable,_Z,Not applicable,_Z,Not applicable,_Z,Not applicable,N,National,2015,,3.4325,,A,Normal value,0,Units,2,Two,,
DATAFLOW,OECD.SDD.STES:DSD_STES@DF_FINMARK(4.0),Financial market,I,HUN,Hungary,A,Annual,IRLT,Long-term interest rates,PA,Percent per annum,_Z,Not applicable,_Z,Not applicable,_Z,Not applicable,_Z,Not applicable,N,National,2016,,3.143333,,A,Normal value,0,Units,2,Two,,
DATAFLOW,OECD.SDD.STES:DSD_STES@DF_FINMARK(4.0),Financial market,I,HUN,Hungary,A,Annual,IRLT,Long-term interest rates,PA,Percent per annum,_Z,Not applicable,_Z,Not applicable,_Z,Not applicable,_Z,Not applicable,N,National,2017,,2.9625,,A,Normal value,0,Units,2,Two,,
DATAFLOW,OECD.SDD.STES:DSD_STES@DF_FINMARK(4.0),Financial market,I,HUN,Hungary,A,Annual,IRLT,Long-term interest rates,PA,Percent per annum,_Z,Not applicable,_Z,Not applicable,_Z,Not applicable,_Z,Not applicable,N,National,2018,,3.058333,,A,Normal value,0,Units,2,Two,,
DATAFLOW,OECD.SDD.STES:DSD_STES@DF_FINMARK(4.0),Financial market,I,HUN,Hungary,A,Annual,IRLT,Long-term interest rates,PA,Percent per annum,_Z,Not applicable,_Z,Not applicable,_Z,Not applicable,_Z,Not applicable,N,National,2019,,2.465,,A,Normal value,0,Units,2,Two,,
DATAFLOW,OECD.SDD.STES:DSD_STES@DF_FINMARK(4.0),Financial market,I,HUN,Hungary,A,Annual,IRLT,Long-term interest rates,PA,Percent per annum,_Z,Not applicable,_Z,Not applicable,_Z,Not applicable,_Z,Not applicable,N,National,2020,,2.225,,A,Normal value,0,Units,2,Two,,
DATAFLOW,OECD.SDD.STES:DSD_STES@DF_FINMARK(4.0),Financial market,I,HUN,Hungary,A,Annual,IRLT,Long-term interest rates,PA,Percent per annum,_Z,Not applicable,_Z,Not applicable,_Z,Not applicable,_Z,Not applicable,N,National,2021,,3.060833,,A,Normal value,0,Units,2,Two,,
DATAFLOW,OECD.SDD.STES:DSD_STES@DF_FINMARK(4.0),Financial market,I,HUN,Hungary,A,Annual,IRLT,Long-term interest rates,PA,Percent per annum,_Z,Not applicable,_Z,Not applicable,_Z,Not applicable,_Z,Not applicable,N,National,2022,,7.570833,,A,Normal value,0,Units,2,Two,,
DATAFLOW,OECD.SDD.STES:DSD_STES@DF_FINMARK(4.0),Financial market,I,HUN,Hungary,A,Annual,IRLT,Long-term interest rates,PA,Percent per annum,_Z,Not applicable,_Z,Not applicable,_Z,Not applicable,_Z,Not applicable,N,National,2023,,7.5125,,A,Normal value,0,Units,2,Two,,
DATAFLOW,OECD.SDD.STES:DSD_STES@DF_FINMARK(4.0),Financial market,I,ISL,Iceland,A,Annual,IRLT,Long-term interest rates,PA,Percent per annum,_Z,Not applicable,_Z,Not applicable,_Z,Not applicable,_Z,Not applicable,N,National,1994,,6.978333,,A,Normal value,0,Units,2,Two,,
DATAFLOW,OECD.SDD.STES:DSD_STES@DF_FINMARK(4.0),Financial market,I,ISL,Iceland,A,Annual,IRLT,Long-term interest rates,PA,Percent per annum,_Z,Not applicable,_Z,Not applicable,_Z,Not applicable,_Z,Not applicable,N,National,1995,,9.651667,,A,Normal value,0,Units,2,Two,,
DATAFLOW,OECD.SDD.STES:DSD_STES@DF_FINMARK(4.0),Financial market,I,ISL,Iceland,A,Annual,IRLT,Long-term interest rates,PA,Percent per annum,_Z,Not applicable,_Z,Not applicable,_Z,Not applicable,_Z,Not applicable,N,National,1996,,9.24,,A,Normal value,0,Units,2,Two,,
DATAFLOW,OECD.SDD.STES:DSD_STES@DF_FINMARK(4.0),Financial market,I,ISL,Iceland,A,Annual,IRLT,Long-term interest rates,PA,Percent per annum,_Z,Not applicable,_Z,Not applicable,_Z,Not applicable,_Z,Not applicable,N,National,1997,,8.705833,,A,Normal value,0,Units,2,Two,,
DATAFLOW,OECD.SDD.STES:DSD_STES@DF_FINMARK(4.0),Financial market,I,ISL,Iceland,A,Annual,IRLT,Long-term interest rates,PA,Percent per annum,_Z,Not applicable,_Z,Not applicable,_Z,Not applicable,_Z,Not applicable,N,National,1998,,7.664166,,A,Normal value,0,Units,2,Two,,
DATAFLOW,OECD.SDD.STES:DSD_STES@DF_FINMARK(4.0),Financial market,I,ISL,Iceland,A,Annual,IRLT,Long-term interest rates,PA,Percent per annum,_Z,Not applicable,_Z,Not applicable,_Z,Not applicable,_Z,Not applicable,N,National,1999,,8.47,,A,Normal value,0,Units,2,Two,,
DATAFLOW,OECD.SDD.STES:DSD_STES@DF_FINMARK(4.0),Financial market,I,ISL,Iceland,A,Annual,IRLT,Long-term interest rates,PA,Percent per annum,_Z,Not applicable,_Z,Not applicable,_Z,Not applicable,_Z,Not applicable,N,National,2000,,11.195,,A,Normal value,0,Units,2,Two,,
DATAFLOW,OECD.SDD.STES:DSD_STES@DF_FINMARK(4.0),Financial market,I,ISL,Iceland,A,Annual,IRLT,Long-term interest rates,PA,Percent per annum,_Z,Not applicable,_Z,Not applicable,_Z,Not applicable,_Z,Not applicable,N,National,2001,,10.35917,,A,Normal value,0,Units,2,Two,,
DATAFLOW,OECD.SDD.STES:DSD_STES@DF_FINMARK(4.0),Financial market,I,ISL,Iceland,A,Annual,IRLT,Long-term interest rates,PA,Percent per annum,_Z,Not applicable,_Z,Not applicable,_Z,Not applicable,_Z,Not applicable,N,National,2002,,7.959742,,A,Normal value,0,Units,2,Two,,
DATAFLOW,OECD.SDD.STES:DSD_STES@DF_FINMARK(4.0),Financial market,I,ISL,Iceland,A,Annual,IRLT,Long-term interest rates,PA,Percent per annum,_Z,Not applicable,_Z,Not applicable,_Z,Not applicable,_Z,Not applicable,N,National,2003,,6.652117,,A,Normal value,0,Units,2,Two,,
DATAFLOW,OECD.SDD.STES:DSD_STES@DF_FINMARK(4.0),Financial market,I,ISL,Iceland,A,Annual,IRLT,Long-term interest rates,PA,Percent per annum,_Z,Not applicable,_Z,Not applicable,_Z,Not applicable,_Z,Not applicable,N,National,2004,,7.491667,,A,Normal value,0,Units,2,Two,,
DATAFLOW,OECD.SDD.STES:DSD_STES@DF_FINMARK(4.0),Financial market,I,ISL,Iceland,A,Annual,IRLT,Long-term interest rates,PA,Percent per annum,_Z,Not applicable,_Z,Not applicable,_Z,Not applicable,_Z,Not applicable,N,National,2005,,8.636942,,A,Normal value,0,Units,2,Two,,
DATAFLOW,OECD.SDD.STES:DSD_STES@DF_FINMARK(4.0),Financial market,I,ISL,Iceland,A,Annual,IRLT,Long-term interest rates,PA,Percent per annum,_Z,Not applicable,_Z,Not applicable,_Z,Not applicable,_Z,Not applicable,N,National,2006,,8.830566,,A,Normal value,0,Units,2,Two,,
DATAFLOW,OECD.SDD.STES:DSD_STES@DF_FINMARK(4.0),Financial market,I,ISL,Iceland,A,Annual,IRLT,Long-term interest rates,PA,Percent per annum,_Z,Not applicable,_Z,Not applicable,_Z,Not applicable,_Z,Not applicable,N,National,2007,,9.419559,,A,Normal value,0,Units,2,Two,,
DATAFLOW,OECD.SDD.STES:DSD_STES@DF_FINMARK(4.0),Financial market,I,ISL,Iceland,A,Annual,IRLT,Long-term interest rates,PA,Percent per annum,_Z,Not applicable,_Z,Not applicable,_Z,Not applicable,_Z,Not applicable,N,National,2008,,11.06824,,A,Normal value,0,Units,2,Two,,
DATAFLOW,OECD.SDD.STES:DSD_STES@DF_FINMARK(4.0),Financial market,I,ISL,Iceland,A,Annual,IRLT,Long-term interest rates,PA,Percent per annum,_Z,Not applicable,_Z,Not applicable,_Z,Not applicable,_Z,Not applicable,N,National,2009,,8.256277,,A,Normal value,0,Units,2,Two,,
DATAFLOW,OECD.SDD.STES:DSD_STES@DF_FINMARK(4.0),Financial market,I,ISL,Iceland,A,Annual,IRLT,Long-term interest rates,PA,Percent per annum,_Z,Not applicable,_Z,Not applicable,_Z,Not applicable,_Z,Not applicable,N,National,2010,,6.085834,,A,Normal value,0,Units,2,Two,,
DATAFLOW,OECD.SDD.STES:DSD_STES@DF_FINMARK(4.0),Financial market,I,ISL,Iceland,A,Annual,IRLT,Long-term interest rates,PA,Percent per annum,_Z,Not applicable,_Z,Not applicable,_Z,Not applicable,_Z,Not applicable,N,National,2011,,5.978333,,A,Normal value,0,Units,2,Two,,
DATAFLOW,OECD.SDD.STES:DSD_STES@DF_FINMARK(4.0),Financial market,I,ISL,Iceland,A,Annual,IRLT,Long-term interest rates,PA,Percent per annum,_Z,Not applicable,_Z,Not applicable,_Z,Not applicable,_Z,Not applicable,N,National,2012,,6.194167,,A,Normal value,0,Units,2,Two,,
DATAFLOW,OECD.SDD.STES:DSD_STES@DF_FINMARK(4.0),Financial market,I,ISL,Iceland,A,Annual,IRLT,Long-term interest rates,PA,Percent per annum,_Z,Not applicable,_Z,Not applicable,_Z,Not applicable,_Z,Not applicable,N,National,2013,,5.789166,,A,Normal value,0,Units,2,Two,,
DATAFLOW,OECD.SDD.STES:DSD_STES@DF_FINMARK(4.0),Financial market,I,ISL,Iceland,A,Annual,IRLT,Long-term interest rates,PA,Percent per annum,_Z,Not applicable,_Z,Not applicable,_Z,Not applicable,_Z,Not applicable,N,National,2014,,6.373333,,A,Normal value,0,Units,2,Two,,
DATAFLOW,OECD.SDD.STES:DSD_STES@DF_FINMARK(4.0),Financial market,I,ISL,Iceland,A,Annual,IRLT,Long-term interest rates,PA,Percent per annum,_Z,Not applicable,_Z,Not applicable,_Z,Not applicable,_Z,Not applicable,N,National,2015,,6.259167,,A,Normal value,0,Units,2,Two,,
DATAFLOW,OECD.SDD.STES:DSD_STES@DF_FINMARK(4.0),Financial market,I,ISL,Iceland,A,Annual,IRLT,Long-term interest rates,PA,Percent per annum,_Z,Not applicable,_Z,Not applicable,_Z,Not applicable,_Z,Not applicable,N,National,2016,,5.603333,,A,Normal value,0,Units,2,Two,,
DATAFLOW,OECD.SDD.STES:DSD_STES@DF_FINMARK(4.0),Financial market,I,ISL,Iceland,A,Annual,IRLT,Long-term interest rates,PA,Percent per annum,_Z,Not applicable,_Z,Not applicable,_Z,Not applicable,_Z,Not applicable,N,National,2017,,4.858333,,A,Normal value,0,Units,2,Two,,
DATAFLOW,OECD.SDD.STES:DSD_STES@DF_FINMARK(4.0),Financial market,I,ISL,Iceland,A,Annual,IRLT,Long-term interest rates,PA,Percent per annum,_Z,Not applicable,_Z,Not applicable,_Z,Not applicable,_Z,Not applicable,N,National,2018,,5.330833,,A,Normal value,0,Units,2,Two,,
DATAFLOW,OECD.SDD.STES:DSD_STES@DF_FINMARK(4.0),Financial market,I,ISL,Iceland,A,Annual,IRLT,Long-term interest rates,PA,Percent per annum,_Z,Not applicable,_Z,Not applicable,_Z,Not applicable,_Z,Not applicable,N,National,2019,,3.974167,,A,Normal value,0,Units,2,Two,,
DATAFLOW,OECD.SDD.STES:DSD_STES@DF_FINMARK(4.0),Financial market,I,ISL,Iceland,A,Annual,IRLT,Long-term interest rates,PA,Percent per annum,_Z,Not applicable,_Z,Not applicable,_Z,Not applicable,_Z,Not applicable,N,National,2020,,2.466667,,A,Normal value,0,Units,2,Two,,
DATAFLOW,OECD.SDD.STES:DSD_STES@DF_FINMARK(4.0),Financial market,I,ISL,Iceland,A,Annual,IRLT,Long-term interest rates,PA,Percent per annum,_Z,Not applicable,_Z,Not applicable,_Z,Not applicable,_Z,Not applicable,N,National,2021,,3.3875,,A,Normal value,0,Units,2,Two,,
DATAFLOW,OECD.SDD.STES:DSD_STES@DF_FINMARK(4.0),Financial market,I,IRL,Ireland,A,Annual,IRLT,Long-term interest rates,PA,Percent per annum,_Z,Not applicable,_Z,Not applicable,_Z,Not applicable,_Z,Not applicable,N,National,2018,,0.9518417,,A,Normal value,0,Units,2,Two,,
DATAFLOW,OECD.SDD.STES:DSD_STES@DF_FINMARK(4.0),Financial market,I,IRL,Ireland,A,Annual,IRLT,Long-term interest rates,PA,Percent per annum,_Z,Not applicable,_Z,Not applicable,_Z,Not applicable,_Z,Not applicable,N,National,2019,,0.3310583,,A,Normal value,0,Units,2,Two,,
DATAFLOW,OECD.SDD.STES:DSD_STES@DF_FINMARK(4.0),Financial market,I,IRL,Ireland,A,Annual,IRLT,Long-term interest rates,PA,Percent per annum,_Z,Not applicable,_Z,Not applicable,_Z,Not applicable,_Z,Not applicable,N,National,2020,,-0.06104167,,A,Normal value,0,Units,2,Two,,
DATAFLOW,OECD.SDD.STES:DSD_STES@DF_FINMARK(4.0),Financial market,I,IRL,Ireland,A,Annual,IRLT,Long-term interest rates,PA,Percent per annum,_Z,Not applicable,_Z,Not applicable,_Z,Not applicable,_Z,Not applicable,N,National,2021,,0.06315833,,A,Normal value,0,Units,2,Two,,
DATAFLOW,OECD.SDD.STES:DSD_STES@DF_FINMARK(4.0),Financial market,I,IRL,Ireland,A,Annual,IRLT,Long-term interest rates,PA,Percent per annum,_Z,Not applicable,_Z,Not applicable,_Z,Not applicable,_Z,Not applicable,N,National,2022,,1.745617,,A,Normal value,0,Units,2,Two,,
DATAFLOW,OECD.SDD.STES:DSD_STES@DF_FINMARK(4.0),Financial market,I,IRL,Ireland,A,Annual,IRLT,Long-term interest rates,PA,Percent per annum,_Z,Not applicable,_Z,Not applicable,_Z,Not applicable,_Z,Not applicable,N,National,2023,,2.866617,,A,Normal value,0,Units,2,Two,,
DATAFLOW,OECD.SDD.STES:DSD_STES@DF_FINMARK(4.0),Financial market,I,ISR,Israel,A,Annual,IRLT,Long-term interest rates,PA,Percent per annum,_Z,Not applicable,_Z,Not applicable,_Z,Not applicable,_Z,Not applicable,N,National,1997,,4.065,,A,Normal value,0,Units,2,Two,,
DATAFLOW,OECD.SDD.STES:DSD_STES@DF_FINMARK(4.0),Financial market,I,ISR,Israel,A,Annual,IRLT,Long-term interest rates,PA,Percent per annum,_Z,Not applicable,_Z,Not applicable,_Z,Not applicable,_Z,Not applicable,N,National,1998,,4.925,,A,Normal value,0,Units,2,Two,,
DATAFLOW,OECD.SDD.STES:DSD_STES@DF_FINMARK(4.0),Financial market,I,ISR,Israel,A,Annual,IRLT,Long-term interest rates,PA,Percent per annum,_Z,Not applicable,_Z,Not applicable,_Z,Not applicable,_Z,Not applicable,N,National,1999,,5.199167,,A,Normal value,0,Units,2,Two,,
DATAFLOW,OECD.SDD.STES:DSD_STES@DF_FINMARK(4.0),Financial market,I,ISR,Israel,A,Annual,IRLT,Long-term interest rates,PA,Percent per annum,_Z,Not applicable,_Z,Not applicable,_Z,Not applicable,_Z,Not applicable,N,National,2000,,5.475833,,A,Normal value,0,Units,2,Two,,
DATAFLOW,OECD.SDD.STES:DSD_STES@DF_FINMARK(4.0),Financial market,I,ISR,Israel,A,Annual,IRLT,Long-term interest rates,PA,Percent per annum,_Z,Not applicable,_Z,Not applicable,_Z,Not applicable,_Z,Not applicable,N,National,2001,,6.42648,,A,Normal value,0,Units,2,Two,,
DATAFLOW,OECD.SDD.STES:DSD_STES@DF_FINMARK(4.0),Financial market,I,ISR,Israel,A,Annual,IRLT,Long-term interest rates,PA,Percent per annum,_Z,Not applicable,_Z,Not applicable,_Z,Not applicable,_Z,Not applicable,N,National,2002,,9.233088,,A,Normal value,0,Units,2,Two,,
DATAFLOW,OECD.SDD.STES:DSD_STES@DF_FINMARK(4.0),Financial market,I,ISR,Israel,A,Annual,IRLT,Long-term interest rates,PA,Percent per annum,_Z,Not applicable,_Z,Not applicable,_Z,Not applicable,_Z,Not applicable,N,National,2003,,8.884284,,A,Normal value,0,Units,2,Two,,
DATAFLOW,OECD.SDD.STES:DSD_STES@DF_FINMARK(4.0),Financial market,I,ISR,Israel,A,Annual,IRLT,Long-term interest rates,PA,Percent per annum,_Z,Not applicable,_Z,Not applicable,_Z,Not applicable,_Z,Not applicable,N,National,2004,,7.561666,,A,Normal value,0,Units,2,Two,,
DATAFLOW,OECD.SDD.STES:DSD_STES@DF_FINMARK(4.0),Financial market,I,ISR,Israel,A,Annual,IRLT,Long-term interest rates,PA,Percent per annum,_Z,Not applicable,_Z,Not applicable,_Z,Not applicable,_Z,Not applicable,N,National,2005,,6.361667,,A,Normal value,0,Units,2,Two,,
DATAFLOW,OECD.SDD.STES:DSD_STES@DF_FINMARK(4.0),Financial market,I,ISR,Israel,A,Annual,IRLT,Long-term interest rates,PA,Percent per annum,_Z,Not applicable,_Z,Not applicable,_Z,Not applicable,_Z,Not applicable,N,National,2006,,6.314167,,A,Normal value,0,Units,2,Two,,
DATAFLOW,OECD.SDD.STES:DSD_STES@DF_FINMARK(4.0),Financial market,I,ISR,Israel,A,Annual,IRLT,Long-term interest rates,PA,Percent per annum,_Z,Not applicable,_Z,Not applicable,_Z,Not applicable,_Z,Not applicable,N,National,2007,,5.554167,,A,Normal value,0,Units,2,Two,,
DATAFLOW,OECD.SDD.STES:DSD_STES@DF_FINMARK(4.0),Financial market,I,ISR,Israel,A,Annual,IRLT,Long-term interest rates,PA,Percent per annum,_Z,Not applicable,_Z,Not applicable,_Z,Not applicable,_Z,Not applicable,N,National,2008,,5.923333,,A,Normal value,0,Units,2,Two,,
DATAFLOW,OECD.SDD.STES:DSD_STES@DF_FINMARK(4.0),Financial market,I,ISR,Israel,A,Annual,IRLT,Long-term interest rates,PA,Percent per annum,_Z,Not applicable,_Z,Not applicable,_Z,Not applicable,_Z,Not applicable,N,National,2009,,5.063334,,A,Normal value,0,Units,2,Two,,
DATAFLOW,OECD.SDD.STES:DSD_STES@DF_FINMARK(4.0),Financial market,I,ISR,Israel,A,Annual,IRLT,Long-term interest rates,PA,Percent per annum,_Z,Not applicable,_Z,Not applicable,_Z,Not applicable,_Z,Not applicable,N,National,2010,,4.684166,,A,Normal value,0,Units,2,Two,,
DATAFLOW,OECD.SDD.STES:DSD_STES@DF_FINMARK(4.0),Financial market,I,ISR,Israel,A,Annual,IRLT,Long-term interest rates,PA,Percent per annum,_Z,Not applicable,_Z,Not applicable,_Z,Not applicable,_Z,Not applicable,N,National,2011,,4.98,,A,Normal value,0,Units,2,Two,,
DATAFLOW,OECD.SDD.STES:DSD_STES@DF_FINMARK(4.0),Financial market,I,ISR,Israel,A,Annual,IRLT,Long-term interest rates,PA,Percent per annum,_Z,Not applicable,_Z,Not applicable,_Z,Not applicable,_Z,Not applicable,N,National,2012,,4.399167,,A,Normal value,0,Units,2,Two,,
DATAFLOW,OECD.SDD.STES:DSD_STES@DF_FINMARK(4.0),Financial market,I,ISR,Israel,A,Annual,IRLT,Long-term interest rates,PA,Percent per annum,_Z,Not applicable,_Z,Not applicable,_Z,Not applicable,_Z,Not applicable,N,National,2013,,3.795833,,A,Normal value,0,Units,2,Two,,
DATAFLOW,OECD.SDD.STES:DSD_STES@DF_FINMARK(4.0),Financial market,I,ISR,Israel,A,Annual,IRLT,Long-term interest rates,PA,Percent per annum,_Z,Not applicable,_Z,Not applicable,_Z,Not applicable,_Z,Not applicable,N,National,2014,,2.885833,,A,Normal value,0,Units,2,Two,,
DATAFLOW,OECD.SDD.STES:DSD_STES@DF_FINMARK(4.0),Financial market,I,ISR,Israel,A,Annual,IRLT,Long-term interest rates,PA,Percent per annum,_Z,Not applicable,_Z,Not applicable,_Z,Not applicable,_Z,Not applicable,N,National,2015,,2.07,,A,Normal value,0,Units,2,Two,,
DATAFLOW,OECD.SDD.STES:DSD_STES@DF_FINMARK(4.0),Financial market,I,ISR,Israel,A,Annual,IRLT,Long-term interest rates,PA,Percent per annum,_Z,Not applicable,_Z,Not applicable,_Z,Not applicable,_Z,Not applicable,N,National,2016,,1.879167,,A,Normal value,0,Units,2,Two,,
DATAFLOW,OECD.SDD.STES:DSD_STES@DF_FINMARK(4.0),Financial market,I,ISR,Israel,A,Annual,IRLT,Long-term interest rates,PA,Percent per annum,_Z,Not applicable,_Z,Not applicable,_Z,Not applicable,_Z,Not applicable,N,National,2017,,1.909167,,A,Normal value,0,Units,2,Two,,
DATAFLOW,OECD.SDD.STES:DSD_STES@DF_FINMARK(4.0),Financial market,I,ISR,Israel,A,Annual,IRLT,Long-term interest rates,PA,Percent per annum,_Z,Not applicable,_Z,Not applicable,_Z,Not applicable,_Z,Not applicable,N,National,2018,,1.994167,,A,Normal value,0,Units,2,Two,,
DATAFLOW,OECD.SDD.STES:DSD_STES@DF_FINMARK(4.0),Financial market,I,ISR,Israel,A,Annual,IRLT,Long-term interest rates,PA,Percent per annum,_Z,Not applicable,_Z,Not applicable,_Z,Not applicable,_Z,Not applicable,N,National,2019,,1.468333,,A,Normal value,0,Units,2,Two,,
DATAFLOW,OECD.SDD.STES:DSD_STES@DF_FINMARK(4.0),Financial market,I,ISR,Israel,A,Annual,IRLT,Long-term interest rates,PA,Percent per annum,_Z,Not applicable,_Z,Not applicable,_Z,Not applicable,_Z,Not applicable,N,National,2020,,0.7775,,A,Normal value,0,Units,2,Two,,
DATAFLOW,OECD.SDD.STES:DSD_STES@DF_FINMARK(4.0),Financial market,I,ISR,Israel,A,Annual,IRLT,Long-term interest rates,PA,Percent per annum,_Z,Not applicable,_Z,Not applicable,_Z,Not applicable,_Z,Not applicable,N,National,2021,,1.116667,,A,Normal value,0,Units,2,Two,,
DATAFLOW,OECD.SDD.STES:DSD_STES@DF_FINMARK(4.0),Financial market,I,ISR,Israel,A,Annual,IRLT,Long-term interest rates,PA,Percent per annum,_Z,Not applicable,_Z,Not applicable,_Z,Not applicable,_Z,Not applicable,N,National,2022,,2.619167,,A,Normal value,0,Units,2,Two,,
DATAFLOW,OECD.SDD.STES:DSD_STES@DF_FINMARK(4.0),Financial market,I,ISR,Israel,A,Annual,IRLT,Long-term interest rates,PA,Percent per annum,_Z,Not applicable,_Z,Not applicable,_Z,Not applicable,_Z,Not applicable,N,National,2023,,3.868083,,A,Normal value,0,Units,2,Two,,
DATAFLOW,OECD.SDD.STES:DSD_STES@DF_FINMARK(4.0),Financial market,I,JPN,Japan,A,Annual,IRLT,Long-term interest rates,PA,Percent per annum,_Z,Not applicable,_Z,Not applicable,_Z,Not applicable,_Z,Not applicable,N,National,1989,,5.12725,,A,Normal value,0,Units,2,Two,,
DATAFLOW,OECD.SDD.STES:DSD_STES@DF_FINMARK(4.0),Financial market,I,JPN,Japan,A,Annual,IRLT,Long-term interest rates,PA,Percent per annum,_Z,Not applicable,_Z,Not applicable,_Z,Not applicable,_Z,Not applicable,N,National,1990,,6.959917,,A,Normal value,0,Units,2,Two,,
DATAFLOW,OECD.SDD.STES:DSD_STES@DF_FINMARK(4.0),Financial market,I,JPN,Japan,A,Annual,IRLT,Long-term interest rates,PA,Percent per annum,_Z,Not applicable,_Z,Not applicable,_Z,Not applicable,_Z,Not applicable,N,National,1991,,6.336667,,A,Normal value,0,Units,2,Two,,
DATAFLOW,OECD.SDD.STES:DSD_STES@DF_FINMARK(4.0),Financial market,I,JPN,Japan,A,Annual,IRLT,Long-term interest rates,PA,Percent per annum,_Z,Not applicable,_Z,Not applicable,_Z,Not applicable,_Z,Not applicable,N,National,1992,,5.326583,,A,Normal value,0,Units,2,Two,,
DATAFLOW,OECD.SDD.STES:DSD_STES@DF_FINMARK(4.0),Financial market,I,JPN,Japan,A,Annual,IRLT,Long-term interest rates,PA,Percent per annum,_Z,Not applicable,_Z,Not applicable,_Z,Not applicable,_Z,Not applicable,N,National,1993,,4.320917,,A,Normal value,0,Units,2,Two,,
DATAFLOW,OECD.SDD.STES:DSD_STES@DF_FINMARK(4.0),Financial market,I,JPN,Japan,A,Annual,IRLT,Long-term interest rates,PA,Percent per annum,_Z,Not applicable,_Z,Not applicable,_Z,Not applicable,_Z,Not applicable,N,National,1994,,4.363333,,A,Normal value,0,Units,2,Two,,
DATAFLOW,OECD.SDD.STES:DSD_STES@DF_FINMARK(4.0),Financial market,I,JPN,Japan,A,Annual,IRLT,Long-term interest rates,PA,Percent per annum,_Z,Not applicable,_Z,Not applicable,_Z,Not applicable,_Z,Not applicable,N,National,1995,,3.4435,,A,Normal value,0,Units,2,Two,,
DATAFLOW,OECD.SDD.STES:DSD_STES@DF_FINMARK(4.0),Financial market,I,JPN,Japan,A,Annual,IRLT,Long-term interest rates,PA,Percent per annum,_Z,Not applicable,_Z,Not applicable,_Z,Not applicable,_Z,Not applicable,N,National,1996,,3.1015,,A,Normal value,0,Units,2,Two,,
DATAFLOW,OECD.SDD.STES:DSD_STES@DF_FINMARK(4.0),Financial market,I,JPN,Japan,A,Annual,IRLT,Long-term interest rates,PA,Percent per annum,_Z,Not applicable,_Z,Not applicable,_Z,Not applicable,_Z,Not applicable,N,National,1997,,2.373667,,A,Normal value,0,Units,2,Two,,
DATAFLOW,OECD.SDD.STES:DSD_STES@DF_FINMARK(4.0),Financial market,I,JPN,Japan,A,Annual,IRLT,Long-term interest rates,PA,Percent per annum,_Z,Not applicable,_Z,Not applicable,_Z,Not applicable,_Z,Not applicable,N,National,1998,,1.541417,,A,Normal value,0,Units,2,Two,,
DATAFLOW,OECD.SDD.STES:DSD_STES@DF_FINMARK(4.0),Financial market,I,JPN,Japan,A,Annual,IRLT,Long-term interest rates,PA,Percent per annum,_Z,Not applicable,_Z,Not applicable,_Z,Not applicable,_Z,Not applicable,N,National,1999,,1.749,,A,Normal value,0,Units,2,Two,,
DATAFLOW,OECD.SDD.STES:DSD_STES@DF_FINMARK(4.0),Financial market,I,JPN,Japan,A,Annual,IRLT,Long-term interest rates,PA,Percent per annum,_Z,Not applicable,_Z,Not applicable,_Z,Not applicable,_Z,Not applicable,N,National,2000,,1.744417,,A,Normal value,0,Units,2,Two,,
DATAFLOW,OECD.SDD.STES:DSD_STES@DF_FINMARK(4.0),Financial market,I,JPN,Japan,A,Annual,IRLT,Long-term interest rates,PA,Percent per annum,_Z,Not applicable,_Z,Not applicable,_Z,Not applicable,_Z,Not applicable,N,National,2001,,1.319,,A,Normal value,0,Units,2,Two,,
DATAFLOW,OECD.SDD.STES:DSD_STES@DF_FINMARK(4.0),Financial market,I,JPN,Japan,A,Annual,IRLT,Long-term interest rates,PA,Percent per annum,_Z,Not applicable,_Z,Not applicable,_Z,Not applicable,_Z,Not applicable,N,National,2002,,1.263167,,A,Normal value,0,Units,2,Two,,
DATAFLOW,OECD.SDD.STES:DSD_STES@DF_FINMARK(4.0),Financial market,I,JPN,Japan,A,Annual,IRLT,Long-term interest rates,PA,Percent per annum,_Z,Not applicable,_Z,Not applicable,_Z,Not applicable,_Z,Not applicable,N,National,2003,,1.00325,,A,Normal value,0,Units,2,Two,,
DATAFLOW,OECD.SDD.STES:DSD_STES@DF_FINMARK(4.0),Financial market,I,JPN,Japan,A,Annual,IRLT,Long-term interest rates,PA,Percent per annum,_Z,Not applicable,_Z,Not applicable,_Z,Not applicable,_Z,Not applicable,N,National,2004,,1.492667,,A,Normal value,0,Units,2,Two,,
DATAFLOW,OECD.SDD.STES:DSD_STES@DF_FINMARK(4.0),Financial market,I,JPN,Japan,A,Annual,IRLT,Long-term interest rates,PA,Percent per annum,_Z,Not applicable,_Z,Not applicable,_Z,Not applicable,_Z,Not applicable,N,National,2005,,1.35475,,A,Normal value,0,Units,2,Two,,
DATAFLOW,OECD.SDD.STES:DSD_STES@DF_FINMARK(4.0),Financial market,I,JPN,Japan,A,Annual,IRLT,Long-term interest rates,PA,Percent per annum,_Z,Not applicable,_Z,Not applicable,_Z,Not applicable,_Z,Not applicable,N,National,2006,,1.7405,,A,Normal value,0,Units,2,Two,,
DATAFLOW,OECD.SDD.STES:DSD_STES@DF_FINMARK(4.0),Financial market,I,JPN,Japan,A,Annual,IRLT,Long-term interest rates,PA,Percent per annum,_Z,Not applicable,_Z,Not applicable,_Z,Not applicable,_Z,Not applicable,N,National,2007,,1.6655,,A,Normal value,0,Units,2,Two,,
DATAFLOW,OECD.SDD.STES:DSD_STES@DF_FINMARK(4.0),Financial market,I,JPN,Japan,A,Annual,IRLT,Long-term interest rates,PA,Percent per annum,_Z,Not applicable,_Z,Not applicable,_Z,Not applicable,_Z,Not applicable,N,National,2008,,1.467333,,A,Normal value,0,Units,2,Two,,
DATAFLOW,OECD.SDD.STES:DSD_STES@DF_FINMARK(4.0),Financial market,I,JPN,Japan,A,Annual,IRLT,Long-term interest rates,PA,Percent per annum,_Z,Not applicable,_Z,Not applicable,_Z,Not applicable,_Z,Not applicable,N,National,2009,,1.33375,,A,Normal value,0,Units,2,Two,,
DATAFLOW,OECD.SDD.STES:DSD_STES@DF_FINMARK(4.0),Financial market,I,JPN,Japan,A,Annual,IRLT,Long-term interest rates,PA,Percent per annum,_Z,Not applicable,_Z,Not applicable,_Z,Not applicable,_Z,Not applicable,N,National,2010,,1.148333,,A,Normal value,0,Units,2,Two,,
DATAFLOW,OECD.SDD.STES:DSD_STES@DF_FINMARK(4.0),Financial market,I,JPN,Japan,A,Annual,IRLT,Long-term interest rates,PA,Percent per annum,_Z,Not applicable,_Z,Not applicable,_Z,Not applicable,_Z,Not applicable,N,National,2011,,1.102417,,A,Normal value,0,Units,2,Two,,
DATAFLOW,OECD.SDD.STES:DSD_STES@DF_FINMARK(4.0),Financial market,I,JPN,Japan,A,Annual,IRLT,Long-term interest rates,PA,Percent per annum,_Z,Not applicable,_Z,Not applicable,_Z,Not applicable,_Z,Not applicable,N,National,2012,,0.8355833,,A,Normal value,0,Units,2,Two,,
DATAFLOW,OECD.SDD.STES:DSD_STES@DF_FINMARK(4.0),Financial market,I,JPN,Japan,A,Annual,IRLT,Long-term interest rates,PA,Percent per annum,_Z,Not applicable,_Z,Not applicable,_Z,Not applicable,_Z,Not applicable,N,National,2013,,0.6896667,,A,Normal value,0,Units,2,Two,,
DATAFLOW,OECD.SDD.STES:DSD_STES@DF_FINMARK(4.0),Financial market,I,JPN,Japan,A,Annual,IRLT,Long-term interest rates,PA,Percent per annum,_Z,Not applicable,_Z,Not applicable,_Z,Not applicable,_Z,Not applicable,N,National,2014,,0.5203333,,A,Normal value,0,Units,2,Two,,
DATAFLOW,OECD.SDD.STES:DSD_STES@DF_FINMARK(4.0),Financial market,I,JPN,Japan,A,Annual,IRLT,Long-term interest rates,PA,Percent per annum,_Z,Not applicable,_Z,Not applicable,_Z,Not applicable,_Z,Not applicable,N,National,2015,,0.35,,A,Normal value,0,Units,2,Two,,
DATAFLOW,OECD.SDD.STES:DSD_STES@DF_FINMARK(4.0),Financial market,I,JPN,Japan,A,Annual,IRLT,Long-term interest rates,PA,Percent per annum,_Z,Not applicable,_Z,Not applicable,_Z,Not applicable,_Z,Not applicable,N,National,2016,,-0.06625,,A,Normal value,0,Units,2,Two,,
DATAFLOW,OECD.SDD.STES:DSD_STES@DF_FINMARK(4.0),Financial market,I,JPN,Japan,A,Annual,IRLT,Long-term interest rates,PA,Percent per annum,_Z,Not applicable,_Z,Not applicable,_Z,Not applicable,_Z,Not applicable,N,National,2017,,0.05166667,,A,Normal value,0,Units,2,Two,,
DATAFLOW,OECD.SDD.STES:DSD_STES@DF_FINMARK(4.0),Financial market,I,JPN,Japan,A,Annual,IRLT,Long-term interest rates,PA,Percent per annum,_Z,Not applicable,_Z,Not applicable,_Z,Not applicable,_Z,Not applicable,N,National,2018,,0.065,,A,Normal value,0,Units,2,Two,,
DATAFLOW,OECD.SDD.STES:DSD_STES@DF_FINMARK(4.0),Financial market,I,JPN,Japan,A,Annual,IRLT,Long-term interest rates,PA,Percent per annum,_Z,Not applicable,_Z,Not applicable,_Z,Not applicable,_Z,Not applicable,N,National,2019,,-0.1104167,,A,Normal value,0,Units,2,Two,,
DATAFLOW,OECD.SDD.STES:DSD_STES@DF_FINMARK(4.0),Financial market,I,JPN,Japan,A,Annual,IRLT,Long-term interest rates,PA,Percent per annum,_Z,Not applicable,_Z,Not applicable,_Z,Not applicable,_Z,Not applicable,N,National,2020,,-0.005416667,,A,Normal value,0,Units,2,Two,,
DATAFLOW,OECD.SDD.STES:DSD_STES@DF_FINMARK(4.0),Financial market,I,JPN,Japan,A,Annual,IRLT,Long-term interest rates,PA,Percent per annum,_Z,Not applicable,_Z,Not applicable,_Z,Not applicable,_Z,Not applicable,N,National,2021,,0.07166667,,A,Normal value,0,Units,2,Two,,
DATAFLOW,OECD.SDD.STES:DSD_STES@DF_FINMARK(4.0),Financial market,I,JPN,Japan,A,Annual,IRLT,Long-term interest rates,PA,Percent per annum,_Z,Not applicable,_Z,Not applicable,_Z,Not applicable,_Z,Not applicable,N,National,2022,,0.2316667,,A,Normal value,0,Units,2,Two,,
DATAFLOW,OECD.SDD.STES:DSD_STES@DF_FINMARK(4.0),Financial market,I,JPN,Japan,A,Annual,IRLT,Long-term interest rates,PA,Percent per annum,_Z,Not applicable,_Z,Not applicable,_Z,Not applicable,_Z,Not applicable,N,National,2023,,0.5625,,A,Normal value,0,Units,2,Two,,
DATAFLOW,OECD.SDD.STES:DSD_STES@DF_FINMARK(4.0),Financial market,I,KOR,Korea,A,Annual,IRLT,Long-term interest rates,PA,Percent per annum,_Z,Not applicable,_Z,Not applicable,_Z,Not applicable,_Z,Not applicable,N,National,2001,,6.855,,A,Normal value,0,Units,2,Two,,
DATAFLOW,OECD.SDD.STES:DSD_STES@DF_FINMARK(4.0),Financial market,I,KOR,Korea,A,Annual,IRLT,Long-term interest rates,PA,Percent per annum,_Z,Not applicable,_Z,Not applicable,_Z,Not applicable,_Z,Not applicable,N,National,2002,,6.586667,,A,Normal value,0,Units,2,Two,,
DATAFLOW,OECD.SDD.STES:DSD_STES@DF_FINMARK(4.0),Financial market,I,KOR,Korea,A,Annual,IRLT,Long-term interest rates,PA,Percent per annum,_Z,Not applicable,_Z,Not applicable,_Z,Not applicable,_Z,Not applicable,N,National,2003,,5.048333,,A,Normal value,0,Units,2,Two,,
DATAFLOW,OECD.SDD.STES:DSD_STES@DF_FINMARK(4.0),Financial market,I,KOR,Korea,A,Annual,IRLT,Long-term interest rates,PA,Percent per annum,_Z,Not applicable,_Z,Not applicable,_Z,Not applicable,_Z,Not applicable,N,National,2004,,4.728333,,A,Normal value,0,Units,2,Two,,
DATAFLOW,OECD.SDD.STES:DSD_STES@DF_FINMARK(4.0),Financial market,I,KOR,Korea,A,Annual,IRLT,Long-term interest rates,PA,Percent per annum,_Z,Not applicable,_Z,Not applicable,_Z,Not applicable,_Z,Not applicable,N,National,2005,,4.95,,A,Normal value,0,Units,2,Two,,
DATAFLOW,OECD.SDD.STES:DSD_STES@DF_FINMARK(4.0),Financial market,I,KOR,Korea,A,Annual,IRLT,Long-term interest rates,PA,Percent per annum,_Z,Not applicable,_Z,Not applicable,_Z,Not applicable,_Z,Not applicable,N,National,2006,,5.151667,,A,Normal value,0,Units,2,Two,,
DATAFLOW,OECD.SDD.STES:DSD_STES@DF_FINMARK(4.0),Financial market,I,KOR,Korea,A,Annual,IRLT,Long-term interest rates,PA,Percent per annum,_Z,Not applicable,_Z,Not applicable,_Z,Not applicable,_Z,Not applicable,N,National,2007,,5.350833,,A,Normal value,0,Units,2,Two,,
DATAFLOW,OECD.SDD.STES:DSD_STES@DF_FINMARK(4.0),Financial market,I,KOR,Korea,A,Annual,IRLT,Long-term interest rates,PA,Percent per annum,_Z,Not applicable,_Z,Not applicable,_Z,Not applicable,_Z,Not applicable,N,National,2008,,5.568333,,A,Normal value,0,Units,2,Two,,
DATAFLOW,OECD.SDD.STES:DSD_STES@DF_FINMARK(4.0),Financial market,I,KOR,Korea,A,Annual,IRLT,Long-term interest rates,PA,Percent per annum,_Z,Not applicable,_Z,Not applicable,_Z,Not applicable,_Z,Not applicable,N,National,2009,,5.165833,,A,Normal value,0,Units,2,Two,,
DATAFLOW,OECD.SDD.STES:DSD_STES@DF_FINMARK(4.0),Financial market,I,KOR,Korea,A,Annual,IRLT,Long-term interest rates,PA,Percent per annum,_Z,Not applicable,_Z,Not applicable,_Z,Not applicable,_Z,Not applicable,N,National,2010,,4.773334,,A,Normal value,0,Units,2,Two,,
DATAFLOW,OECD.SDD.STES:DSD_STES@DF_FINMARK(4.0),Financial market,I,KOR,Korea,A,Annual,IRLT,Long-term interest rates,PA,Percent per annum,_Z,Not applicable,_Z,Not applicable,_Z,Not applicable,_Z,Not applicable,N,National,2011,,4.2025,,A,Normal value,0,Units,2,Two,,
DATAFLOW,OECD.SDD.STES:DSD_STES@DF_FINMARK(4.0),Financial market,I,KOR,Korea,A,Annual,IRLT,Long-term interest rates,PA,Percent per annum,_Z,Not applicable,_Z,Not applicable,_Z,Not applicable,_Z,Not applicable,N,National,2012,,3.4475,,A,Normal value,0,Units,2,Two,,
DATAFLOW,OECD.SDD.STES:DSD_STES@DF_FINMARK(4.0),Financial market,I,KOR,Korea,A,Annual,IRLT,Long-term interest rates,PA,Percent per annum,_Z,Not applicable,_Z,Not applicable,_Z,Not applicable,_Z,Not applicable,N,National,2013,,3.278083,,A,Normal value,0,Units,2,Two,,
DATAFLOW,OECD.SDD.STES:DSD_STES@DF_FINMARK(4.0),Financial market,I,KOR,Korea,A,Annual,IRLT,Long-term interest rates,PA,Percent per annum,_Z,Not applicable,_Z,Not applicable,_Z,Not applicable,_Z,Not applicable,N,National,2014,,3.186333,,A,Normal value,0,Units,2,Two,,
DATAFLOW,OECD.SDD.STES:DSD_STES@DF_FINMARK(4.0),Financial market,I,KOR,Korea,A,Annual,IRLT,Long-term interest rates,PA,Percent per annum,_Z,Not applicable,_Z,Not applicable,_Z,Not applicable,_Z,Not applicable,N,National,2015,,2.30575,,A,Normal value,0,Units,2,Two,,
DATAFLOW,OECD.SDD.STES:DSD_STES@DF_FINMARK(4.0),Financial market,I,KOR,Korea,A,Annual,IRLT,Long-term interest rates,PA,Percent per annum,_Z,Not applicable,_Z,Not applicable,_Z,Not applicable,_Z,Not applicable,N,National,2016,,1.747417,,A,Normal value,0,Units,2,Two,,
DATAFLOW,OECD.SDD.STES:DSD_STES@DF_FINMARK(4.0),Financial market,I,KOR,Korea,A,Annual,IRLT,Long-term interest rates,PA,Percent per annum,_Z,Not applicable,_Z,Not applicable,_Z,Not applicable,_Z,Not applicable,N,National,2017,,2.282583,,A,Normal value,0,Units,2,Two,,
DATAFLOW,OECD.SDD.STES:DSD_STES@DF_FINMARK(4.0),Financial market,I,KOR,Korea,A,Annual,IRLT,Long-term interest rates,PA,Percent per annum,_Z,Not applicable,_Z,Not applicable,_Z,Not applicable,_Z,Not applicable,N,National,2018,,2.50275,,A,Normal value,0,Units,2,Two,,
DATAFLOW,OECD.SDD.STES:DSD_STES@DF_FINMARK(4.0),Financial market,I,KOR,Korea,A,Annual,IRLT,Long-term interest rates,PA,Percent per annum,_Z,Not applicable,_Z,Not applicable,_Z,Not applicable,_Z,Not applicable,N,National,2019,,1.70225,,A,Normal value,0,Units,2,Two,,
DATAFLOW,OECD.SDD.STES:DSD_STES@DF_FINMARK(4.0),Financial market,I,KOR,Korea,A,Annual,IRLT,Long-term interest rates,PA,Percent per annum,_Z,Not applicable,_Z,Not applicable,_Z,Not applicable,_Z,Not applicable,N,National,2020,,1.499667,,A,Normal value,0,Units,2,Two,,
DATAFLOW,OECD.SDD.STES:DSD_STES@DF_FINMARK(4.0),Financial market,I,KOR,Korea,A,Annual,IRLT,Long-term interest rates,PA,Percent per annum,_Z,Not applicable,_Z,Not applicable,_Z,Not applicable,_Z,Not applicable,N,National,2021,,2.0645,,A,Normal value,0,Units,2,Two,,
DATAFLOW,OECD.SDD.STES:DSD_STES@DF_FINMARK(4.0),Financial market,I,KOR,Korea,A,Annual,IRLT,Long-term interest rates,PA,Percent per annum,_Z,Not applicable,_Z,Not applicable,_Z,Not applicable,_Z,Not applicable,N,National,2022,,3.3635,,A,Normal value,0,Units,2,Two,,
DATAFLOW,OECD.SDD.STES:DSD_STES@DF_FINMARK(4.0),Financial market,I,KOR,Korea,A,Annual,IRLT,Long-term interest rates,PA,Percent per annum,_Z,Not applicable,_Z,Not applicable,_Z,Not applicable,_Z,Not applicable,N,National,2023,,3.642333,,A,Normal value,0,Units,2,Two,,
DATAFLOW,OECD.SDD.STES:DSD_STES@DF_FINMARK(4.0),Financial market,I,LVA,Latvia,A,Annual,IRLT,Long-term interest rates,PA,Percent per annum,_Z,Not applicable,_Z,Not applicable,_Z,Not applicable,_Z,Not applicable,N,National,2001,,7.573333,,A,Normal value,0,Units,2,Two,,
DATAFLOW,OECD.SDD.STES:DSD_STES@DF_FINMARK(4.0),Financial market,I,LVA,Latvia,A,Annual,IRLT,Long-term interest rates,PA,Percent per annum,_Z,Not applicable,_Z,Not applicable,_Z,Not applicable,_Z,Not applicable,N,National,2002,,5.408333,,A,Normal value,0,Units,2,Two,,
DATAFLOW,OECD.SDD.STES:DSD_STES@DF_FINMARK(4.0),Financial market,I,LVA,Latvia,A,Annual,IRLT,Long-term interest rates,PA,Percent per annum,_Z,Not applicable,_Z,Not applicable,_Z,Not applicable,_Z,Not applicable,N,National,2003,,4.900833,,A,Normal value,0,Units,2,Two,,
DATAFLOW,OECD.SDD.STES:DSD_STES@DF_FINMARK(4.0),Financial market,I,LVA,Latvia,A,Annual,IRLT,Long-term interest rates,PA,Percent per annum,_Z,Not applicable,_Z,Not applicable,_Z,Not applicable,_Z,Not applicable,N,National,2004,,4.8575,,A,Normal value,0,Units,2,Two,,
DATAFLOW,OECD.SDD.STES:DSD_STES@DF_FINMARK(4.0),Financial market,I,LVA,Latvia,A,Annual,IRLT,Long-term interest rates,PA,Percent per annum,_Z,Not applicable,_Z,Not applicable,_Z,Not applicable,_Z,Not applicable,N,National,2005,,3.875,,A,Normal value,0,Units,2,Two,,
DATAFLOW,OECD.SDD.STES:DSD_STES@DF_FINMARK(4.0),Financial market,I,LVA,Latvia,A,Annual,IRLT,Long-term interest rates,PA,Percent per annum,_Z,Not applicable,_Z,Not applicable,_Z,Not applicable,_Z,Not applicable,N,National,2006,,4.133333,,A,Normal value,0,Units,2,Two,,
DATAFLOW,OECD.SDD.STES:DSD_STES@DF_FINMARK(4.0),Financial market,I,LVA,Latvia,A,Annual,IRLT,Long-term interest rates,PA,Percent per annum,_Z,Not applicable,_Z,Not applicable,_Z,Not applicable,_Z,Not applicable,N,National,2007,,5.2825,,A,Normal value,0,Units,2,Two,,
DATAFLOW,OECD.SDD.STES:DSD_STES@DF_FINMARK(4.0),Financial market,I,LVA,Latvia,A,Annual,IRLT,Long-term interest rates,PA,Percent per annum,_Z,Not applicable,_Z,Not applicable,_Z,Not applicable,_Z,Not applicable,N,National,2008,,6.431667,,A,Normal value,0,Units,2,Two,,
DATAFLOW,OECD.SDD.STES:DSD_STES@DF_FINMARK(4.0),Financial market,I,LVA,Latvia,A,Annual,IRLT,Long-term interest rates,PA,Percent per annum,_Z,Not applicable,_Z,Not applicable,_Z,Not applicable,_Z,Not applicable,N,National,2009,,12.3575,,A,Normal value,0,Units,2,Two,,
DATAFLOW,OECD.SDD.STES:DSD_STES@DF_FINMARK(4.0),Financial market,I,LVA,Latvia,A,Annual,IRLT,Long-term interest rates,PA,Percent per annum,_Z,Not applicable,_Z,Not applicable,_Z,Not applicable,_Z,Not applicable,N,National,2010,,10.3375,,A,Normal value,0,Units,2,Two,,
DATAFLOW,OECD.SDD.STES:DSD_STES@DF_FINMARK(4.0),Financial market,I,LVA,Latvia,A,Annual,IRLT,Long-term interest rates,PA,Percent per annum,_Z,Not applicable,_Z,Not applicable,_Z,Not applicable,_Z,Not applicable,N,National,2011,,5.9075,,A,Normal value,0,Units,2,Two,,
DATAFLOW,OECD.SDD.STES:DSD_STES@DF_FINMARK(4.0),Financial market,I,LVA,Latvia,A,Annual,IRLT,Long-term interest rates,PA,Percent per annum,_Z,Not applicable,_Z,Not applicable,_Z,Not applicable,_Z,Not applicable,N,National,2012,,4.565,,A,Normal value,0,Units,2,Two,,
DATAFLOW,OECD.SDD.STES:DSD_STES@DF_FINMARK(4.0),Financial market,I,LVA,Latvia,A,Annual,IRLT,Long-term interest rates,PA,Percent per annum,_Z,Not applicable,_Z,Not applicable,_Z,Not applicable,_Z,Not applicable,N,National,2013,,3.34,,A,Normal value,0,Units,2,Two,,
DATAFLOW,OECD.SDD.STES:DSD_STES@DF_FINMARK(4.0),Financial market,I,LVA,Latvia,A,Annual,IRLT,Long-term interest rates,PA,Percent per annum,_Z,Not applicable,_Z,Not applicable,_Z,Not applicable,_Z,Not applicable,N,National,2014,,2.508333,,A,Normal value,0,Units,2,Two,,
DATAFLOW,OECD.SDD.STES:DSD_STES@DF_FINMARK(4.0),Financial market,I,LVA,Latvia,A,Annual,IRLT,Long-term interest rates,PA,Percent per annum,_Z,Not applicable,_Z,Not applicable,_Z,Not applicable,_Z,Not applicable,N,National,2015,,0.9633333,,A,Normal value,0,Units,2,Two,,
DATAFLOW,OECD.SDD.STES:DSD_STES@DF_FINMARK(4.0),Financial market,I,LVA,Latvia,A,Annual,IRLT,Long-term interest rates,PA,Percent per annum,_Z,Not applicable,_Z,Not applicable,_Z,Not applicable,_Z,Not applicable,N,National,2016,,0.5341667,,A,Normal value,0,Units,2,Two,,
DATAFLOW,OECD.SDD.STES:DSD_STES@DF_FINMARK(4.0),Financial market,I,LVA,Latvia,A,Annual,IRLT,Long-term interest rates,PA,Percent per annum,_Z,Not applicable,_Z,Not applicable,_Z,Not applicable,_Z,Not applicable,N,National,2017,,0.8341666,,A,Normal value,0,Units,2,Two,,
DATAFLOW,OECD.SDD.STES:DSD_STES@DF_FINMARK(4.0),Financial market,I,LVA,Latvia,A,Annual,IRLT,Long-term interest rates,PA,Percent per annum,_Z,Not applicable,_Z,Not applicable,_Z,Not applicable,_Z,Not applicable,N,National,2018,,0.9025,,A,Normal value,0,Units,2,Two,,
DATAFLOW,OECD.SDD.STES:DSD_STES@DF_FINMARK(4.0),Financial market,I,LVA,Latvia,A,Annual,IRLT,Long-term interest rates,PA,Percent per annum,_Z,Not applicable,_Z,Not applicable,_Z,Not applicable,_Z,Not applicable,N,National,2019,,0.3425,,A,Normal value,0,Units,2,Two,,
DATAFLOW,OECD.SDD.STES:DSD_STES@DF_FINMARK(4.0),Financial market,I,LVA,Latvia,A,Annual,IRLT,Long-term interest rates,PA,Percent per annum,_Z,Not applicable,_Z,Not applicable,_Z,Not applicable,_Z,Not applicable,N,National,2020,,-0.0625,,A,Normal value,0,Units,2,Two,,
DATAFLOW,OECD.SDD.STES:DSD_STES@DF_FINMARK(4.0),Financial market,I,LVA,Latvia,A,Annual,IRLT,Long-term interest rates,PA,Percent per annum,_Z,Not applicable,_Z,Not applicable,_Z,Not applicable,_Z,Not applicable,N,National,2021,,-0.0025,,A,Normal value,0,Units,2,Two,,
DATAFLOW,OECD.SDD.STES:DSD_STES@DF_FINMARK(4.0),Financial market,I,LVA,Latvia,A,Annual,IRLT,Long-term interest rates,PA,Percent per annum,_Z,Not applicable,_Z,Not applicable,_Z,Not applicable,_Z,Not applicable,N,National,2022,,2.2725,,A,Normal value,0,Units,2,Two,,
DATAFLOW,OECD.SDD.STES:DSD_STES@DF_FINMARK(4.0),Financial market,I,LVA,Latvia,A,Annual,IRLT,Long-term interest rates,PA,Percent per annum,_Z,Not applicable,_Z,Not applicable,_Z,Not applicable,_Z,Not applicable,N,National,2023,,3.828333,,A,Normal value,0,Units,2,Two,,
DATAFLOW,OECD.SDD.STES:DSD_STES@DF_FINMARK(4.0),Financial market,I,LTU,Lithuania,A,Annual,IRLT,Long-term interest rates,PA,Percent per annum,_Z,Not applicable,_Z,Not applicable,_Z,Not applicable,_Z,Not applicable,N,National,2001,,8.15225,,A,Normal value,0,Units,2,Two,,
DATAFLOW,OECD.SDD.STES:DSD_STES@DF_FINMARK(4.0),Financial market,I,LTU,Lithuania,A,Annual,IRLT,Long-term interest rates,PA,Percent per annum,_Z,Not applicable,_Z,Not applicable,_Z,Not applicable,_Z,Not applicable,N,National,2002,,6.06325,,A,Normal value,0,Units,2,Two,,
DATAFLOW,OECD.SDD.STES:DSD_STES@DF_FINMARK(4.0),Financial market,I,LTU,Lithuania,A,Annual,IRLT,Long-term interest rates,PA,Percent per annum,_Z,Not applicable,_Z,Not applicable,_Z,Not applicable,_Z,Not applicable,N,National,2003,,5.320333,,A,Normal value,0,Units,2,Two,,
DATAFLOW,OECD.SDD.STES:DSD_STES@DF_FINMARK(4.0),Financial market,I,LTU,Lithuania,A,Annual,IRLT,Long-term interest rates,PA,Percent per annum,_Z,Not applicable,_Z,Not applicable,_Z,Not applicable,_Z,Not applicable,N,National,2004,,4.502584,,A,Normal value,0,Units,2,Two,,
DATAFLOW,OECD.SDD.STES:DSD_STES@DF_FINMARK(4.0),Financial market,I,LTU,Lithuania,A,Annual,IRLT,Long-term interest rates,PA,Percent per annum,_Z,Not applicable,_Z,Not applicable,_Z,Not applicable,_Z,Not applicable,N,National,2005,,3.697417,,A,Normal value,0,Units,2,Two,,
DATAFLOW,OECD.SDD.STES:DSD_STES@DF_FINMARK(4.0),Financial market,I,LTU,Lithuania,A,Annual,IRLT,Long-term interest rates,PA,Percent per annum,_Z,Not applicable,_Z,Not applicable,_Z,Not applicable,_Z,Not applicable,N,National,2006,,4.078667,,A,Normal value,0,Units,2,Two,,
DATAFLOW,OECD.SDD.STES:DSD_STES@DF_FINMARK(4.0),Financial market,I,LTU,Lithuania,A,Annual,IRLT,Long-term interest rates,PA,Percent per annum,_Z,Not applicable,_Z,Not applicable,_Z,Not applicable,_Z,Not applicable,N,National,2007,,4.54475,,A,Normal value,0,Units,2,Two,,
DATAFLOW,OECD.SDD.STES:DSD_STES@DF_FINMARK(4.0),Financial market,I,LTU,Lithuania,A,Annual,IRLT,Long-term interest rates,PA,Percent per annum,_Z,Not applicable,_Z,Not applicable,_Z,Not applicable,_Z,Not applicable,N,National,2008,,5.60775,,A,Normal value,0,Units,2,Two,,
DATAFLOW,OECD.SDD.STES:DSD_STES@DF_FINMARK(4.0),Financial market,I,LTU,Lithuania,A,Annual,IRLT,Long-term interest rates,PA,Percent per annum,_Z,Not applicable,_Z,Not applicable,_Z,Not applicable,_Z,Not applicable,N,National,2009,,14.00442,,A,Normal value,0,Units,2,Two,,
DATAFLOW,OECD.SDD.STES:DSD_STES@DF_FINMARK(4.0),Financial market,I,LTU,Lithuania,A,Annual,IRLT,Long-term interest rates,PA,Percent per annum,_Z,Not applicable,_Z,Not applicable,_Z,Not applicable,_Z,Not applicable,N,National,2010,,5.566667,,A,Normal value,0,Units,2,Two,,
DATAFLOW,OECD.SDD.STES:DSD_STES@DF_FINMARK(4.0),Financial market,I,LTU,Lithuania,A,Annual,IRLT,Long-term interest rates,PA,Percent per annum,_Z,Not applicable,_Z,Not applicable,_Z,Not applicable,_Z,Not applicable,N,National,2011,,5.16,,A,Normal value,0,Units,2,Two,,
DATAFLOW,OECD.SDD.STES:DSD_STES@DF_FINMARK(4.0),Financial market,I,LTU,Lithuania,A,Annual,IRLT,Long-term interest rates,PA,Percent per annum,_Z,Not applicable,_Z,Not applicable,_Z,Not applicable,_Z,Not applicable,N,National,2012,,4.830833,,A,Normal value,0,Units,2,Two,,
DATAFLOW,OECD.SDD.STES:DSD_STES@DF_FINMARK(4.0),Financial market,I,LTU,Lithuania,A,Annual,IRLT,Long-term interest rates,PA,Percent per annum,_Z,Not applicable,_Z,Not applicable,_Z,Not applicable,_Z,Not applicable,N,National,2013,,3.831667,,A,Normal value,0,Units,2,Two,,
DATAFLOW,OECD.SDD.STES:DSD_STES@DF_FINMARK(4.0),Financial market,I,LTU,Lithuania,A,Annual,IRLT,Long-term interest rates,PA,Percent per annum,_Z,Not applicable,_Z,Not applicable,_Z,Not applicable,_Z,Not applicable,N,National,2014,,2.7925,,A,Normal value,0,Units,2,Two,,
DATAFLOW,OECD.SDD.STES:DSD_STES@DF_FINMARK(4.0),Financial market,I,LTU,Lithuania,A,Annual,IRLT,Long-term interest rates,PA,Percent per annum,_Z,Not applicable,_Z,Not applicable,_Z,Not applicable,_Z,Not applicable,N,National,2015,,1.380833,,A,Normal value,0,Units,2,Two,,
DATAFLOW,OECD.SDD.STES:DSD_STES@DF_FINMARK(4.0),Financial market,I,LTU,Lithuania,A,Annual,IRLT,Long-term interest rates,PA,Percent per annum,_Z,Not applicable,_Z,Not applicable,_Z,Not applicable,_Z,Not applicable,N,National,2016,,0.8983333,,A,Normal value,0,Units,2,Two,,
DATAFLOW,OECD.SDD.STES:DSD_STES@DF_FINMARK(4.0),Financial market,I,LTU,Lithuania,A,Annual,IRLT,Long-term interest rates,PA,Percent per annum,_Z,Not applicable,_Z,Not applicable,_Z,Not applicable,_Z,Not applicable,N,National,2017,,0.31,,A,Normal value,0,Units,2,Two,,
DATAFLOW,OECD.SDD.STES:DSD_STES@DF_FINMARK(4.0),Financial market,I,LTU,Lithuania,A,Annual,IRLT,Long-term interest rates,PA,Percent per annum,_Z,Not applicable,_Z,Not applicable,_Z,Not applicable,_Z,Not applicable,N,National,2018,,0.31,,A,Normal value,0,Units,2,Two,,
DATAFLOW,OECD.SDD.STES:DSD_STES@DF_FINMARK(4.0),Financial market,I,LTU,Lithuania,A,Annual,IRLT,Long-term interest rates,PA,Percent per annum,_Z,Not applicable,_Z,Not applicable,_Z,Not applicable,_Z,Not applicable,N,National,2019,,0.31,,A,Normal value,0,Units,2,Two,,
DATAFLOW,OECD.SDD.STES:DSD_STES@DF_FINMARK(4.0),Financial market,I,LTU,Lithuania,A,Annual,IRLT,Long-term interest rates,PA,Percent per annum,_Z,Not applicable,_Z,Not applicable,_Z,Not applicable,_Z,Not applicable,N,National,2020,,0.2233333,,A,Normal value,0,Units,2,Two,,
DATAFLOW,OECD.SDD.STES:DSD_STES@DF_FINMARK(4.0),Financial market,I,LTU,Lithuania,A,Annual,IRLT,Long-term interest rates,PA,Percent per annum,_Z,Not applicable,_Z,Not applicable,_Z,Not applicable,_Z,Not applicable,N,National,2021,,0.16,,A,Normal value,0,Units,2,Two,,
DATAFLOW,OECD.SDD.STES:DSD_STES@DF_FINMARK(4.0),Financial market,I,LTU,Lithuania,A,Annual,IRLT,Long-term interest rates,PA,Percent per annum,_Z,Not applicable,_Z,Not applicable,_Z,Not applicable,_Z,Not applicable,N,National,2022,,0.6133333,,A,Normal value,0,Units,2,Two,,
DATAFLOW,OECD.SDD.STES:DSD_STES@DF_FINMARK(4.0),Financial market,I,LTU,Lithuania,A,Annual,IRLT,Long-term interest rates,PA,Percent per annum,_Z,Not applicable,_Z,Not applicable,_Z,Not applicable,_Z,Not applicable,N,National,2023,,2.88,,A,Normal value,0,Units,2,Two,,
DATAFLOW,OECD.SDD.STES:DSD_STES@DF_FINMARK(4.0),Financial market,I,LUX,Luxembourg,A,Annual,IRLT,Long-term interest rates,PA,Percent per annum,_Z,Not applicable,_Z,Not applicable,_Z,Not applicable,_Z,Not applicable,N,National,1994,,7.150583,,A,Normal value,0,Units,2,Two,,
DATAFLOW,OECD.SDD.STES:DSD_STES@DF_FINMARK(4.0),Financial market,I,LUX,Luxembourg,A,Annual,IRLT,Long-term interest rates,PA,Percent per annum,_Z,Not applicable,_Z,Not applicable,_Z,Not applicable,_Z,Not applicable,N,National,1995,,7.230333,,A,Normal value,0,Units,2,Two,,
DATAFLOW,OECD.SDD.STES:DSD_STES@DF_FINMARK(4.0),Financial market,I,LUX,Luxembourg,A,Annual,IRLT,Long-term interest rates,PA,Percent per annum,_Z,Not applicable,_Z,Not applicable,_Z,Not applicable,_Z,Not applicable,N,National,1996,,6.32075,,A,Normal value,0,Units,2,Two,,
DATAFLOW,OECD.SDD.STES:DSD_STES@DF_FINMARK(4.0),Financial market,I,LUX,Luxembourg,A,Annual,IRLT,Long-term interest rates,PA,Percent per annum,_Z,Not applicable,_Z,Not applicable,_Z,Not applicable,_Z,Not applicable,N,National,1997,,5.597917,,A,Normal value,0,Units,2,Two,,
DATAFLOW,OECD.SDD.STES:DSD_STES@DF_FINMARK(4.0),Financial market,I,LUX,Luxembourg,A,Annual,IRLT,Long-term interest rates,PA,Percent per annum,_Z,Not applicable,_Z,Not applicable,_Z,Not applicable,_Z,Not applicable,N,National,1999,,4.66375,,A,Normal value,0,Units,2,Two,,
DATAFLOW,OECD.SDD.STES:DSD_STES@DF_FINMARK(4.0),Financial market,I,LUX,Luxembourg,A,Annual,IRLT,Long-term interest rates,PA,Percent per annum,_Z,Not applicable,_Z,Not applicable,_Z,Not applicable,_Z,Not applicable,N,National,2000,,5.518167,,A,Normal value,0,Units,2,Two,,
DATAFLOW,OECD.SDD.STES:DSD_STES@DF_FINMARK(4.0),Financial market,I,LUX,Luxembourg,A,Annual,IRLT,Long-term interest rates,PA,Percent per annum,_Z,Not applicable,_Z,Not applicable,_Z,Not applicable,_Z,Not applicable,N,National,2001,,4.859,,A,Normal value,0,Units,2,Two,,
DATAFLOW,OECD.SDD.STES:DSD_STES@DF_FINMARK(4.0),Financial market,I,LUX,Luxembourg,A,Annual,IRLT,Long-term interest rates,PA,Percent per annum,_Z,Not applicable,_Z,Not applicable,_Z,Not applicable,_Z,Not applicable,N,National,2002,,4.703166,,A,Normal value,0,Units,2,Two,,
DATAFLOW,OECD.SDD.STES:DSD_STES@DF_FINMARK(4.0),Financial market,I,LUX,Luxembourg,A,Annual,IRLT,Long-term interest rates,PA,Percent per annum,_Z,Not applicable,_Z,Not applicable,_Z,Not applicable,_Z,Not applicable,N,National,2003,,3.316,,A,Normal value,0,Units,2,Two,,
DATAFLOW,OECD.SDD.STES:DSD_STES@DF_FINMARK(4.0),Financial market,I,LUX,Luxembourg,A,Annual,IRLT,Long-term interest rates,PA,Percent per annum,_Z,Not applicable,_Z,Not applicable,_Z,Not applicable,_Z,Not applicable,N,National,2004,,2.843417,,A,Normal value,0,Units,2,Two,,
DATAFLOW,OECD.SDD.STES:DSD_STES@DF_FINMARK(4.0),Financial market,I,LUX,Luxembourg,A,Annual,IRLT,Long-term interest rates,PA,Percent per annum,_Z,Not applicable,_Z,Not applicable,_Z,Not applicable,_Z,Not applicable,N,National,2006,,3.303667,,A,Normal value,0,Units,2,Two,,
DATAFLOW,OECD.SDD.STES:DSD_STES@DF_FINMARK(4.0),Financial market,I,LUX,Luxembourg,A,Annual,IRLT,Long-term interest rates,PA,Percent per annum,_Z,Not applicable,_Z,Not applicable,_Z,Not applicable,_Z,Not applicable,N,National,2007,,4.461083,,A,Normal value,0,Units,2,Two,,
DATAFLOW,OECD.SDD.STES:DSD_STES@DF_FINMARK(4.0),Financial market,I,LUX,Luxembourg,A,Annual,IRLT,Long-term interest rates,PA,Percent per annum,_Z,Not applicable,_Z,Not applicable,_Z,Not applicable,_Z,Not applicable,N,National,2008,,4.608167,,A,Normal value,0,Units,2,Two,,
DATAFLOW,OECD.SDD.STES:DSD_STES@DF_FINMARK(4.0),Financial market,I,LUX,Luxembourg,A,Annual,IRLT,Long-term interest rates,PA,Percent per annum,_Z,Not applicable,_Z,Not applicable,_Z,Not applicable,_Z,Not applicable,N,National,2009,,4.22875,,A,Normal value,0,Units,2,Two,,
DATAFLOW,OECD.SDD.STES:DSD_STES@DF_FINMARK(4.0),Financial market,I,LUX,Luxembourg,A,Annual,IRLT,Long-term interest rates,PA,Percent per annum,_Z,Not applicable,_Z,Not applicable,_Z,Not applicable,_Z,Not applicable,N,National,2010,,3.169167,,A,Normal value,0,Units,2,Two,,
DATAFLOW,OECD.SDD.STES:DSD_STES@DF_FINMARK(4.0),Financial market,I,LUX,Luxembourg,A,Annual,IRLT,Long-term interest rates,PA,Percent per annum,_Z,Not applicable,_Z,Not applicable,_Z,Not applicable,_Z,Not applicable,N,National,2011,,2.923333,,A,Normal value,0,Units,2,Two,,
DATAFLOW,OECD.SDD.STES:DSD_STES@DF_FINMARK(4.0),Financial market,I,LUX,Luxembourg,A,Annual,IRLT,Long-term interest rates,PA,Percent per annum,_Z,Not applicable,_Z,Not applicable,_Z,Not applicable,_Z,Not applicable,N,National,2012,,1.821,,A,Normal value,0,Units,2,Two,,
DATAFLOW,OECD.SDD.STES:DSD_STES@DF_FINMARK(4.0),Financial market,I,LUX,Luxembourg,A,Annual,IRLT,Long-term interest rates,PA,Percent per annum,_Z,Not applicable,_Z,Not applicable,_Z,Not applicable,_Z,Not applicable,N,National,2013,,1.850917,,A,Normal value,0,Units,2,Two,,
DATAFLOW,OECD.SDD.STES:DSD_STES@DF_FINMARK(4.0),Financial market,I,LUX,Luxembourg,A,Annual,IRLT,Long-term interest rates,PA,Percent per annum,_Z,Not applicable,_Z,Not applicable,_Z,Not applicable,_Z,Not applicable,N,National,2017,,0.5448334,,A,Normal value,0,Units,2,Two,,
DATAFLOW,OECD.SDD.STES:DSD_STES@DF_FINMARK(4.0),Financial market,I,LUX,Luxembourg,A,Annual,IRLT,Long-term interest rates,PA,Percent per annum,_Z,Not applicable,_Z,Not applicable,_Z,Not applicable,_Z,Not applicable,N,National,2018,,0.5646667,,A,Normal value,0,Units,2,Two,,
DATAFLOW,OECD.SDD.STES:DSD_STES@DF_FINMARK(4.0),Financial market,I,LUX,Luxembourg,A,Annual,IRLT,Long-term interest rates,PA,Percent per annum,_Z,Not applicable,_Z,Not applicable,_Z,Not applicable,_Z,Not applicable,N,National,2019,,-0.1205833,,A,Normal value,0,Units,2,Two,,
DATAFLOW,OECD.SDD.STES:DSD_STES@DF_FINMARK(4.0),Financial market,I,LUX,Luxembourg,A,Annual,IRLT,Long-term interest rates,PA,Percent per annum,_Z,Not applicable,_Z,Not applicable,_Z,Not applicable,_Z,Not applicable,N,National,2020,,-0.4135833,,A,Normal value,0,Units,2,Two,,
DATAFLOW,OECD.SDD.STES:DSD_STES@DF_FINMARK(4.0),Financial market,I,LUX,Luxembourg,A,Annual,IRLT,Long-term interest rates,PA,Percent per annum,_Z,Not applicable,_Z,Not applicable,_Z,Not applicable,_Z,Not applicable,N,National,2021,,-0.3565833,,A,Normal value,0,Units,2,Two,,
DATAFLOW,OECD.SDD.STES:DSD_STES@DF_FINMARK(4.0),Financial market,I,LUX,Luxembourg,A,Annual,IRLT,Long-term interest rates,PA,Percent per annum,_Z,Not applicable,_Z,Not applicable,_Z,Not applicable,_Z,Not applicable,N,National,2022,,1.7275,,A,Normal value,0,Units,2,Two,,
DATAFLOW,OECD.SDD.STES:DSD_STES@DF_FINMARK(4.0),Financial market,I,LUX,Luxembourg,A,Annual,IRLT,Long-term interest rates,PA,Percent per annum,_Z,Not applicable,_Z,Not applicable,_Z,Not applicable,_Z,Not applicable,N,National,2023,,2.9665,,A,Normal value,0,Units,2,Two,,
DATAFLOW,OECD.SDD.STES:DSD_STES@DF_FINMARK(4.0),Financial market,I,MEX,Mexico,A,Annual,IRLT,Long-term interest rates,PA,Percent per annum,_Z,Not applicable,_Z,Not applicable,_Z,Not applicable,_Z,Not applicable,N,National,2002,,10.125,,A,Normal value,0,Units,2,Two,,
DATAFLOW,OECD.SDD.STES:DSD_STES@DF_FINMARK(4.0),Financial market,I,MEX,Mexico,A,Annual,IRLT,Long-term interest rates,PA,Percent per annum,_Z,Not applicable,_Z,Not applicable,_Z,Not applicable,_Z,Not applicable,N,National,2003,,8.981667,,A,Normal value,0,Units,2,Two,,
DATAFLOW,OECD.SDD.STES:DSD_STES@DF_FINMARK(4.0),Financial market,I,MEX,Mexico,A,Annual,IRLT,Long-term interest rates,PA,Percent per annum,_Z,Not applicable,_Z,Not applicable,_Z,Not applicable,_Z,Not applicable,N,National,2004,,9.538333,,A,Normal value,0,Units,2,Two,,
DATAFLOW,OECD.SDD.STES:DSD_STES@DF_FINMARK(4.0),Financial market,I,MEX,Mexico,A,Annual,IRLT,Long-term interest rates,PA,Percent per annum,_Z,Not applicable,_Z,Not applicable,_Z,Not applicable,_Z,Not applicable,N,National,2005,,9.4175,,A,Normal value,0,Units,2,Two,,
DATAFLOW,OECD.SDD.STES:DSD_STES@DF_FINMARK(4.0),Financial market,I,MEX,Mexico,A,Annual,IRLT,Long-term interest rates,PA,Percent per annum,_Z,Not applicable,_Z,Not applicable,_Z,Not applicable,_Z,Not applicable,N,National,2006,,8.388333,,A,Normal value,0,Units,2,Two,,
DATAFLOW,OECD.SDD.STES:DSD_STES@DF_FINMARK(4.0),Financial market,I,NLD,Netherlands,A,Annual,IRLT,Long-term interest rates,PA,Percent per annum,_Z,Not applicable,_Z,Not applicable,_Z,Not applicable,_Z,Not applicable,N,National,1959,,4.398334,,A,Normal value,0,Units,2,Two,,
DATAFLOW,OECD.SDD.STES:DSD_STES@DF_FINMARK(4.0),Financial market,I,NLD,Netherlands,A,Annual,IRLT,Long-term interest rates,PA,Percent per annum,_Z,Not applicable,_Z,Not applicable,_Z,Not applicable,_Z,Not applicable,N,National,1960,,4.455,,A,Normal value,0,Units,2,Two,,
DATAFLOW,OECD.SDD.STES:DSD_STES@DF_FINMARK(4.0),Financial market,I,NLD,Netherlands,A,Annual,IRLT,Long-term interest rates,PA,Percent per annum,_Z,Not applicable,_Z,Not applicable,_Z,Not applicable,_Z,Not applicable,N,National,1961,,4.179167,,A,Normal value,0,Units,2,Two,,
DATAFLOW,OECD.SDD.STES:DSD_STES@DF_FINMARK(4.0),Financial market,I,NLD,Netherlands,A,Annual,IRLT,Long-term interest rates,PA,Percent per annum,_Z,Not applicable,_Z,Not applicable,_Z,Not applicable,_Z,Not applicable,N,National,1962,,4.235833,,A,Normal value,0,Units,2,Two,,
DATAFLOW,OECD.SDD.STES:DSD_STES@DF_FINMARK(4.0),Financial market,I,NLD,Netherlands,A,Annual,IRLT,Long-term interest rates,PA,Percent per annum,_Z,Not applicable,_Z,Not applicable,_Z,Not applicable,_Z,Not applicable,N,National,1963,,4.309166,,A,Normal value,0,Units,2,Two,,
DATAFLOW,OECD.SDD.STES:DSD_STES@DF_FINMARK(4.0),Financial market,I,NLD,Netherlands,A,Annual,IRLT,Long-term interest rates,PA,Percent per annum,_Z,Not applicable,_Z,Not applicable,_Z,Not applicable,_Z,Not applicable,N,National,1964,,5.089167,,A,Normal value,0,Units,2,Two,,
DATAFLOW,OECD.SDD.STES:DSD_STES@DF_FINMARK(4.0),Financial market,I,NLD,Netherlands,A,Annual,IRLT,Long-term interest rates,PA,Percent per annum,_Z,Not applicable,_Z,Not applicable,_Z,Not applicable,_Z,Not applicable,N,National,1965,,5.500834,,A,Normal value,0,Units,2,Two,,
DATAFLOW,OECD.SDD.STES:DSD_STES@DF_FINMARK(4.0),Financial market,I,NLD,Netherlands,A,Annual,IRLT,Long-term interest rates,PA,Percent per annum,_Z,Not applicable,_Z,Not applicable,_Z,Not applicable,_Z,Not applicable,N,National,1966,,6.583333,,A,Normal value,0,Units,2,Two,,
DATAFLOW,OECD.SDD.STES:DSD_STES@DF_FINMARK(4.0),Financial market,I,NLD,Netherlands,A,Annual,IRLT,Long-term interest rates,PA,Percent per annum,_Z,Not applicable,_Z,Not applicable,_Z,Not applicable,_Z,Not applicable,N,National,1967,,6.424167,,A,Normal value,0,Units,2,Two,,
DATAFLOW,OECD.SDD.STES:DSD_STES@DF_FINMARK(4.0),Financial market,I,NLD,Netherlands,A,Annual,IRLT,Long-term interest rates,PA,Percent per annum,_Z,Not applicable,_Z,Not applicable,_Z,Not applicable,_Z,Not applicable,N,National,1968,,6.519166,,A,Normal value,0,Units,2,Two,,
DATAFLOW,OECD.SDD.STES:DSD_STES@DF_FINMARK(4.0),Financial market,I,NLD,Netherlands,A,Annual,IRLT,Long-term interest rates,PA,Percent per annum,_Z,Not applicable,_Z,Not applicable,_Z,Not applicable,_Z,Not applicable,N,National,1969,,7.473333,,A,Normal value,0,Units,2,Two,,
DATAFLOW,OECD.SDD.STES:DSD_STES@DF_FINMARK(4.0),Financial market,I,NLD,Netherlands,A,Annual,IRLT,Long-term interest rates,PA,Percent per annum,_Z,Not applicable,_Z,Not applicable,_Z,Not applicable,_Z,Not applicable,N,National,1970,,8.010834,,A,Normal value,0,Units,2,Two,,
DATAFLOW,OECD.SDD.STES:DSD_STES@DF_FINMARK(4.0),Financial market,I,NLD,Netherlands,A,Annual,IRLT,Long-term interest rates,PA,Percent per annum,_Z,Not applicable,_Z,Not applicable,_Z,Not applicable,_Z,Not applicable,N,National,1971,,7.625834,,A,Normal value,0,Units,2,Two,,
DATAFLOW,OECD.SDD.STES:DSD_STES@DF_FINMARK(4.0),Financial market,I,NLD,Netherlands,A,Annual,IRLT,Long-term interest rates,PA,Percent per annum,_Z,Not applicable,_Z,Not applicable,_Z,Not applicable,_Z,Not applicable,N,National,1972,,7.354167,,A,Normal value,0,Units,2,Two,,
DATAFLOW,OECD.SDD.STES:DSD_STES@DF_FINMARK(4.0),Financial market,I,NLD,Netherlands,A,Annual,IRLT,Long-term interest rates,PA,Percent per annum,_Z,Not applicable,_Z,Not applicable,_Z,Not applicable,_Z,Not applicable,N,National,1973,,7.916667,,A,Normal value,0,Units,2,Two,,
DATAFLOW,OECD.SDD.STES:DSD_STES@DF_FINMARK(4.0),Financial market,I,NLD,Netherlands,A,Annual,IRLT,Long-term interest rates,PA,Percent per annum,_Z,Not applicable,_Z,Not applicable,_Z,Not applicable,_Z,Not applicable,N,National,1974,,9.824166,,A,Normal value,0,Units,2,Two,,
DATAFLOW,OECD.SDD.STES:DSD_STES@DF_FINMARK(4.0),Financial market,I,NLD,Netherlands,A,Annual,IRLT,Long-term interest rates,PA,Percent per annum,_Z,Not applicable,_Z,Not applicable,_Z,Not applicable,_Z,Not applicable,N,National,1975,,8.786667,,A,Normal value,0,Units,2,Two,,
DATAFLOW,OECD.SDD.STES:DSD_STES@DF_FINMARK(4.0),Financial market,I,NLD,Netherlands,A,Annual,IRLT,Long-term interest rates,PA,Percent per annum,_Z,Not applicable,_Z,Not applicable,_Z,Not applicable,_Z,Not applicable,N,National,1976,,8.9525,,A,Normal value,0,Units,2,Two,,
DATAFLOW,OECD.SDD.STES:DSD_STES@DF_FINMARK(4.0),Financial market,I,NLD,Netherlands,A,Annual,IRLT,Long-term interest rates,PA,Percent per annum,_Z,Not applicable,_Z,Not applicable,_Z,Not applicable,_Z,Not applicable,N,National,1977,,8.100833,,A,Normal value,0,Units,2,Two,,
DATAFLOW,OECD.SDD.STES:DSD_STES@DF_FINMARK(4.0),Financial market,I,NLD,Netherlands,A,Annual,IRLT,Long-term interest rates,PA,Percent per annum,_Z,Not applicable,_Z,Not applicable,_Z,Not applicable,_Z,Not applicable,N,National,1978,,7.735833,,A,Normal value,0,Units,2,Two,,
DATAFLOW,OECD.SDD.STES:DSD_STES@DF_FINMARK(4.0),Financial market,I,NLD,Netherlands,A,Annual,IRLT,Long-term interest rates,PA,Percent per annum,_Z,Not applicable,_Z,Not applicable,_Z,Not applicable,_Z,Not applicable,N,National,1979,,8.775,,A,Normal value,0,Units,2,Two,,
DATAFLOW,OECD.SDD.STES:DSD_STES@DF_FINMARK(4.0),Financial market,I,NLD,Netherlands,A,Annual,IRLT,Long-term interest rates,PA,Percent per annum,_Z,Not applicable,_Z,Not applicable,_Z,Not applicable,_Z,Not applicable,N,National,1980,,10.20833,,A,Normal value,0,Units,2,Two,,
DATAFLOW,OECD.SDD.STES:DSD_STES@DF_FINMARK(4.0),Financial market,I,NLD,Netherlands,A,Annual,IRLT,Long-term interest rates,PA,Percent per annum,_Z,Not applicable,_Z,Not applicable,_Z,Not applicable,_Z,Not applicable,N,National,1981,,11.5525,,A,Normal value,0,Units,2,Two,,
DATAFLOW,OECD.SDD.STES:DSD_STES@DF_FINMARK(4.0),Financial market,I,NLD,Netherlands,A,Annual,IRLT,Long-term interest rates,PA,Percent per annum,_Z,Not applicable,_Z,Not applicable,_Z,Not applicable,_Z,Not applicable,N,National,1982,,10.0975,,A,Normal value,0,Units,2,Two,,
DATAFLOW,OECD.SDD.STES:DSD_STES@DF_FINMARK(4.0),Financial market,I,NLD,Netherlands,A,Annual,IRLT,Long-term interest rates,PA,Percent per annum,_Z,Not applicable,_Z,Not applicable,_Z,Not applicable,_Z,Not applicable,N,National,1983,,8.610833,,A,Normal value,0,Units,2,Two,,
DATAFLOW,OECD.SDD.STES:DSD_STES@DF_FINMARK(4.0),Financial market,I,NLD,Netherlands,A,Annual,IRLT,Long-term interest rates,PA,Percent per annum,_Z,Not applicable,_Z,Not applicable,_Z,Not applicable,_Z,Not applicable,N,National,1984,,8.328333,,A,Normal value,0,Units,2,Two,,
DATAFLOW,OECD.SDD.STES:DSD_STES@DF_FINMARK(4.0),Financial market,I,NLD,Netherlands,A,Annual,IRLT,Long-term interest rates,PA,Percent per annum,_Z,Not applicable,_Z,Not applicable,_Z,Not applicable,_Z,Not applicable,N,National,1985,,7.3275,,A,Normal value,0,Units,2,Two,,
DATAFLOW,OECD.SDD.STES:DSD_STES@DF_FINMARK(4.0),Financial market,I,NLD,Netherlands,A,Annual,IRLT,Long-term interest rates,PA,Percent per annum,_Z,Not applicable,_Z,Not applicable,_Z,Not applicable,_Z,Not applicable,N,National,2014,,1.454667,,A,Normal value,0,Units,2,Two,,
DATAFLOW,OECD.SDD.STES:DSD_STES@DF_FINMARK(4.0),Financial market,I,NLD,Netherlands,A,Annual,IRLT,Long-term interest rates,PA,Percent per annum,_Z,Not applicable,_Z,Not applicable,_Z,Not applicable,_Z,Not applicable,N,National,2017,,0.5220833,,A,Normal value,0,Units,2,Two,,
DATAFLOW,OECD.SDD.STES:DSD_STES@DF_FINMARK(4.0),Financial market,I,NLD,Netherlands,A,Annual,IRLT,Long-term interest rates,PA,Percent per annum,_Z,Not applicable,_Z,Not applicable,_Z,Not applicable,_Z,Not applicable,N,National,2018,,0.5769167,,A,Normal value,0,Units,2,Two,,
DATAFLOW,OECD.SDD.STES:DSD_STES@DF_FINMARK(4.0),Financial market,I,NLD,Netherlands,A,Annual,IRLT,Long-term interest rates,PA,Percent per annum,_Z,Not applicable,_Z,Not applicable,_Z,Not applicable,_Z,Not applicable,N,National,2019,,-0.07016667,,A,Normal value,0,Units,2,Two,,
DATAFLOW,OECD.SDD.STES:DSD_STES@DF_FINMARK(4.0),Financial market,I,NLD,Netherlands,A,Annual,IRLT,Long-term interest rates,PA,Percent per annum,_Z,Not applicable,_Z,Not applicable,_Z,Not applicable,_Z,Not applicable,N,National,2020,,-0.3768333,,A,Normal value,0,Units,2,Two,,
DATAFLOW,OECD.SDD.STES:DSD_STES@DF_FINMARK(4.0),Financial market,I,NLD,Netherlands,A,Annual,IRLT,Long-term interest rates,PA,Percent per annum,_Z,Not applicable,_Z,Not applicable,_Z,Not applicable,_Z,Not applicable,N,National,2021,,-0.3280833,,A,Normal value,0,Units,2,Two,,
DATAFLOW,OECD.SDD.STES:DSD_STES@DF_FINMARK(4.0),Financial market,I,NLD,Netherlands,A,Annual,IRLT,Long-term interest rates,PA,Percent per annum,_Z,Not applicable,_Z,Not applicable,_Z,Not applicable,_Z,Not applicable,N,National,2022,,1.377667,,A,Normal value,0,Units,2,Two,,
DATAFLOW,OECD.SDD.STES:DSD_STES@DF_FINMARK(4.0),Financial market,I,NLD,Netherlands,A,Annual,IRLT,Long-term interest rates,PA,Percent per annum,_Z,Not applicable,_Z,Not applicable,_Z,Not applicable,_Z,Not applicable,N,National,2023,,2.792,,A,Normal value,0,Units,2,Two,,
DATAFLOW,OECD.SDD.STES:DSD_STES@DF_FINMARK(4.0),Financial market,I,NZL,New Zealand,A,Annual,IRLT,Long-term interest rates,PA,Percent per annum,_Z,Not applicable,_Z,Not applicable,_Z,Not applicable,_Z,Not applicable,N,National,1970,,5.5075,,A,Normal value,0,Units,2,Two,,
DATAFLOW,OECD.SDD.STES:DSD_STES@DF_FINMARK(4.0),Financial market,I,NZL,New Zealand,A,Annual,IRLT,Long-term interest rates,PA,Percent per annum,_Z,Not applicable,_Z,Not applicable,_Z,Not applicable,_Z,Not applicable,N,National,1971,,5.516667,,A,Normal value,0,Units,2,Two,,
DATAFLOW,OECD.SDD.STES:DSD_STES@DF_FINMARK(4.0),Financial market,I,NZL,New Zealand,A,Annual,IRLT,Long-term interest rates,PA,Percent per annum,_Z,Not applicable,_Z,Not applicable,_Z,Not applicable,_Z,Not applicable,N,National,1972,,5.523334,,A,Normal value,0,Units,2,Two,,
DATAFLOW,OECD.SDD.STES:DSD_STES@DF_FINMARK(4.0),Financial market,I,NZL,New Zealand,A,Annual,IRLT,Long-term interest rates,PA,Percent per annum,_Z,Not applicable,_Z,Not applicable,_Z,Not applicable,_Z,Not applicable,N,National,1973,,5.796667,,A,Normal value,0,Units,2,Two,,
DATAFLOW,OECD.SDD.STES:DSD_STES@DF_FINMARK(4.0),Financial market,I,NZL,New Zealand,A,Annual,IRLT,Long-term interest rates,PA,Percent per annum,_Z,Not applicable,_Z,Not applicable,_Z,Not applicable,_Z,Not applicable,N,National,1974,,6.0825,,A,Normal value,0,Units,2,Two,,
DATAFLOW,OECD.SDD.STES:DSD_STES@DF_FINMARK(4.0),Financial market,I,NZL,New Zealand,A,Annual,IRLT,Long-term interest rates,PA,Percent per annum,_Z,Not applicable,_Z,Not applicable,_Z,Not applicable,_Z,Not applicable,N,National,1975,,6.326667,,A,Normal value,0,Units,2,Two,,
DATAFLOW,OECD.SDD.STES:DSD_STES@DF_FINMARK(4.0),Financial market,I,NZL,New Zealand,A,Annual,IRLT,Long-term interest rates,PA,Percent per annum,_Z,Not applicable,_Z,Not applicable,_Z,Not applicable,_Z,Not applicable,N,National,1976,,8.341666,,A,Normal value,0,Units,2,Two,,
DATAFLOW,OECD.SDD.STES:DSD_STES@DF_FINMARK(4.0),Financial market,I,NZL,New Zealand,A,Annual,IRLT,Long-term interest rates,PA,Percent per annum,_Z,Not applicable,_Z,Not applicable,_Z,Not applicable,_Z,Not applicable,N,National,1977,,9.239166,,A,Normal value,0,Units,2,Two,,
DATAFLOW,OECD.SDD.STES:DSD_STES@DF_FINMARK(4.0),Financial market,I,NZL,New Zealand,A,Annual,IRLT,Long-term interest rates,PA,Percent per annum,_Z,Not applicable,_Z,Not applicable,_Z,Not applicable,_Z,Not applicable,N,National,1978,,9.979167,,A,Normal value,0,Units,2,Two,,
DATAFLOW,OECD.SDD.STES:DSD_STES@DF_FINMARK(4.0),Financial market,I,NZL,New Zealand,A,Annual,IRLT,Long-term interest rates,PA,Percent per annum,_Z,Not applicable,_Z,Not applicable,_Z,Not applicable,_Z,Not applicable,N,National,1979,,11.97909,,A,Normal value,0,Units,2,Two,,
DATAFLOW,OECD.SDD.STES:DSD_STES@DF_FINMARK(4.0),Financial market,I,NZL,New Zealand,A,Annual,IRLT,Long-term interest rates,PA,Percent per annum,_Z,Not applicable,_Z,Not applicable,_Z,Not applicable,_Z,Not applicable,N,National,1980,,13.28333,,A,Normal value,0,Units,2,Two,,
DATAFLOW,OECD.SDD.STES:DSD_STES@DF_FINMARK(4.0),Financial market,I,NZL,New Zealand,A,Annual,IRLT,Long-term interest rates,PA,Percent per annum,_Z,Not applicable,_Z,Not applicable,_Z,Not applicable,_Z,Not applicable,N,National,1981,,12.8325,,A,Normal value,0,Units,2,Two,,
DATAFLOW,OECD.SDD.STES:DSD_STES@DF_FINMARK(4.0),Financial market,I,NZL,New Zealand,A,Annual,IRLT,Long-term interest rates,PA,Percent per annum,_Z,Not applicable,_Z,Not applicable,_Z,Not applicable,_Z,Not applicable,N,National,1982,,12.89333,,A,Normal value,0,Units,2,Two,,
DATAFLOW,OECD.SDD.STES:DSD_STES@DF_FINMARK(4.0),Financial market,I,NZL,New Zealand,A,Annual,IRLT,Long-term interest rates,PA,Percent per annum,_Z,Not applicable,_Z,Not applicable,_Z,Not applicable,_Z,Not applicable,N,National,1983,,12.1825,,A,Normal value,0,Units,2,Two,,
DATAFLOW,OECD.SDD.STES:DSD_STES@DF_FINMARK(4.0),Financial market,I,NZL,New Zealand,A,Annual,IRLT,Long-term interest rates,PA,Percent per annum,_Z,Not applicable,_Z,Not applicable,_Z,Not applicable,_Z,Not applicable,N,National,1984,,12.61,,A,Normal value,0,Units,2,Two,,
DATAFLOW,OECD.SDD.STES:DSD_STES@DF_FINMARK(4.0),Financial market,I,NZL,New Zealand,A,Annual,IRLT,Long-term interest rates,PA,Percent per annum,_Z,Not applicable,_Z,Not applicable,_Z,Not applicable,_Z,Not applicable,N,National,1985,,17.6575,,A,Normal value,0,Units,2,Two,,
DATAFLOW,OECD.SDD.STES:DSD_STES@DF_FINMARK(4.0),Financial market,I,NZL,New Zealand,A,Annual,IRLT,Long-term interest rates,PA,Percent per annum,_Z,Not applicable,_Z,Not applicable,_Z,Not applicable,_Z,Not applicable,N,National,1986,,16.4475,,A,Normal value,0,Units,2,Two,,
DATAFLOW,OECD.SDD.STES:DSD_STES@DF_FINMARK(4.0),Financial market,I,NZL,New Zealand,A,Annual,IRLT,Long-term interest rates,PA,Percent per annum,_Z,Not applicable,_Z,Not applicable,_Z,Not applicable,_Z,Not applicable,N,National,1987,,15.71,,A,Normal value,0,Units,2,Two,,
DATAFLOW,OECD.SDD.STES:DSD_STES@DF_FINMARK(4.0),Financial market,I,NZL,New Zealand,A,Annual,IRLT,Long-term interest rates,PA,Percent per annum,_Z,Not applicable,_Z,Not applicable,_Z,Not applicable,_Z,Not applicable,N,National,1988,,13.11583,,A,Normal value,0,Units,2,Two,,
DATAFLOW,OECD.SDD.STES:DSD_STES@DF_FINMARK(4.0),Financial market,I,NZL,New Zealand,A,Annual,IRLT,Long-term interest rates,PA,Percent per annum,_Z,Not applicable,_Z,Not applicable,_Z,Not applicable,_Z,Not applicable,N,National,1989,,12.82917,,A,Normal value,0,Units,2,Two,,
DATAFLOW,OECD.SDD.STES:DSD_STES@DF_FINMARK(4.0),Financial market,I,NZL,New Zealand,A,Annual,IRLT,Long-term interest rates,PA,Percent per annum,_Z,Not applicable,_Z,Not applicable,_Z,Not applicable,_Z,Not applicable,N,National,1990,,12.445,,A,Normal value,0,Units,2,Two,,
DATAFLOW,OECD.SDD.STES:DSD_STES@DF_FINMARK(4.0),Financial market,I,NZL,New Zealand,A,Annual,IRLT,Long-term interest rates,PA,Percent per annum,_Z,Not applicable,_Z,Not applicable,_Z,Not applicable,_Z,Not applicable,N,National,1991,,10.11,,A,Normal value,0,Units,2,Two,,
DATAFLOW,OECD.SDD.STES:DSD_STES@DF_FINMARK(4.0),Financial market,I,NZL,New Zealand,A,Annual,IRLT,Long-term interest rates,PA,Percent per annum,_Z,Not applicable,_Z,Not applicable,_Z,Not applicable,_Z,Not applicable,N,National,1992,,8.401667,,A,Normal value,0,Units,2,Two,,
DATAFLOW,OECD.SDD.STES:DSD_STES@DF_FINMARK(4.0),Financial market,I,NZL,New Zealand,A,Annual,IRLT,Long-term interest rates,PA,Percent per annum,_Z,Not applicable,_Z,Not applicable,_Z,Not applicable,_Z,Not applicable,N,National,1993,,6.934166,,A,Normal value,0,Units,2,Two,,
DATAFLOW,OECD.SDD.STES:DSD_STES@DF_FINMARK(4.0),Financial market,I,NZL,New Zealand,A,Annual,IRLT,Long-term interest rates,PA,Percent per annum,_Z,Not applicable,_Z,Not applicable,_Z,Not applicable,_Z,Not applicable,N,National,1994,,7.630833,,A,Normal value,0,Units,2,Two,,
DATAFLOW,OECD.SDD.STES:DSD_STES@DF_FINMARK(4.0),Financial market,I,NZL,New Zealand,A,Annual,IRLT,Long-term interest rates,PA,Percent per annum,_Z,Not applicable,_Z,Not applicable,_Z,Not applicable,_Z,Not applicable,N,National,1995,,7.779167,,A,Normal value,0,Units,2,Two,,
DATAFLOW,OECD.SDD.STES:DSD_STES@DF_FINMARK(4.0),Financial market,I,NZL,New Zealand,A,Annual,IRLT,Long-term interest rates,PA,Percent per annum,_Z,Not applicable,_Z,Not applicable,_Z,Not applicable,_Z,Not applicable,N,National,1996,,7.894166,,A,Normal value,0,Units,2,Two,,
DATAFLOW,OECD.SDD.STES:DSD_STES@DF_FINMARK(4.0),Financial market,I,NZL,New Zealand,A,Annual,IRLT,Long-term interest rates,PA,Percent per annum,_Z,Not applicable,_Z,Not applicable,_Z,Not applicable,_Z,Not applicable,N,National,1997,,7.191667,,A,Normal value,0,Units,2,Two,,
DATAFLOW,OECD.SDD.STES:DSD_STES@DF_FINMARK(4.0),Financial market,I,NZL,New Zealand,A,Annual,IRLT,Long-term interest rates,PA,Percent per annum,_Z,Not applicable,_Z,Not applicable,_Z,Not applicable,_Z,Not applicable,N,National,1998,,6.2875,,A,Normal value,0,Units,2,Two,,
DATAFLOW,OECD.SDD.STES:DSD_STES@DF_FINMARK(4.0),Financial market,I,NZL,New Zealand,A,Annual,IRLT,Long-term interest rates,PA,Percent per annum,_Z,Not applicable,_Z,Not applicable,_Z,Not applicable,_Z,Not applicable,N,National,1999,,6.4125,,A,Normal value,0,Units,2,Two,,
DATAFLOW,OECD.SDD.STES:DSD_STES@DF_FINMARK(4.0),Financial market,I,NZL,New Zealand,A,Annual,IRLT,Long-term interest rates,PA,Percent per annum,_Z,Not applicable,_Z,Not applicable,_Z,Not applicable,_Z,Not applicable,N,National,2000,,6.8525,,A,Normal value,0,Units,2,Two,,
DATAFLOW,OECD.SDD.STES:DSD_STES@DF_FINMARK(4.0),Financial market,I,NZL,New Zealand,A,Annual,IRLT,Long-term interest rates,PA,Percent per annum,_Z,Not applicable,_Z,Not applicable,_Z,Not applicable,_Z,Not applicable,N,National,2001,,6.393333,,A,Normal value,0,Units,2,Two,,
DATAFLOW,OECD.SDD.STES:DSD_STES@DF_FINMARK(4.0),Financial market,I,NZL,New Zealand,A,Annual,IRLT,Long-term interest rates,PA,Percent per annum,_Z,Not applicable,_Z,Not applicable,_Z,Not applicable,_Z,Not applicable,N,National,2002,,6.5275,,A,Normal value,0,Units,2,Two,,
DATAFLOW,OECD.SDD.STES:DSD_STES@DF_FINMARK(4.0),Financial market,I,NZL,New Zealand,A,Annual,IRLT,Long-term interest rates,PA,Percent per annum,_Z,Not applicable,_Z,Not applicable,_Z,Not applicable,_Z,Not applicable,N,National,2003,,5.866667,,A,Normal value,0,Units,2,Two,,
DATAFLOW,OECD.SDD.STES:DSD_STES@DF_FINMARK(4.0),Financial market,I,NZL,New Zealand,A,Annual,IRLT,Long-term interest rates,PA,Percent per annum,_Z,Not applicable,_Z,Not applicable,_Z,Not applicable,_Z,Not applicable,N,National,2004,,6.065834,,A,Normal value,0,Units,2,Two,,
DATAFLOW,OECD.SDD.STES:DSD_STES@DF_FINMARK(4.0),Financial market,I,NZL,New Zealand,A,Annual,IRLT,Long-term interest rates,PA,Percent per annum,_Z,Not applicable,_Z,Not applicable,_Z,Not applicable,_Z,Not applicable,N,National,2005,,5.875,,A,Normal value,0,Units,2,Two,,
DATAFLOW,OECD.SDD.STES:DSD_STES@DF_FINMARK(4.0),Financial market,I,NZL,New Zealand,A,Annual,IRLT,Long-term interest rates,PA,Percent per annum,_Z,Not applicable,_Z,Not applicable,_Z,Not applicable,_Z,Not applicable,N,National,2006,,5.780833,,A,Normal value,0,Units,2,Two,,
DATAFLOW,OECD.SDD.STES:DSD_STES@DF_FINMARK(4.0),Financial market,I,NZL,New Zealand,A,Annual,IRLT,Long-term interest rates,PA,Percent per annum,_Z,Not applicable,_Z,Not applicable,_Z,Not applicable,_Z,Not applicable,N,National,2007,,6.265,,A,Normal value,0,Units,2,Two,,
DATAFLOW,OECD.SDD.STES:DSD_STES@DF_FINMARK(4.0),Financial market,I,NZL,New Zealand,A,Annual,IRLT,Long-term interest rates,PA,Percent per annum,_Z,Not applicable,_Z,Not applicable,_Z,Not applicable,_Z,Not applicable,N,National,2008,,6.080833,,A,Normal value,0,Units,2,Two,,
DATAFLOW,OECD.SDD.STES:DSD_STES@DF_FINMARK(4.0),Financial market,I,NZL,New Zealand,A,Annual,IRLT,Long-term interest rates,PA,Percent per annum,_Z,Not applicable,_Z,Not applicable,_Z,Not applicable,_Z,Not applicable,N,National,2009,,5.456666,,A,Normal value,0,Units,2,Two,,
DATAFLOW,OECD.SDD.STES:DSD_STES@DF_FINMARK(4.0),Financial market,I,NZL,New Zealand,A,Annual,IRLT,Long-term interest rates,PA,Percent per annum,_Z,Not applicable,_Z,Not applicable,_Z,Not applicable,_Z,Not applicable,N,National,2010,,5.603333,,A,Normal value,0,Units,2,Two,,
DATAFLOW,OECD.SDD.STES:DSD_STES@DF_FINMARK(4.0),Financial market,I,NZL,New Zealand,A,Annual,IRLT,Long-term interest rates,PA,Percent per annum,_Z,Not applicable,_Z,Not applicable,_Z,Not applicable,_Z,Not applicable,N,National,2011,,4.945,,A,Normal value,0,Units,2,Two,,
DATAFLOW,OECD.SDD.STES:DSD_STES@DF_FINMARK(4.0),Financial market,I,NZL,New Zealand,A,Annual,IRLT,Long-term interest rates,PA,Percent per annum,_Z,Not applicable,_Z,Not applicable,_Z,Not applicable,_Z,Not applicable,N,National,2012,,3.685,,A,Normal value,0,Units,2,Two,,
DATAFLOW,OECD.SDD.STES:DSD_STES@DF_FINMARK(4.0),Financial market,I,NZL,New Zealand,A,Annual,IRLT,Long-term interest rates,PA,Percent per annum,_Z,Not applicable,_Z,Not applicable,_Z,Not applicable,_Z,Not applicable,N,National,2013,,4.093333,,A,Normal value,0,Units,2,Two,,
DATAFLOW,OECD.SDD.STES:DSD_STES@DF_FINMARK(4.0),Financial market,I,NZL,New Zealand,A,Annual,IRLT,Long-term interest rates,PA,Percent per annum,_Z,Not applicable,_Z,Not applicable,_Z,Not applicable,_Z,Not applicable,N,National,2014,,4.304167,,A,Normal value,0,Units,2,Two,,
DATAFLOW,OECD.SDD.STES:DSD_STES@DF_FINMARK(4.0),Financial market,I,NZL,New Zealand,A,Annual,IRLT,Long-term interest rates,PA,Percent per annum,_Z,Not applicable,_Z,Not applicable,_Z,Not applicable,_Z,Not applicable,N,National,2015,,3.423333,,A,Normal value,0,Units,2,Two,,
DATAFLOW,OECD.SDD.STES:DSD_STES@DF_FINMARK(4.0),Financial market,I,NZL,New Zealand,A,Annual,IRLT,Long-term interest rates,PA,Percent per annum,_Z,Not applicable,_Z,Not applicable,_Z,Not applicable,_Z,Not applicable,N,National,2016,,2.761667,,A,Normal value,0,Units,2,Two,,
DATAFLOW,OECD.SDD.STES:DSD_STES@DF_FINMARK(4.0),Financial market,I,NZL,New Zealand,A,Annual,IRLT,Long-term interest rates,PA,Percent per annum,_Z,Not applicable,_Z,Not applicable,_Z,Not applicable,_Z,Not applicable,N,National,2017,,2.990833,,A,Normal value,0,Units,2,Two,,
DATAFLOW,OECD.SDD.STES:DSD_STES@DF_FINMARK(4.0),Financial market,I,NZL,New Zealand,A,Annual,IRLT,Long-term interest rates,PA,Percent per annum,_Z,Not applicable,_Z,Not applicable,_Z,Not applicable,_Z,Not applicable,N,National,2021,,1.815,,A,Normal value,0,Units,2,Two,,
DATAFLOW,OECD.SDD.STES:DSD_STES@DF_FINMARK(4.0),Financial market,I,NOR,Norway,A,Annual,IRLT,Long-term interest rates,PA,Percent per annum,_Z,Not applicable,_Z,Not applicable,_Z,Not applicable,_Z,Not applicable,N,National,1985,,12.91167,,A,Normal value,0,Units,2,Two,,
DATAFLOW,OECD.SDD.STES:DSD_STES@DF_FINMARK(4.0),Financial market,I,NOR,Norway,A,Annual,IRLT,Long-term interest rates,PA,Percent per annum,_Z,Not applicable,_Z,Not applicable,_Z,Not applicable,_Z,Not applicable,N,National,1986,,13.29917,,A,Normal value,0,Units,2,Two,,
DATAFLOW,OECD.SDD.STES:DSD_STES@DF_FINMARK(4.0),Financial market,I,NOR,Norway,A,Annual,IRLT,Long-term interest rates,PA,Percent per annum,_Z,Not applicable,_Z,Not applicable,_Z,Not applicable,_Z,Not applicable,N,National,1987,,13.305,,A,Normal value,0,Units,2,Two,,
DATAFLOW,OECD.SDD.STES:DSD_STES@DF_FINMARK(4.0),Financial market,I,NOR,Norway,A,Annual,IRLT,Long-term interest rates,PA,Percent per annum,_Z,Not applicable,_Z,Not applicable,_Z,Not applicable,_Z,Not applicable,N,National,1988,,12.89583,,A,Normal value,0,Units,2,Two,,
DATAFLOW,OECD.SDD.STES:DSD_STES@DF_FINMARK(4.0),Financial market,I,NOR,Norway,A,Annual,IRLT,Long-term interest rates,PA,Percent per annum,_Z,Not applicable,_Z,Not applicable,_Z,Not applicable,_Z,Not applicable,N,National,1989,,10.82583,,A,Normal value,0,Units,2,Two,,
DATAFLOW,OECD.SDD.STES:DSD_STES@DF_FINMARK(4.0),Financial market,I,NOR,Norway,A,Annual,IRLT,Long-term interest rates,PA,Percent per annum,_Z,Not applicable,_Z,Not applicable,_Z,Not applicable,_Z,Not applicable,N,National,1990,,10.68,,A,Normal value,0,Units,2,Two,,
DATAFLOW,OECD.SDD.STES:DSD_STES@DF_FINMARK(4.0),Financial market,I,NOR,Norway,A,Annual,IRLT,Long-term interest rates,PA,Percent per annum,_Z,Not applicable,_Z,Not applicable,_Z,Not applicable,_Z,Not applicable,N,National,1991,,9.996667,,A,Normal value,0,Units,2,Two,,
DATAFLOW,OECD.SDD.STES:DSD_STES@DF_FINMARK(4.0),Financial market,I,NOR,Norway,A,Annual,IRLT,Long-term interest rates,PA,Percent per annum,_Z,Not applicable,_Z,Not applicable,_Z,Not applicable,_Z,Not applicable,N,National,1992,,9.606667,,A,Normal value,0,Units,2,Two,,
DATAFLOW,OECD.SDD.STES:DSD_STES@DF_FINMARK(4.0),Financial market,I,NOR,Norway,A,Annual,IRLT,Long-term interest rates,PA,Percent per annum,_Z,Not applicable,_Z,Not applicable,_Z,Not applicable,_Z,Not applicable,N,National,1993,,6.880833,,A,Normal value,0,Units,2,Two,,
DATAFLOW,OECD.SDD.STES:DSD_STES@DF_FINMARK(4.0),Financial market,I,NOR,Norway,A,Annual,IRLT,Long-term interest rates,PA,Percent per annum,_Z,Not applicable,_Z,Not applicable,_Z,Not applicable,_Z,Not applicable,N,National,1994,,7.435833,,A,Normal value,0,Units,2,Two,,
DATAFLOW,OECD.SDD.STES:DSD_STES@DF_FINMARK(4.0),Financial market,I,NOR,Norway,A,Annual,IRLT,Long-term interest rates,PA,Percent per annum,_Z,Not applicable,_Z,Not applicable,_Z,Not applicable,_Z,Not applicable,N,National,1995,,7.424167,,A,Normal value,0,Units,2,Two,,
DATAFLOW,OECD.SDD.STES:DSD_STES@DF_FINMARK(4.0),Financial market,I,NOR,Norway,A,Annual,IRLT,Long-term interest rates,PA,Percent per annum,_Z,Not applicable,_Z,Not applicable,_Z,Not applicable,_Z,Not applicable,N,National,1996,,6.773334,,A,Normal value,0,Units,2,Two,,
DATAFLOW,OECD.SDD.STES:DSD_STES@DF_FINMARK(4.0),Financial market,I,NOR,Norway,A,Annual,IRLT,Long-term interest rates,PA,Percent per annum,_Z,Not applicable,_Z,Not applicable,_Z,Not applicable,_Z,Not applicable,N,National,1997,,5.888333,,A,Normal value,0,Units,2,Two,,
DATAFLOW,OECD.SDD.STES:DSD_STES@DF_FINMARK(4.0),Financial market,I,NOR,Norway,A,Annual,IRLT,Long-term interest rates,PA,Percent per annum,_Z,Not applicable,_Z,Not applicable,_Z,Not applicable,_Z,Not applicable,N,National,1998,,5.4,,A,Normal value,0,Units,2,Two,,
DATAFLOW,OECD.SDD.STES:DSD_STES@DF_FINMARK(4.0),Financial market,I,NOR,Norway,A,Annual,IRLT,Long-term interest rates,PA,Percent per annum,_Z,Not applicable,_Z,Not applicable,_Z,Not applicable,_Z,Not applicable,N,National,1999,,5.4975,,A,Normal value,0,Units,2,Two,,
DATAFLOW,OECD.SDD.STES:DSD_STES@DF_FINMARK(4.0),Financial market,I,NOR,Norway,A,Annual,IRLT,Long-term interest rates,PA,Percent per annum,_Z,Not applicable,_Z,Not applicable,_Z,Not applicable,_Z,Not applicable,N,National,2000,,6.218333,,A,Normal value,0,Units,2,Two,,
DATAFLOW,OECD.SDD.STES:DSD_STES@DF_FINMARK(4.0),Financial market,I,NOR,Norway,A,Annual,IRLT,Long-term interest rates,PA,Percent per annum,_Z,Not applicable,_Z,Not applicable,_Z,Not applicable,_Z,Not applicable,N,National,2001,,6.236667,,A,Normal value,0,Units,2,Two,,
DATAFLOW,OECD.SDD.STES:DSD_STES@DF_FINMARK(4.0),Financial market,I,NOR,Norway,A,Annual,IRLT,Long-term interest rates,PA,Percent per annum,_Z,Not applicable,_Z,Not applicable,_Z,Not applicable,_Z,Not applicable,N,National,2002,,6.384167,,A,Normal value,0,Units,2,Two,,
DATAFLOW,OECD.SDD.STES:DSD_STES@DF_FINMARK(4.0),Financial market,I,NOR,Norway,A,Annual,IRLT,Long-term interest rates,PA,Percent per annum,_Z,Not applicable,_Z,Not applicable,_Z,Not applicable,_Z,Not applicable,N,National,2003,,5.045,,A,Normal value,0,Units,2,Two,,
DATAFLOW,OECD.SDD.STES:DSD_STES@DF_FINMARK(4.0),Financial market,I,NOR,Norway,A,Annual,IRLT,Long-term interest rates,PA,Percent per annum,_Z,Not applicable,_Z,Not applicable,_Z,Not applicable,_Z,Not applicable,N,National,2004,,4.368333,,A,Normal value,0,Units,2,Two,,
DATAFLOW,OECD.SDD.STES:DSD_STES@DF_FINMARK(4.0),Financial market,I,NOR,Norway,A,Annual,IRLT,Long-term interest rates,PA,Percent per annum,_Z,Not applicable,_Z,Not applicable,_Z,Not applicable,_Z,Not applicable,N,National,2005,,3.745833,,A,Normal value,0,Units,2,Two,,
DATAFLOW,OECD.SDD.STES:DSD_STES@DF_FINMARK(4.0),Financial market,I,NOR,Norway,A,Annual,IRLT,Long-term interest rates,PA,Percent per annum,_Z,Not applicable,_Z,Not applicable,_Z,Not applicable,_Z,Not applicable,N,National,2006,,4.076667,,A,Normal value,0,Units,2,Two,,
DATAFLOW,OECD.SDD.STES:DSD_STES@DF_FINMARK(4.0),Financial market,I,NOR,Norway,A,Annual,IRLT,Long-term interest rates,PA,Percent per annum,_Z,Not applicable,_Z,Not applicable,_Z,Not applicable,_Z,Not applicable,N,National,2007,,4.774167,,A,Normal value,0,Units,2,Two,,
DATAFLOW,OECD.SDD.STES:DSD_STES@DF_FINMARK(4.0),Financial market,I,NOR,Norway,A,Annual,IRLT,Long-term interest rates,PA,Percent per annum,_Z,Not applicable,_Z,Not applicable,_Z,Not applicable,_Z,Not applicable,N,National,2008,,4.458333,,A,Normal value,0,Units,2,Two,,
DATAFLOW,OECD.SDD.STES:DSD_STES@DF_FINMARK(4.0),Financial market,I,NOR,Norway,A,Annual,IRLT,Long-term interest rates,PA,Percent per annum,_Z,Not applicable,_Z,Not applicable,_Z,Not applicable,_Z,Not applicable,N,National,2009,,3.998333,,A,Normal value,0,Units,2,Two,,
DATAFLOW,OECD.SDD.STES:DSD_STES@DF_FINMARK(4.0),Financial market,I,NOR,Norway,A,Annual,IRLT,Long-term interest rates,PA,Percent per annum,_Z,Not applicable,_Z,Not applicable,_Z,Not applicable,_Z,Not applicable,N,National,2010,,3.528333,,A,Normal value,0,Units,2,Two,,
DATAFLOW,OECD.SDD.STES:DSD_STES@DF_FINMARK(4.0),Financial market,I,NOR,Norway,A,Annual,IRLT,Long-term interest rates,PA,Percent per annum,_Z,Not applicable,_Z,Not applicable,_Z,Not applicable,_Z,Not applicable,N,National,2011,,3.135,,A,Normal value,0,Units,2,Two,,
DATAFLOW,OECD.SDD.STES:DSD_STES@DF_FINMARK(4.0),Financial market,I,NOR,Norway,A,Annual,IRLT,Long-term interest rates,PA,Percent per annum,_Z,Not applicable,_Z,Not applicable,_Z,Not applicable,_Z,Not applicable,N,National,2012,,2.101667,,A,Normal value,0,Units,2,Two,,
DATAFLOW,OECD.SDD.STES:DSD_STES@DF_FINMARK(4.0),Financial market,I,NOR,Norway,A,Annual,IRLT,Long-term interest rates,PA,Percent per annum,_Z,Not applicable,_Z,Not applicable,_Z,Not applicable,_Z,Not applicable,N,National,2013,,2.5775,,A,Normal value,0,Units,2,Two,,
DATAFLOW,OECD.SDD.STES:DSD_STES@DF_FINMARK(4.0),Financial market,I,NOR,Norway,A,Annual,IRLT,Long-term interest rates,PA,Percent per annum,_Z,Not applicable,_Z,Not applicable,_Z,Not applicable,_Z,Not applicable,N,National,2014,,2.515,,A,Normal value,0,Units,2,Two,,
DATAFLOW,OECD.SDD.STES:DSD_STES@DF_FINMARK(4.0),Financial market,I,NOR,Norway,A,Annual,IRLT,Long-term interest rates,PA,Percent per annum,_Z,Not applicable,_Z,Not applicable,_Z,Not applicable,_Z,Not applicable,N,National,2015,,1.565,,A,Normal value,0,Units,2,Two,,
DATAFLOW,OECD.SDD.STES:DSD_STES@DF_FINMARK(4.0),Financial market,I,NOR,Norway,A,Annual,IRLT,Long-term interest rates,PA,Percent per annum,_Z,Not applicable,_Z,Not applicable,_Z,Not applicable,_Z,Not applicable,N,National,2016,,1.331667,,A,Normal value,0,Units,2,Two,,
DATAFLOW,OECD.SDD.STES:DSD_STES@DF_FINMARK(4.0),Financial market,I,NOR,Norway,A,Annual,IRLT,Long-term interest rates,PA,Percent per annum,_Z,Not applicable,_Z,Not applicable,_Z,Not applicable,_Z,Not applicable,N,National,2017,,1.6375,,A,Normal value,0,Units,2,Two,,
DATAFLOW,OECD.SDD.STES:DSD_STES@DF_FINMARK(4.0),Financial market,I,NOR,Norway,A,Annual,IRLT,Long-term interest rates,PA,Percent per annum,_Z,Not applicable,_Z,Not applicable,_Z,Not applicable,_Z,Not applicable,N,National,2018,,1.879167,,A,Normal value,0,Units,2,Two,,
DATAFLOW,OECD.SDD.STES:DSD_STES@DF_FINMARK(4.0),Financial market,I,NOR,Norway,A,Annual,IRLT,Long-term interest rates,PA,Percent per annum,_Z,Not applicable,_Z,Not applicable,_Z,Not applicable,_Z,Not applicable,N,National,2019,,1.494167,,A,Normal value,0,Units,2,Two,,
DATAFLOW,OECD.SDD.STES:DSD_STES@DF_FINMARK(4.0),Financial market,I,NOR,Norway,A,Annual,IRLT,Long-term interest rates,PA,Percent per annum,_Z,Not applicable,_Z,Not applicable,_Z,Not applicable,_Z,Not applicable,N,National,2020,,0.8175,,A,Normal value,0,Units,2,Two,,
DATAFLOW,OECD.SDD.STES:DSD_STES@DF_FINMARK(4.0),Financial market,I,NOR,Norway,A,Annual,IRLT,Long-term interest rates,PA,Percent per annum,_Z,Not applicable,_Z,Not applicable,_Z,Not applicable,_Z,Not applicable,N,National,2021,,1.41587,,A,Normal value,0,Units,2,Two,,
DATAFLOW,OECD.SDD.STES:DSD_STES@DF_FINMARK(4.0),Financial market,I,POL,Poland,A,Annual,IRLT,Long-term interest rates,PA,Percent per annum,_Z,Not applicable,_Z,Not applicable,_Z,Not applicable,_Z,Not applicable,N,National,2001,,10.68167,,A,Normal value,0,Units,2,Two,,
DATAFLOW,OECD.SDD.STES:DSD_STES@DF_FINMARK(4.0),Financial market,I,POL,Poland,A,Annual,IRLT,Long-term interest rates,PA,Percent per annum,_Z,Not applicable,_Z,Not applicable,_Z,Not applicable,_Z,Not applicable,N,National,2002,,7.355834,,A,Normal value,0,Units,2,Two,,
DATAFLOW,OECD.SDD.STES:DSD_STES@DF_FINMARK(4.0),Financial market,I,POL,Poland,A,Annual,IRLT,Long-term interest rates,PA,Percent per annum,_Z,Not applicable,_Z,Not applicable,_Z,Not applicable,_Z,Not applicable,N,National,2003,,5.7775,,A,Normal value,0,Units,2,Two,,
DATAFLOW,OECD.SDD.STES:DSD_STES@DF_FINMARK(4.0),Financial market,I,POL,Poland,A,Annual,IRLT,Long-term interest rates,PA,Percent per annum,_Z,Not applicable,_Z,Not applicable,_Z,Not applicable,_Z,Not applicable,N,National,2004,,6.896667,,A,Normal value,0,Units,2,Two,,
DATAFLOW,OECD.SDD.STES:DSD_STES@DF_FINMARK(4.0),Financial market,I,POL,Poland,A,Annual,IRLT,Long-term interest rates,PA,Percent per annum,_Z,Not applicable,_Z,Not applicable,_Z,Not applicable,_Z,Not applicable,N,National,2005,,5.218333,,A,Normal value,0,Units,2,Two,,
DATAFLOW,OECD.SDD.STES:DSD_STES@DF_FINMARK(4.0),Financial market,I,POL,Poland,A,Annual,IRLT,Long-term interest rates,PA,Percent per annum,_Z,Not applicable,_Z,Not applicable,_Z,Not applicable,_Z,Not applicable,N,National,2006,,5.231667,,A,Normal value,0,Units,2,Two,,
DATAFLOW,OECD.SDD.STES:DSD_STES@DF_FINMARK(4.0),Financial market,I,POL,Poland,A,Annual,IRLT,Long-term interest rates,PA,Percent per annum,_Z,Not applicable,_Z,Not applicable,_Z,Not applicable,_Z,Not applicable,N,National,2007,,5.484334,,A,Normal value,0,Units,2,Two,,
DATAFLOW,OECD.SDD.STES:DSD_STES@DF_FINMARK(4.0),Financial market,I,POL,Poland,A,Annual,IRLT,Long-term interest rates,PA,Percent per annum,_Z,Not applicable,_Z,Not applicable,_Z,Not applicable,_Z,Not applicable,N,National,2008,,6.071667,,A,Normal value,0,Units,2,Two,,
DATAFLOW,OECD.SDD.STES:DSD_STES@DF_FINMARK(4.0),Financial market,I,POL,Poland,A,Annual,IRLT,Long-term interest rates,PA,Percent per annum,_Z,Not applicable,_Z,Not applicable,_Z,Not applicable,_Z,Not applicable,N,National,2009,,6.120598,,A,Normal value,0,Units,2,Two,,
DATAFLOW,OECD.SDD.STES:DSD_STES@DF_FINMARK(4.0),Financial market,I,POL,Poland,A,Annual,IRLT,Long-term interest rates,PA,Percent per annum,_Z,Not applicable,_Z,Not applicable,_Z,Not applicable,_Z,Not applicable,N,National,2010,,5.781667,,A,Normal value,0,Units,2,Two,,
DATAFLOW,OECD.SDD.STES:DSD_STES@DF_FINMARK(4.0),Financial market,I,POL,Poland,A,Annual,IRLT,Long-term interest rates,PA,Percent per annum,_Z,Not applicable,_Z,Not applicable,_Z,Not applicable,_Z,Not applicable,N,National,2011,,5.955583,,A,Normal value,0,Units,2,Two,,
DATAFLOW,OECD.SDD.STES:DSD_STES@DF_FINMARK(4.0),Financial market,I,POL,Poland,A,Annual,IRLT,Long-term interest rates,PA,Percent per annum,_Z,Not applicable,_Z,Not applicable,_Z,Not applicable,_Z,Not applicable,N,National,2012,,4.999283,,A,Normal value,0,Units,2,Two,,
DATAFLOW,OECD.SDD.STES:DSD_STES@DF_FINMARK(4.0),Financial market,I,POL,Poland,A,Annual,IRLT,Long-term interest rates,PA,Percent per annum,_Z,Not applicable,_Z,Not applicable,_Z,Not applicable,_Z,Not applicable,N,National,2013,,4.033292,,A,Normal value,0,Units,2,Two,,
DATAFLOW,OECD.SDD.STES:DSD_STES@DF_FINMARK(4.0),Financial market,I,POL,Poland,A,Annual,IRLT,Long-term interest rates,PA,Percent per annum,_Z,Not applicable,_Z,Not applicable,_Z,Not applicable,_Z,Not applicable,N,National,2014,,3.516211,,A,Normal value,0,Units,2,Two,,
DATAFLOW,OECD.SDD.STES:DSD_STES@DF_FINMARK(4.0),Financial market,I,POL,Poland,A,Annual,IRLT,Long-term interest rates,PA,Percent per annum,_Z,Not applicable,_Z,Not applicable,_Z,Not applicable,_Z,Not applicable,N,National,2015,,2.700557,,A,Normal value,0,Units,2,Two,,
DATAFLOW,OECD.SDD.STES:DSD_STES@DF_FINMARK(4.0),Financial market,I,POL,Poland,A,Annual,IRLT,Long-term interest rates,PA,Percent per annum,_Z,Not applicable,_Z,Not applicable,_Z,Not applicable,_Z,Not applicable,N,National,2016,,3.035689,,A,Normal value,0,Units,2,Two,,
DATAFLOW,OECD.SDD.STES:DSD_STES@DF_FINMARK(4.0),Financial market,I,POL,Poland,A,Annual,IRLT,Long-term interest rates,PA,Percent per annum,_Z,Not applicable,_Z,Not applicable,_Z,Not applicable,_Z,Not applicable,N,National,2017,,3.42,,A,Normal value,0,Units,2,Two,,
DATAFLOW,OECD.SDD.STES:DSD_STES@DF_FINMARK(4.0),Financial market,I,POL,Poland,A,Annual,IRLT,Long-term interest rates,PA,Percent per annum,_Z,Not applicable,_Z,Not applicable,_Z,Not applicable,_Z,Not applicable,N,National,2018,,3.198333,,A,Normal value,0,Units,2,Two,,
DATAFLOW,OECD.SDD.STES:DSD_STES@DF_FINMARK(4.0),Financial market,I,POL,Poland,A,Annual,IRLT,Long-term interest rates,PA,Percent per annum,_Z,Not applicable,_Z,Not applicable,_Z,Not applicable,_Z,Not applicable,N,National,2019,,2.3475,,A,Normal value,0,Units,2,Two,,
DATAFLOW,OECD.SDD.STES:DSD_STES@DF_FINMARK(4.0),Financial market,I,POL,Poland,A,Annual,IRLT,Long-term interest rates,PA,Percent per annum,_Z,Not applicable,_Z,Not applicable,_Z,Not applicable,_Z,Not applicable,N,National,2020,,1.499167,,A,Normal value,0,Units,2,Two,,
DATAFLOW,OECD.SDD.STES:DSD_STES@DF_FINMARK(4.0),Financial market,I,POL,Poland,A,Annual,IRLT,Long-term interest rates,PA,Percent per annum,_Z,Not applicable,_Z,Not applicable,_Z,Not applicable,_Z,Not applicable,N,National,2021,,1.944167,,A,Normal value,0,Units,2,Two,,
DATAFLOW,OECD.SDD.STES:DSD_STES@DF_FINMARK(4.0),Financial market,I,POL,Poland,A,Annual,IRLT,Long-term interest rates,PA,Percent per annum,_Z,Not applicable,_Z,Not applicable,_Z,Not applicable,_Z,Not applicable,N,National,2022,,6.053333,,A,Normal value,0,Units,2,Two,,
DATAFLOW,OECD.SDD.STES:DSD_STES@DF_FINMARK(4.0),Financial market,I,POL,Poland,A,Annual,IRLT,Long-term interest rates,PA,Percent per annum,_Z,Not applicable,_Z,Not applicable,_Z,Not applicable,_Z,Not applicable,N,National,2023,,5.805833,,A,Normal value,0,Units,2,Two,,
DATAFLOW,OECD.SDD.STES:DSD_STES@DF_FINMARK(4.0),Financial market,I,PRT,Portugal,A,Annual,IRLT,Long-term interest rates,PA,Percent per annum,_Z,Not applicable,_Z,Not applicable,_Z,Not applicable,_Z,Not applicable,N,National,1994,,10.47833,,A,Normal value,0,Units,2,Two,,
DATAFLOW,OECD.SDD.STES:DSD_STES@DF_FINMARK(4.0),Financial market,I,PRT,Portugal,A,Annual,IRLT,Long-term interest rates,PA,Percent per annum,_Z,Not applicable,_Z,Not applicable,_Z,Not applicable,_Z,Not applicable,N,National,1995,,11.465,,A,Normal value,0,Units,2,Two,,
DATAFLOW,OECD.SDD.STES:DSD_STES@DF_FINMARK(4.0),Financial market,I,PRT,Portugal,A,Annual,IRLT,Long-term interest rates,PA,Percent per annum,_Z,Not applicable,_Z,Not applicable,_Z,Not applicable,_Z,Not applicable,N,National,1996,,8.559167,,A,Normal value,0,Units,2,Two,,
DATAFLOW,OECD.SDD.STES:DSD_STES@DF_FINMARK(4.0),Financial market,I,PRT,Portugal,A,Annual,IRLT,Long-term interest rates,PA,Percent per annum,_Z,Not applicable,_Z,Not applicable,_Z,Not applicable,_Z,Not applicable,N,National,1997,,6.358333,,A,Normal value,0,Units,2,Two,,
DATAFLOW,OECD.SDD.STES:DSD_STES@DF_FINMARK(4.0),Financial market,I,PRT,Portugal,A,Annual,IRLT,Long-term interest rates,PA,Percent per annum,_Z,Not applicable,_Z,Not applicable,_Z,Not applicable,_Z,Not applicable,N,National,1998,,4.8775,,A,Normal value,0,Units,2,Two,,
DATAFLOW,OECD.SDD.STES:DSD_STES@DF_FINMARK(4.0),Financial market,I,PRT,Portugal,A,Annual,IRLT,Long-term interest rates,PA,Percent per annum,_Z,Not applicable,_Z,Not applicable,_Z,Not applicable,_Z,Not applicable,N,National,1999,,4.7775,,A,Normal value,0,Units,2,Two,,
DATAFLOW,OECD.SDD.STES:DSD_STES@DF_FINMARK(4.0),Financial market,I,PRT,Portugal,A,Annual,IRLT,Long-term interest rates,PA,Percent per annum,_Z,Not applicable,_Z,Not applicable,_Z,Not applicable,_Z,Not applicable,N,National,2000,,5.595,,A,Normal value,0,Units,2,Two,,
DATAFLOW,OECD.SDD.STES:DSD_STES@DF_FINMARK(4.0),Financial market,I,PRT,Portugal,A,Annual,IRLT,Long-term interest rates,PA,Percent per annum,_Z,Not applicable,_Z,Not applicable,_Z,Not applicable,_Z,Not applicable,N,National,2001,,5.158333,,A,Normal value,0,Units,2,Two,,
DATAFLOW,OECD.SDD.STES:DSD_STES@DF_FINMARK(4.0),Financial market,I,PRT,Portugal,A,Annual,IRLT,Long-term interest rates,PA,Percent per annum,_Z,Not applicable,_Z,Not applicable,_Z,Not applicable,_Z,Not applicable,N,National,2002,,5.005833,,A,Normal value,0,Units,2,Two,,
DATAFLOW,OECD.SDD.STES:DSD_STES@DF_FINMARK(4.0),Financial market,I,PRT,Portugal,A,Annual,IRLT,Long-term interest rates,PA,Percent per annum,_Z,Not applicable,_Z,Not applicable,_Z,Not applicable,_Z,Not applicable,N,National,2003,,4.178333,,A,Normal value,0,Units,2,Two,,
DATAFLOW,OECD.SDD.STES:DSD_STES@DF_FINMARK(4.0),Financial market,I,PRT,Portugal,A,Annual,IRLT,Long-term interest rates,PA,Percent per annum,_Z,Not applicable,_Z,Not applicable,_Z,Not applicable,_Z,Not applicable,N,National,2004,,4.143333,,A,Normal value,0,Units,2,Two,,
DATAFLOW,OECD.SDD.STES:DSD_STES@DF_FINMARK(4.0),Financial market,I,PRT,Portugal,A,Annual,IRLT,Long-term interest rates,PA,Percent per annum,_Z,Not applicable,_Z,Not applicable,_Z,Not applicable,_Z,Not applicable,N,National,2005,,3.4375,,A,Normal value,0,Units,2,Two,,
DATAFLOW,OECD.SDD.STES:DSD_STES@DF_FINMARK(4.0),Financial market,I,PRT,Portugal,A,Annual,IRLT,Long-term interest rates,PA,Percent per annum,_Z,Not applicable,_Z,Not applicable,_Z,Not applicable,_Z,Not applicable,N,National,2006,,3.915,,A,Normal value,0,Units,2,Two,,
DATAFLOW,OECD.SDD.STES:DSD_STES@DF_FINMARK(4.0),Financial market,I,PRT,Portugal,A,Annual,IRLT,Long-term interest rates,PA,Percent per annum,_Z,Not applicable,_Z,Not applicable,_Z,Not applicable,_Z,Not applicable,N,National,2007,,4.423333,,A,Normal value,0,Units,2,Two,,
DATAFLOW,OECD.SDD.STES:DSD_STES@DF_FINMARK(4.0),Financial market,I,PRT,Portugal,A,Annual,IRLT,Long-term interest rates,PA,Percent per annum,_Z,Not applicable,_Z,Not applicable,_Z,Not applicable,_Z,Not applicable,N,National,2009,,4.210834,,A,Normal value,0,Units,2,Two,,
DATAFLOW,OECD.SDD.STES:DSD_STES@DF_FINMARK(4.0),Financial market,I,PRT,Portugal,A,Annual,IRLT,Long-term interest rates,PA,Percent per annum,_Z,Not applicable,_Z,Not applicable,_Z,Not applicable,_Z,Not applicable,N,National,2012,,10.5475,,A,Normal value,0,Units,2,Two,,
DATAFLOW,OECD.SDD.STES:DSD_STES@DF_FINMARK(4.0),Financial market,I,PRT,Portugal,A,Annual,IRLT,Long-term interest rates,PA,Percent per annum,_Z,Not applicable,_Z,Not applicable,_Z,Not applicable,_Z,Not applicable,N,National,2013,,6.294167,,A,Normal value,0,Units,2,Two,,
DATAFLOW,OECD.SDD.STES:DSD_STES@DF_FINMARK(4.0),Financial market,I,PRT,Portugal,A,Annual,IRLT,Long-term interest rates,PA,Percent per annum,_Z,Not applicable,_Z,Not applicable,_Z,Not applicable,_Z,Not applicable,N,National,2015,,2.423333,,A,Normal value,0,Units,2,Two,,
DATAFLOW,OECD.SDD.STES:DSD_STES@DF_FINMARK(4.0),Financial market,I,PRT,Portugal,A,Annual,IRLT,Long-term interest rates,PA,Percent per annum,_Z,Not applicable,_Z,Not applicable,_Z,Not applicable,_Z,Not applicable,N,National,2017,,3.0525,,A,Normal value,0,Units,2,Two,,
DATAFLOW,OECD.SDD.STES:DSD_STES@DF_FINMARK(4.0),Financial market,I,PRT,Portugal,A,Annual,IRLT,Long-term interest rates,PA,Percent per annum,_Z,Not applicable,_Z,Not applicable,_Z,Not applicable,_Z,Not applicable,N,National,2019,,0.7575,,A,Normal value,0,Units,2,Two,,
DATAFLOW,OECD.SDD.STES:DSD_STES@DF_FINMARK(4.0),Financial market,I,PRT,Portugal,A,Annual,IRLT,Long-term interest rates,PA,Percent per annum,_Z,Not applicable,_Z,Not applicable,_Z,Not applicable,_Z,Not applicable,N,National,2020,,0.4166667,,A,Normal value,0,Units,2,Two,,
DATAFLOW,OECD.SDD.STES:DSD_STES@DF_FINMARK(4.0),Financial market,I,PRT,Portugal,A,Annual,IRLT,Long-term interest rates,PA,Percent per annum,_Z,Not applicable,_Z,Not applicable,_Z,Not applicable,_Z,Not applicable,N,National,2021,,0.295,,A,Normal value,0,Units,2,Two,,
DATAFLOW,OECD.SDD.STES:DSD_STES@DF_FINMARK(4.0),Financial market,I,PRT,Portugal,A,Annual,IRLT,Long-term interest rates,PA,Percent per annum,_Z,Not applicable,_Z,Not applicable,_Z,Not applicable,_Z,Not applicable,N,National,2022,,2.17,,A,Normal value,0,Units,2,Two,,
DATAFLOW,OECD.SDD.STES:DSD_STES@DF_FINMARK(4.0),Financial market,I,PRT,Portugal,A,Annual,IRLT,Long-term interest rates,PA,Percent per annum,_Z,Not applicable,_Z,Not applicable,_Z,Not applicable,_Z,Not applicable,N,National,2023,,3.2375,,A,Normal value,0,Units,2,Two,,
DATAFLOW,OECD.SDD.STES:DSD_STES@DF_FINMARK(4.0),Financial market,I,SVK,Slovak Republic,A,Annual,IRLT,Long-term interest rates,PA,Percent per annum,_Z,Not applicable,_Z,Not applicable,_Z,Not applicable,_Z,Not applicable,N,National,2001,,8.043349,,A,Normal value,0,Units,2,Two,,
DATAFLOW,OECD.SDD.STES:DSD_STES@DF_FINMARK(4.0),Financial market,I,SVK,Slovak Republic,A,Annual,IRLT,Long-term interest rates,PA,Percent per annum,_Z,Not applicable,_Z,Not applicable,_Z,Not applicable,_Z,Not applicable,N,National,2002,,6.934373,,A,Normal value,0,Units,2,Two,,
DATAFLOW,OECD.SDD.STES:DSD_STES@DF_FINMARK(4.0),Financial market,I,SVK,Slovak Republic,A,Annual,IRLT,Long-term interest rates,PA,Percent per annum,_Z,Not applicable,_Z,Not applicable,_Z,Not applicable,_Z,Not applicable,N,National,2003,,4.985866,,A,Normal value,0,Units,2,Two,,
DATAFLOW,OECD.SDD.STES:DSD_STES@DF_FINMARK(4.0),Financial market,I,SVK,Slovak Republic,A,Annual,IRLT,Long-term interest rates,PA,Percent per annum,_Z,Not applicable,_Z,Not applicable,_Z,Not applicable,_Z,Not applicable,N,National,2004,,5.026144,,A,Normal value,0,Units,2,Two,,
DATAFLOW,OECD.SDD.STES:DSD_STES@DF_FINMARK(4.0),Financial market,I,SVK,Slovak Republic,A,Annual,IRLT,Long-term interest rates,PA,Percent per annum,_Z,Not applicable,_Z,Not applicable,_Z,Not applicable,_Z,Not applicable,N,National,2005,,3.52158,,A,Normal value,0,Units,2,Two,,
DATAFLOW,OECD.SDD.STES:DSD_STES@DF_FINMARK(4.0),Financial market,I,SVK,Slovak Republic,A,Annual,IRLT,Long-term interest rates,PA,Percent per annum,_Z,Not applicable,_Z,Not applicable,_Z,Not applicable,_Z,Not applicable,N,National,2006,,4.412181,,A,Normal value,0,Units,2,Two,,
DATAFLOW,OECD.SDD.STES:DSD_STES@DF_FINMARK(4.0),Financial market,I,SVK,Slovak Republic,A,Annual,IRLT,Long-term interest rates,PA,Percent per annum,_Z,Not applicable,_Z,Not applicable,_Z,Not applicable,_Z,Not applicable,N,National,2007,,4.490726,,A,Normal value,0,Units,2,Two,,
DATAFLOW,OECD.SDD.STES:DSD_STES@DF_FINMARK(4.0),Financial market,I,SVK,Slovak Republic,A,Annual,IRLT,Long-term interest rates,PA,Percent per annum,_Z,Not applicable,_Z,Not applicable,_Z,Not applicable,_Z,Not applicable,N,National,2008,,4.723183,,A,Normal value,0,Units,2,Two,,
DATAFLOW,OECD.SDD.STES:DSD_STES@DF_FINMARK(4.0),Financial market,I,SVK,Slovak Republic,A,Annual,IRLT,Long-term interest rates,PA,Percent per annum,_Z,Not applicable,_Z,Not applicable,_Z,Not applicable,_Z,Not applicable,N,National,2009,,4.706512,,A,Normal value,0,Units,2,Two,,
DATAFLOW,OECD.SDD.STES:DSD_STES@DF_FINMARK(4.0),Financial market,I,SVK,Slovak Republic,A,Annual,IRLT,Long-term interest rates,PA,Percent per annum,_Z,Not applicable,_Z,Not applicable,_Z,Not applicable,_Z,Not applicable,N,National,2010,,3.871647,,A,Normal value,0,Units,2,Two,,
DATAFLOW,OECD.SDD.STES:DSD_STES@DF_FINMARK(4.0),Financial market,I,SVK,Slovak Republic,A,Annual,IRLT,Long-term interest rates,PA,Percent per annum,_Z,Not applicable,_Z,Not applicable,_Z,Not applicable,_Z,Not applicable,N,National,2011,,4.448205,,A,Normal value,0,Units,2,Two,,
DATAFLOW,OECD.SDD.STES:DSD_STES@DF_FINMARK(4.0),Financial market,I,SVK,Slovak Republic,A,Annual,IRLT,Long-term interest rates,PA,Percent per annum,_Z,Not applicable,_Z,Not applicable,_Z,Not applicable,_Z,Not applicable,N,National,2012,,4.553231,,A,Normal value,0,Units,2,Two,,
DATAFLOW,OECD.SDD.STES:DSD_STES@DF_FINMARK(4.0),Financial market,I,SVK,Slovak Republic,A,Annual,IRLT,Long-term interest rates,PA,Percent per annum,_Z,Not applicable,_Z,Not applicable,_Z,Not applicable,_Z,Not applicable,N,National,2013,,3.186377,,A,Normal value,0,Units,2,Two,,
DATAFLOW,OECD.SDD.STES:DSD_STES@DF_FINMARK(4.0),Financial market,I,SVK,Slovak Republic,A,Annual,IRLT,Long-term interest rates,PA,Percent per annum,_Z,Not applicable,_Z,Not applicable,_Z,Not applicable,_Z,Not applicable,N,National,2014,,2.071702,,A,Normal value,0,Units,2,Two,,
DATAFLOW,OECD.SDD.STES:DSD_STES@DF_FINMARK(4.0),Financial market,I,SVK,Slovak Republic,A,Annual,IRLT,Long-term interest rates,PA,Percent per annum,_Z,Not applicable,_Z,Not applicable,_Z,Not applicable,_Z,Not applicable,N,National,2015,,0.88525,,A,Normal value,0,Units,2,Two,,
DATAFLOW,OECD.SDD.STES:DSD_STES@DF_FINMARK(4.0),Financial market,I,SVK,Slovak Republic,A,Annual,IRLT,Long-term interest rates,PA,Percent per annum,_Z,Not applicable,_Z,Not applicable,_Z,Not applicable,_Z,Not applicable,N,National,2016,,0.5444093,,A,Normal value,0,Units,2,Two,,
DATAFLOW,OECD.SDD.STES:DSD_STES@DF_FINMARK(4.0),Financial market,I,SVK,Slovak Republic,A,Annual,IRLT,Long-term interest rates,PA,Percent per annum,_Z,Not applicable,_Z,Not applicable,_Z,Not applicable,_Z,Not applicable,N,National,2017,,0.9153607,,A,Normal value,0,Units,2,Two,,
DATAFLOW,OECD.SDD.STES:DSD_STES@DF_FINMARK(4.0),Financial market,I,SVK,Slovak Republic,A,Annual,IRLT,Long-term interest rates,PA,Percent per annum,_Z,Not applicable,_Z,Not applicable,_Z,Not applicable,_Z,Not applicable,N,National,2018,,0.885511,,A,Normal value,0,Units,2,Two,,
DATAFLOW,OECD.SDD.STES:DSD_STES@DF_FINMARK(4.0),Financial market,I,SVK,Slovak Republic,A,Annual,IRLT,Long-term interest rates,PA,Percent per annum,_Z,Not applicable,_Z,Not applicable,_Z,Not applicable,_Z,Not applicable,N,National,2019,,0.2463108,,A,Normal value,0,Units,2,Two,,
DATAFLOW,OECD.SDD.STES:DSD_STES@DF_FINMARK(4.0),Financial market,I,SVK,Slovak Republic,A,Annual,IRLT,Long-term interest rates,PA,Percent per annum,_Z,Not applicable,_Z,Not applicable,_Z,Not applicable,_Z,Not applicable,N,National,2020,,-0.03828775,,A,Normal value,0,Units,2,Two,,
DATAFLOW,OECD.SDD.STES:DSD_STES@DF_FINMARK(4.0),Financial market,I,SVK,Slovak Republic,A,Annual,IRLT,Long-term interest rates,PA,Percent per annum,_Z,Not applicable,_Z,Not applicable,_Z,Not applicable,_Z,Not applicable,N,National,2021,,-0.08023517,,A,Normal value,0,Units,2,Two,,
DATAFLOW,OECD.SDD.STES:DSD_STES@DF_FINMARK(4.0),Financial market,I,SVK,Slovak Republic,A,Annual,IRLT,Long-term interest rates,PA,Percent per annum,_Z,Not applicable,_Z,Not applicable,_Z,Not applicable,_Z,Not applicable,N,National,2022,,2.074054,,A,Normal value,0,Units,2,Two,,
DATAFLOW,OECD.SDD.STES:DSD_STES@DF_FINMARK(4.0),Financial market,I,SVK,Slovak Republic,A,Annual,IRLT,Long-term interest rates,PA,Percent per annum,_Z,Not applicable,_Z,Not applicable,_Z,Not applicable,_Z,Not applicable,N,National,2023,,3.649202,,A,Normal value,0,Units,2,Two,,
DATAFLOW,OECD.SDD.STES:DSD_STES@DF_FINMARK(4.0),Financial market,I,SVN,Slovenia,A,Annual,IRLT,Long-term interest rates,PA,Percent per annum,_Z,Not applicable,_Z,Not applicable,_Z,Not applicable,_Z,Not applicable,N,National,2003,,6.401667,,A,Normal value,0,Units,2,Two,,
DATAFLOW,OECD.SDD.STES:DSD_STES@DF_FINMARK(4.0),Financial market,I,SVN,Slovenia,A,Annual,IRLT,Long-term interest rates,PA,Percent per annum,_Z,Not applicable,_Z,Not applicable,_Z,Not applicable,_Z,Not applicable,N,National,2004,,4.683333,,A,Normal value,0,Units,2,Two,,
DATAFLOW,OECD.SDD.STES:DSD_STES@DF_FINMARK(4.0),Financial market,I,SVN,Slovenia,A,Annual,IRLT,Long-term interest rates,PA,Percent per annum,_Z,Not applicable,_Z,Not applicable,_Z,Not applicable,_Z,Not applicable,N,National,2005,,3.806667,,A,Normal value,0,Units,2,Two,,
DATAFLOW,OECD.SDD.STES:DSD_STES@DF_FINMARK(4.0),Financial market,I,SVN,Slovenia,A,Annual,IRLT,Long-term interest rates,PA,Percent per annum,_Z,Not applicable,_Z,Not applicable,_Z,Not applicable,_Z,Not applicable,N,National,2006,,3.853333,,A,Normal value,0,Units,2,Two,,
DATAFLOW,OECD.SDD.STES:DSD_STES@DF_FINMARK(4.0),Financial market,I,SVN,Slovenia,A,Annual,IRLT,Long-term interest rates,PA,Percent per annum,_Z,Not applicable,_Z,Not applicable,_Z,Not applicable,_Z,Not applicable,N,National,2007,,4.53075,,A,Normal value,0,Units,2,Two,,
DATAFLOW,OECD.SDD.STES:DSD_STES@DF_FINMARK(4.0),Financial market,I,SVN,Slovenia,A,Annual,IRLT,Long-term interest rates,PA,Percent per annum,_Z,Not applicable,_Z,Not applicable,_Z,Not applicable,_Z,Not applicable,N,National,2008,,4.606333,,A,Normal value,0,Units,2,Two,,
DATAFLOW,OECD.SDD.STES:DSD_STES@DF_FINMARK(4.0),Financial market,I,SVN,Slovenia,A,Annual,IRLT,Long-term interest rates,PA,Percent per annum,_Z,Not applicable,_Z,Not applicable,_Z,Not applicable,_Z,Not applicable,N,National,2009,,4.375,,A,Normal value,0,Units,2,Two,,
DATAFLOW,OECD.SDD.STES:DSD_STES@DF_FINMARK(4.0),Financial market,I,SVN,Slovenia,A,Annual,IRLT,Long-term interest rates,PA,Percent per annum,_Z,Not applicable,_Z,Not applicable,_Z,Not applicable,_Z,Not applicable,N,National,2010,,3.8325,,A,Normal value,0,Units,2,Two,,
DATAFLOW,OECD.SDD.STES:DSD_STES@DF_FINMARK(4.0),Financial market,I,SVN,Slovenia,A,Annual,IRLT,Long-term interest rates,PA,Percent per annum,_Z,Not applicable,_Z,Not applicable,_Z,Not applicable,_Z,Not applicable,N,National,2011,,4.970917,,A,Normal value,0,Units,2,Two,,
DATAFLOW,OECD.SDD.STES:DSD_STES@DF_FINMARK(4.0),Financial market,I,SVN,Slovenia,A,Annual,IRLT,Long-term interest rates,PA,Percent per annum,_Z,Not applicable,_Z,Not applicable,_Z,Not applicable,_Z,Not applicable,N,National,2012,,5.808333,,A,Normal value,0,Units,2,Two,,
DATAFLOW,OECD.SDD.STES:DSD_STES@DF_FINMARK(4.0),Financial market,I,SVN,Slovenia,A,Annual,IRLT,Long-term interest rates,PA,Percent per annum,_Z,Not applicable,_Z,Not applicable,_Z,Not applicable,_Z,Not applicable,N,National,2013,,5.811666,,A,Normal value,0,Units,2,Two,,
DATAFLOW,OECD.SDD.STES:DSD_STES@DF_FINMARK(4.0),Financial market,I,SVN,Slovenia,A,Annual,IRLT,Long-term interest rates,PA,Percent per annum,_Z,Not applicable,_Z,Not applicable,_Z,Not applicable,_Z,Not applicable,N,National,2014,,3.27,,A,Normal value,0,Units,2,Two,,
DATAFLOW,OECD.SDD.STES:DSD_STES@DF_FINMARK(4.0),Financial market,I,SVN,Slovenia,A,Annual,IRLT,Long-term interest rates,PA,Percent per annum,_Z,Not applicable,_Z,Not applicable,_Z,Not applicable,_Z,Not applicable,N,National,2015,,1.705,,A,Normal value,0,Units,2,Two,,
DATAFLOW,OECD.SDD.STES:DSD_STES@DF_FINMARK(4.0),Financial market,I,SVN,Slovenia,A,Annual,IRLT,Long-term interest rates,PA,Percent per annum,_Z,Not applicable,_Z,Not applicable,_Z,Not applicable,_Z,Not applicable,N,National,2016,,1.149167,,A,Normal value,0,Units,2,Two,,
DATAFLOW,OECD.SDD.STES:DSD_STES@DF_FINMARK(4.0),Financial market,I,SVN,Slovenia,A,Annual,IRLT,Long-term interest rates,PA,Percent per annum,_Z,Not applicable,_Z,Not applicable,_Z,Not applicable,_Z,Not applicable,N,National,2017,,0.96,,A,Normal value,0,Units,2,Two,,
DATAFLOW,OECD.SDD.STES:DSD_STES@DF_FINMARK(4.0),Financial market,I,SVN,Slovenia,A,Annual,IRLT,Long-term interest rates,PA,Percent per annum,_Z,Not applicable,_Z,Not applicable,_Z,Not applicable,_Z,Not applicable,N,National,2018,,0.9308333,,A,Normal value,0,Units,2,Two,,
DATAFLOW,OECD.SDD.STES:DSD_STES@DF_FINMARK(4.0),Financial market,I,SVN,Slovenia,A,Annual,IRLT,Long-term interest rates,PA,Percent per annum,_Z,Not applicable,_Z,Not applicable,_Z,Not applicable,_Z,Not applicable,N,National,2019,,0.275,,A,Normal value,0,Units,2,Two,,
DATAFLOW,OECD.SDD.STES:DSD_STES@DF_FINMARK(4.0),Financial market,I,SVN,Slovenia,A,Annual,IRLT,Long-term interest rates,PA,Percent per annum,_Z,Not applicable,_Z,Not applicable,_Z,Not applicable,_Z,Not applicable,N,National,2020,,0.079,,A,Normal value,0,Units,2,Two,,
DATAFLOW,OECD.SDD.STES:DSD_STES@DF_FINMARK(4.0),Financial market,I,SVN,Slovenia,A,Annual,IRLT,Long-term interest rates,PA,Percent per annum,_Z,Not applicable,_Z,Not applicable,_Z,Not applicable,_Z,Not applicable,N,National,2021,,0.07083333,,A,Normal value,0,Units,2,Two,,
DATAFLOW,OECD.SDD.STES:DSD_STES@DF_FINMARK(4.0),Financial market,I,SVN,Slovenia,A,Annual,IRLT,Long-term interest rates,PA,Percent per annum,_Z,Not applicable,_Z,Not applicable,_Z,Not applicable,_Z,Not applicable,N,National,2022,,1.891833,,A,Normal value,0,Units,2,Two,,
DATAFLOW,OECD.SDD.STES:DSD_STES@DF_FINMARK(4.0),Financial market,I,SVN,Slovenia,A,Annual,IRLT,Long-term interest rates,PA,Percent per annum,_Z,Not applicable,_Z,Not applicable,_Z,Not applicable,_Z,Not applicable,N,National,2023,,3.404167,,A,Normal value,0,Units,2,Two,,
DATAFLOW,OECD.SDD.STES:DSD_STES@DF_FINMARK(4.0),Financial market,I,ESP,Spain,A,Annual,IRLT,Long-term interest rates,PA,Percent per annum,_Z,Not applicable,_Z,Not applicable,_Z,Not applicable,_Z,Not applicable,N,National,1980,,15.96083,,A,Normal value,0,Units,2,Two,,
DATAFLOW,OECD.SDD.STES:DSD_STES@DF_FINMARK(4.0),Financial market,I,ESP,Spain,A,Annual,IRLT,Long-term interest rates,PA,Percent per annum,_Z,Not applicable,_Z,Not applicable,_Z,Not applicable,_Z,Not applicable,N,National,1981,,15.81167,,A,Normal value,0,Units,2,Two,,
DATAFLOW,OECD.SDD.STES:DSD_STES@DF_FINMARK(4.0),Financial market,I,ESP,Spain,A,Annual,IRLT,Long-term interest rates,PA,Percent per annum,_Z,Not applicable,_Z,Not applicable,_Z,Not applicable,_Z,Not applicable,N,National,1982,,15.9875,,A,Normal value,0,Units,2,Two,,
DATAFLOW,OECD.SDD.STES:DSD_STES@DF_FINMARK(4.0),Financial market,I,ESP,Spain,A,Annual,IRLT,Long-term interest rates,PA,Percent per annum,_Z,Not applicable,_Z,Not applicable,_Z,Not applicable,_Z,Not applicable,N,National,1983,,16.90917,,A,Normal value,0,Units,2,Two,,
DATAFLOW,OECD.SDD.STES:DSD_STES@DF_FINMARK(4.0),Financial market,I,ESP,Spain,A,Annual,IRLT,Long-term interest rates,PA,Percent per annum,_Z,Not applicable,_Z,Not applicable,_Z,Not applicable,_Z,Not applicable,N,National,1984,,16.5225,,A,Normal value,0,Units,2,Two,,
DATAFLOW,OECD.SDD.STES:DSD_STES@DF_FINMARK(4.0),Financial market,I,ESP,Spain,A,Annual,IRLT,Long-term interest rates,PA,Percent per annum,_Z,Not applicable,_Z,Not applicable,_Z,Not applicable,_Z,Not applicable,N,National,1985,,13.3675,,A,Normal value,0,Units,2,Two,,
DATAFLOW,OECD.SDD.STES:DSD_STES@DF_FINMARK(4.0),Financial market,I,ESP,Spain,A,Annual,IRLT,Long-term interest rates,PA,Percent per annum,_Z,Not applicable,_Z,Not applicable,_Z,Not applicable,_Z,Not applicable,N,National,1986,,11.35417,,A,Normal value,0,Units,2,Two,,
DATAFLOW,OECD.SDD.STES:DSD_STES@DF_FINMARK(4.0),Financial market,I,ESP,Spain,A,Annual,IRLT,Long-term interest rates,PA,Percent per annum,_Z,Not applicable,_Z,Not applicable,_Z,Not applicable,_Z,Not applicable,N,National,1987,,12.81333,,A,Normal value,0,Units,2,Two,,
DATAFLOW,OECD.SDD.STES:DSD_STES@DF_FINMARK(4.0),Financial market,I,ESP,Spain,A,Annual,IRLT,Long-term interest rates,PA,Percent per annum,_Z,Not applicable,_Z,Not applicable,_Z,Not applicable,_Z,Not applicable,N,National,1988,,11.74417,,A,Normal value,0,Units,2,Two,,
DATAFLOW,OECD.SDD.STES:DSD_STES@DF_FINMARK(4.0),Financial market,I,ESP,Spain,A,Annual,IRLT,Long-term interest rates,PA,Percent per annum,_Z,Not applicable,_Z,Not applicable,_Z,Not applicable,_Z,Not applicable,N,National,1990,,14.6775,,A,Normal value,0,Units,2,Two,,
DATAFLOW,OECD.SDD.STES:DSD_STES@DF_FINMARK(4.0),Financial market,I,SWE,Sweden,A,Annual,IRLT,Long-term interest rates,PA,Percent per annum,_Z,Not applicable,_Z,Not applicable,_Z,Not applicable,_Z,Not applicable,N,National,1987,,11.68,,A,Normal value,0,Units,2,Two,,
DATAFLOW,OECD.SDD.STES:DSD_STES@DF_FINMARK(4.0),Financial market,I,SWE,Sweden,A,Annual,IRLT,Long-term interest rates,PA,Percent per annum,_Z,Not applicable,_Z,Not applicable,_Z,Not applicable,_Z,Not applicable,N,National,1988,,11.35167,,A,Normal value,0,Units,2,Two,,
DATAFLOW,OECD.SDD.STES:DSD_STES@DF_FINMARK(4.0),Financial market,I,SWE,Sweden,A,Annual,IRLT,Long-term interest rates,PA,Percent per annum,_Z,Not applicable,_Z,Not applicable,_Z,Not applicable,_Z,Not applicable,N,National,1989,,11.18,,A,Normal value,0,Units,2,Two,,
DATAFLOW,OECD.SDD.STES:DSD_STES@DF_FINMARK(4.0),Financial market,I,SWE,Sweden,A,Annual,IRLT,Long-term interest rates,PA,Percent per annum,_Z,Not applicable,_Z,Not applicable,_Z,Not applicable,_Z,Not applicable,N,National,1990,,13.15917,,A,Normal value,0,Units,2,Two,,
DATAFLOW,OECD.SDD.STES:DSD_STES@DF_FINMARK(4.0),Financial market,I,SWE,Sweden,A,Annual,IRLT,Long-term interest rates,PA,Percent per annum,_Z,Not applicable,_Z,Not applicable,_Z,Not applicable,_Z,Not applicable,N,National,1991,,10.69083,,A,Normal value,0,Units,2,Two,,
DATAFLOW,OECD.SDD.STES:DSD_STES@DF_FINMARK(4.0),Financial market,I,SWE,Sweden,A,Annual,IRLT,Long-term interest rates,PA,Percent per annum,_Z,Not applicable,_Z,Not applicable,_Z,Not applicable,_Z,Not applicable,N,National,1992,,10.01667,,A,Normal value,0,Units,2,Two,,
DATAFLOW,OECD.SDD.STES:DSD_STES@DF_FINMARK(4.0),Financial market,I,SWE,Sweden,A,Annual,IRLT,Long-term interest rates,PA,Percent per annum,_Z,Not applicable,_Z,Not applicable,_Z,Not applicable,_Z,Not applicable,N,National,1995,,10.24417,,A,Normal value,0,Units,2,Two,,
DATAFLOW,OECD.SDD.STES:DSD_STES@DF_FINMARK(4.0),Financial market,I,SWE,Sweden,A,Annual,IRLT,Long-term interest rates,PA,Percent per annum,_Z,Not applicable,_Z,Not applicable,_Z,Not applicable,_Z,Not applicable,N,National,1996,,8.026667,,A,Normal value,0,Units,2,Two,,
DATAFLOW,OECD.SDD.STES:DSD_STES@DF_FINMARK(4.0),Financial market,I,SWE,Sweden,A,Annual,IRLT,Long-term interest rates,PA,Percent per annum,_Z,Not applicable,_Z,Not applicable,_Z,Not applicable,_Z,Not applicable,N,National,1997,,6.614167,,A,Normal value,0,Units,2,Two,,
DATAFLOW,OECD.SDD.STES:DSD_STES@DF_FINMARK(4.0),Financial market,I,SWE,Sweden,A,Annual,IRLT,Long-term interest rates,PA,Percent per annum,_Z,Not applicable,_Z,Not applicable,_Z,Not applicable,_Z,Not applicable,N,National,1998,,4.989167,,A,Normal value,0,Units,2,Two,,
DATAFLOW,OECD.SDD.STES:DSD_STES@DF_FINMARK(4.0),Financial market,I,SWE,Sweden,A,Annual,IRLT,Long-term interest rates,PA,Percent per annum,_Z,Not applicable,_Z,Not applicable,_Z,Not applicable,_Z,Not applicable,N,National,1999,,4.98,,A,Normal value,0,Units,2,Two,,
DATAFLOW,OECD.SDD.STES:DSD_STES@DF_FINMARK(4.0),Financial market,I,SWE,Sweden,A,Annual,IRLT,Long-term interest rates,PA,Percent per annum,_Z,Not applicable,_Z,Not applicable,_Z,Not applicable,_Z,Not applicable,N,National,2000,,5.3675,,A,Normal value,0,Units,2,Two,,
DATAFLOW,OECD.SDD.STES:DSD_STES@DF_FINMARK(4.0),Financial market,I,SWE,Sweden,A,Annual,IRLT,Long-term interest rates,PA,Percent per annum,_Z,Not applicable,_Z,Not applicable,_Z,Not applicable,_Z,Not applicable,N,National,2001,,5.1075,,A,Normal value,0,Units,2,Two,,
DATAFLOW,OECD.SDD.STES:DSD_STES@DF_FINMARK(4.0),Financial market,I,SWE,Sweden,A,Annual,IRLT,Long-term interest rates,PA,Percent per annum,_Z,Not applicable,_Z,Not applicable,_Z,Not applicable,_Z,Not applicable,N,National,2002,,5.303333,,A,Normal value,0,Units,2,Two,,
DATAFLOW,OECD.SDD.STES:DSD_STES@DF_FINMARK(4.0),Financial market,I,SWE,Sweden,A,Annual,IRLT,Long-term interest rates,PA,Percent per annum,_Z,Not applicable,_Z,Not applicable,_Z,Not applicable,_Z,Not applicable,N,National,2003,,4.638333,,A,Normal value,0,Units,2,Two,,
DATAFLOW,OECD.SDD.STES:DSD_STES@DF_FINMARK(4.0),Financial market,I,SWE,Sweden,A,Annual,IRLT,Long-term interest rates,PA,Percent per annum,_Z,Not applicable,_Z,Not applicable,_Z,Not applicable,_Z,Not applicable,N,National,2004,,4.425,,A,Normal value,0,Units,2,Two,,
DATAFLOW,OECD.SDD.STES:DSD_STES@DF_FINMARK(4.0),Financial market,I,SWE,Sweden,A,Annual,IRLT,Long-term interest rates,PA,Percent per annum,_Z,Not applicable,_Z,Not applicable,_Z,Not applicable,_Z,Not applicable,N,National,2005,,3.3825,,A,Normal value,0,Units,2,Two,,
DATAFLOW,OECD.SDD.STES:DSD_STES@DF_FINMARK(4.0),Financial market,I,SWE,Sweden,A,Annual,IRLT,Long-term interest rates,PA,Percent per annum,_Z,Not applicable,_Z,Not applicable,_Z,Not applicable,_Z,Not applicable,N,National,2006,,3.704167,,A,Normal value,0,Units,2,Two,,
DATAFLOW,OECD.SDD.STES:DSD_STES@DF_FINMARK(4.0),Financial market,I,SWE,Sweden,A,Annual,IRLT,Long-term interest rates,PA,Percent per annum,_Z,Not applicable,_Z,Not applicable,_Z,Not applicable,_Z,Not applicable,N,National,2007,,4.1675,,A,Normal value,0,Units,2,Two,,
DATAFLOW,OECD.SDD.STES:DSD_STES@DF_FINMARK(4.0),Financial market,I,SWE,Sweden,A,Annual,IRLT,Long-term interest rates,PA,Percent per annum,_Z,Not applicable,_Z,Not applicable,_Z,Not applicable,_Z,Not applicable,N,National,2008,,3.8875,,A,Normal value,0,Units,2,Two,,
DATAFLOW,OECD.SDD.STES:DSD_STES@DF_FINMARK(4.0),Financial market,I,SWE,Sweden,A,Annual,IRLT,Long-term interest rates,PA,Percent per annum,_Z,Not applicable,_Z,Not applicable,_Z,Not applicable,_Z,Not applicable,N,National,2009,,3.25,,A,Normal value,0,Units,2,Two,,
DATAFLOW,OECD.SDD.STES:DSD_STES@DF_FINMARK(4.0),Financial market,I,SWE,Sweden,A,Annual,IRLT,Long-term interest rates,PA,Percent per annum,_Z,Not applicable,_Z,Not applicable,_Z,Not applicable,_Z,Not applicable,N,National,2010,,2.893333,,A,Normal value,0,Units,2,Two,,
DATAFLOW,OECD.SDD.STES:DSD_STES@DF_FINMARK(4.0),Financial market,I,SWE,Sweden,A,Annual,IRLT,Long-term interest rates,PA,Percent per annum,_Z,Not applicable,_Z,Not applicable,_Z,Not applicable,_Z,Not applicable,N,National,2011,,2.605,,A,Normal value,0,Units,2,Two,,
DATAFLOW,OECD.SDD.STES:DSD_STES@DF_FINMARK(4.0),Financial market,I,SWE,Sweden,A,Annual,IRLT,Long-term interest rates,PA,Percent per annum,_Z,Not applicable,_Z,Not applicable,_Z,Not applicable,_Z,Not applicable,N,National,2012,,1.5925,,A,Normal value,0,Units,2,Two,,
DATAFLOW,OECD.SDD.STES:DSD_STES@DF_FINMARK(4.0),Financial market,I,SWE,Sweden,A,Annual,IRLT,Long-term interest rates,PA,Percent per annum,_Z,Not applicable,_Z,Not applicable,_Z,Not applicable,_Z,Not applicable,N,National,2013,,2.120833,,A,Normal value,0,Units,2,Two,,
DATAFLOW,OECD.SDD.STES:DSD_STES@DF_FINMARK(4.0),Financial market,I,SWE,Sweden,A,Annual,IRLT,Long-term interest rates,PA,Percent per annum,_Z,Not applicable,_Z,Not applicable,_Z,Not applicable,_Z,Not applicable,N,National,2014,,1.72,,A,Normal value,0,Units,2,Two,,
DATAFLOW,OECD.SDD.STES:DSD_STES@DF_FINMARK(4.0),Financial market,I,SWE,Sweden,A,Annual,IRLT,Long-term interest rates,PA,Percent per annum,_Z,Not applicable,_Z,Not applicable,_Z,Not applicable,_Z,Not applicable,N,National,2015,,0.7191667,,A,Normal value,0,Units,2,Two,,
DATAFLOW,OECD.SDD.STES:DSD_STES@DF_FINMARK(4.0),Financial market,I,SWE,Sweden,A,Annual,IRLT,Long-term interest rates,PA,Percent per annum,_Z,Not applicable,_Z,Not applicable,_Z,Not applicable,_Z,Not applicable,N,National,2016,,0.5191666,,A,Normal value,0,Units,2,Two,,
DATAFLOW,OECD.SDD.STES:DSD_STES@DF_FINMARK(4.0),Financial market,I,SWE,Sweden,A,Annual,IRLT,Long-term interest rates,PA,Percent per annum,_Z,Not applicable,_Z,Not applicable,_Z,Not applicable,_Z,Not applicable,N,National,2017,,0.655,,A,Normal value,0,Units,2,Two,,
DATAFLOW,OECD.SDD.STES:DSD_STES@DF_FINMARK(4.0),Financial market,I,SWE,Sweden,A,Annual,IRLT,Long-term interest rates,PA,Percent per annum,_Z,Not applicable,_Z,Not applicable,_Z,Not applicable,_Z,Not applicable,N,National,2018,,0.6516666,,A,Normal value,0,Units,2,Two,,
DATAFLOW,OECD.SDD.STES:DSD_STES@DF_FINMARK(4.0),Financial market,I,SWE,Sweden,A,Annual,IRLT,Long-term interest rates,PA,Percent per annum,_Z,Not applicable,_Z,Not applicable,_Z,Not applicable,_Z,Not applicable,N,National,2019,,0.09375833,,A,Normal value,0,Units,2,Two,,
DATAFLOW,OECD.SDD.STES:DSD_STES@DF_FINMARK(4.0),Financial market,I,SWE,Sweden,A,Annual,IRLT,Long-term interest rates,PA,Percent per annum,_Z,Not applicable,_Z,Not applicable,_Z,Not applicable,_Z,Not applicable,N,National,2020,,-0.03800223,,A,Normal value,0,Units,2,Two,,
DATAFLOW,OECD.SDD.STES:DSD_STES@DF_FINMARK(4.0),Financial market,I,SWE,Sweden,A,Annual,IRLT,Long-term interest rates,PA,Percent per annum,_Z,Not applicable,_Z,Not applicable,_Z,Not applicable,_Z,Not applicable,N,National,2021,,0.2678813,,A,Normal value,0,Units,2,Two,,
DATAFLOW,OECD.SDD.STES:DSD_STES@DF_FINMARK(4.0),Financial market,I,SWE,Sweden,A,Annual,IRLT,Long-term interest rates,PA,Percent per annum,_Z,Not applicable,_Z,Not applicable,_Z,Not applicable,_Z,Not applicable,N,National,2022,,1.523737,,A,Normal value,0,Units,2,Two,,
DATAFLOW,OECD.SDD.STES:DSD_STES@DF_FINMARK(4.0),Financial market,I,SWE,Sweden,A,Annual,IRLT,Long-term interest rates,PA,Percent per annum,_Z,Not applicable,_Z,Not applicable,_Z,Not applicable,_Z,Not applicable,N,National,2023,,2.509334,,A,Normal value,0,Units,2,Two,,
DATAFLOW,OECD.SDD.STES:DSD_STES@DF_FINMARK(4.0),Financial market,I,EA19,Euro area (19 countries),A,Annual,IRLT,Long-term interest rates,PA,Percent per annum,_Z,Not applicable,_Z,Not applicable,_Z,Not applicable,_Z,Not applicable,N,National,1970,,8.225746,,A,Normal value,0,Units,2,Two,,
DATAFLOW,OECD.SDD.STES:DSD_STES@DF_FINMARK(4.0),Financial market,I,EA19,Euro area (19 countries),A,Annual,IRLT,Long-term interest rates,PA,Percent per annum,_Z,Not applicable,_Z,Not applicable,_Z,Not applicable,_Z,Not applicable,N,National,1971,,7.916099,,A,Normal value,0,Units,2,Two,,
DATAFLOW,OECD.SDD.STES:DSD_STES@DF_FINMARK(4.0),Financial market,I,EA19,Euro area (19 countries),A,Annual,IRLT,Long-term interest rates,PA,Percent per annum,_Z,Not applicable,_Z,Not applicable,_Z,Not applicable,_Z,Not applicable,N,National,1972,,7.633708,,A,Normal value,0,Units,2,Two,,
DATAFLOW,OECD.SDD.STES:DSD_STES@DF_FINMARK(4.0),Financial market,I,EA19,Euro area (19 countries),A,Annual,IRLT,Long-term interest rates,PA,Percent per annum,_Z,Not applicable,_Z,Not applicable,_Z,Not applicable,_Z,Not applicable,N,National,1973,,8.399721,,A,Normal value,0,Units,2,Two,,
DATAFLOW,OECD.SDD.STES:DSD_STES@DF_FINMARK(4.0),Financial market,I,EA19,Euro area (19 countries),A,Annual,IRLT,Long-term interest rates,PA,Percent per annum,_Z,Not applicable,_Z,Not applicable,_Z,Not applicable,_Z,Not applicable,N,National,1974,,10.17245,,A,Normal value,0,Units,2,Two,,
DATAFLOW,OECD.SDD.STES:DSD_STES@DF_FINMARK(4.0),Financial market,I,EA19,Euro area (19 countries),A,Annual,IRLT,Long-term interest rates,PA,Percent per annum,_Z,Not applicable,_Z,Not applicable,_Z,Not applicable,_Z,Not applicable,N,National,1975,,9.548146,,A,Normal value,0,Units,2,Two,,
DATAFLOW,OECD.SDD.STES:DSD_STES@DF_FINMARK(4.0),Financial market,I,EA19,Euro area (19 countries),A,Annual,IRLT,Long-term interest rates,PA,Percent per annum,_Z,Not applicable,_Z,Not applicable,_Z,Not applicable,_Z,Not applicable,N,National,1976,,10.07397,,A,Normal value,0,Units,2,Two,,
DATAFLOW,OECD.SDD.STES:DSD_STES@DF_FINMARK(4.0),Financial market,I,EA19,Euro area (19 countries),A,Annual,IRLT,Long-term interest rates,PA,Percent per annum,_Z,Not applicable,_Z,Not applicable,_Z,Not applicable,_Z,Not applicable,N,National,1977,,10.14996,,A,Normal value,0,Units,2,Two,,
DATAFLOW,OECD.SDD.STES:DSD_STES@DF_FINMARK(4.0),Financial market,I,EA19,Euro area (19 countries),A,Annual,IRLT,Long-term interest rates,PA,Percent per annum,_Z,Not applicable,_Z,Not applicable,_Z,Not applicable,_Z,Not applicable,N,National,1978,,9.659986,,A,Normal value,0,Units,2,Two,,
DATAFLOW,OECD.SDD.STES:DSD_STES@DF_FINMARK(4.0),Financial market,I,EA19,Euro area (19 countries),A,Annual,IRLT,Long-term interest rates,PA,Percent per annum,_Z,Not applicable,_Z,Not applicable,_Z,Not applicable,_Z,Not applicable,N,National,1979,,10.40996,,A,Normal value,0,Units,2,Two,,
DATAFLOW,OECD.SDD.STES:DSD_STES@DF_FINMARK(4.0),Financial market,I,EA19,Euro area (19 countries),A,Annual,IRLT,Long-term interest rates,PA,Percent per annum,_Z,Not applicable,_Z,Not applicable,_Z,Not applicable,_Z,Not applicable,N,National,1980,,12.37216,,A,Normal value,0,Units,2,Two,,
DATAFLOW,OECD.SDD.STES:DSD_STES@DF_FINMARK(4.0),Financial market,I,EA19,Euro area (19 countries),A,Annual,IRLT,Long-term interest rates,PA,Percent per annum,_Z,Not applicable,_Z,Not applicable,_Z,Not applicable,_Z,Not applicable,N,National,1981,,14.55319,,A,Normal value,0,Units,2,Two,,
DATAFLOW,OECD.SDD.STES:DSD_STES@DF_FINMARK(4.0),Financial market,I,EA19,Euro area (19 countries),A,Annual,IRLT,Long-term interest rates,PA,Percent per annum,_Z,Not applicable,_Z,Not applicable,_Z,Not applicable,_Z,Not applicable,N,National,1982,,14.3112,,A,Normal value,0,Units,2,Two,,
DATAFLOW,OECD.SDD.STES:DSD_STES@DF_FINMARK(4.0),Financial market,I,EA19,Euro area (19 countries),A,Annual,IRLT,Long-term interest rates,PA,Percent per annum,_Z,Not applicable,_Z,Not applicable,_Z,Not applicable,_Z,Not applicable,N,National,1983,,13.03797,,A,Normal value,0,Units,2,Two,,
DATAFLOW,OECD.SDD.STES:DSD_STES@DF_FINMARK(4.0),Financial market,I,EA19,Euro area (19 countries),A,Annual,IRLT,Long-term interest rates,PA,Percent per annum,_Z,Not applicable,_Z,Not applicable,_Z,Not applicable,_Z,Not applicable,N,National,1984,,12.18526,,A,Normal value,0,Units,2,Two,,
DATAFLOW,OECD.SDD.STES:DSD_STES@DF_FINMARK(4.0),Financial market,I,EA19,Euro area (19 countries),A,Annual,IRLT,Long-term interest rates,PA,Percent per annum,_Z,Not applicable,_Z,Not applicable,_Z,Not applicable,_Z,Not applicable,N,National,1985,,10.68771,,A,Normal value,0,Units,2,Two,,
DATAFLOW,OECD.SDD.STES:DSD_STES@DF_FINMARK(4.0),Financial market,I,EA19,Euro area (19 countries),A,Annual,IRLT,Long-term interest rates,PA,Percent per annum,_Z,Not applicable,_Z,Not applicable,_Z,Not applicable,_Z,Not applicable,N,National,1986,,8.810304,,A,Normal value,0,Units,2,Two,,
DATAFLOW,OECD.SDD.STES:DSD_STES@DF_FINMARK(4.0),Financial market,I,EA19,Euro area (19 countries),A,Annual,IRLT,Long-term interest rates,PA,Percent per annum,_Z,Not applicable,_Z,Not applicable,_Z,Not applicable,_Z,Not applicable,N,National,1987,,9.061464,,A,Normal value,0,Units,2,Two,,
DATAFLOW,OECD.SDD.STES:DSD_STES@DF_FINMARK(4.0),Financial market,I,EA19,Euro area (19 countries),A,Annual,IRLT,Long-term interest rates,PA,Percent per annum,_Z,Not applicable,_Z,Not applicable,_Z,Not applicable,_Z,Not applicable,N,National,1988,,8.970979,,A,Normal value,0,Units,2,Two,,
DATAFLOW,OECD.SDD.STES:DSD_STES@DF_FINMARK(4.0),Financial market,I,EA19,Euro area (19 countries),A,Annual,IRLT,Long-term interest rates,PA,Percent per annum,_Z,Not applicable,_Z,Not applicable,_Z,Not applicable,_Z,Not applicable,N,National,1989,,9.680718,,A,Normal value,0,Units,2,Two,,
DATAFLOW,OECD.SDD.STES:DSD_STES@DF_FINMARK(4.0),Financial market,I,EA19,Euro area (19 countries),A,Annual,IRLT,Long-term interest rates,PA,Percent per annum,_Z,Not applicable,_Z,Not applicable,_Z,Not applicable,_Z,Not applicable,N,National,1990,,10.86626,,A,Normal value,0,Units,2,Two,,
DATAFLOW,OECD.SDD.STES:DSD_STES@DF_FINMARK(4.0),Financial market,I,EA19,Euro area (19 countries),A,Annual,IRLT,Long-term interest rates,PA,Percent per annum,_Z,Not applicable,_Z,Not applicable,_Z,Not applicable,_Z,Not applicable,N,National,1991,,10.16042,,A,Normal value,0,Units,2,Two,,
DATAFLOW,OECD.SDD.STES:DSD_STES@DF_FINMARK(4.0),Financial market,I,EA19,Euro area (19 countries),A,Annual,IRLT,Long-term interest rates,PA,Percent per annum,_Z,Not applicable,_Z,Not applicable,_Z,Not applicable,_Z,Not applicable,N,National,1992,,9.830224,,A,Normal value,0,Units,2,Two,,
DATAFLOW,OECD.SDD.STES:DSD_STES@DF_FINMARK(4.0),Financial market,I,EA19,Euro area (19 countries),A,Annual,IRLT,Long-term interest rates,PA,Percent per annum,_Z,Not applicable,_Z,Not applicable,_Z,Not applicable,_Z,Not applicable,N,National,1993,,8.424189,,A,Normal value,0,Units,2,Two,,
DATAFLOW,OECD.SDD.STES:DSD_STES@DF_FINMARK(4.0),Financial market,I,EA19,Euro area (19 countries),A,Annual,IRLT,Long-term interest rates,PA,Percent per annum,_Z,Not applicable,_Z,Not applicable,_Z,Not applicable,_Z,Not applicable,N,National,1994,,8.175834,,A,Normal value,0,Units,2,Two,,
DATAFLOW,OECD.SDD.STES:DSD_STES@DF_FINMARK(4.0),Financial market,I,EA19,Euro area (19 countries),A,Annual,IRLT,Long-term interest rates,PA,Percent per annum,_Z,Not applicable,_Z,Not applicable,_Z,Not applicable,_Z,Not applicable,N,National,1995,,8.729167,,A,Normal value,0,Units,2,Two,,
DATAFLOW,OECD.SDD.STES:DSD_STES@DF_FINMARK(4.0),Financial market,I,EA19,Euro area (19 countries),A,Annual,IRLT,Long-term interest rates,PA,Percent per annum,_Z,Not applicable,_Z,Not applicable,_Z,Not applicable,_Z,Not applicable,N,National,1996,,7.2325,,A,Normal value,0,Units,2,Two,,
DATAFLOW,OECD.SDD.STES:DSD_STES@DF_FINMARK(4.0),Financial market,I,EA19,Euro area (19 countries),A,Annual,IRLT,Long-term interest rates,PA,Percent per annum,_Z,Not applicable,_Z,Not applicable,_Z,Not applicable,_Z,Not applicable,N,National,1997,,5.958333,,A,Normal value,0,Units,2,Two,,
DATAFLOW,OECD.SDD.STES:DSD_STES@DF_FINMARK(4.0),Financial market,I,EA19,Euro area (19 countries),A,Annual,IRLT,Long-term interest rates,PA,Percent per annum,_Z,Not applicable,_Z,Not applicable,_Z,Not applicable,_Z,Not applicable,N,National,1998,,4.703333,,A,Normal value,0,Units,2,Two,,
DATAFLOW,OECD.SDD.STES:DSD_STES@DF_FINMARK(4.0),Financial market,I,EA19,Euro area (19 countries),A,Annual,IRLT,Long-term interest rates,PA,Percent per annum,_Z,Not applicable,_Z,Not applicable,_Z,Not applicable,_Z,Not applicable,N,National,1999,,4.655141,,A,Normal value,0,Units,2,Two,,
DATAFLOW,OECD.SDD.STES:DSD_STES@DF_FINMARK(4.0),Financial market,I,EA19,Euro area (19 countries),A,Annual,IRLT,Long-term interest rates,PA,Percent per annum,_Z,Not applicable,_Z,Not applicable,_Z,Not applicable,_Z,Not applicable,N,National,2000,,5.438877,,A,Normal value,0,Units,2,Two,,
DATAFLOW,OECD.SDD.STES:DSD_STES@DF_FINMARK(4.0),Financial market,I,EA19,Euro area (19 countries),A,Annual,IRLT,Long-term interest rates,PA,Percent per annum,_Z,Not applicable,_Z,Not applicable,_Z,Not applicable,_Z,Not applicable,N,National,2001,,5.027296,,A,Normal value,0,Units,2,Two,,
DATAFLOW,OECD.SDD.STES:DSD_STES@DF_FINMARK(4.0),Financial market,I,EA19,Euro area (19 countries),A,Annual,IRLT,Long-term interest rates,PA,Percent per annum,_Z,Not applicable,_Z,Not applicable,_Z,Not applicable,_Z,Not applicable,N,National,2002,,4.9229,,A,Normal value,0,Units,2,Two,,
DATAFLOW,OECD.SDD.STES:DSD_STES@DF_FINMARK(4.0),Financial market,I,EA19,Euro area (19 countries),A,Annual,IRLT,Long-term interest rates,PA,Percent per annum,_Z,Not applicable,_Z,Not applicable,_Z,Not applicable,_Z,Not applicable,N,National,2003,,4.160853,,A,Normal value,0,Units,2,Two,,
DATAFLOW,OECD.SDD.STES:DSD_STES@DF_FINMARK(4.0),Financial market,I,EA19,Euro area (19 countries),A,Annual,IRLT,Long-term interest rates,PA,Percent per annum,_Z,Not applicable,_Z,Not applicable,_Z,Not applicable,_Z,Not applicable,N,National,2004,,4.140792,,A,Normal value,0,Units,2,Two,,
DATAFLOW,OECD.SDD.STES:DSD_STES@DF_FINMARK(4.0),Financial market,I,EA19,Euro area (19 countries),A,Annual,IRLT,Long-term interest rates,PA,Percent per annum,_Z,Not applicable,_Z,Not applicable,_Z,Not applicable,_Z,Not applicable,N,National,2005,,3.440875,,A,Normal value,0,Units,2,Two,,
DATAFLOW,OECD.SDD.STES:DSD_STES@DF_FINMARK(4.0),Financial market,I,EA19,Euro area (19 countries),A,Annual,IRLT,Long-term interest rates,PA,Percent per annum,_Z,Not applicable,_Z,Not applicable,_Z,Not applicable,_Z,Not applicable,N,National,2006,,3.859515,,A,Normal value,0,Units,2,Two,,
DATAFLOW,OECD.SDD.STES:DSD_STES@DF_FINMARK(4.0),Financial market,I,EA19,Euro area (19 countries),A,Annual,IRLT,Long-term interest rates,PA,Percent per annum,_Z,Not applicable,_Z,Not applicable,_Z,Not applicable,_Z,Not applicable,N,National,2007,,4.331703,,A,Normal value,0,Units,2,Two,,
DATAFLOW,OECD.SDD.STES:DSD_STES@DF_FINMARK(4.0),Financial market,I,EA19,Euro area (19 countries),A,Annual,IRLT,Long-term interest rates,PA,Percent per annum,_Z,Not applicable,_Z,Not applicable,_Z,Not applicable,_Z,Not applicable,N,National,2008,,4.356012,,A,Normal value,0,Units,2,Two,,
DATAFLOW,OECD.SDD.STES:DSD_STES@DF_FINMARK(4.0),Financial market,I,BRA,Brazil,A,Annual,IRLT,Long-term interest rates,PA,Percent per annum,_Z,Not applicable,_Z,Not applicable,_Z,Not applicable,_Z,Not applicable,N,National,1995,,23.39167,,A,Normal value,0,Units,2,Two,,
DATAFLOW,OECD.SDD.STES:DSD_STES@DF_FINMARK(4.0),Financial market,I,BRA,Brazil,A,Annual,IRLT,Long-term interest rates,PA,Percent per annum,_Z,Not applicable,_Z,Not applicable,_Z,Not applicable,_Z,Not applicable,N,National,1996,,16.05917,,A,Normal value,0,Units,2,Two,,
DATAFLOW,OECD.SDD.STES:DSD_STES@DF_FINMARK(4.0),Financial market,I,BRA,Brazil,A,Annual,IRLT,Long-term interest rates,PA,Percent per annum,_Z,Not applicable,_Z,Not applicable,_Z,Not applicable,_Z,Not applicable,N,National,1997,,10.13083,,A,Normal value,0,Units,2,Two,,
DATAFLOW,OECD.SDD.STES:DSD_STES@DF_FINMARK(4.0),Financial market,I,BRA,Brazil,A,Annual,IRLT,Long-term interest rates,PA,Percent per annum,_Z,Not applicable,_Z,Not applicable,_Z,Not applicable,_Z,Not applicable,N,National,1998,,11.67333,,A,Normal value,0,Units,2,Two,,
DATAFLOW,OECD.SDD.STES:DSD_STES@DF_FINMARK(4.0),Financial market,I,BRA,Brazil,A,Annual,IRLT,Long-term interest rates,PA,Percent per annum,_Z,Not applicable,_Z,Not applicable,_Z,Not applicable,_Z,Not applicable,N,National,1999,,13.2175,,A,Normal value,0,Units,2,Two,,
DATAFLOW,OECD.SDD.STES:DSD_STES@DF_FINMARK(4.0),Financial market,I,BRA,Brazil,A,Annual,IRLT,Long-term interest rates,PA,Percent per annum,_Z,Not applicable,_Z,Not applicable,_Z,Not applicable,_Z,Not applicable,N,National,2000,,10.75,,A,Normal value,0,Units,2,Two,,
DATAFLOW,OECD.SDD.STES:DSD_STES@DF_FINMARK(4.0),Financial market,I,BRA,Brazil,A,Annual,IRLT,Long-term interest rates,PA,Percent per annum,_Z,Not applicable,_Z,Not applicable,_Z,Not applicable,_Z,Not applicable,N,National,2001,,9.5,,A,Normal value,0,Units,2,Two,,
DATAFLOW,OECD.SDD.STES:DSD_STES@DF_FINMARK(4.0),Financial market,I,BRA,Brazil,A,Annual,IRLT,Long-term interest rates,PA,Percent per annum,_Z,Not applicable,_Z,Not applicable,_Z,Not applicable,_Z,Not applicable,N,National,2002,,9.875,,A,Normal value,0,Units,2,Two,,
DATAFLOW,OECD.SDD.STES:DSD_STES@DF_FINMARK(4.0),Financial market,I,BRA,Brazil,A,Annual,IRLT,Long-term interest rates,PA,Percent per annum,_Z,Not applicable,_Z,Not applicable,_Z,Not applicable,_Z,Not applicable,N,National,2003,,11.5,,A,Normal value,0,Units,2,Two,,
DATAFLOW,OECD.SDD.STES:DSD_STES@DF_FINMARK(4.0),Financial market,I,BRA,Brazil,A,Annual,IRLT,Long-term interest rates,PA,Percent per annum,_Z,Not applicable,_Z,Not applicable,_Z,Not applicable,_Z,Not applicable,N,National,2004,,9.8125,,A,Normal value,0,Units,2,Two,,
DATAFLOW,OECD.SDD.STES:DSD_STES@DF_FINMARK(4.0),Financial market,I,BRA,Brazil,A,Annual,IRLT,Long-term interest rates,PA,Percent per annum,_Z,Not applicable,_Z,Not applicable,_Z,Not applicable,_Z,Not applicable,N,National,2005,,9.75,,A,Normal value,0,Units,2,Two,,
DATAFLOW,OECD.SDD.STES:DSD_STES@DF_FINMARK(4.0),Financial market,I,BRA,Brazil,A,Annual,IRLT,Long-term interest rates,PA,Percent per annum,_Z,Not applicable,_Z,Not applicable,_Z,Not applicable,_Z,Not applicable,N,National,2006,,7.875,,A,Normal value,0,Units,2,Two,,
DATAFLOW,OECD.SDD.STES:DSD_STES@DF_FINMARK(4.0),Financial market,I,BRA,Brazil,A,Annual,IRLT,Long-term interest rates,PA,Percent per annum,_Z,Not applicable,_Z,Not applicable,_Z,Not applicable,_Z,Not applicable,N,National,2007,,6.375,,A,Normal value,0,Units,2,Two,,
DATAFLOW,OECD.SDD.STES:DSD_STES@DF_FINMARK(4.0),Financial market,I,BRA,Brazil,A,Annual,IRLT,Long-term interest rates,PA,Percent per annum,_Z,Not applicable,_Z,Not applicable,_Z,Not applicable,_Z,Not applicable,N,National,2008,,6.25,,A,Normal value,0,Units,2,Two,,
DATAFLOW,OECD.SDD.STES:DSD_STES@DF_FINMARK(4.0),Financial market,I,BRA,Brazil,A,Annual,IRLT,Long-term interest rates,PA,Percent per annum,_Z,Not applicable,_Z,Not applicable,_Z,Not applicable,_Z,Not applicable,N,National,2009,,6.125,,A,Normal value,0,Units,2,Two,,
DATAFLOW,OECD.SDD.STES:DSD_STES@DF_FINMARK(4.0),Financial market,I,BRA,Brazil,A,Annual,IRLT,Long-term interest rates,PA,Percent per annum,_Z,Not applicable,_Z,Not applicable,_Z,Not applicable,_Z,Not applicable,N,National,2010,,6,,A,Normal value,0,Units,2,Two,,
DATAFLOW,OECD.SDD.STES:DSD_STES@DF_FINMARK(4.0),Financial market,I,BRA,Brazil,A,Annual,IRLT,Long-term interest rates,PA,Percent per annum,_Z,Not applicable,_Z,Not applicable,_Z,Not applicable,_Z,Not applicable,N,National,2011,,6,,A,Normal value,0,Units,2,Two,,
DATAFLOW,OECD.SDD.STES:DSD_STES@DF_FINMARK(4.0),Financial market,I,BRA,Brazil,A,Annual,IRLT,Long-term interest rates,PA,Percent per annum,_Z,Not applicable,_Z,Not applicable,_Z,Not applicable,_Z,Not applicable,N,National,2012,,5.75,,A,Normal value,0,Units,2,Two,,
DATAFLOW,OECD.SDD.STES:DSD_STES@DF_FINMARK(4.0),Financial market,I,BRA,Brazil,A,Annual,IRLT,Long-term interest rates,PA,Percent per annum,_Z,Not applicable,_Z,Not applicable,_Z,Not applicable,_Z,Not applicable,N,National,2013,,5,,A,Normal value,0,Units,2,Two,,
DATAFLOW,OECD.SDD.STES:DSD_STES@DF_FINMARK(4.0),Financial market,I,BRA,Brazil,A,Annual,IRLT,Long-term interest rates,PA,Percent per annum,_Z,Not applicable,_Z,Not applicable,_Z,Not applicable,_Z,Not applicable,N,National,2014,,5,,A,Normal value,0,Units,2,Two,,
DATAFLOW,OECD.SDD.STES:DSD_STES@DF_FINMARK(4.0),Financial market,I,BRA,Brazil,A,Annual,IRLT,Long-term interest rates,PA,Percent per annum,_Z,Not applicable,_Z,Not applicable,_Z,Not applicable,_Z,Not applicable,N,National,2015,,6.25,,A,Normal value,0,Units,2,Two,,
DATAFLOW,OECD.SDD.STES:DSD_STES@DF_FINMARK(4.0),Financial market,I,BRA,Brazil,A,Annual,IRLT,Long-term interest rates,PA,Percent per annum,_Z,Not applicable,_Z,Not applicable,_Z,Not applicable,_Z,Not applicable,N,National,2016,,7.5,,A,Normal value,0,Units,2,Two,,
DATAFLOW,OECD.SDD.STES:DSD_STES@DF_FINMARK(4.0),Financial market,I,BRA,Brazil,A,Annual,IRLT,Long-term interest rates,PA,Percent per annum,_Z,Not applicable,_Z,Not applicable,_Z,Not applicable,_Z,Not applicable,N,National,2017,,7.125,,A,Normal value,0,Units,2,Two,,
DATAFLOW,OECD.SDD.STES:DSD_STES@DF_FINMARK(4.0),Financial market,I,BRA,Brazil,A,Annual,IRLT,Long-term interest rates,PA,Percent per annum,_Z,Not applicable,_Z,Not applicable,_Z,Not applicable,_Z,Not applicable,N,National,2018,,6.7225,,A,Normal value,0,Units,2,Two,,
DATAFLOW,OECD.SDD.STES:DSD_STES@DF_FINMARK(4.0),Financial market,I,BRA,Brazil,A,Annual,IRLT,Long-term interest rates,PA,Percent per annum,_Z,Not applicable,_Z,Not applicable,_Z,Not applicable,_Z,Not applicable,N,National,2019,,6.2025,,A,Normal value,0,Units,2,Two,,
DATAFLOW,OECD.SDD.STES:DSD_STES@DF_FINMARK(4.0),Financial market,I,BRA,Brazil,A,Annual,IRLT,Long-term interest rates,PA,Percent per annum,_Z,Not applicable,_Z,Not applicable,_Z,Not applicable,_Z,Not applicable,N,National,2020,,4.8725,,A,Normal value,0,Units,2,Two,,
DATAFLOW,OECD.SDD.STES:DSD_STES@DF_FINMARK(4.0),Financial market,I,BRA,Brazil,A,Annual,IRLT,Long-term interest rates,PA,Percent per annum,_Z,Not applicable,_Z,Not applicable,_Z,Not applicable,_Z,Not applicable,N,National,2021,,4.8,,A,Normal value,0,Units,2,Two,,
DATAFLOW,OECD.SDD.STES:DSD_STES@DF_FINMARK(4.0),Financial market,I,BRA,Brazil,A,Annual,IRLT,Long-term interest rates,PA,Percent per annum,_Z,Not applicable,_Z,Not applicable,_Z,Not applicable,_Z,Not applicable,N,National,2022,,6.7775,,A,Normal value,0,Units,2,Two,,
DATAFLOW,OECD.SDD.STES:DSD_STES@DF_FINMARK(4.0),Financial market,I,BRA,Brazil,A,Annual,IRLT,Long-term interest rates,PA,Percent per annum,_Z,Not applicable,_Z,Not applicable,_Z,Not applicable,_Z,Not applicable,N,National,2023,,7.05,,A,Normal value,0,Units,2,Two,,
DATAFLOW,OECD.SDD.STES:DSD_STES@DF_FINMARK(4.0),Financial market,I,BGR,Bulgaria,A,Annual,IRLT,Long-term interest rates,PA,Percent per annum,_Z,Not applicable,_Z,Not applicable,_Z,Not applicable,_Z,Not applicable,N,National,2003,,6.446667,,A,Normal value,0,Units,2,Two,,
DATAFLOW,OECD.SDD.STES:DSD_STES@DF_FINMARK(4.0),Financial market,I,BGR,Bulgaria,A,Annual,IRLT,Long-term interest rates,PA,Percent per annum,_Z,Not applicable,_Z,Not applicable,_Z,Not applicable,_Z,Not applicable,N,National,2004,,5.36,,A,Normal value,0,Units,2,Two,,
DATAFLOW,OECD.SDD.STES:DSD_STES@DF_FINMARK(4.0),Financial market,I,BGR,Bulgaria,A,Annual,IRLT,Long-term interest rates,PA,Percent per annum,_Z,Not applicable,_Z,Not applicable,_Z,Not applicable,_Z,Not applicable,N,National,2005,,3.874167,,A,Normal value,0,Units,2,Two,,
DATAFLOW,OECD.SDD.STES:DSD_STES@DF_FINMARK(4.0),Financial market,I,BGR,Bulgaria,A,Annual,IRLT,Long-term interest rates,PA,Percent per annum,_Z,Not applicable,_Z,Not applicable,_Z,Not applicable,_Z,Not applicable,N,National,2006,,4.183333,,A,Normal value,0,Units,2,Two,,
DATAFLOW,OECD.SDD.STES:DSD_STES@DF_FINMARK(4.0),Financial market,I,BGR,Bulgaria,A,Annual,IRLT,Long-term interest rates,PA,Percent per annum,_Z,Not applicable,_Z,Not applicable,_Z,Not applicable,_Z,Not applicable,N,National,2007,,4.539166,,A,Normal value,0,Units,2,Two,,
DATAFLOW,OECD.SDD.STES:DSD_STES@DF_FINMARK(4.0),Financial market,I,BGR,Bulgaria,A,Annual,IRLT,Long-term interest rates,PA,Percent per annum,_Z,Not applicable,_Z,Not applicable,_Z,Not applicable,_Z,Not applicable,N,National,2008,,5.376667,,A,Normal value,0,Units,2,Two,,
DATAFLOW,OECD.SDD.STES:DSD_STES@DF_FINMARK(4.0),Financial market,I,BGR,Bulgaria,A,Annual,IRLT,Long-term interest rates,PA,Percent per annum,_Z,Not applicable,_Z,Not applicable,_Z,Not applicable,_Z,Not applicable,N,National,2009,,7.215,,A,Normal value,0,Units,2,Two,,
DATAFLOW,OECD.SDD.STES:DSD_STES@DF_FINMARK(4.0),Financial market,I,BGR,Bulgaria,A,Annual,IRLT,Long-term interest rates,PA,Percent per annum,_Z,Not applicable,_Z,Not applicable,_Z,Not applicable,_Z,Not applicable,N,National,2010,,6.005,,A,Normal value,0,Units,2,Two,,
DATAFLOW,OECD.SDD.STES:DSD_STES@DF_FINMARK(4.0),Financial market,I,BGR,Bulgaria,A,Annual,IRLT,Long-term interest rates,PA,Percent per annum,_Z,Not applicable,_Z,Not applicable,_Z,Not applicable,_Z,Not applicable,N,National,2011,,5.356667,,A,Normal value,0,Units,2,Two,,
DATAFLOW,OECD.SDD.STES:DSD_STES@DF_FINMARK(4.0),Financial market,I,BGR,Bulgaria,A,Annual,IRLT,Long-term interest rates,PA,Percent per annum,_Z,Not applicable,_Z,Not applicable,_Z,Not applicable,_Z,Not applicable,N,National,2012,,4.4975,,A,Normal value,0,Units,2,Two,,
DATAFLOW,OECD.SDD.STES:DSD_STES@DF_FINMARK(4.0),Financial market,I,BGR,Bulgaria,A,Annual,IRLT,Long-term interest rates,PA,Percent per annum,_Z,Not applicable,_Z,Not applicable,_Z,Not applicable,_Z,Not applicable,N,National,2013,,3.473333,,A,Normal value,0,Units,2,Two,,
DATAFLOW,OECD.SDD.STES:DSD_STES@DF_FINMARK(4.0),Financial market,I,BGR,Bulgaria,A,Annual,IRLT,Long-term interest rates,PA,Percent per annum,_Z,Not applicable,_Z,Not applicable,_Z,Not applicable,_Z,Not applicable,N,National,2014,,3.3475,,A,Normal value,0,Units,2,Two,,
DATAFLOW,OECD.SDD.STES:DSD_STES@DF_FINMARK(4.0),Financial market,I,BGR,Bulgaria,A,Annual,IRLT,Long-term interest rates,PA,Percent per annum,_Z,Not applicable,_Z,Not applicable,_Z,Not applicable,_Z,Not applicable,N,National,2015,,2.491667,,A,Normal value,0,Units,2,Two,,
DATAFLOW,OECD.SDD.STES:DSD_STES@DF_FINMARK(4.0),Financial market,I,BGR,Bulgaria,A,Annual,IRLT,Long-term interest rates,PA,Percent per annum,_Z,Not applicable,_Z,Not applicable,_Z,Not applicable,_Z,Not applicable,N,National,2016,,2.271667,,A,Normal value,0,Units,2,Two,,
DATAFLOW,OECD.SDD.STES:DSD_STES@DF_FINMARK(4.0),Financial market,I,BGR,Bulgaria,A,Annual,IRLT,Long-term interest rates,PA,Percent per annum,_Z,Not applicable,_Z,Not applicable,_Z,Not applicable,_Z,Not applicable,N,National,2017,,1.6025,,A,Normal value,0,Units,2,Two,,
DATAFLOW,OECD.SDD.STES:DSD_STES@DF_FINMARK(4.0),Financial market,I,BGR,Bulgaria,A,Annual,IRLT,Long-term interest rates,PA,Percent per annum,_Z,Not applicable,_Z,Not applicable,_Z,Not applicable,_Z,Not applicable,N,National,2018,,0.8925,,A,Normal value,0,Units,2,Two,,
DATAFLOW,OECD.SDD.STES:DSD_STES@DF_FINMARK(4.0),Financial market,I,BGR,Bulgaria,A,Annual,IRLT,Long-term interest rates,PA,Percent per annum,_Z,Not applicable,_Z,Not applicable,_Z,Not applicable,_Z,Not applicable,N,National,2019,,0.4291667,,A,Normal value,0,Units,2,Two,,
DATAFLOW,OECD.SDD.STES:DSD_STES@DF_FINMARK(4.0),Financial market,I,BGR,Bulgaria,A,Annual,IRLT,Long-term interest rates,PA,Percent per annum,_Z,Not applicable,_Z,Not applicable,_Z,Not applicable,_Z,Not applicable,N,National,2020,,0.2541667,,A,Normal value,0,Units,2,Two,,
DATAFLOW,OECD.SDD.STES:DSD_STES@DF_FINMARK(4.0),Financial market,I,BGR,Bulgaria,A,Annual,IRLT,Long-term interest rates,PA,Percent per annum,_Z,Not applicable,_Z,Not applicable,_Z,Not applicable,_Z,Not applicable,N,National,2021,,0.1891667,,A,Normal value,0,Units,2,Two,,
DATAFLOW,OECD.SDD.STES:DSD_STES@DF_FINMARK(4.0),Financial market,I,BGR,Bulgaria,A,Annual,IRLT,Long-term interest rates,PA,Percent per annum,_Z,Not applicable,_Z,Not applicable,_Z,Not applicable,_Z,Not applicable,N,National,2022,,1.531667,,A,Normal value,0,Units,2,Two,,
DATAFLOW,OECD.SDD.STES:DSD_STES@DF_FINMARK(4.0),Financial market,I,BGR,Bulgaria,A,Annual,IRLT,Long-term interest rates,PA,Percent per annum,_Z,Not applicable,_Z,Not applicable,_Z,Not applicable,_Z,Not applicable,N,National,2023,,3.753333,,A,Normal value,0,Units,2,Two,,
DATAFLOW,OECD.SDD.STES:DSD_STES@DF_FINMARK(4.0),Financial market,I,CHN,China (People’s Republic of),A,Annual,IRLT,Long-term interest rates,PA,Percent per annum,_Z,Not applicable,_Z,Not applicable,_Z,Not applicable,_Z,Not applicable,N,National,2014,,4.104116,,A,Normal value,0,Units,2,Two,,
DATAFLOW,OECD.SDD.STES:DSD_STES@DF_FINMARK(4.0),Financial market,I,CHN,China (People’s Republic of),A,Annual,IRLT,Long-term interest rates,PA,Percent per annum,_Z,Not applicable,_Z,Not applicable,_Z,Not applicable,_Z,Not applicable,N,National,2015,,3.333883,,A,Normal value,0,Units,2,Two,,
DATAFLOW,OECD.SDD.STES:DSD_STES@DF_FINMARK(4.0),Financial market,I,CHN,China (People’s Republic of),A,Annual,IRLT,Long-term interest rates,PA,Percent per annum,_Z,Not applicable,_Z,Not applicable,_Z,Not applicable,_Z,Not applicable,N,National,2016,,2.850067,,A,Normal value,0,Units,2,Two,,
DATAFLOW,OECD.SDD.STES:DSD_STES@DF_FINMARK(4.0),Financial market,I,CHN,China (People’s Republic of),A,Annual,IRLT,Long-term interest rates,PA,Percent per annum,_Z,Not applicable,_Z,Not applicable,_Z,Not applicable,_Z,Not applicable,N,National,2017,,3.591667,,A,Normal value,0,Units,2,Two,,
DATAFLOW,OECD.SDD.STES:DSD_STES@DF_FINMARK(4.0),Financial market,I,CHN,China (People’s Republic of),A,Annual,IRLT,Long-term interest rates,PA,Percent per annum,_Z,Not applicable,_Z,Not applicable,_Z,Not applicable,_Z,Not applicable,N,National,2018,,3.579167,,A,Normal value,0,Units,2,Two,,
DATAFLOW,OECD.SDD.STES:DSD_STES@DF_FINMARK(4.0),Financial market,I,CHN,China (People’s Republic of),A,Annual,IRLT,Long-term interest rates,PA,Percent per annum,_Z,Not applicable,_Z,Not applicable,_Z,Not applicable,_Z,Not applicable,N,National,2019,,3.1813,,A,Normal value,0,Units,2,Two,,
DATAFLOW,OECD.SDD.STES:DSD_STES@DF_FINMARK(4.0),Financial market,I,CHN,China (People’s Republic of),A,Annual,IRLT,Long-term interest rates,PA,Percent per annum,_Z,Not applicable,_Z,Not applicable,_Z,Not applicable,_Z,Not applicable,N,National,2020,,2.924433,,A,Normal value,0,Units,2,Two,,
DATAFLOW,OECD.SDD.STES:DSD_STES@DF_FINMARK(4.0),Financial market,I,CHN,China (People’s Republic of),A,Annual,IRLT,Long-term interest rates,PA,Percent per annum,_Z,Not applicable,_Z,Not applicable,_Z,Not applicable,_Z,Not applicable,N,National,2021,,3.005533,,A,Normal value,0,Units,2,Two,,
DATAFLOW,OECD.SDD.STES:DSD_STES@DF_FINMARK(4.0),Financial market,I,CHN,China (People’s Republic of),A,Annual,IRLT,Long-term interest rates,PA,Percent per annum,_Z,Not applicable,_Z,Not applicable,_Z,Not applicable,_Z,Not applicable,N,National,2022,,2.764183,,A,Normal value,0,Units,2,Two,,
DATAFLOW,OECD.SDD.STES:DSD_STES@DF_FINMARK(4.0),Financial market,I,CHN,China (People’s Republic of),A,Annual,IRLT,Long-term interest rates,PA,Percent per annum,_Z,Not applicable,_Z,Not applicable,_Z,Not applicable,_Z,Not applicable,N,National,2023,,2.715,,A,Normal value,0,Units,2,Two,,
DATAFLOW,OECD.SDD.STES:DSD_STES@DF_FINMARK(4.0),Financial market,I,HRV,Croatia,A,Annual,IRLT,Long-term interest rates,PA,Percent per annum,_Z,Not applicable,_Z,Not applicable,_Z,Not applicable,_Z,Not applicable,N,National,2006,,4.43,,A,Normal value,0,Units,2,Two,,
DATAFLOW,OECD.SDD.STES:DSD_STES@DF_FINMARK(4.0),Financial market,I,HRV,Croatia,A,Annual,IRLT,Long-term interest rates,PA,Percent per annum,_Z,Not applicable,_Z,Not applicable,_Z,Not applicable,_Z,Not applicable,N,National,2007,,4.933333,,A,Normal value,0,Units,2,Two,,
DATAFLOW,OECD.SDD.STES:DSD_STES@DF_FINMARK(4.0),Financial market,I,HRV,Croatia,A,Annual,IRLT,Long-term interest rates,PA,Percent per annum,_Z,Not applicable,_Z,Not applicable,_Z,Not applicable,_Z,Not applicable,N,National,2008,,6.041667,,A,Normal value,0,Units,2,Two,,
DATAFLOW,OECD.SDD.STES:DSD_STES@DF_FINMARK(4.0),Financial market,I,HRV,Croatia,A,Annual,IRLT,Long-term interest rates,PA,Percent per annum,_Z,Not applicable,_Z,Not applicable,_Z,Not applicable,_Z,Not applicable,N,National,2009,,7.8325,,A,Normal value,0,Units,2,Two,,
DATAFLOW,OECD.SDD.STES:DSD_STES@DF_FINMARK(4.0),Financial market,I,HRV,Croatia,A,Annual,IRLT,Long-term interest rates,PA,Percent per annum,_Z,Not applicable,_Z,Not applicable,_Z,Not applicable,_Z,Not applicable,N,National,2010,,6.265,,A,Normal value,0,Units,2,Two,,
DATAFLOW,OECD.SDD.STES:DSD_STES@DF_FINMARK(4.0),Financial market,I,HRV,Croatia,A,Annual,IRLT,Long-term interest rates,PA,Percent per annum,_Z,Not applicable,_Z,Not applicable,_Z,Not applicable,_Z,Not applicable,N,National,2011,,6.539166,,A,Normal value,0,Units,2,Two,,
DATAFLOW,OECD.SDD.STES:DSD_STES@DF_FINMARK(4.0),Financial market,I,HRV,Croatia,A,Annual,IRLT,Long-term interest rates,PA,Percent per annum,_Z,Not applicable,_Z,Not applicable,_Z,Not applicable,_Z,Not applicable,N,National,2012,,6.129167,,A,Normal value,0,Units,2,Two,,
DATAFLOW,OECD.SDD.STES:DSD_STES@DF_FINMARK(4.0),Financial market,I,HRV,Croatia,A,Annual,IRLT,Long-term interest rates,PA,Percent per annum,_Z,Not applicable,_Z,Not applicable,_Z,Not applicable,_Z,Not applicable,N,National,2013,,4.680833,,A,Normal value,0,Units,2,Two,,
DATAFLOW,OECD.SDD.STES:DSD_STES@DF_FINMARK(4.0),Financial market,I,HRV,Croatia,A,Annual,IRLT,Long-term interest rates,PA,Percent per annum,_Z,Not applicable,_Z,Not applicable,_Z,Not applicable,_Z,Not applicable,N,National,2014,,4.050833,,A,Normal value,0,Units,2,Two,,
DATAFLOW,OECD.SDD.STES:DSD_STES@DF_FINMARK(4.0),Financial market,I,HRV,Croatia,A,Annual,IRLT,Long-term interest rates,PA,Percent per annum,_Z,Not applicable,_Z,Not applicable,_Z,Not applicable,_Z,Not applicable,N,National,2015,,3.526667,,A,Normal value,0,Units,2,Two,,
DATAFLOW,OECD.SDD.STES:DSD_STES@DF_FINMARK(4.0),Financial market,I,HRV,Croatia,A,Annual,IRLT,Long-term interest rates,PA,Percent per annum,_Z,Not applicable,_Z,Not applicable,_Z,Not applicable,_Z,Not applicable,N,National,2016,,3.475,,A,Normal value,0,Units,2,Two,,
DATAFLOW,OECD.SDD.STES:DSD_STES@DF_FINMARK(4.0),Financial market,I,HRV,Croatia,A,Annual,IRLT,Long-term interest rates,PA,Percent per annum,_Z,Not applicable,_Z,Not applicable,_Z,Not applicable,_Z,Not applicable,N,National,2017,,2.7675,,A,Normal value,0,Units,2,Two,,
DATAFLOW,OECD.SDD.STES:DSD_STES@DF_FINMARK(4.0),Financial market,I,HRV,Croatia,A,Annual,IRLT,Long-term interest rates,PA,Percent per annum,_Z,Not applicable,_Z,Not applicable,_Z,Not applicable,_Z,Not applicable,N,National,2018,,2.1725,,A,Normal value,0,Units,2,Two,,
DATAFLOW,OECD.SDD.STES:DSD_STES@DF_FINMARK(4.0),Financial market,I,HRV,Croatia,A,Annual,IRLT,Long-term interest rates,PA,Percent per annum,_Z,Not applicable,_Z,Not applicable,_Z,Not applicable,_Z,Not applicable,N,National,2019,,1.2875,,A,Normal value,0,Units,2,Two,,
DATAFLOW,OECD.SDD.STES:DSD_STES@DF_FINMARK(4.0),Financial market,I,HRV,Croatia,A,Annual,IRLT,Long-term interest rates,PA,Percent per annum,_Z,Not applicable,_Z,Not applicable,_Z,Not applicable,_Z,Not applicable,N,National,2020,,0.8333333,,A,Normal value,0,Units,2,Two,,
DATAFLOW,OECD.SDD.STES:DSD_STES@DF_FINMARK(4.0),Financial market,I,HRV,Croatia,A,Annual,IRLT,Long-term interest rates,PA,Percent per annum,_Z,Not applicable,_Z,Not applicable,_Z,Not applicable,_Z,Not applicable,N,National,2021,,0.4475,,A,Normal value,0,Units,2,Two,,
DATAFLOW,OECD.SDD.STES:DSD_STES@DF_FINMARK(4.0),Financial market,I,HRV,Croatia,A,Annual,IRLT,Long-term interest rates,PA,Percent per annum,_Z,Not applicable,_Z,Not applicable,_Z,Not applicable,_Z,Not applicable,N,National,2022,,2.695833,,A,Normal value,0,Units,2,Two,,
DATAFLOW,OECD.SDD.STES:DSD_STES@DF_FINMARK(4.0),Financial market,I,HRV,Croatia,A,Annual,IRLT,Long-term interest rates,PA,Percent per annum,_Z,Not applicable,_Z,Not applicable,_Z,Not applicable,_Z,Not applicable,N,National,2023,,3.795833,,A,Normal value,0,Units,2,Two,,
DATAFLOW,OECD.SDD.STES:DSD_STES@DF_FINMARK(4.0),Financial market,I,IDN,Indonesia,A,Annual,IRLT,Long-term interest rates,PA,Percent per annum,_Z,Not applicable,_Z,Not applicable,_Z,Not applicable,_Z,Not applicable,N,National,2012,,5.795833,,A,Normal value,0,Units,2,Two,,
DATAFLOW,OECD.SDD.STES:DSD_STES@DF_FINMARK(4.0),Financial market,I,IDN,Indonesia,A,Annual,IRLT,Long-term interest rates,PA,Percent per annum,_Z,Not applicable,_Z,Not applicable,_Z,Not applicable,_Z,Not applicable,N,National,2013,,6.9875,,A,Normal value,0,Units,2,Two,,
DATAFLOW,OECD.SDD.STES:DSD_STES@DF_FINMARK(4.0),Financial market,I,IDN,Indonesia,A,Annual,IRLT,Long-term interest rates,PA,Percent per annum,_Z,Not applicable,_Z,Not applicable,_Z,Not applicable,_Z,Not applicable,N,National,2014,,8.131667,,A,Normal value,0,Units,2,Two,,
DATAFLOW,OECD.SDD.STES:DSD_STES@DF_FINMARK(4.0),Financial market,I,IDN,Indonesia,A,Annual,IRLT,Long-term interest rates,PA,Percent per annum,_Z,Not applicable,_Z,Not applicable,_Z,Not applicable,_Z,Not applicable,N,National,2015,,8.221666,,A,Normal value,0,Units,2,Two,,
DATAFLOW,OECD.SDD.STES:DSD_STES@DF_FINMARK(4.0),Financial market,I,IDN,Indonesia,A,Annual,IRLT,Long-term interest rates,PA,Percent per annum,_Z,Not applicable,_Z,Not applicable,_Z,Not applicable,_Z,Not applicable,N,National,2016,,7.638333,,A,Normal value,0,Units,2,Two,,
DATAFLOW,OECD.SDD.STES:DSD_STES@DF_FINMARK(4.0),Financial market,I,IDN,Indonesia,A,Annual,IRLT,Long-term interest rates,PA,Percent per annum,_Z,Not applicable,_Z,Not applicable,_Z,Not applicable,_Z,Not applicable,N,National,2017,,6.878334,,A,Normal value,0,Units,2,Two,,
DATAFLOW,OECD.SDD.STES:DSD_STES@DF_FINMARK(4.0),Financial market,I,IDN,Indonesia,A,Annual,IRLT,Long-term interest rates,PA,Percent per annum,_Z,Not applicable,_Z,Not applicable,_Z,Not applicable,_Z,Not applicable,N,National,2018,,7.4575,,A,Normal value,0,Units,2,Two,,
DATAFLOW,OECD.SDD.STES:DSD_STES@DF_FINMARK(4.0),Financial market,I,IDN,Indonesia,A,Annual,IRLT,Long-term interest rates,PA,Percent per annum,_Z,Not applicable,_Z,Not applicable,_Z,Not applicable,_Z,Not applicable,N,National,2019,,7.4653,,A,Normal value,0,Units,2,Two,,
DATAFLOW,OECD.SDD.STES:DSD_STES@DF_FINMARK(4.0),Financial market,I,IDN,Indonesia,A,Annual,IRLT,Long-term interest rates,PA,Percent per annum,_Z,Not applicable,_Z,Not applicable,_Z,Not applicable,_Z,Not applicable,N,National,2020,,6.904896,,A,Normal value,0,Units,2,Two,,
DATAFLOW,OECD.SDD.STES:DSD_STES@DF_FINMARK(4.0),Financial market,I,IDN,Indonesia,A,Annual,IRLT,Long-term interest rates,PA,Percent per annum,_Z,Not applicable,_Z,Not applicable,_Z,Not applicable,_Z,Not applicable,N,National,2021,,6.362951,,A,Normal value,0,Units,2,Two,,
DATAFLOW,OECD.SDD.STES:DSD_STES@DF_FINMARK(4.0),Financial market,I,IDN,Indonesia,A,Annual,IRLT,Long-term interest rates,PA,Percent per annum,_Z,Not applicable,_Z,Not applicable,_Z,Not applicable,_Z,Not applicable,N,National,2022,,6.972653,,A,Normal value,0,Units,2,Two,,
DATAFLOW,OECD.SDD.STES:DSD_STES@DF_FINMARK(4.0),Financial market,I,IDN,Indonesia,A,Annual,IRLT,Long-term interest rates,PA,Percent per annum,_Z,Not applicable,_Z,Not applicable,_Z,Not applicable,_Z,Not applicable,N,National,2023,,6.6,,A,Normal value,0,Units,2,Two,,
DATAFLOW,OECD.SDD.STES:DSD_STES@DF_FINMARK(4.0),Financial market,I,ROU,Romania,A,Annual,IRLT,Long-term interest rates,PA,Percent per annum,_Z,Not applicable,_Z,Not applicable,_Z,Not applicable,_Z,Not applicable,N,National,2006,,7.228333,,A,Normal value,0,Units,2,Two,,
DATAFLOW,OECD.SDD.STES:DSD_STES@DF_FINMARK(4.0),Financial market,I,ROU,Romania,A,Annual,IRLT,Long-term interest rates,PA,Percent per annum,_Z,Not applicable,_Z,Not applicable,_Z,Not applicable,_Z,Not applicable,N,National,2007,,7.134167,,A,Normal value,0,Units,2,Two,,
DATAFLOW,OECD.SDD.STES:DSD_STES@DF_FINMARK(4.0),Financial market,I,ROU,Romania,A,Annual,IRLT,Long-term interest rates,PA,Percent per annum,_Z,Not applicable,_Z,Not applicable,_Z,Not applicable,_Z,Not applicable,N,National,2008,,7.6975,,A,Normal value,0,Units,2,Two,,
DATAFLOW,OECD.SDD.STES:DSD_STES@DF_FINMARK(4.0),Financial market,I,ROU,Romania,A,Annual,IRLT,Long-term interest rates,PA,Percent per annum,_Z,Not applicable,_Z,Not applicable,_Z,Not applicable,_Z,Not applicable,N,National,2009,,9.694167,,A,Normal value,0,Units,2,Two,,
DATAFLOW,OECD.SDD.STES:DSD_STES@DF_FINMARK(4.0),Financial market,I,ROU,Romania,A,Annual,IRLT,Long-term interest rates,PA,Percent per annum,_Z,Not applicable,_Z,Not applicable,_Z,Not applicable,_Z,Not applicable,N,National,2010,,7.336667,,A,Normal value,0,Units,2,Two,,
DATAFLOW,OECD.SDD.STES:DSD_STES@DF_FINMARK(4.0),Financial market,I,ROU,Romania,A,Annual,IRLT,Long-term interest rates,PA,Percent per annum,_Z,Not applicable,_Z,Not applicable,_Z,Not applicable,_Z,Not applicable,N,National,2011,,7.2925,,A,Normal value,0,Units,2,Two,,
DATAFLOW,OECD.SDD.STES:DSD_STES@DF_FINMARK(4.0),Financial market,I,ROU,Romania,A,Annual,IRLT,Long-term interest rates,PA,Percent per annum,_Z,Not applicable,_Z,Not applicable,_Z,Not applicable,_Z,Not applicable,N,National,2012,,6.679167,,A,Normal value,0,Units,2,Two,,
DATAFLOW,OECD.SDD.STES:DSD_STES@DF_FINMARK(4.0),Financial market,I,ROU,Romania,A,Annual,IRLT,Long-term interest rates,PA,Percent per annum,_Z,Not applicable,_Z,Not applicable,_Z,Not applicable,_Z,Not applicable,N,National,2013,,5.414166,,A,Normal value,0,Units,2,Two,,
DATAFLOW,OECD.SDD.STES:DSD_STES@DF_FINMARK(4.0),Financial market,I,ROU,Romania,A,Annual,IRLT,Long-term interest rates,PA,Percent per annum,_Z,Not applicable,_Z,Not applicable,_Z,Not applicable,_Z,Not applicable,N,National,2014,,4.494167,,A,Normal value,0,Units,2,Two,,
DATAFLOW,OECD.SDD.STES:DSD_STES@DF_FINMARK(4.0),Financial market,I,ROU,Romania,A,Annual,IRLT,Long-term interest rates,PA,Percent per annum,_Z,Not applicable,_Z,Not applicable,_Z,Not applicable,_Z,Not applicable,N,National,2015,,3.473333,,A,Normal value,0,Units,2,Two,,
DATAFLOW,OECD.SDD.STES:DSD_STES@DF_FINMARK(4.0),Financial market,I,ROU,Romania,A,Annual,IRLT,Long-term interest rates,PA,Percent per annum,_Z,Not applicable,_Z,Not applicable,_Z,Not applicable,_Z,Not applicable,N,National,2016,,3.319167,,A,Normal value,0,Units,2,Two,,
DATAFLOW,OECD.SDD.STES:DSD_STES@DF_FINMARK(4.0),Financial market,I,ROU,Romania,A,Annual,IRLT,Long-term interest rates,PA,Percent per annum,_Z,Not applicable,_Z,Not applicable,_Z,Not applicable,_Z,Not applicable,N,National,2017,,3.958333,,A,Normal value,0,Units,2,Two,,
DATAFLOW,OECD.SDD.STES:DSD_STES@DF_FINMARK(4.0),Financial market,I,ROU,Romania,A,Annual,IRLT,Long-term interest rates,PA,Percent per annum,_Z,Not applicable,_Z,Not applicable,_Z,Not applicable,_Z,Not applicable,N,National,2018,,4.686666,,A,Normal value,0,Units,2,Two,,
DATAFLOW,OECD.SDD.STES:DSD_STES@DF_FINMARK(4.0),Financial market,I,ROU,Romania,A,Annual,IRLT,Long-term interest rates,PA,Percent per annum,_Z,Not applicable,_Z,Not applicable,_Z,Not applicable,_Z,Not applicable,N,National,2019,,4.539166,,A,Normal value,0,Units,2,Two,,
DATAFLOW,OECD.SDD.STES:DSD_STES@DF_FINMARK(4.0),Financial market,I,ROU,Romania,A,Annual,IRLT,Long-term interest rates,PA,Percent per annum,_Z,Not applicable,_Z,Not applicable,_Z,Not applicable,_Z,Not applicable,N,National,2020,,3.893333,,A,Normal value,0,Units,2,Two,,
DATAFLOW,OECD.SDD.STES:DSD_STES@DF_FINMARK(4.0),Financial market,I,ROU,Romania,A,Annual,IRLT,Long-term interest rates,PA,Percent per annum,_Z,Not applicable,_Z,Not applicable,_Z,Not applicable,_Z,Not applicable,N,National,2021,,3.625,,A,Normal value,0,Units,2,Two,,
DATAFLOW,OECD.SDD.STES:DSD_STES@DF_FINMARK(4.0),Financial market,I,ROU,Romania,A,Annual,IRLT,Long-term interest rates,PA,Percent per annum,_Z,Not applicable,_Z,Not applicable,_Z,Not applicable,_Z,Not applicable,N,National,2022,,7.481667,,A,Normal value,0,Units,2,Two,,
DATAFLOW,OECD.SDD.STES:DSD_STES@DF_FINMARK(4.0),Financial market,I,ROU,Romania,A,Annual,IRLT,Long-term interest rates,PA,Percent per annum,_Z,Not applicable,_Z,Not applicable,_Z,Not applicable,_Z,Not applicable,N,National,2023,,6.711667,,A,Normal value,0,Units,2,Two,,
DATAFLOW,OECD.SDD.STES:DSD_STES@DF_FINMARK(4.0),Financial market,I,RUS,Russia,A,Annual,IRLT,Long-term interest rates,PA,Percent per annum,_Z,Not applicable,_Z,Not applicable,_Z,Not applicable,_Z,Not applicable,N,National,1999,,87.37583,,A,Normal value,0,Units,2,Two,,
DATAFLOW,OECD.SDD.STES:DSD_STES@DF_FINMARK(4.0),Financial market,I,RUS,Russia,A,Annual,IRLT,Long-term interest rates,PA,Percent per annum,_Z,Not applicable,_Z,Not applicable,_Z,Not applicable,_Z,Not applicable,N,National,2000,,35.16333,,A,Normal value,0,Units,2,Two,,
DATAFLOW,OECD.SDD.STES:DSD_STES@DF_FINMARK(4.0),Financial market,I,RUS,Russia,A,Annual,IRLT,Long-term interest rates,PA,Percent per annum,_Z,Not applicable,_Z,Not applicable,_Z,Not applicable,_Z,Not applicable,N,National,2001,,19.38333,,A,Normal value,0,Units,2,Two,,
DATAFLOW,OECD.SDD.STES:DSD_STES@DF_FINMARK(4.0),Financial market,I,RUS,Russia,A,Annual,IRLT,Long-term interest rates,PA,Percent per annum,_Z,Not applicable,_Z,Not applicable,_Z,Not applicable,_Z,Not applicable,N,National,2002,,15.82417,,A,Normal value,0,Units,2,Two,,
DATAFLOW,OECD.SDD.STES:DSD_STES@DF_FINMARK(4.0),Financial market,I,RUS,Russia,A,Annual,IRLT,Long-term interest rates,PA,Percent per annum,_Z,Not applicable,_Z,Not applicable,_Z,Not applicable,_Z,Not applicable,N,National,2003,,9.115,,A,Normal value,0,Units,2,Two,,
DATAFLOW,OECD.SDD.STES:DSD_STES@DF_FINMARK(4.0),Financial market,I,RUS,Russia,A,Annual,IRLT,Long-term interest rates,PA,Percent per annum,_Z,Not applicable,_Z,Not applicable,_Z,Not applicable,_Z,Not applicable,N,National,2004,,8.289166,,A,Normal value,0,Units,2,Two,,
DATAFLOW,OECD.SDD.STES:DSD_STES@DF_FINMARK(4.0),Financial market,I,RUS,Russia,A,Annual,IRLT,Long-term interest rates,PA,Percent per annum,_Z,Not applicable,_Z,Not applicable,_Z,Not applicable,_Z,Not applicable,N,National,2005,,8.1075,,A,Normal value,0,Units,2,Two,,
DATAFLOW,OECD.SDD.STES:DSD_STES@DF_FINMARK(4.0),Financial market,I,RUS,Russia,A,Annual,IRLT,Long-term interest rates,PA,Percent per annum,_Z,Not applicable,_Z,Not applicable,_Z,Not applicable,_Z,Not applicable,N,National,2006,,6.976666,,A,Normal value,0,Units,2,Two,,
DATAFLOW,OECD.SDD.STES:DSD_STES@DF_FINMARK(4.0),Financial market,I,RUS,Russia,A,Annual,IRLT,Long-term interest rates,PA,Percent per annum,_Z,Not applicable,_Z,Not applicable,_Z,Not applicable,_Z,Not applicable,N,National,2007,,6.7175,,A,Normal value,0,Units,2,Two,,
DATAFLOW,OECD.SDD.STES:DSD_STES@DF_FINMARK(4.0),Financial market,I,RUS,Russia,A,Annual,IRLT,Long-term interest rates,PA,Percent per annum,_Z,Not applicable,_Z,Not applicable,_Z,Not applicable,_Z,Not applicable,N,National,2008,,7.523334,,A,Normal value,0,Units,2,Two,,
DATAFLOW,OECD.SDD.STES:DSD_STES@DF_FINMARK(4.0),Financial market,I,RUS,Russia,A,Annual,IRLT,Long-term interest rates,PA,Percent per annum,_Z,Not applicable,_Z,Not applicable,_Z,Not applicable,_Z,Not applicable,N,National,2009,,9.874166,,A,Normal value,0,Units,2,Two,,
DATAFLOW,OECD.SDD.STES:DSD_STES@DF_FINMARK(4.0),Financial market,I,RUS,Russia,A,Annual,IRLT,Long-term interest rates,PA,Percent per annum,_Z,Not applicable,_Z,Not applicable,_Z,Not applicable,_Z,Not applicable,N,National,2010,,7.831666,,A,Normal value,0,Units,2,Two,,
DATAFLOW,OECD.SDD.STES:DSD_STES@DF_FINMARK(4.0),Financial market,I,RUS,Russia,A,Annual,IRLT,Long-term interest rates,PA,Percent per annum,_Z,Not applicable,_Z,Not applicable,_Z,Not applicable,_Z,Not applicable,N,National,2011,,8.060833,,A,Normal value,0,Units,2,Two,,
DATAFLOW,OECD.SDD.STES:DSD_STES@DF_FINMARK(4.0),Financial market,I,RUS,Russia,A,Annual,IRLT,Long-term interest rates,PA,Percent per annum,_Z,Not applicable,_Z,Not applicable,_Z,Not applicable,_Z,Not applicable,N,National,2012,,8.154166,,A,Normal value,0,Units,2,Two,,
DATAFLOW,OECD.SDD.STES:DSD_STES@DF_FINMARK(4.0),Financial market,I,RUS,Russia,A,Annual,IRLT,Long-term interest rates,PA,Percent per annum,_Z,Not applicable,_Z,Not applicable,_Z,Not applicable,_Z,Not applicable,N,National,2013,,7.330833,,A,Normal value,0,Units,2,Two,,
DATAFLOW,OECD.SDD.STES:DSD_STES@DF_FINMARK(4.0),Financial market,I,RUS,Russia,A,Annual,IRLT,Long-term interest rates,PA,Percent per annum,_Z,Not applicable,_Z,Not applicable,_Z,Not applicable,_Z,Not applicable,N,National,2014,,8.464167,,A,Normal value,0,Units,2,Two,,
DATAFLOW,OECD.SDD.STES:DSD_STES@DF_FINMARK(4.0),Financial market,I,RUS,Russia,A,Annual,IRLT,Long-term interest rates,PA,Percent per annum,_Z,Not applicable,_Z,Not applicable,_Z,Not applicable,_Z,Not applicable,N,National,2015,,10.88667,,A,Normal value,0,Units,2,Two,,
DATAFLOW,OECD.SDD.STES:DSD_STES@DF_FINMARK(4.0),Financial market,I,RUS,Russia,A,Annual,IRLT,Long-term interest rates,PA,Percent per annum,_Z,Not applicable,_Z,Not applicable,_Z,Not applicable,_Z,Not applicable,N,National,2016,,10.43833,,A,Normal value,0,Units,2,Two,,
DATAFLOW,OECD.SDD.STES:DSD_STES@DF_FINMARK(4.0),Financial market,I,RUS,Russia,A,Annual,IRLT,Long-term interest rates,PA,Percent per annum,_Z,Not applicable,_Z,Not applicable,_Z,Not applicable,_Z,Not applicable,N,National,2017,,8.9925,,A,Normal value,0,Units,2,Two,,
DATAFLOW,OECD.SDD.STES:DSD_STES@DF_FINMARK(4.0),Financial market,I,CAN,Canada,A,Annual,IR3TIB,Short-term interest rates,PA,Percent per annum,_Z,Not applicable,_Z,Not applicable,_Z,Not applicable,_Z,Not applicable,N,National,1961,,3.3675,,B,Time series break,0,Units,2,Two,,
DATAFLOW,OECD.SDD.STES:DSD_STES@DF_FINMARK(4.0),Financial market,I,CAN,Canada,A,Annual,IRLT,Long-term interest rates,PA,Percent per annum,_Z,Not applicable,_Z,Not applicable,_Z,Not applicable,_Z,Not applicable,N,National,1982,,14.43533,,B,Time series break,0,Units,2,Two,,
DATAFLOW,OECD.SDD.STES:DSD_STES@DF_FINMARK(4.0),Financial market,I,FRA,France,A,Annual,IRLT,Long-term interest rates,PA,Percent per annum,_Z,Not applicable,_Z,Not applicable,_Z,Not applicable,_Z,Not applicable,N,National,1968,,6.950833,,B,Time series break,0,Units,2,Two,,
DATAFLOW,OECD.SDD.STES:DSD_STES@DF_FINMARK(4.0),Financial market,I,FRA,France,A,Annual,IRLT,Long-term interest rates,PA,Percent per annum,_Z,Not applicable,_Z,Not applicable,_Z,Not applicable,_Z,Not applicable,N,National,1986,,9.119166,,B,Time series break,0,Units,2,Two,,
DATAFLOW,OECD.SDD.STES:DSD_STES@DF_FINMARK(4.0),Financial market,I,DEU,Germany,A,Annual,IR3TIB,Short-term interest rates,PA,Percent per annum,_Z,Not applicable,_Z,Not applicable,_Z,Not applicable,_Z,Not applicable,N,National,1990,,8.488334,,B,Time series break,0,Units,2,Two,,
DATAFLOW,OECD.SDD.STES:DSD_STES@DF_FINMARK(4.0),Financial market,I,GRC,Greece,A,Annual,IR3TIB,Short-term interest rates,PA,Percent per annum,_Z,Not applicable,_Z,Not applicable,_Z,Not applicable,_Z,Not applicable,N,National,2000,,7.884648,,B,Time series break,0,Units,2,Two,,
DATAFLOW,OECD.SDD.STES:DSD_STES@DF_FINMARK(4.0),Financial market,I,HUN,Hungary,A,Annual,IR3TIB,Short-term interest rates,PA,Percent per annum,_Z,Not applicable,_Z,Not applicable,_Z,Not applicable,_Z,Not applicable,N,National,2000,,11.38833,,B,Time series break,0,Units,2,Two,,
DATAFLOW,OECD.SDD.STES:DSD_STES@DF_FINMARK(4.0),Financial market,I,SWE,Sweden,A,Annual,IRLT,Long-term interest rates,PA,Percent per annum,_Z,Not applicable,_Z,Not applicable,_Z,Not applicable,_Z,Not applicable,N,National,1993,,8.539166,,B,Time series break,0,Units,2,Two,,
DATAFLOW,OECD.SDD.STES:DSD_STES@DF_FINMARK(4.0),Financial market,I,SWE,Sweden,A,Annual,IRLT,Long-term interest rates,PA,Percent per annum,_Z,Not applicable,_Z,Not applicable,_Z,Not applicable,_Z,Not applicable,N,National,1994,,9.495,,B,Time series break,0,Units,2,Two,,
DATAFLOW,OECD.SDD.STES:DSD_STES@DF_FINMARK(4.0),Financial market,I,JPN,Japan,A,Annual,IR3TIB,Short-term interest rates,PA,Percent per annum,_Z,Not applicable,_Z,Not applicable,_Z,Not applicable,_Z,Not applicable,N,National,2024,,0.18575,,B,Time series break,0,Units,2,Two,,
DATAFLOW,OECD.SDD.STES:DSD_STES@DF_FINMARK(4.0),Financial market,I,GBR,United Kingdom,A,Annual,IR3TIB,Short-term interest rates,PA,Percent per annum,_Z,Not applicable,_Z,Not applicable,_Z,Not applicable,_Z,Not applicable,N,National,1993,,5.995641,,B,Time series break,0,Units,2,Two,,
DATAFLOW,OECD.SDD.STES:DSD_STES@DF_FINMARK(4.0),Financial market,I,GBR,United Kingdom,A,Annual,IR3TIB,Short-term interest rates,PA,Percent per annum,_Z,Not applicable,_Z,Not applicable,_Z,Not applicable,_Z,Not applicable,N,National,2023,,4.950833,,B,Time series break,0,Units,2,Two,,
DATAFLOW,OECD.SDD.STES:DSD_STES@DF_FINMARK(4.0),Financial market,I,DEU,Germany,A,Annual,IRLT,Long-term interest rates,PA,Percent per annum,_Z,Not applicable,_Z,Not applicable,_Z,Not applicable,_Z,Not applicable,N,National,1957,,7.516667,,A,Normal value,0,Units,2,Two,,
DATAFLOW,OECD.SDD.STES:DSD_STES@DF_FINMARK(4.0),Financial market,I,DEU,Germany,A,Annual,IRLT,Long-term interest rates,PA,Percent per annum,_Z,Not applicable,_Z,Not applicable,_Z,Not applicable,_Z,Not applicable,N,National,1958,,6.783333,,A,Normal value,0,Units,2,Two,,
DATAFLOW,OECD.SDD.STES:DSD_STES@DF_FINMARK(4.0),Financial market,I,DEU,Germany,A,Annual,IRLT,Long-term interest rates,PA,Percent per annum,_Z,Not applicable,_Z,Not applicable,_Z,Not applicable,_Z,Not applicable,N,National,1959,,5.766667,,A,Normal value,0,Units,2,Two,,
DATAFLOW,OECD.SDD.STES:DSD_STES@DF_FINMARK(4.0),Financial market,I,DEU,Germany,A,Annual,IRLT,Long-term interest rates,PA,Percent per annum,_Z,Not applicable,_Z,Not applicable,_Z,Not applicable,_Z,Not applicable,N,National,1960,,6.425,,A,Normal value,0,Units,2,Two,,
DATAFLOW,OECD.SDD.STES:DSD_STES@DF_FINMARK(4.0),Financial market,I,DEU,Germany,A,Annual,IRLT,Long-term interest rates,PA,Percent per annum,_Z,Not applicable,_Z,Not applicable,_Z,Not applicable,_Z,Not applicable,N,National,1961,,5.875,,A,Normal value,0,Units,2,Two,,
DATAFLOW,OECD.SDD.STES:DSD_STES@DF_FINMARK(4.0),Financial market,I,DEU,Germany,A,Annual,IRLT,Long-term interest rates,PA,Percent per annum,_Z,Not applicable,_Z,Not applicable,_Z,Not applicable,_Z,Not applicable,N,National,1962,,5.908333,,A,Normal value,0,Units,2,Two,,
DATAFLOW,OECD.SDD.STES:DSD_STES@DF_FINMARK(4.0),Financial market,I,DEU,Germany,A,Annual,IRLT,Long-term interest rates,PA,Percent per annum,_Z,Not applicable,_Z,Not applicable,_Z,Not applicable,_Z,Not applicable,N,National,1963,,6.05,,A,Normal value,0,Units,2,Two,,
DATAFLOW,OECD.SDD.STES:DSD_STES@DF_FINMARK(4.0),Financial market,I,DEU,Germany,A,Annual,IRLT,Long-term interest rates,PA,Percent per annum,_Z,Not applicable,_Z,Not applicable,_Z,Not applicable,_Z,Not applicable,N,National,1964,,6.233333,,A,Normal value,0,Units,2,Two,,
DATAFLOW,OECD.SDD.STES:DSD_STES@DF_FINMARK(4.0),Financial market,I,DEU,Germany,A,Annual,IRLT,Long-term interest rates,PA,Percent per annum,_Z,Not applicable,_Z,Not applicable,_Z,Not applicable,_Z,Not applicable,N,National,1965,,7.05,,A,Normal value,0,Units,2,Two,,
DATAFLOW,OECD.SDD.STES:DSD_STES@DF_FINMARK(4.0),Financial market,I,DEU,Germany,A,Annual,IRLT,Long-term interest rates,PA,Percent per annum,_Z,Not applicable,_Z,Not applicable,_Z,Not applicable,_Z,Not applicable,N,National,1966,,8.125,,A,Normal value,0,Units,2,Two,,
DATAFLOW,OECD.SDD.STES:DSD_STES@DF_FINMARK(4.0),Financial market,I,DEU,Germany,A,Annual,IRLT,Long-term interest rates,PA,Percent per annum,_Z,Not applicable,_Z,Not applicable,_Z,Not applicable,_Z,Not applicable,N,National,1967,,6.958333,,A,Normal value,0,Units,2,Two,,
DATAFLOW,OECD.SDD.STES:DSD_STES@DF_FINMARK(4.0),Financial market,I,DEU,Germany,A,Annual,IRLT,Long-term interest rates,PA,Percent per annum,_Z,Not applicable,_Z,Not applicable,_Z,Not applicable,_Z,Not applicable,N,National,1968,,6.45,,A,Normal value,0,Units,2,Two,,
DATAFLOW,OECD.SDD.STES:DSD_STES@DF_FINMARK(4.0),Financial market,I,DEU,Germany,A,Annual,IRLT,Long-term interest rates,PA,Percent per annum,_Z,Not applicable,_Z,Not applicable,_Z,Not applicable,_Z,Not applicable,N,National,1969,,6.841667,,A,Normal value,0,Units,2,Two,,
DATAFLOW,OECD.SDD.STES:DSD_STES@DF_FINMARK(4.0),Financial market,I,DEU,Germany,A,Annual,IRLT,Long-term interest rates,PA,Percent per annum,_Z,Not applicable,_Z,Not applicable,_Z,Not applicable,_Z,Not applicable,N,National,1970,,8.316667,,A,Normal value,0,Units,2,Two,,
DATAFLOW,OECD.SDD.STES:DSD_STES@DF_FINMARK(4.0),Financial market,I,DEU,Germany,A,Annual,IRLT,Long-term interest rates,PA,Percent per annum,_Z,Not applicable,_Z,Not applicable,_Z,Not applicable,_Z,Not applicable,N,National,1971,,7.991667,,A,Normal value,0,Units,2,Two,,
DATAFLOW,OECD.SDD.STES:DSD_STES@DF_FINMARK(4.0),Financial market,I,DEU,Germany,A,Annual,IRLT,Long-term interest rates,PA,Percent per annum,_Z,Not applicable,_Z,Not applicable,_Z,Not applicable,_Z,Not applicable,N,National,1972,,7.875,,A,Normal value,0,Units,2,Two,,
DATAFLOW,OECD.SDD.STES:DSD_STES@DF_FINMARK(4.0),Financial market,I,DEU,Germany,A,Annual,IRLT,Long-term interest rates,PA,Percent per annum,_Z,Not applicable,_Z,Not applicable,_Z,Not applicable,_Z,Not applicable,N,National,1973,,9.308333,,A,Normal value,0,Units,2,Two,,
DATAFLOW,OECD.SDD.STES:DSD_STES@DF_FINMARK(4.0),Financial market,I,DEU,Germany,A,Annual,IRLT,Long-term interest rates,PA,Percent per annum,_Z,Not applicable,_Z,Not applicable,_Z,Not applicable,_Z,Not applicable,N,National,1974,,10.44167,,A,Normal value,0,Units,2,Two,,
DATAFLOW,OECD.SDD.STES:DSD_STES@DF_FINMARK(4.0),Financial market,I,DEU,Germany,A,Annual,IRLT,Long-term interest rates,PA,Percent per annum,_Z,Not applicable,_Z,Not applicable,_Z,Not applicable,_Z,Not applicable,N,National,1975,,8.675,,A,Normal value,0,Units,2,Two,,
DATAFLOW,OECD.SDD.STES:DSD_STES@DF_FINMARK(4.0),Financial market,I,DEU,Germany,A,Annual,IRLT,Long-term interest rates,PA,Percent per annum,_Z,Not applicable,_Z,Not applicable,_Z,Not applicable,_Z,Not applicable,N,National,1976,,8.033334,,A,Normal value,0,Units,2,Two,,
DATAFLOW,OECD.SDD.STES:DSD_STES@DF_FINMARK(4.0),Financial market,I,DEU,Germany,A,Annual,IRLT,Long-term interest rates,PA,Percent per annum,_Z,Not applicable,_Z,Not applicable,_Z,Not applicable,_Z,Not applicable,N,National,1977,,6.533333,,A,Normal value,0,Units,2,Two,,
DATAFLOW,OECD.SDD.STES:DSD_STES@DF_FINMARK(4.0),Financial market,I,DEU,Germany,A,Annual,IRLT,Long-term interest rates,PA,Percent per annum,_Z,Not applicable,_Z,Not applicable,_Z,Not applicable,_Z,Not applicable,N,National,1978,,6.133333,,A,Normal value,0,Units,2,Two,,
DATAFLOW,OECD.SDD.STES:DSD_STES@DF_FINMARK(4.0),Financial market,I,DEU,Germany,A,Annual,IRLT,Long-term interest rates,PA,Percent per annum,_Z,Not applicable,_Z,Not applicable,_Z,Not applicable,_Z,Not applicable,N,National,1979,,7.566667,,A,Normal value,0,Units,2,Two,,
DATAFLOW,OECD.SDD.STES:DSD_STES@DF_FINMARK(4.0),Financial market,I,DEU,Germany,A,Annual,IRLT,Long-term interest rates,PA,Percent per annum,_Z,Not applicable,_Z,Not applicable,_Z,Not applicable,_Z,Not applicable,N,National,1980,,8.425,,A,Normal value,0,Units,2,Two,,
DATAFLOW,OECD.SDD.STES:DSD_STES@DF_FINMARK(4.0),Financial market,I,DEU,Germany,A,Annual,IRLT,Long-term interest rates,PA,Percent per annum,_Z,Not applicable,_Z,Not applicable,_Z,Not applicable,_Z,Not applicable,N,National,1981,,10.13333,,A,Normal value,0,Units,2,Two,,
DATAFLOW,OECD.SDD.STES:DSD_STES@DF_FINMARK(4.0),Financial market,I,DEU,Germany,A,Annual,IRLT,Long-term interest rates,PA,Percent per annum,_Z,Not applicable,_Z,Not applicable,_Z,Not applicable,_Z,Not applicable,N,National,1982,,8.908334,,A,Normal value,0,Units,2,Two,,
DATAFLOW,OECD.SDD.STES:DSD_STES@DF_FINMARK(4.0),Financial market,I,DEU,Germany,A,Annual,IRLT,Long-term interest rates,PA,Percent per annum,_Z,Not applicable,_Z,Not applicable,_Z,Not applicable,_Z,Not applicable,N,National,1983,,8.083333,,A,Normal value,0,Units,2,Two,,
DATAFLOW,OECD.SDD.STES:DSD_STES@DF_FINMARK(4.0),Financial market,I,DEU,Germany,A,Annual,IRLT,Long-term interest rates,PA,Percent per annum,_Z,Not applicable,_Z,Not applicable,_Z,Not applicable,_Z,Not applicable,N,National,1984,,7.958333,,A,Normal value,0,Units,2,Two,,
DATAFLOW,OECD.SDD.STES:DSD_STES@DF_FINMARK(4.0),Financial market,I,DEU,Germany,A,Annual,IRLT,Long-term interest rates,PA,Percent per annum,_Z,Not applicable,_Z,Not applicable,_Z,Not applicable,_Z,Not applicable,N,National,1985,,7.041667,,A,Normal value,0,Units,2,Two,,
DATAFLOW,OECD.SDD.STES:DSD_STES@DF_FINMARK(4.0),Financial market,I,DEU,Germany,A,Annual,IRLT,Long-term interest rates,PA,Percent per annum,_Z,Not applicable,_Z,Not applicable,_Z,Not applicable,_Z,Not applicable,N,National,1986,,6.158333,,A,Normal value,0,Units,2,Two,,
DATAFLOW,OECD.SDD.STES:DSD_STES@DF_FINMARK(4.0),Financial market,I,DEU,Germany,A,Annual,IRLT,Long-term interest rates,PA,Percent per annum,_Z,Not applicable,_Z,Not applicable,_Z,Not applicable,_Z,Not applicable,N,National,1987,,6.25,,A,Normal value,0,Units,2,Two,,
DATAFLOW,OECD.SDD.STES:DSD_STES@DF_FINMARK(4.0),Financial market,I,DEU,Germany,A,Annual,IRLT,Long-term interest rates,PA,Percent per annum,_Z,Not applicable,_Z,Not applicable,_Z,Not applicable,_Z,Not applicable,N,National,1988,,6.491667,,A,Normal value,0,Units,2,Two,,
DATAFLOW,OECD.SDD.STES:DSD_STES@DF_FINMARK(4.0),Financial market,I,DEU,Germany,A,Annual,IRLT,Long-term interest rates,PA,Percent per annum,_Z,Not applicable,_Z,Not applicable,_Z,Not applicable,_Z,Not applicable,N,National,1989,,7.025,,A,Normal value,0,Units,2,Two,,
DATAFLOW,OECD.SDD.STES:DSD_STES@DF_FINMARK(4.0),Financial market,I,DEU,Germany,A,Annual,IRLT,Long-term interest rates,PA,Percent per annum,_Z,Not applicable,_Z,Not applicable,_Z,Not applicable,_Z,Not applicable,N,National,1990,,8.726459,,A,Normal value,0,Units,2,Two,,
DATAFLOW,OECD.SDD.STES:DSD_STES@DF_FINMARK(4.0),Financial market,I,DEU,Germany,A,Annual,IRLT,Long-term interest rates,PA,Percent per annum,_Z,Not applicable,_Z,Not applicable,_Z,Not applicable,_Z,Not applicable,N,National,1991,,8.445625,,A,Normal value,0,Units,2,Two,,
DATAFLOW,OECD.SDD.STES:DSD_STES@DF_FINMARK(4.0),Financial market,I,DEU,Germany,A,Annual,IRLT,Long-term interest rates,PA,Percent per annum,_Z,Not applicable,_Z,Not applicable,_Z,Not applicable,_Z,Not applicable,N,National,1992,,7.835208,,A,Normal value,0,Units,2,Two,,
DATAFLOW,OECD.SDD.STES:DSD_STES@DF_FINMARK(4.0),Financial market,I,DEU,Germany,A,Annual,IRLT,Long-term interest rates,PA,Percent per annum,_Z,Not applicable,_Z,Not applicable,_Z,Not applicable,_Z,Not applicable,N,National,1993,,6.496459,,A,Normal value,0,Units,2,Two,,
DATAFLOW,OECD.SDD.STES:DSD_STES@DF_FINMARK(4.0),Financial market,I,DEU,Germany,A,Annual,IRLT,Long-term interest rates,PA,Percent per annum,_Z,Not applicable,_Z,Not applicable,_Z,Not applicable,_Z,Not applicable,N,National,1994,,6.884414,,A,Normal value,0,Units,2,Two,,
DATAFLOW,OECD.SDD.STES:DSD_STES@DF_FINMARK(4.0),Financial market,I,DEU,Germany,A,Annual,IRLT,Long-term interest rates,PA,Percent per annum,_Z,Not applicable,_Z,Not applicable,_Z,Not applicable,_Z,Not applicable,N,National,1995,,6.850543,,A,Normal value,0,Units,2,Two,,
DATAFLOW,OECD.SDD.STES:DSD_STES@DF_FINMARK(4.0),Financial market,I,DEU,Germany,A,Annual,IRLT,Long-term interest rates,PA,Percent per annum,_Z,Not applicable,_Z,Not applicable,_Z,Not applicable,_Z,Not applicable,N,National,1996,,6.215378,,A,Normal value,0,Units,2,Two,,
DATAFLOW,OECD.SDD.STES:DSD_STES@DF_FINMARK(4.0),Financial market,I,DEU,Germany,A,Annual,IRLT,Long-term interest rates,PA,Percent per annum,_Z,Not applicable,_Z,Not applicable,_Z,Not applicable,_Z,Not applicable,N,National,1997,,5.640138,,A,Normal value,0,Units,2,Two,,
DATAFLOW,OECD.SDD.STES:DSD_STES@DF_FINMARK(4.0),Financial market,I,DEU,Germany,A,Annual,IRLT,Long-term interest rates,PA,Percent per annum,_Z,Not applicable,_Z,Not applicable,_Z,Not applicable,_Z,Not applicable,N,National,1998,,4.573801,,A,Normal value,0,Units,2,Two,,
DATAFLOW,OECD.SDD.STES:DSD_STES@DF_FINMARK(4.0),Financial market,I,DEU,Germany,A,Annual,IRLT,Long-term interest rates,PA,Percent per annum,_Z,Not applicable,_Z,Not applicable,_Z,Not applicable,_Z,Not applicable,N,National,1999,,4.49061,,A,Normal value,0,Units,2,Two,,
DATAFLOW,OECD.SDD.STES:DSD_STES@DF_FINMARK(4.0),Financial market,I,DEU,Germany,A,Annual,IRLT,Long-term interest rates,PA,Percent per annum,_Z,Not applicable,_Z,Not applicable,_Z,Not applicable,_Z,Not applicable,N,National,2000,,5.263958,,A,Normal value,0,Units,2,Two,,
DATAFLOW,OECD.SDD.STES:DSD_STES@DF_FINMARK(4.0),Financial market,I,DEU,Germany,A,Annual,IRLT,Long-term interest rates,PA,Percent per annum,_Z,Not applicable,_Z,Not applicable,_Z,Not applicable,_Z,Not applicable,N,National,2001,,4.796593,,A,Normal value,0,Units,2,Two,,
DATAFLOW,OECD.SDD.STES:DSD_STES@DF_FINMARK(4.0),Financial market,I,DEU,Germany,A,Annual,IRLT,Long-term interest rates,PA,Percent per annum,_Z,Not applicable,_Z,Not applicable,_Z,Not applicable,_Z,Not applicable,N,National,2002,,4.78358,,A,Normal value,0,Units,2,Two,,
DATAFLOW,OECD.SDD.STES:DSD_STES@DF_FINMARK(4.0),Financial market,I,DEU,Germany,A,Annual,IRLT,Long-term interest rates,PA,Percent per annum,_Z,Not applicable,_Z,Not applicable,_Z,Not applicable,_Z,Not applicable,N,National,2003,,4.071143,,A,Normal value,0,Units,2,Two,,
DATAFLOW,OECD.SDD.STES:DSD_STES@DF_FINMARK(4.0),Financial market,I,DEU,Germany,A,Annual,IRLT,Long-term interest rates,PA,Percent per annum,_Z,Not applicable,_Z,Not applicable,_Z,Not applicable,_Z,Not applicable,N,National,2004,,4.037156,,A,Normal value,0,Units,2,Two,,
DATAFLOW,OECD.SDD.STES:DSD_STES@DF_FINMARK(4.0),Financial market,I,DEU,Germany,A,Annual,IRLT,Long-term interest rates,PA,Percent per annum,_Z,Not applicable,_Z,Not applicable,_Z,Not applicable,_Z,Not applicable,N,National,2005,,3.354017,,A,Normal value,0,Units,2,Two,,
DATAFLOW,OECD.SDD.STES:DSD_STES@DF_FINMARK(4.0),Financial market,I,DEU,Germany,A,Annual,IRLT,Long-term interest rates,PA,Percent per annum,_Z,Not applicable,_Z,Not applicable,_Z,Not applicable,_Z,Not applicable,N,National,2006,,3.764125,,A,Normal value,0,Units,2,Two,,
DATAFLOW,OECD.SDD.STES:DSD_STES@DF_FINMARK(4.0),Financial market,I,DEU,Germany,A,Annual,IRLT,Long-term interest rates,PA,Percent per annum,_Z,Not applicable,_Z,Not applicable,_Z,Not applicable,_Z,Not applicable,N,National,2007,,4.216955,,A,Normal value,0,Units,2,Two,,
DATAFLOW,OECD.SDD.STES:DSD_STES@DF_FINMARK(4.0),Financial market,I,DEU,Germany,A,Annual,IRLT,Long-term interest rates,PA,Percent per annum,_Z,Not applicable,_Z,Not applicable,_Z,Not applicable,_Z,Not applicable,N,National,2008,,3.984768,,A,Normal value,0,Units,2,Two,,
DATAFLOW,OECD.SDD.STES:DSD_STES@DF_FINMARK(4.0),Financial market,I,DEU,Germany,A,Annual,IRLT,Long-term interest rates,PA,Percent per annum,_Z,Not applicable,_Z,Not applicable,_Z,Not applicable,_Z,Not applicable,N,National,2009,,3.222218,,A,Normal value,0,Units,2,Two,,
DATAFLOW,OECD.SDD.STES:DSD_STES@DF_FINMARK(4.0),Financial market,I,DEU,Germany,A,Annual,IRLT,Long-term interest rates,PA,Percent per annum,_Z,Not applicable,_Z,Not applicable,_Z,Not applicable,_Z,Not applicable,N,National,2010,,2.744267,,A,Normal value,0,Units,2,Two,,
DATAFLOW,OECD.SDD.STES:DSD_STES@DF_FINMARK(4.0),Financial market,I,DEU,Germany,A,Annual,IRLT,Long-term interest rates,PA,Percent per annum,_Z,Not applicable,_Z,Not applicable,_Z,Not applicable,_Z,Not applicable,N,National,2011,,2.609185,,A,Normal value,0,Units,2,Two,,
DATAFLOW,OECD.SDD.STES:DSD_STES@DF_FINMARK(4.0),Financial market,I,DEU,Germany,A,Annual,IRLT,Long-term interest rates,PA,Percent per annum,_Z,Not applicable,_Z,Not applicable,_Z,Not applicable,_Z,Not applicable,N,National,2012,,1.49513,,A,Normal value,0,Units,2,Two,,
DATAFLOW,OECD.SDD.STES:DSD_STES@DF_FINMARK(4.0),Financial market,I,DEU,Germany,A,Annual,IRLT,Long-term interest rates,PA,Percent per annum,_Z,Not applicable,_Z,Not applicable,_Z,Not applicable,_Z,Not applicable,N,National,2013,,1.571408,,A,Normal value,0,Units,2,Two,,
DATAFLOW,OECD.SDD.STES:DSD_STES@DF_FINMARK(4.0),Financial market,I,DEU,Germany,A,Annual,IRLT,Long-term interest rates,PA,Percent per annum,_Z,Not applicable,_Z,Not applicable,_Z,Not applicable,_Z,Not applicable,N,National,2014,,1.163472,,A,Normal value,0,Units,2,Two,,
DATAFLOW,OECD.SDD.STES:DSD_STES@DF_FINMARK(4.0),Financial market,I,DEU,Germany,A,Annual,IRLT,Long-term interest rates,PA,Percent per annum,_Z,Not applicable,_Z,Not applicable,_Z,Not applicable,_Z,Not applicable,N,National,2015,,0.4951937,,A,Normal value,0,Units,2,Two,,
DATAFLOW,OECD.SDD.STES:DSD_STES@DF_FINMARK(4.0),Financial market,I,DEU,Germany,A,Annual,IRLT,Long-term interest rates,PA,Percent per annum,_Z,Not applicable,_Z,Not applicable,_Z,Not applicable,_Z,Not applicable,N,National,2016,,0.09149919,,A,Normal value,0,Units,2,Two,,
DATAFLOW,OECD.SDD.STES:DSD_STES@DF_FINMARK(4.0),Financial market,I,DEU,Germany,A,Annual,IRLT,Long-term interest rates,PA,Percent per annum,_Z,Not applicable,_Z,Not applicable,_Z,Not applicable,_Z,Not applicable,N,National,2017,,0.3163361,,A,Normal value,0,Units,2,Two,,
DATAFLOW,OECD.SDD.STES:DSD_STES@DF_FINMARK(4.0),Financial market,I,DEU,Germany,A,Annual,IRLT,Long-term interest rates,PA,Percent per annum,_Z,Not applicable,_Z,Not applicable,_Z,Not applicable,_Z,Not applicable,N,National,2018,,0.396364,,A,Normal value,0,Units,2,Two,,
DATAFLOW,OECD.SDD.STES:DSD_STES@DF_FINMARK(4.0),Financial market,I,DEU,Germany,A,Annual,IRLT,Long-term interest rates,PA,Percent per annum,_Z,Not applicable,_Z,Not applicable,_Z,Not applicable,_Z,Not applicable,N,National,2019,,-0.2536345,,A,Normal value,0,Units,2,Two,,
DATAFLOW,OECD.SDD.STES:DSD_STES@DF_FINMARK(4.0),Financial market,I,DEU,Germany,A,Annual,IRLT,Long-term interest rates,PA,Percent per annum,_Z,Not applicable,_Z,Not applicable,_Z,Not applicable,_Z,Not applicable,N,National,2020,,-0.511024,,A,Normal value,0,Units,2,Two,,
DATAFLOW,OECD.SDD.STES:DSD_STES@DF_FINMARK(4.0),Financial market,I,DEU,Germany,A,Annual,IRLT,Long-term interest rates,PA,Percent per annum,_Z,Not applicable,_Z,Not applicable,_Z,Not applicable,_Z,Not applicable,N,National,2021,,-0.3738212,,A,Normal value,0,Units,2,Two,,
DATAFLOW,OECD.SDD.STES:DSD_STES@DF_FINMARK(4.0),Financial market,I,DEU,Germany,A,Annual,IRLT,Long-term interest rates,PA,Percent per annum,_Z,Not applicable,_Z,Not applicable,_Z,Not applicable,_Z,Not applicable,N,National,2022,,1.142583,,A,Normal value,0,Units,2,Two,,
DATAFLOW,OECD.SDD.STES:DSD_STES@DF_FINMARK(4.0),Financial market,I,DEU,Germany,A,Annual,IRLT,Long-term interest rates,PA,Percent per annum,_Z,Not applicable,_Z,Not applicable,_Z,Not applicable,_Z,Not applicable,N,National,2023,,2.434599,,A,Normal value,0,Units,2,Two,,
DATAFLOW,OECD.SDD.STES:DSD_STES@DF_FINMARK(4.0),Financial market,I,AUS,Australia,A,Annual,IRLT,Long-term interest rates,PA,Percent per annum,_Z,Not applicable,_Z,Not applicable,_Z,Not applicable,_Z,Not applicable,N,National,2013,,3.723042,,A,Normal value,0,Units,2,Two,,
DATAFLOW,OECD.SDD.STES:DSD_STES@DF_FINMARK(4.0),Financial market,I,AUS,Australia,A,Annual,IRLT,Long-term interest rates,PA,Percent per annum,_Z,Not applicable,_Z,Not applicable,_Z,Not applicable,_Z,Not applicable,N,National,2015,,2.7205,,A,Normal value,0,Units,2,Two,,
DATAFLOW,OECD.SDD.STES:DSD_STES@DF_FINMARK(4.0),Financial market,I,AUS,Australia,A,Annual,IRLT,Long-term interest rates,PA,Percent per annum,_Z,Not applicable,_Z,Not applicable,_Z,Not applicable,_Z,Not applicable,N,National,2017,,2.64125,,A,Normal value,0,Units,2,Two,,
DATAFLOW,OECD.SDD.STES:DSD_STES@DF_FINMARK(4.0),Financial market,I,AUS,Australia,A,Annual,IRLT,Long-term interest rates,PA,Percent per annum,_Z,Not applicable,_Z,Not applicable,_Z,Not applicable,_Z,Not applicable,N,National,2018,,2.681667,,A,Normal value,0,Units,2,Two,,
DATAFLOW,OECD.SDD.STES:DSD_STES@DF_FINMARK(4.0),Financial market,I,AUS,Australia,A,Annual,IRLT,Long-term interest rates,PA,Percent per annum,_Z,Not applicable,_Z,Not applicable,_Z,Not applicable,_Z,Not applicable,N,National,2019,,1.497083,,A,Normal value,0,Units,2,Two,,
DATAFLOW,OECD.SDD.STES:DSD_STES@DF_FINMARK(4.0),Financial market,I,AUS,Australia,A,Annual,IRLT,Long-term interest rates,PA,Percent per annum,_Z,Not applicable,_Z,Not applicable,_Z,Not applicable,_Z,Not applicable,N,National,2020,,0.9201667,,A,Normal value,0,Units,2,Two,,
DATAFLOW,OECD.SDD.STES:DSD_STES@DF_FINMARK(4.0),Financial market,I,AUS,Australia,A,Annual,IRLT,Long-term interest rates,PA,Percent per annum,_Z,Not applicable,_Z,Not applicable,_Z,Not applicable,_Z,Not applicable,N,National,2022,,3.1965,,A,Normal value,0,Units,2,Two,,
DATAFLOW,OECD.SDD.STES:DSD_STES@DF_FINMARK(4.0),Financial market,I,AUS,Australia,A,Annual,IRLT,Long-term interest rates,PA,Percent per annum,_Z,Not applicable,_Z,Not applicable,_Z,Not applicable,_Z,Not applicable,N,National,2023,,3.942167,,A,Normal value,0,Units,2,Two,,
DATAFLOW,OECD.SDD.STES:DSD_STES@DF_FINMARK(4.0),Financial market,I,BEL,Belgium,A,Annual,IRLT,Long-term interest rates,PA,Percent per annum,_Z,Not applicable,_Z,Not applicable,_Z,Not applicable,_Z,Not applicable,N,National,1988,,8.00725,,A,Normal value,0,Units,2,Two,,
DATAFLOW,OECD.SDD.STES:DSD_STES@DF_FINMARK(4.0),Financial market,I,BEL,Belgium,A,Annual,IRLT,Long-term interest rates,PA,Percent per annum,_Z,Not applicable,_Z,Not applicable,_Z,Not applicable,_Z,Not applicable,N,National,1989,,8.538584,,A,Normal value,0,Units,2,Two,,
DATAFLOW,OECD.SDD.STES:DSD_STES@DF_FINMARK(4.0),Financial market,I,BEL,Belgium,A,Annual,IRLT,Long-term interest rates,PA,Percent per annum,_Z,Not applicable,_Z,Not applicable,_Z,Not applicable,_Z,Not applicable,N,National,1990,,10.00608,,A,Normal value,0,Units,2,Two,,
DATAFLOW,OECD.SDD.STES:DSD_STES@DF_FINMARK(4.0),Financial market,I,BEL,Belgium,A,Annual,IRLT,Long-term interest rates,PA,Percent per annum,_Z,Not applicable,_Z,Not applicable,_Z,Not applicable,_Z,Not applicable,N,National,1991,,9.28475,,A,Normal value,0,Units,2,Two,,
DATAFLOW,OECD.SDD.STES:DSD_STES@DF_FINMARK(4.0),Financial market,I,BEL,Belgium,A,Annual,IRLT,Long-term interest rates,PA,Percent per annum,_Z,Not applicable,_Z,Not applicable,_Z,Not applicable,_Z,Not applicable,N,National,1992,,8.651834,,A,Normal value,0,Units,2,Two,,
DATAFLOW,OECD.SDD.STES:DSD_STES@DF_FINMARK(4.0),Financial market,I,BEL,Belgium,A,Annual,IRLT,Long-term interest rates,PA,Percent per annum,_Z,Not applicable,_Z,Not applicable,_Z,Not applicable,_Z,Not applicable,N,National,1993,,7.22825,,A,Normal value,0,Units,2,Two,,
DATAFLOW,OECD.SDD.STES:DSD_STES@DF_FINMARK(4.0),Financial market,I,BEL,Belgium,A,Annual,IRLT,Long-term interest rates,PA,Percent per annum,_Z,Not applicable,_Z,Not applicable,_Z,Not applicable,_Z,Not applicable,N,National,1994,,7.747917,,A,Normal value,0,Units,2,Two,,
DATAFLOW,OECD.SDD.STES:DSD_STES@DF_FINMARK(4.0),Financial market,I,BEL,Belgium,A,Annual,IRLT,Long-term interest rates,PA,Percent per annum,_Z,Not applicable,_Z,Not applicable,_Z,Not applicable,_Z,Not applicable,N,National,1995,,7.480917,,A,Normal value,0,Units,2,Two,,
DATAFLOW,OECD.SDD.STES:DSD_STES@DF_FINMARK(4.0),Financial market,I,BEL,Belgium,A,Annual,IRLT,Long-term interest rates,PA,Percent per annum,_Z,Not applicable,_Z,Not applicable,_Z,Not applicable,_Z,Not applicable,N,National,1996,,6.49175,,A,Normal value,0,Units,2,Two,,
DATAFLOW,OECD.SDD.STES:DSD_STES@DF_FINMARK(4.0),Financial market,I,BEL,Belgium,A,Annual,IRLT,Long-term interest rates,PA,Percent per annum,_Z,Not applicable,_Z,Not applicable,_Z,Not applicable,_Z,Not applicable,N,National,1997,,5.754,,A,Normal value,0,Units,2,Two,,
DATAFLOW,OECD.SDD.STES:DSD_STES@DF_FINMARK(4.0),Financial market,I,BEL,Belgium,A,Annual,IRLT,Long-term interest rates,PA,Percent per annum,_Z,Not applicable,_Z,Not applicable,_Z,Not applicable,_Z,Not applicable,N,National,1998,,4.751333,,A,Normal value,0,Units,2,Two,,
DATAFLOW,OECD.SDD.STES:DSD_STES@DF_FINMARK(4.0),Financial market,I,BEL,Belgium,A,Annual,IRLT,Long-term interest rates,PA,Percent per annum,_Z,Not applicable,_Z,Not applicable,_Z,Not applicable,_Z,Not applicable,N,National,1999,,4.750083,,A,Normal value,0,Units,2,Two,,
DATAFLOW,OECD.SDD.STES:DSD_STES@DF_FINMARK(4.0),Financial market,I,BEL,Belgium,A,Annual,IRLT,Long-term interest rates,PA,Percent per annum,_Z,Not applicable,_Z,Not applicable,_Z,Not applicable,_Z,Not applicable,N,National,2000,,5.59275,,A,Normal value,0,Units,2,Two,,
DATAFLOW,OECD.SDD.STES:DSD_STES@DF_FINMARK(4.0),Financial market,I,BEL,Belgium,A,Annual,IRLT,Long-term interest rates,PA,Percent per annum,_Z,Not applicable,_Z,Not applicable,_Z,Not applicable,_Z,Not applicable,N,National,2001,,5.129167,,A,Normal value,0,Units,2,Two,,
DATAFLOW,OECD.SDD.STES:DSD_STES@DF_FINMARK(4.0),Financial market,I,BEL,Belgium,A,Annual,IRLT,Long-term interest rates,PA,Percent per annum,_Z,Not applicable,_Z,Not applicable,_Z,Not applicable,_Z,Not applicable,N,National,2002,,4.986166,,A,Normal value,0,Units,2,Two,,
DATAFLOW,OECD.SDD.STES:DSD_STES@DF_FINMARK(4.0),Financial market,I,BEL,Belgium,A,Annual,IRLT,Long-term interest rates,PA,Percent per annum,_Z,Not applicable,_Z,Not applicable,_Z,Not applicable,_Z,Not applicable,N,National,2003,,4.18,,A,Normal value,0,Units,2,Two,,
DATAFLOW,OECD.SDD.STES:DSD_STES@DF_FINMARK(4.0),Financial market,I,BEL,Belgium,A,Annual,IRLT,Long-term interest rates,PA,Percent per annum,_Z,Not applicable,_Z,Not applicable,_Z,Not applicable,_Z,Not applicable,N,National,2004,,4.152,,A,Normal value,0,Units,2,Two,,
DATAFLOW,OECD.SDD.STES:DSD_STES@DF_FINMARK(4.0),Financial market,I,BEL,Belgium,A,Annual,IRLT,Long-term interest rates,PA,Percent per annum,_Z,Not applicable,_Z,Not applicable,_Z,Not applicable,_Z,Not applicable,N,National,2005,,3.429417,,A,Normal value,0,Units,2,Two,,
DATAFLOW,OECD.SDD.STES:DSD_STES@DF_FINMARK(4.0),Financial market,I,BEL,Belgium,A,Annual,IRLT,Long-term interest rates,PA,Percent per annum,_Z,Not applicable,_Z,Not applicable,_Z,Not applicable,_Z,Not applicable,N,National,2006,,3.814333,,A,Normal value,0,Units,2,Two,,
DATAFLOW,OECD.SDD.STES:DSD_STES@DF_FINMARK(4.0),Financial market,I,BEL,Belgium,A,Annual,IRLT,Long-term interest rates,PA,Percent per annum,_Z,Not applicable,_Z,Not applicable,_Z,Not applicable,_Z,Not applicable,N,National,2007,,4.328917,,A,Normal value,0,Units,2,Two,,
DATAFLOW,OECD.SDD.STES:DSD_STES@DF_FINMARK(4.0),Financial market,I,BEL,Belgium,A,Annual,IRLT,Long-term interest rates,PA,Percent per annum,_Z,Not applicable,_Z,Not applicable,_Z,Not applicable,_Z,Not applicable,N,National,2008,,4.41725,,A,Normal value,0,Units,2,Two,,
DATAFLOW,OECD.SDD.STES:DSD_STES@DF_FINMARK(4.0),Financial market,I,BEL,Belgium,A,Annual,IRLT,Long-term interest rates,PA,Percent per annum,_Z,Not applicable,_Z,Not applicable,_Z,Not applicable,_Z,Not applicable,N,National,2009,,3.902083,,A,Normal value,0,Units,2,Two,,
DATAFLOW,OECD.SDD.STES:DSD_STES@DF_FINMARK(4.0),Financial market,I,BEL,Belgium,A,Annual,IRLT,Long-term interest rates,PA,Percent per annum,_Z,Not applicable,_Z,Not applicable,_Z,Not applicable,_Z,Not applicable,N,National,2010,,3.46175,,A,Normal value,0,Units,2,Two,,
DATAFLOW,OECD.SDD.STES:DSD_STES@DF_FINMARK(4.0),Financial market,I,BEL,Belgium,A,Annual,IRLT,Long-term interest rates,PA,Percent per annum,_Z,Not applicable,_Z,Not applicable,_Z,Not applicable,_Z,Not applicable,N,National,2011,,4.233,,A,Normal value,0,Units,2,Two,,
DATAFLOW,OECD.SDD.STES:DSD_STES@DF_FINMARK(4.0),Financial market,I,BEL,Belgium,A,Annual,IRLT,Long-term interest rates,PA,Percent per annum,_Z,Not applicable,_Z,Not applicable,_Z,Not applicable,_Z,Not applicable,N,National,2012,,3.000583,,A,Normal value,0,Units,2,Two,,
DATAFLOW,OECD.SDD.STES:DSD_STES@DF_FINMARK(4.0),Financial market,I,BEL,Belgium,A,Annual,IRLT,Long-term interest rates,PA,Percent per annum,_Z,Not applicable,_Z,Not applicable,_Z,Not applicable,_Z,Not applicable,N,National,2013,,2.411667,,A,Normal value,0,Units,2,Two,,
DATAFLOW,OECD.SDD.STES:DSD_STES@DF_FINMARK(4.0),Financial market,I,BEL,Belgium,A,Annual,IRLT,Long-term interest rates,PA,Percent per annum,_Z,Not applicable,_Z,Not applicable,_Z,Not applicable,_Z,Not applicable,N,National,2014,,1.713417,,A,Normal value,0,Units,2,Two,,
DATAFLOW,OECD.SDD.STES:DSD_STES@DF_FINMARK(4.0),Financial market,I,BEL,Belgium,A,Annual,IRLT,Long-term interest rates,PA,Percent per annum,_Z,Not applicable,_Z,Not applicable,_Z,Not applicable,_Z,Not applicable,N,National,2015,,0.8406667,,A,Normal value,0,Units,2,Two,,
DATAFLOW,OECD.SDD.STES:DSD_STES@DF_FINMARK(4.0),Financial market,I,BEL,Belgium,A,Annual,IRLT,Long-term interest rates,PA,Percent per annum,_Z,Not applicable,_Z,Not applicable,_Z,Not applicable,_Z,Not applicable,N,National,2016,,0.4744167,,A,Normal value,0,Units,2,Two,,
DATAFLOW,OECD.SDD.STES:DSD_STES@DF_FINMARK(4.0),Financial market,I,BEL,Belgium,A,Annual,IRLT,Long-term interest rates,PA,Percent per annum,_Z,Not applicable,_Z,Not applicable,_Z,Not applicable,_Z,Not applicable,N,National,2017,,0.7241667,,A,Normal value,0,Units,2,Two,,
DATAFLOW,OECD.SDD.STES:DSD_STES@DF_FINMARK(4.0),Financial market,I,BEL,Belgium,A,Annual,IRLT,Long-term interest rates,PA,Percent per annum,_Z,Not applicable,_Z,Not applicable,_Z,Not applicable,_Z,Not applicable,N,National,2018,,0.79575,,A,Normal value,0,Units,2,Two,,
DATAFLOW,OECD.SDD.STES:DSD_STES@DF_FINMARK(4.0),Financial market,I,BEL,Belgium,A,Annual,IRLT,Long-term interest rates,PA,Percent per annum,_Z,Not applicable,_Z,Not applicable,_Z,Not applicable,_Z,Not applicable,N,National,2019,,0.19175,,A,Normal value,0,Units,2,Two,,
DATAFLOW,OECD.SDD.STES:DSD_STES@DF_FINMARK(4.0),Financial market,I,BEL,Belgium,A,Annual,IRLT,Long-term interest rates,PA,Percent per annum,_Z,Not applicable,_Z,Not applicable,_Z,Not applicable,_Z,Not applicable,N,National,2020,,-0.1475,,A,Normal value,0,Units,2,Two,,
DATAFLOW,OECD.SDD.STES:DSD_STES@DF_FINMARK(4.0),Financial market,I,BEL,Belgium,A,Annual,IRLT,Long-term interest rates,PA,Percent per annum,_Z,Not applicable,_Z,Not applicable,_Z,Not applicable,_Z,Not applicable,N,National,2021,,-0.01283333,,A,Normal value,0,Units,2,Two,,
DATAFLOW,OECD.SDD.STES:DSD_STES@DF_FINMARK(4.0),Financial market,I,BEL,Belgium,A,Annual,IRLT,Long-term interest rates,PA,Percent per annum,_Z,Not applicable,_Z,Not applicable,_Z,Not applicable,_Z,Not applicable,N,National,2023,,3.088333,,A,Normal value,0,Units,2,Two,,
DATAFLOW,OECD.SDD.STES:DSD_STES@DF_FINMARK(4.0),Financial market,I,CAN,Canada,A,Annual,IRLT,Long-term interest rates,PA,Percent per annum,_Z,Not applicable,_Z,Not applicable,_Z,Not applicable,_Z,Not applicable,N,National,2019,,1.588883,,A,Normal value,0,Units,2,Two,,
DATAFLOW,OECD.SDD.STES:DSD_STES@DF_FINMARK(4.0),Financial market,I,CAN,Canada,A,Annual,IRLT,Long-term interest rates,PA,Percent per annum,_Z,Not applicable,_Z,Not applicable,_Z,Not applicable,_Z,Not applicable,N,National,2022,,2.770586,,A,Normal value,0,Units,2,Two,,
DATAFLOW,OECD.SDD.STES:DSD_STES@DF_FINMARK(4.0),Financial market,I,CAN,Canada,A,Annual,IRLT,Long-term interest rates,PA,Percent per annum,_Z,Not applicable,_Z,Not applicable,_Z,Not applicable,_Z,Not applicable,N,National,2023,,3.361192,,A,Normal value,0,Units,2,Two,,
DATAFLOW,OECD.SDD.STES:DSD_STES@DF_FINMARK(4.0),Financial market,I,CHL,Chile,A,Annual,IRLT,Long-term interest rates,PA,Percent per annum,_Z,Not applicable,_Z,Not applicable,_Z,Not applicable,_Z,Not applicable,N,National,2005,,6.006973,,A,Normal value,0,Units,2,Two,,
DATAFLOW,OECD.SDD.STES:DSD_STES@DF_FINMARK(4.0),Financial market,I,CHL,Chile,A,Annual,IRLT,Long-term interest rates,PA,Percent per annum,_Z,Not applicable,_Z,Not applicable,_Z,Not applicable,_Z,Not applicable,N,National,2007,,6.08287,,A,Normal value,0,Units,2,Two,,
DATAFLOW,OECD.SDD.STES:DSD_STES@DF_FINMARK(4.0),Financial market,I,CHL,Chile,A,Annual,IRLT,Long-term interest rates,PA,Percent per annum,_Z,Not applicable,_Z,Not applicable,_Z,Not applicable,_Z,Not applicable,N,National,2008,,6.945093,,A,Normal value,0,Units,2,Two,,
DATAFLOW,OECD.SDD.STES:DSD_STES@DF_FINMARK(4.0),Financial market,I,COL,Colombia,A,Annual,IRLT,Long-term interest rates,PA,Percent per annum,_Z,Not applicable,_Z,Not applicable,_Z,Not applicable,_Z,Not applicable,N,National,2003,,15.18833,,A,Normal value,0,Units,2,Two,,
DATAFLOW,OECD.SDD.STES:DSD_STES@DF_FINMARK(4.0),Financial market,I,COL,Colombia,A,Annual,IRLT,Long-term interest rates,PA,Percent per annum,_Z,Not applicable,_Z,Not applicable,_Z,Not applicable,_Z,Not applicable,N,National,2004,,14.34083,,A,Normal value,0,Units,2,Two,,
DATAFLOW,OECD.SDD.STES:DSD_STES@DF_FINMARK(4.0),Financial market,I,COL,Colombia,A,Annual,IRLT,Long-term interest rates,PA,Percent per annum,_Z,Not applicable,_Z,Not applicable,_Z,Not applicable,_Z,Not applicable,N,National,2005,,11.555,,A,Normal value,0,Units,2,Two,,
DATAFLOW,OECD.SDD.STES:DSD_STES@DF_FINMARK(4.0),Financial market,I,COL,Colombia,A,Annual,IRLT,Long-term interest rates,PA,Percent per annum,_Z,Not applicable,_Z,Not applicable,_Z,Not applicable,_Z,Not applicable,N,National,2006,,9.155833,,A,Normal value,0,Units,2,Two,,
DATAFLOW,OECD.SDD.STES:DSD_STES@DF_FINMARK(4.0),Financial market,I,COL,Colombia,A,Annual,IRLT,Long-term interest rates,PA,Percent per annum,_Z,Not applicable,_Z,Not applicable,_Z,Not applicable,_Z,Not applicable,N,National,2007,,10.04833,,A,Normal value,0,Units,2,Two,,
DATAFLOW,OECD.SDD.STES:DSD_STES@DF_FINMARK(4.0),Financial market,I,COL,Colombia,A,Annual,IRLT,Long-term interest rates,PA,Percent per annum,_Z,Not applicable,_Z,Not applicable,_Z,Not applicable,_Z,Not applicable,N,National,2008,,11.8925,,A,Normal value,0,Units,2,Two,,
DATAFLOW,OECD.SDD.STES:DSD_STES@DF_FINMARK(4.0),Financial market,I,COL,Colombia,A,Annual,IRLT,Long-term interest rates,PA,Percent per annum,_Z,Not applicable,_Z,Not applicable,_Z,Not applicable,_Z,Not applicable,N,National,2009,,9.469167,,A,Normal value,0,Units,2,Two,,
DATAFLOW,OECD.SDD.STES:DSD_STES@DF_FINMARK(4.0),Financial market,I,COL,Colombia,A,Annual,IRLT,Long-term interest rates,PA,Percent per annum,_Z,Not applicable,_Z,Not applicable,_Z,Not applicable,_Z,Not applicable,N,National,2010,,8.465834,,A,Normal value,0,Units,2,Two,,
DATAFLOW,OECD.SDD.STES:DSD_STES@DF_FINMARK(4.0),Financial market,I,COL,Colombia,A,Annual,IRLT,Long-term interest rates,PA,Percent per annum,_Z,Not applicable,_Z,Not applicable,_Z,Not applicable,_Z,Not applicable,N,National,2011,,8.088333,,A,Normal value,0,Units,2,Two,,
DATAFLOW,OECD.SDD.STES:DSD_STES@DF_FINMARK(4.0),Financial market,I,COL,Colombia,A,Annual,IRLT,Long-term interest rates,PA,Percent per annum,_Z,Not applicable,_Z,Not applicable,_Z,Not applicable,_Z,Not applicable,N,National,2012,,6.813334,,A,Normal value,0,Units,2,Two,,
DATAFLOW,OECD.SDD.STES:DSD_STES@DF_FINMARK(4.0),Financial market,I,COL,Colombia,A,Annual,IRLT,Long-term interest rates,PA,Percent per annum,_Z,Not applicable,_Z,Not applicable,_Z,Not applicable,_Z,Not applicable,N,National,2013,,6.495,,A,Normal value,0,Units,2,Two,,
DATAFLOW,OECD.SDD.STES:DSD_STES@DF_FINMARK(4.0),Financial market,I,COL,Colombia,A,Annual,IRLT,Long-term interest rates,PA,Percent per annum,_Z,Not applicable,_Z,Not applicable,_Z,Not applicable,_Z,Not applicable,N,National,2014,,7.055833,,A,Normal value,0,Units,2,Two,,
DATAFLOW,OECD.SDD.STES:DSD_STES@DF_FINMARK(4.0),Financial market,I,COL,Colombia,A,Annual,IRLT,Long-term interest rates,PA,Percent per annum,_Z,Not applicable,_Z,Not applicable,_Z,Not applicable,_Z,Not applicable,N,National,2015,,7.854167,,A,Normal value,0,Units,2,Two,,
DATAFLOW,OECD.SDD.STES:DSD_STES@DF_FINMARK(4.0),Financial market,I,COL,Colombia,A,Annual,IRLT,Long-term interest rates,PA,Percent per annum,_Z,Not applicable,_Z,Not applicable,_Z,Not applicable,_Z,Not applicable,N,National,2016,,7.905833,,A,Normal value,0,Units,2,Two,,
DATAFLOW,OECD.SDD.STES:DSD_STES@DF_FINMARK(4.0),Financial market,I,COL,Colombia,A,Annual,IRLT,Long-term interest rates,PA,Percent per annum,_Z,Not applicable,_Z,Not applicable,_Z,Not applicable,_Z,Not applicable,N,National,2017,,6.771667,,A,Normal value,0,Units,2,Two,,
DATAFLOW,OECD.SDD.STES:DSD_STES@DF_FINMARK(4.0),Financial market,I,COL,Colombia,A,Annual,IRLT,Long-term interest rates,PA,Percent per annum,_Z,Not applicable,_Z,Not applicable,_Z,Not applicable,_Z,Not applicable,N,National,2018,,6.995833,,A,Normal value,0,Units,2,Two,,
DATAFLOW,OECD.SDD.STES:DSD_STES@DF_FINMARK(4.0),Financial market,I,COL,Colombia,A,Annual,IRLT,Long-term interest rates,PA,Percent per annum,_Z,Not applicable,_Z,Not applicable,_Z,Not applicable,_Z,Not applicable,N,National,2022,,11.68417,,A,Normal value,0,Units,2,Two,,
DATAFLOW,OECD.SDD.STES:DSD_STES@DF_FINMARK(4.0),Financial market,I,CRI,Costa Rica,A,Annual,IRLT,Long-term interest rates,PA,Percent per annum,_Z,Not applicable,_Z,Not applicable,_Z,Not applicable,_Z,Not applicable,N,National,2014,,9.836667,,A,Normal value,0,Units,2,Two,,
DATAFLOW,OECD.SDD.STES:DSD_STES@DF_FINMARK(4.0),Financial market,I,CRI,Costa Rica,A,Annual,IRLT,Long-term interest rates,PA,Percent per annum,_Z,Not applicable,_Z,Not applicable,_Z,Not applicable,_Z,Not applicable,N,National,2015,,9.63,,A,Normal value,0,Units,2,Two,,
DATAFLOW,OECD.SDD.STES:DSD_STES@DF_FINMARK(4.0),Financial market,I,CRI,Costa Rica,A,Annual,IRLT,Long-term interest rates,PA,Percent per annum,_Z,Not applicable,_Z,Not applicable,_Z,Not applicable,_Z,Not applicable,N,National,2016,,8.335,,A,Normal value,0,Units,2,Two,,
DATAFLOW,OECD.SDD.STES:DSD_STES@DF_FINMARK(4.0),Financial market,I,CRI,Costa Rica,A,Annual,IRLT,Long-term interest rates,PA,Percent per annum,_Z,Not applicable,_Z,Not applicable,_Z,Not applicable,_Z,Not applicable,N,National,2017,,8.906667,,A,Normal value,0,Units,2,Two,,
DATAFLOW,OECD.SDD.STES:DSD_STES@DF_FINMARK(4.0),Financial market,I,CRI,Costa Rica,A,Annual,IRLT,Long-term interest rates,PA,Percent per annum,_Z,Not applicable,_Z,Not applicable,_Z,Not applicable,_Z,Not applicable,N,National,2018,,9.9625,,A,Normal value,0,Units,2,Two,,
DATAFLOW,OECD.SDD.STES:DSD_STES@DF_FINMARK(4.0),Financial market,I,CRI,Costa Rica,A,Annual,IRLT,Long-term interest rates,PA,Percent per annum,_Z,Not applicable,_Z,Not applicable,_Z,Not applicable,_Z,Not applicable,N,National,2019,,10.61667,,A,Normal value,0,Units,2,Two,,
DATAFLOW,OECD.SDD.STES:DSD_STES@DF_FINMARK(4.0),Financial market,I,CRI,Costa Rica,A,Annual,IRLT,Long-term interest rates,PA,Percent per annum,_Z,Not applicable,_Z,Not applicable,_Z,Not applicable,_Z,Not applicable,N,National,2020,,8.836667,,A,Normal value,0,Units,2,Two,,
DATAFLOW,OECD.SDD.STES:DSD_STES@DF_FINMARK(4.0),Financial market,I,CRI,Costa Rica,A,Annual,IRLT,Long-term interest rates,PA,Percent per annum,_Z,Not applicable,_Z,Not applicable,_Z,Not applicable,_Z,Not applicable,N,National,2021,,7.933333,,A,Normal value,0,Units,2,Two,,
DATAFLOW,OECD.SDD.STES:DSD_STES@DF_FINMARK(4.0),Financial market,I,CRI,Costa Rica,A,Annual,IRLT,Long-term interest rates,PA,Percent per annum,_Z,Not applicable,_Z,Not applicable,_Z,Not applicable,_Z,Not applicable,N,National,2022,,8.018333,,A,Normal value,0,Units,2,Two,,
DATAFLOW,OECD.SDD.STES:DSD_STES@DF_FINMARK(4.0),Financial market,I,CRI,Costa Rica,A,Annual,IRLT,Long-term interest rates,PA,Percent per annum,_Z,Not applicable,_Z,Not applicable,_Z,Not applicable,_Z,Not applicable,N,National,2023,,8.106667,,A,Normal value,0,Units,2,Two,,
DATAFLOW,OECD.SDD.STES:DSD_STES@DF_FINMARK(4.0),Financial market,I,DNK,Denmark,A,Annual,IRLT,Long-term interest rates,PA,Percent per annum,_Z,Not applicable,_Z,Not applicable,_Z,Not applicable,_Z,Not applicable,N,National,1987,,11.28433,,A,Normal value,0,Units,2,Two,,
DATAFLOW,OECD.SDD.STES:DSD_STES@DF_FINMARK(4.0),Financial market,I,DNK,Denmark,A,Annual,IRLT,Long-term interest rates,PA,Percent per annum,_Z,Not applicable,_Z,Not applicable,_Z,Not applicable,_Z,Not applicable,N,National,1988,,9.88375,,A,Normal value,0,Units,2,Two,,
DATAFLOW,OECD.SDD.STES:DSD_STES@DF_FINMARK(4.0),Financial market,I,DNK,Denmark,A,Annual,IRLT,Long-term interest rates,PA,Percent per annum,_Z,Not applicable,_Z,Not applicable,_Z,Not applicable,_Z,Not applicable,N,National,1989,,9.706333,,A,Normal value,0,Units,2,Two,,
DATAFLOW,OECD.SDD.STES:DSD_STES@DF_FINMARK(4.0),Financial market,I,DNK,Denmark,A,Annual,IRLT,Long-term interest rates,PA,Percent per annum,_Z,Not applicable,_Z,Not applicable,_Z,Not applicable,_Z,Not applicable,N,National,1990,,10.62867,,A,Normal value,0,Units,2,Two,,
DATAFLOW,OECD.SDD.STES:DSD_STES@DF_FINMARK(4.0),Financial market,I,DNK,Denmark,A,Annual,IRLT,Long-term interest rates,PA,Percent per annum,_Z,Not applicable,_Z,Not applicable,_Z,Not applicable,_Z,Not applicable,N,National,1991,,9.262584,,A,Normal value,0,Units,2,Two,,
DATAFLOW,OECD.SDD.STES:DSD_STES@DF_FINMARK(4.0),Financial market,I,DNK,Denmark,A,Annual,IRLT,Long-term interest rates,PA,Percent per annum,_Z,Not applicable,_Z,Not applicable,_Z,Not applicable,_Z,Not applicable,N,National,1992,,8.9875,,A,Normal value,0,Units,2,Two,,
DATAFLOW,OECD.SDD.STES:DSD_STES@DF_FINMARK(4.0),Financial market,I,DNK,Denmark,A,Annual,IRLT,Long-term interest rates,PA,Percent per annum,_Z,Not applicable,_Z,Not applicable,_Z,Not applicable,_Z,Not applicable,N,National,2023,,2.67775,,A,Normal value,0,Units,2,Two,,
DATAFLOW,OECD.SDD.STES:DSD_STES@DF_FINMARK(4.0),Financial market,I,FIN,Finland,A,Annual,IRLT,Long-term interest rates,PA,Percent per annum,_Z,Not applicable,_Z,Not applicable,_Z,Not applicable,_Z,Not applicable,N,National,2023,,3.0375,,A,Normal value,0,Units,2,Two,,
DATAFLOW,OECD.SDD.STES:DSD_STES@DF_FINMARK(4.0),Financial market,I,GRC,Greece,A,Annual,IRLT,Long-term interest rates,PA,Percent per annum,_Z,Not applicable,_Z,Not applicable,_Z,Not applicable,_Z,Not applicable,N,National,2003,,4.2675,,A,Normal value,0,Units,2,Two,,
DATAFLOW,OECD.SDD.STES:DSD_STES@DF_FINMARK(4.0),Financial market,I,GRC,Greece,A,Annual,IRLT,Long-term interest rates,PA,Percent per annum,_Z,Not applicable,_Z,Not applicable,_Z,Not applicable,_Z,Not applicable,N,National,2004,,4.255833,,A,Normal value,0,Units,2,Two,,
DATAFLOW,OECD.SDD.STES:DSD_STES@DF_FINMARK(4.0),Financial market,I,GRC,Greece,A,Annual,IRLT,Long-term interest rates,PA,Percent per annum,_Z,Not applicable,_Z,Not applicable,_Z,Not applicable,_Z,Not applicable,N,National,2008,,4.8025,,A,Normal value,0,Units,2,Two,,
DATAFLOW,OECD.SDD.STES:DSD_STES@DF_FINMARK(4.0),Financial market,I,GRC,Greece,A,Annual,IRLT,Long-term interest rates,PA,Percent per annum,_Z,Not applicable,_Z,Not applicable,_Z,Not applicable,_Z,Not applicable,N,National,2009,,5.174167,,A,Normal value,0,Units,2,Two,,
DATAFLOW,OECD.SDD.STES:DSD_STES@DF_FINMARK(4.0),Financial market,I,GRC,Greece,A,Annual,IRLT,Long-term interest rates,PA,Percent per annum,_Z,Not applicable,_Z,Not applicable,_Z,Not applicable,_Z,Not applicable,N,National,2012,,22.4975,,A,Normal value,0,Units,2,Two,,
DATAFLOW,OECD.SDD.STES:DSD_STES@DF_FINMARK(4.0),Financial market,I,GRC,Greece,A,Annual,IRLT,Long-term interest rates,PA,Percent per annum,_Z,Not applicable,_Z,Not applicable,_Z,Not applicable,_Z,Not applicable,N,National,2015,,9.666364,,A,Normal value,0,Units,2,Two,,
DATAFLOW,OECD.SDD.STES:DSD_STES@DF_FINMARK(4.0),Financial market,I,GRC,Greece,A,Annual,IRLT,Long-term interest rates,PA,Percent per annum,_Z,Not applicable,_Z,Not applicable,_Z,Not applicable,_Z,Not applicable,N,National,2021,,0.8841667,,A,Normal value,0,Units,2,Two,,
DATAFLOW,OECD.SDD.STES:DSD_STES@DF_FINMARK(4.0),Financial market,I,IRL,Ireland,A,Annual,IRLT,Long-term interest rates,PA,Percent per annum,_Z,Not applicable,_Z,Not applicable,_Z,Not applicable,_Z,Not applicable,N,National,1971,,9.385629,,A,Normal value,0,Units,2,Two,,
DATAFLOW,OECD.SDD.STES:DSD_STES@DF_FINMARK(4.0),Financial market,I,IRL,Ireland,A,Annual,IRLT,Long-term interest rates,PA,Percent per annum,_Z,Not applicable,_Z,Not applicable,_Z,Not applicable,_Z,Not applicable,N,National,1972,,9.216305,,A,Normal value,0,Units,2,Two,,
DATAFLOW,OECD.SDD.STES:DSD_STES@DF_FINMARK(4.0),Financial market,I,IRL,Ireland,A,Annual,IRLT,Long-term interest rates,PA,Percent per annum,_Z,Not applicable,_Z,Not applicable,_Z,Not applicable,_Z,Not applicable,N,National,1973,,10.88838,,A,Normal value,0,Units,2,Two,,
DATAFLOW,OECD.SDD.STES:DSD_STES@DF_FINMARK(4.0),Financial market,I,IRL,Ireland,A,Annual,IRLT,Long-term interest rates,PA,Percent per annum,_Z,Not applicable,_Z,Not applicable,_Z,Not applicable,_Z,Not applicable,N,National,1974,,14.8531,,A,Normal value,0,Units,2,Two,,
DATAFLOW,OECD.SDD.STES:DSD_STES@DF_FINMARK(4.0),Financial market,I,IRL,Ireland,A,Annual,IRLT,Long-term interest rates,PA,Percent per annum,_Z,Not applicable,_Z,Not applicable,_Z,Not applicable,_Z,Not applicable,N,National,1975,,14.1902,,A,Normal value,0,Units,2,Two,,
DATAFLOW,OECD.SDD.STES:DSD_STES@DF_FINMARK(4.0),Financial market,I,IRL,Ireland,A,Annual,IRLT,Long-term interest rates,PA,Percent per annum,_Z,Not applicable,_Z,Not applicable,_Z,Not applicable,_Z,Not applicable,N,National,1976,,14.84633,,A,Normal value,0,Units,2,Two,,
DATAFLOW,OECD.SDD.STES:DSD_STES@DF_FINMARK(4.0),Financial market,I,IRL,Ireland,A,Annual,IRLT,Long-term interest rates,PA,Percent per annum,_Z,Not applicable,_Z,Not applicable,_Z,Not applicable,_Z,Not applicable,N,National,1977,,13.09213,,A,Normal value,0,Units,2,Two,,
DATAFLOW,OECD.SDD.STES:DSD_STES@DF_FINMARK(4.0),Financial market,I,IRL,Ireland,A,Annual,IRLT,Long-term interest rates,PA,Percent per annum,_Z,Not applicable,_Z,Not applicable,_Z,Not applicable,_Z,Not applicable,N,National,1978,,13.03879,,A,Normal value,0,Units,2,Two,,
DATAFLOW,OECD.SDD.STES:DSD_STES@DF_FINMARK(4.0),Financial market,I,IRL,Ireland,A,Annual,IRLT,Long-term interest rates,PA,Percent per annum,_Z,Not applicable,_Z,Not applicable,_Z,Not applicable,_Z,Not applicable,N,National,1979,,15.30519,,A,Normal value,0,Units,2,Two,,
DATAFLOW,OECD.SDD.STES:DSD_STES@DF_FINMARK(4.0),Financial market,I,IRL,Ireland,A,Annual,IRLT,Long-term interest rates,PA,Percent per annum,_Z,Not applicable,_Z,Not applicable,_Z,Not applicable,_Z,Not applicable,N,National,1980,,15.59728,,A,Normal value,0,Units,2,Two,,
DATAFLOW,OECD.SDD.STES:DSD_STES@DF_FINMARK(4.0),Financial market,I,IRL,Ireland,A,Annual,IRLT,Long-term interest rates,PA,Percent per annum,_Z,Not applicable,_Z,Not applicable,_Z,Not applicable,_Z,Not applicable,N,National,1981,,17.54281,,A,Normal value,0,Units,2,Two,,
DATAFLOW,OECD.SDD.STES:DSD_STES@DF_FINMARK(4.0),Financial market,I,IRL,Ireland,A,Annual,IRLT,Long-term interest rates,PA,Percent per annum,_Z,Not applicable,_Z,Not applicable,_Z,Not applicable,_Z,Not applicable,N,National,1982,,17.32946,,A,Normal value,0,Units,2,Two,,
DATAFLOW,OECD.SDD.STES:DSD_STES@DF_FINMARK(4.0),Financial market,I,IRL,Ireland,A,Annual,IRLT,Long-term interest rates,PA,Percent per annum,_Z,Not applicable,_Z,Not applicable,_Z,Not applicable,_Z,Not applicable,N,National,1983,,14.12585,,A,Normal value,0,Units,2,Two,,
DATAFLOW,OECD.SDD.STES:DSD_STES@DF_FINMARK(4.0),Financial market,I,IRL,Ireland,A,Annual,IRLT,Long-term interest rates,PA,Percent per annum,_Z,Not applicable,_Z,Not applicable,_Z,Not applicable,_Z,Not applicable,N,National,1984,,14.84548,,A,Normal value,0,Units,2,Two,,
DATAFLOW,OECD.SDD.STES:DSD_STES@DF_FINMARK(4.0),Financial market,I,IRL,Ireland,A,Annual,IRLT,Long-term interest rates,PA,Percent per annum,_Z,Not applicable,_Z,Not applicable,_Z,Not applicable,_Z,Not applicable,N,National,1985,,12.98376,,A,Normal value,0,Units,2,Two,,
DATAFLOW,OECD.SDD.STES:DSD_STES@DF_FINMARK(4.0),Financial market,I,IRL,Ireland,A,Annual,IRLT,Long-term interest rates,PA,Percent per annum,_Z,Not applicable,_Z,Not applicable,_Z,Not applicable,_Z,Not applicable,N,National,1986,,11.40143,,A,Normal value,0,Units,2,Two,,
DATAFLOW,OECD.SDD.STES:DSD_STES@DF_FINMARK(4.0),Financial market,I,IRL,Ireland,A,Annual,IRLT,Long-term interest rates,PA,Percent per annum,_Z,Not applicable,_Z,Not applicable,_Z,Not applicable,_Z,Not applicable,N,National,1987,,11.43868,,A,Normal value,0,Units,2,Two,,
DATAFLOW,OECD.SDD.STES:DSD_STES@DF_FINMARK(4.0),Financial market,I,IRL,Ireland,A,Annual,IRLT,Long-term interest rates,PA,Percent per annum,_Z,Not applicable,_Z,Not applicable,_Z,Not applicable,_Z,Not applicable,N,National,1988,,9.510081,,A,Normal value,0,Units,2,Two,,
DATAFLOW,OECD.SDD.STES:DSD_STES@DF_FINMARK(4.0),Financial market,I,IRL,Ireland,A,Annual,IRLT,Long-term interest rates,PA,Percent per annum,_Z,Not applicable,_Z,Not applicable,_Z,Not applicable,_Z,Not applicable,N,National,1989,,9.316206,,A,Normal value,0,Units,2,Two,,
DATAFLOW,OECD.SDD.STES:DSD_STES@DF_FINMARK(4.0),Financial market,I,IRL,Ireland,A,Annual,IRLT,Long-term interest rates,PA,Percent per annum,_Z,Not applicable,_Z,Not applicable,_Z,Not applicable,_Z,Not applicable,N,National,1990,,10.43798,,A,Normal value,0,Units,2,Two,,
DATAFLOW,OECD.SDD.STES:DSD_STES@DF_FINMARK(4.0),Financial market,I,IRL,Ireland,A,Annual,IRLT,Long-term interest rates,PA,Percent per annum,_Z,Not applicable,_Z,Not applicable,_Z,Not applicable,_Z,Not applicable,N,National,1991,,9.523627,,A,Normal value,0,Units,2,Two,,
DATAFLOW,OECD.SDD.STES:DSD_STES@DF_FINMARK(4.0),Financial market,I,IRL,Ireland,A,Annual,IRLT,Long-term interest rates,PA,Percent per annum,_Z,Not applicable,_Z,Not applicable,_Z,Not applicable,_Z,Not applicable,N,National,1992,,9.465211,,A,Normal value,0,Units,2,Two,,
DATAFLOW,OECD.SDD.STES:DSD_STES@DF_FINMARK(4.0),Financial market,I,IRL,Ireland,A,Annual,IRLT,Long-term interest rates,PA,Percent per annum,_Z,Not applicable,_Z,Not applicable,_Z,Not applicable,_Z,Not applicable,N,National,1993,,7.700008,,A,Normal value,0,Units,2,Two,,
DATAFLOW,OECD.SDD.STES:DSD_STES@DF_FINMARK(4.0),Financial market,I,IRL,Ireland,A,Annual,IRLT,Long-term interest rates,PA,Percent per annum,_Z,Not applicable,_Z,Not applicable,_Z,Not applicable,_Z,Not applicable,N,National,1994,,7.922217,,A,Normal value,0,Units,2,Two,,
DATAFLOW,OECD.SDD.STES:DSD_STES@DF_FINMARK(4.0),Financial market,I,IRL,Ireland,A,Annual,IRLT,Long-term interest rates,PA,Percent per annum,_Z,Not applicable,_Z,Not applicable,_Z,Not applicable,_Z,Not applicable,N,National,1995,,8.253567,,A,Normal value,0,Units,2,Two,,
DATAFLOW,OECD.SDD.STES:DSD_STES@DF_FINMARK(4.0),Financial market,I,IRL,Ireland,A,Annual,IRLT,Long-term interest rates,PA,Percent per annum,_Z,Not applicable,_Z,Not applicable,_Z,Not applicable,_Z,Not applicable,N,National,1996,,7.289992,,A,Normal value,0,Units,2,Two,,
DATAFLOW,OECD.SDD.STES:DSD_STES@DF_FINMARK(4.0),Financial market,I,IRL,Ireland,A,Annual,IRLT,Long-term interest rates,PA,Percent per annum,_Z,Not applicable,_Z,Not applicable,_Z,Not applicable,_Z,Not applicable,N,National,1997,,6.295283,,A,Normal value,0,Units,2,Two,,
DATAFLOW,OECD.SDD.STES:DSD_STES@DF_FINMARK(4.0),Financial market,I,IRL,Ireland,A,Annual,IRLT,Long-term interest rates,PA,Percent per annum,_Z,Not applicable,_Z,Not applicable,_Z,Not applicable,_Z,Not applicable,N,National,1998,,4.795158,,A,Normal value,0,Units,2,Two,,
DATAFLOW,OECD.SDD.STES:DSD_STES@DF_FINMARK(4.0),Financial market,I,IRL,Ireland,A,Annual,IRLT,Long-term interest rates,PA,Percent per annum,_Z,Not applicable,_Z,Not applicable,_Z,Not applicable,_Z,Not applicable,N,National,1999,,4.711175,,A,Normal value,0,Units,2,Two,,
DATAFLOW,OECD.SDD.STES:DSD_STES@DF_FINMARK(4.0),Financial market,I,IRL,Ireland,A,Annual,IRLT,Long-term interest rates,PA,Percent per annum,_Z,Not applicable,_Z,Not applicable,_Z,Not applicable,_Z,Not applicable,N,National,2000,,5.5125,,A,Normal value,0,Units,2,Two,,
DATAFLOW,OECD.SDD.STES:DSD_STES@DF_FINMARK(4.0),Financial market,I,IRL,Ireland,A,Annual,IRLT,Long-term interest rates,PA,Percent per annum,_Z,Not applicable,_Z,Not applicable,_Z,Not applicable,_Z,Not applicable,N,National,2001,,5.011667,,A,Normal value,0,Units,2,Two,,
DATAFLOW,OECD.SDD.STES:DSD_STES@DF_FINMARK(4.0),Financial market,I,IRL,Ireland,A,Annual,IRLT,Long-term interest rates,PA,Percent per annum,_Z,Not applicable,_Z,Not applicable,_Z,Not applicable,_Z,Not applicable,N,National,2002,,5.01,,A,Normal value,0,Units,2,Two,,
DATAFLOW,OECD.SDD.STES:DSD_STES@DF_FINMARK(4.0),Financial market,I,IRL,Ireland,A,Annual,IRLT,Long-term interest rates,PA,Percent per annum,_Z,Not applicable,_Z,Not applicable,_Z,Not applicable,_Z,Not applicable,N,National,2003,,4.1325,,A,Normal value,0,Units,2,Two,,
DATAFLOW,OECD.SDD.STES:DSD_STES@DF_FINMARK(4.0),Financial market,I,IRL,Ireland,A,Annual,IRLT,Long-term interest rates,PA,Percent per annum,_Z,Not applicable,_Z,Not applicable,_Z,Not applicable,_Z,Not applicable,N,National,2004,,4.076667,,A,Normal value,0,Units,2,Two,,
DATAFLOW,OECD.SDD.STES:DSD_STES@DF_FINMARK(4.0),Financial market,I,IRL,Ireland,A,Annual,IRLT,Long-term interest rates,PA,Percent per annum,_Z,Not applicable,_Z,Not applicable,_Z,Not applicable,_Z,Not applicable,N,National,2005,,3.329167,,A,Normal value,0,Units,2,Two,,
DATAFLOW,OECD.SDD.STES:DSD_STES@DF_FINMARK(4.0),Financial market,I,IRL,Ireland,A,Annual,IRLT,Long-term interest rates,PA,Percent per annum,_Z,Not applicable,_Z,Not applicable,_Z,Not applicable,_Z,Not applicable,N,National,2006,,3.765,,A,Normal value,0,Units,2,Two,,
DATAFLOW,OECD.SDD.STES:DSD_STES@DF_FINMARK(4.0),Financial market,I,IRL,Ireland,A,Annual,IRLT,Long-term interest rates,PA,Percent per annum,_Z,Not applicable,_Z,Not applicable,_Z,Not applicable,_Z,Not applicable,N,National,2007,,4.305833,,A,Normal value,0,Units,2,Two,,
DATAFLOW,OECD.SDD.STES:DSD_STES@DF_FINMARK(4.0),Financial market,I,IRL,Ireland,A,Annual,IRLT,Long-term interest rates,PA,Percent per annum,_Z,Not applicable,_Z,Not applicable,_Z,Not applicable,_Z,Not applicable,N,National,2008,,4.525833,,A,Normal value,0,Units,2,Two,,
DATAFLOW,OECD.SDD.STES:DSD_STES@DF_FINMARK(4.0),Financial market,I,IRL,Ireland,A,Annual,IRLT,Long-term interest rates,PA,Percent per annum,_Z,Not applicable,_Z,Not applicable,_Z,Not applicable,_Z,Not applicable,N,National,2009,,5.225,,A,Normal value,0,Units,2,Two,,
DATAFLOW,OECD.SDD.STES:DSD_STES@DF_FINMARK(4.0),Financial market,I,IRL,Ireland,A,Annual,IRLT,Long-term interest rates,PA,Percent per annum,_Z,Not applicable,_Z,Not applicable,_Z,Not applicable,_Z,Not applicable,N,National,2010,,5.739167,,A,Normal value,0,Units,2,Two,,
DATAFLOW,OECD.SDD.STES:DSD_STES@DF_FINMARK(4.0),Financial market,I,IRL,Ireland,A,Annual,IRLT,Long-term interest rates,PA,Percent per annum,_Z,Not applicable,_Z,Not applicable,_Z,Not applicable,_Z,Not applicable,N,National,2011,,9.601666,,A,Normal value,0,Units,2,Two,,
DATAFLOW,OECD.SDD.STES:DSD_STES@DF_FINMARK(4.0),Financial market,I,IRL,Ireland,A,Annual,IRLT,Long-term interest rates,PA,Percent per annum,_Z,Not applicable,_Z,Not applicable,_Z,Not applicable,_Z,Not applicable,N,National,2012,,6.171667,,A,Normal value,0,Units,2,Two,,
DATAFLOW,OECD.SDD.STES:DSD_STES@DF_FINMARK(4.0),Financial market,I,IRL,Ireland,A,Annual,IRLT,Long-term interest rates,PA,Percent per annum,_Z,Not applicable,_Z,Not applicable,_Z,Not applicable,_Z,Not applicable,N,National,2013,,3.79,,A,Normal value,0,Units,2,Two,,
DATAFLOW,OECD.SDD.STES:DSD_STES@DF_FINMARK(4.0),Financial market,I,IRL,Ireland,A,Annual,IRLT,Long-term interest rates,PA,Percent per annum,_Z,Not applicable,_Z,Not applicable,_Z,Not applicable,_Z,Not applicable,N,National,2014,,2.3675,,A,Normal value,0,Units,2,Two,,
DATAFLOW,OECD.SDD.STES:DSD_STES@DF_FINMARK(4.0),Financial market,I,IRL,Ireland,A,Annual,IRLT,Long-term interest rates,PA,Percent per annum,_Z,Not applicable,_Z,Not applicable,_Z,Not applicable,_Z,Not applicable,N,National,2015,,1.1825,,A,Normal value,0,Units,2,Two,,
DATAFLOW,OECD.SDD.STES:DSD_STES@DF_FINMARK(4.0),Financial market,I,IRL,Ireland,A,Annual,IRLT,Long-term interest rates,PA,Percent per annum,_Z,Not applicable,_Z,Not applicable,_Z,Not applicable,_Z,Not applicable,N,National,2016,,0.7358333,,A,Normal value,0,Units,2,Two,,
DATAFLOW,OECD.SDD.STES:DSD_STES@DF_FINMARK(4.0),Financial market,I,IRL,Ireland,A,Annual,IRLT,Long-term interest rates,PA,Percent per annum,_Z,Not applicable,_Z,Not applicable,_Z,Not applicable,_Z,Not applicable,N,National,2017,,0.8016667,,A,Normal value,0,Units,2,Two,,
DATAFLOW,OECD.SDD.STES:DSD_STES@DF_FINMARK(4.0),Financial market,I,LUX,Luxembourg,A,Annual,IRLT,Long-term interest rates,PA,Percent per annum,_Z,Not applicable,_Z,Not applicable,_Z,Not applicable,_Z,Not applicable,N,National,1998,,4.72125,,A,Normal value,0,Units,2,Two,,
DATAFLOW,OECD.SDD.STES:DSD_STES@DF_FINMARK(4.0),Financial market,I,LUX,Luxembourg,A,Annual,IRLT,Long-term interest rates,PA,Percent per annum,_Z,Not applicable,_Z,Not applicable,_Z,Not applicable,_Z,Not applicable,N,National,2005,,2.412667,,A,Normal value,0,Units,2,Two,,
DATAFLOW,OECD.SDD.STES:DSD_STES@DF_FINMARK(4.0),Financial market,I,LUX,Luxembourg,A,Annual,IRLT,Long-term interest rates,PA,Percent per annum,_Z,Not applicable,_Z,Not applicable,_Z,Not applicable,_Z,Not applicable,N,National,2014,,1.336833,,A,Normal value,0,Units,2,Two,,
DATAFLOW,OECD.SDD.STES:DSD_STES@DF_FINMARK(4.0),Financial market,I,LUX,Luxembourg,A,Annual,IRLT,Long-term interest rates,PA,Percent per annum,_Z,Not applicable,_Z,Not applicable,_Z,Not applicable,_Z,Not applicable,N,National,2015,,0.36875,,A,Normal value,0,Units,2,Two,,
DATAFLOW,OECD.SDD.STES:DSD_STES@DF_FINMARK(4.0),Financial market,I,LUX,Luxembourg,A,Annual,IRLT,Long-term interest rates,PA,Percent per annum,_Z,Not applicable,_Z,Not applicable,_Z,Not applicable,_Z,Not applicable,N,National,2016,,0.25425,,A,Normal value,0,Units,2,Two,,
DATAFLOW,OECD.SDD.STES:DSD_STES@DF_FINMARK(4.0),Financial market,I,NLD,Netherlands,A,Annual,IRLT,Long-term interest rates,PA,Percent per annum,_Z,Not applicable,_Z,Not applicable,_Z,Not applicable,_Z,Not applicable,N,National,1986,,6.314083,,A,Normal value,0,Units,2,Two,,
DATAFLOW,OECD.SDD.STES:DSD_STES@DF_FINMARK(4.0),Financial market,I,NLD,Netherlands,A,Annual,IRLT,Long-term interest rates,PA,Percent per annum,_Z,Not applicable,_Z,Not applicable,_Z,Not applicable,_Z,Not applicable,N,National,1987,,6.40125,,A,Normal value,0,Units,2,Two,,
DATAFLOW,OECD.SDD.STES:DSD_STES@DF_FINMARK(4.0),Financial market,I,NLD,Netherlands,A,Annual,IRLT,Long-term interest rates,PA,Percent per annum,_Z,Not applicable,_Z,Not applicable,_Z,Not applicable,_Z,Not applicable,N,National,1988,,6.401917,,A,Normal value,0,Units,2,Two,,
DATAFLOW,OECD.SDD.STES:DSD_STES@DF_FINMARK(4.0),Financial market,I,NLD,Netherlands,A,Annual,IRLT,Long-term interest rates,PA,Percent per annum,_Z,Not applicable,_Z,Not applicable,_Z,Not applicable,_Z,Not applicable,N,National,1989,,7.212833,,A,Normal value,0,Units,2,Two,,
DATAFLOW,OECD.SDD.STES:DSD_STES@DF_FINMARK(4.0),Financial market,I,NLD,Netherlands,A,Annual,IRLT,Long-term interest rates,PA,Percent per annum,_Z,Not applicable,_Z,Not applicable,_Z,Not applicable,_Z,Not applicable,N,National,1990,,8.920083,,A,Normal value,0,Units,2,Two,,
DATAFLOW,OECD.SDD.STES:DSD_STES@DF_FINMARK(4.0),Financial market,I,NLD,Netherlands,A,Annual,IRLT,Long-term interest rates,PA,Percent per annum,_Z,Not applicable,_Z,Not applicable,_Z,Not applicable,_Z,Not applicable,N,National,1991,,8.736667,,A,Normal value,0,Units,2,Two,,
DATAFLOW,OECD.SDD.STES:DSD_STES@DF_FINMARK(4.0),Financial market,I,NLD,Netherlands,A,Annual,IRLT,Long-term interest rates,PA,Percent per annum,_Z,Not applicable,_Z,Not applicable,_Z,Not applicable,_Z,Not applicable,N,National,1992,,8.10075,,A,Normal value,0,Units,2,Two,,
DATAFLOW,OECD.SDD.STES:DSD_STES@DF_FINMARK(4.0),Financial market,I,NLD,Netherlands,A,Annual,IRLT,Long-term interest rates,PA,Percent per annum,_Z,Not applicable,_Z,Not applicable,_Z,Not applicable,_Z,Not applicable,N,National,1993,,6.362833,,A,Normal value,0,Units,2,Two,,
DATAFLOW,OECD.SDD.STES:DSD_STES@DF_FINMARK(4.0),Financial market,I,NLD,Netherlands,A,Annual,IRLT,Long-term interest rates,PA,Percent per annum,_Z,Not applicable,_Z,Not applicable,_Z,Not applicable,_Z,Not applicable,N,National,1994,,6.856417,,A,Normal value,0,Units,2,Two,,
DATAFLOW,OECD.SDD.STES:DSD_STES@DF_FINMARK(4.0),Financial market,I,NLD,Netherlands,A,Annual,IRLT,Long-term interest rates,PA,Percent per annum,_Z,Not applicable,_Z,Not applicable,_Z,Not applicable,_Z,Not applicable,N,National,1995,,6.895583,,A,Normal value,0,Units,2,Two,,
DATAFLOW,OECD.SDD.STES:DSD_STES@DF_FINMARK(4.0),Financial market,I,NLD,Netherlands,A,Annual,IRLT,Long-term interest rates,PA,Percent per annum,_Z,Not applicable,_Z,Not applicable,_Z,Not applicable,_Z,Not applicable,N,National,1996,,6.149833,,A,Normal value,0,Units,2,Two,,
DATAFLOW,OECD.SDD.STES:DSD_STES@DF_FINMARK(4.0),Financial market,I,NLD,Netherlands,A,Annual,IRLT,Long-term interest rates,PA,Percent per annum,_Z,Not applicable,_Z,Not applicable,_Z,Not applicable,_Z,Not applicable,N,National,1997,,5.576583,,A,Normal value,0,Units,2,Two,,
DATAFLOW,OECD.SDD.STES:DSD_STES@DF_FINMARK(4.0),Financial market,I,NLD,Netherlands,A,Annual,IRLT,Long-term interest rates,PA,Percent per annum,_Z,Not applicable,_Z,Not applicable,_Z,Not applicable,_Z,Not applicable,N,National,1998,,4.633584,,A,Normal value,0,Units,2,Two,,
DATAFLOW,OECD.SDD.STES:DSD_STES@DF_FINMARK(4.0),Financial market,I,NLD,Netherlands,A,Annual,IRLT,Long-term interest rates,PA,Percent per annum,_Z,Not applicable,_Z,Not applicable,_Z,Not applicable,_Z,Not applicable,N,National,1999,,4.630583,,A,Normal value,0,Units,2,Two,,
DATAFLOW,OECD.SDD.STES:DSD_STES@DF_FINMARK(4.0),Financial market,I,NLD,Netherlands,A,Annual,IRLT,Long-term interest rates,PA,Percent per annum,_Z,Not applicable,_Z,Not applicable,_Z,Not applicable,_Z,Not applicable,N,National,2000,,5.403333,,A,Normal value,0,Units,2,Two,,
DATAFLOW,OECD.SDD.STES:DSD_STES@DF_FINMARK(4.0),Financial market,I,NLD,Netherlands,A,Annual,IRLT,Long-term interest rates,PA,Percent per annum,_Z,Not applicable,_Z,Not applicable,_Z,Not applicable,_Z,Not applicable,N,National,2001,,4.957,,A,Normal value,0,Units,2,Two,,
DATAFLOW,OECD.SDD.STES:DSD_STES@DF_FINMARK(4.0),Financial market,I,NLD,Netherlands,A,Annual,IRLT,Long-term interest rates,PA,Percent per annum,_Z,Not applicable,_Z,Not applicable,_Z,Not applicable,_Z,Not applicable,N,National,2002,,4.89025,,A,Normal value,0,Units,2,Two,,
DATAFLOW,OECD.SDD.STES:DSD_STES@DF_FINMARK(4.0),Financial market,I,NLD,Netherlands,A,Annual,IRLT,Long-term interest rates,PA,Percent per annum,_Z,Not applicable,_Z,Not applicable,_Z,Not applicable,_Z,Not applicable,N,National,2003,,4.123167,,A,Normal value,0,Units,2,Two,,
DATAFLOW,OECD.SDD.STES:DSD_STES@DF_FINMARK(4.0),Financial market,I,NLD,Netherlands,A,Annual,IRLT,Long-term interest rates,PA,Percent per annum,_Z,Not applicable,_Z,Not applicable,_Z,Not applicable,_Z,Not applicable,N,National,2004,,4.095,,A,Normal value,0,Units,2,Two,,
DATAFLOW,OECD.SDD.STES:DSD_STES@DF_FINMARK(4.0),Financial market,I,NLD,Netherlands,A,Annual,IRLT,Long-term interest rates,PA,Percent per annum,_Z,Not applicable,_Z,Not applicable,_Z,Not applicable,_Z,Not applicable,N,National,2005,,3.373917,,A,Normal value,0,Units,2,Two,,
DATAFLOW,OECD.SDD.STES:DSD_STES@DF_FINMARK(4.0),Financial market,I,NLD,Netherlands,A,Annual,IRLT,Long-term interest rates,PA,Percent per annum,_Z,Not applicable,_Z,Not applicable,_Z,Not applicable,_Z,Not applicable,N,National,2006,,3.781667,,A,Normal value,0,Units,2,Two,,
DATAFLOW,OECD.SDD.STES:DSD_STES@DF_FINMARK(4.0),Financial market,I,NLD,Netherlands,A,Annual,IRLT,Long-term interest rates,PA,Percent per annum,_Z,Not applicable,_Z,Not applicable,_Z,Not applicable,_Z,Not applicable,N,National,2007,,4.28775,,A,Normal value,0,Units,2,Two,,
DATAFLOW,OECD.SDD.STES:DSD_STES@DF_FINMARK(4.0),Financial market,I,NLD,Netherlands,A,Annual,IRLT,Long-term interest rates,PA,Percent per annum,_Z,Not applicable,_Z,Not applicable,_Z,Not applicable,_Z,Not applicable,N,National,2008,,4.22775,,A,Normal value,0,Units,2,Two,,
DATAFLOW,OECD.SDD.STES:DSD_STES@DF_FINMARK(4.0),Financial market,I,NLD,Netherlands,A,Annual,IRLT,Long-term interest rates,PA,Percent per annum,_Z,Not applicable,_Z,Not applicable,_Z,Not applicable,_Z,Not applicable,N,National,2009,,3.686833,,A,Normal value,0,Units,2,Two,,
DATAFLOW,OECD.SDD.STES:DSD_STES@DF_FINMARK(4.0),Financial market,I,NLD,Netherlands,A,Annual,IRLT,Long-term interest rates,PA,Percent per annum,_Z,Not applicable,_Z,Not applicable,_Z,Not applicable,_Z,Not applicable,N,National,2010,,2.990083,,A,Normal value,0,Units,2,Two,,
DATAFLOW,OECD.SDD.STES:DSD_STES@DF_FINMARK(4.0),Financial market,I,NLD,Netherlands,A,Annual,IRLT,Long-term interest rates,PA,Percent per annum,_Z,Not applicable,_Z,Not applicable,_Z,Not applicable,_Z,Not applicable,N,National,2011,,2.988583,,A,Normal value,0,Units,2,Two,,
DATAFLOW,OECD.SDD.STES:DSD_STES@DF_FINMARK(4.0),Financial market,I,NLD,Netherlands,A,Annual,IRLT,Long-term interest rates,PA,Percent per annum,_Z,Not applicable,_Z,Not applicable,_Z,Not applicable,_Z,Not applicable,N,National,2012,,1.93225,,A,Normal value,0,Units,2,Two,,
DATAFLOW,OECD.SDD.STES:DSD_STES@DF_FINMARK(4.0),Financial market,I,NLD,Netherlands,A,Annual,IRLT,Long-term interest rates,PA,Percent per annum,_Z,Not applicable,_Z,Not applicable,_Z,Not applicable,_Z,Not applicable,N,National,2013,,1.960583,,A,Normal value,0,Units,2,Two,,
DATAFLOW,OECD.SDD.STES:DSD_STES@DF_FINMARK(4.0),Financial market,I,NLD,Netherlands,A,Annual,IRLT,Long-term interest rates,PA,Percent per annum,_Z,Not applicable,_Z,Not applicable,_Z,Not applicable,_Z,Not applicable,N,National,2015,,0.6903333,,A,Normal value,0,Units,2,Two,,
DATAFLOW,OECD.SDD.STES:DSD_STES@DF_FINMARK(4.0),Financial market,I,NLD,Netherlands,A,Annual,IRLT,Long-term interest rates,PA,Percent per annum,_Z,Not applicable,_Z,Not applicable,_Z,Not applicable,_Z,Not applicable,N,National,2016,,0.2910833,,A,Normal value,0,Units,2,Two,,
DATAFLOW,OECD.SDD.STES:DSD_STES@DF_FINMARK(4.0),Financial market,I,NZL,New Zealand,A,Annual,IRLT,Long-term interest rates,PA,Percent per annum,_Z,Not applicable,_Z,Not applicable,_Z,Not applicable,_Z,Not applicable,N,National,2018,,2.748333,,A,Normal value,0,Units,2,Two,,
DATAFLOW,OECD.SDD.STES:DSD_STES@DF_FINMARK(4.0),Financial market,I,NZL,New Zealand,A,Annual,IRLT,Long-term interest rates,PA,Percent per annum,_Z,Not applicable,_Z,Not applicable,_Z,Not applicable,_Z,Not applicable,N,National,2019,,1.6475,,A,Normal value,0,Units,2,Two,,
DATAFLOW,OECD.SDD.STES:DSD_STES@DF_FINMARK(4.0),Financial market,I,NZL,New Zealand,A,Annual,IRLT,Long-term interest rates,PA,Percent per annum,_Z,Not applicable,_Z,Not applicable,_Z,Not applicable,_Z,Not applicable,N,National,2020,,0.8891667,,A,Normal value,0,Units,2,Two,,
DATAFLOW,OECD.SDD.STES:DSD_STES@DF_FINMARK(4.0),Financial market,I,NZL,New Zealand,A,Annual,IRLT,Long-term interest rates,PA,Percent per annum,_Z,Not applicable,_Z,Not applicable,_Z,Not applicable,_Z,Not applicable,N,National,2022,,3.636667,,A,Normal value,0,Units,2,Two,,
DATAFLOW,OECD.SDD.STES:DSD_STES@DF_FINMARK(4.0),Financial market,I,NZL,New Zealand,A,Annual,IRLT,Long-term interest rates,PA,Percent per annum,_Z,Not applicable,_Z,Not applicable,_Z,Not applicable,_Z,Not applicable,N,National,2023,,4.619167,,A,Normal value,0,Units,2,Two,,
DATAFLOW,OECD.SDD.STES:DSD_STES@DF_FINMARK(4.0),Financial market,I,NOR,Norway,A,Annual,IRLT,Long-term interest rates,PA,Percent per annum,_Z,Not applicable,_Z,Not applicable,_Z,Not applicable,_Z,Not applicable,N,National,2022,,2.878413,,A,Normal value,0,Units,2,Two,,
DATAFLOW,OECD.SDD.STES:DSD_STES@DF_FINMARK(4.0),Financial market,I,NOR,Norway,A,Annual,IRLT,Long-term interest rates,PA,Percent per annum,_Z,Not applicable,_Z,Not applicable,_Z,Not applicable,_Z,Not applicable,N,National,2023,,3.435551,,A,Normal value,0,Units,2,Two,,
DATAFLOW,OECD.SDD.STES:DSD_STES@DF_FINMARK(4.0),Financial market,I,PRT,Portugal,A,Annual,IRLT,Long-term interest rates,PA,Percent per annum,_Z,Not applicable,_Z,Not applicable,_Z,Not applicable,_Z,Not applicable,N,National,2008,,4.52,,A,Normal value,0,Units,2,Two,,
DATAFLOW,OECD.SDD.STES:DSD_STES@DF_FINMARK(4.0),Financial market,I,PRT,Portugal,A,Annual,IRLT,Long-term interest rates,PA,Percent per annum,_Z,Not applicable,_Z,Not applicable,_Z,Not applicable,_Z,Not applicable,N,National,2010,,5.396667,,A,Normal value,0,Units,2,Two,,
DATAFLOW,OECD.SDD.STES:DSD_STES@DF_FINMARK(4.0),Financial market,I,PRT,Portugal,A,Annual,IRLT,Long-term interest rates,PA,Percent per annum,_Z,Not applicable,_Z,Not applicable,_Z,Not applicable,_Z,Not applicable,N,National,2011,,10.24083,,A,Normal value,0,Units,2,Two,,
DATAFLOW,OECD.SDD.STES:DSD_STES@DF_FINMARK(4.0),Financial market,I,PRT,Portugal,A,Annual,IRLT,Long-term interest rates,PA,Percent per annum,_Z,Not applicable,_Z,Not applicable,_Z,Not applicable,_Z,Not applicable,N,National,2014,,3.753333,,A,Normal value,0,Units,2,Two,,
DATAFLOW,OECD.SDD.STES:DSD_STES@DF_FINMARK(4.0),Financial market,I,PRT,Portugal,A,Annual,IRLT,Long-term interest rates,PA,Percent per annum,_Z,Not applicable,_Z,Not applicable,_Z,Not applicable,_Z,Not applicable,N,National,2016,,3.1725,,A,Normal value,0,Units,2,Two,,
DATAFLOW,OECD.SDD.STES:DSD_STES@DF_FINMARK(4.0),Financial market,I,PRT,Portugal,A,Annual,IRLT,Long-term interest rates,PA,Percent per annum,_Z,Not applicable,_Z,Not applicable,_Z,Not applicable,_Z,Not applicable,N,National,2018,,1.84,,A,Normal value,0,Units,2,Two,,
DATAFLOW,OECD.SDD.STES:DSD_STES@DF_FINMARK(4.0),Financial market,I,ESP,Spain,A,Annual,IRLT,Long-term interest rates,PA,Percent per annum,_Z,Not applicable,_Z,Not applicable,_Z,Not applicable,_Z,Not applicable,N,National,1989,,13.60058,,A,Normal value,0,Units,2,Two,,
DATAFLOW,OECD.SDD.STES:DSD_STES@DF_FINMARK(4.0),Financial market,I,ESP,Spain,A,Annual,IRLT,Long-term interest rates,PA,Percent per annum,_Z,Not applicable,_Z,Not applicable,_Z,Not applicable,_Z,Not applicable,N,National,1991,,12.36055,,A,Normal value,0,Units,2,Two,,
DATAFLOW,OECD.SDD.STES:DSD_STES@DF_FINMARK(4.0),Financial market,I,ESP,Spain,A,Annual,IRLT,Long-term interest rates,PA,Percent per annum,_Z,Not applicable,_Z,Not applicable,_Z,Not applicable,_Z,Not applicable,N,National,1992,,11.69519,,A,Normal value,0,Units,2,Two,,
DATAFLOW,OECD.SDD.STES:DSD_STES@DF_FINMARK(4.0),Financial market,I,ESP,Spain,A,Annual,IRLT,Long-term interest rates,PA,Percent per annum,_Z,Not applicable,_Z,Not applicable,_Z,Not applicable,_Z,Not applicable,N,National,1993,,10.21079,,A,Normal value,0,Units,2,Two,,
DATAFLOW,OECD.SDD.STES:DSD_STES@DF_FINMARK(4.0),Financial market,I,ESP,Spain,A,Annual,IRLT,Long-term interest rates,PA,Percent per annum,_Z,Not applicable,_Z,Not applicable,_Z,Not applicable,_Z,Not applicable,N,National,1994,,9.997791,,A,Normal value,0,Units,2,Two,,
DATAFLOW,OECD.SDD.STES:DSD_STES@DF_FINMARK(4.0),Financial market,I,ESP,Spain,A,Annual,IRLT,Long-term interest rates,PA,Percent per annum,_Z,Not applicable,_Z,Not applicable,_Z,Not applicable,_Z,Not applicable,N,National,1995,,11.27094,,A,Normal value,0,Units,2,Two,,
DATAFLOW,OECD.SDD.STES:DSD_STES@DF_FINMARK(4.0),Financial market,I,ESP,Spain,A,Annual,IRLT,Long-term interest rates,PA,Percent per annum,_Z,Not applicable,_Z,Not applicable,_Z,Not applicable,_Z,Not applicable,N,National,1996,,8.736462,,A,Normal value,0,Units,2,Two,,
DATAFLOW,OECD.SDD.STES:DSD_STES@DF_FINMARK(4.0),Financial market,I,ESP,Spain,A,Annual,IRLT,Long-term interest rates,PA,Percent per annum,_Z,Not applicable,_Z,Not applicable,_Z,Not applicable,_Z,Not applicable,N,National,1997,,6.401535,,A,Normal value,0,Units,2,Two,,
DATAFLOW,OECD.SDD.STES:DSD_STES@DF_FINMARK(4.0),Financial market,I,ESP,Spain,A,Annual,IRLT,Long-term interest rates,PA,Percent per annum,_Z,Not applicable,_Z,Not applicable,_Z,Not applicable,_Z,Not applicable,N,National,1998,,4.832926,,A,Normal value,0,Units,2,Two,,
DATAFLOW,OECD.SDD.STES:DSD_STES@DF_FINMARK(4.0),Financial market,I,ESP,Spain,A,Annual,IRLT,Long-term interest rates,PA,Percent per annum,_Z,Not applicable,_Z,Not applicable,_Z,Not applicable,_Z,Not applicable,N,National,1999,,4.727312,,A,Normal value,0,Units,2,Two,,
DATAFLOW,OECD.SDD.STES:DSD_STES@DF_FINMARK(4.0),Financial market,I,ESP,Spain,A,Annual,IRLT,Long-term interest rates,PA,Percent per annum,_Z,Not applicable,_Z,Not applicable,_Z,Not applicable,_Z,Not applicable,N,National,2000,,5.525866,,A,Normal value,0,Units,2,Two,,
DATAFLOW,OECD.SDD.STES:DSD_STES@DF_FINMARK(4.0),Financial market,I,ESP,Spain,A,Annual,IRLT,Long-term interest rates,PA,Percent per annum,_Z,Not applicable,_Z,Not applicable,_Z,Not applicable,_Z,Not applicable,N,National,2001,,5.115284,,A,Normal value,0,Units,2,Two,,
DATAFLOW,OECD.SDD.STES:DSD_STES@DF_FINMARK(4.0),Financial market,I,ESP,Spain,A,Annual,IRLT,Long-term interest rates,PA,Percent per annum,_Z,Not applicable,_Z,Not applicable,_Z,Not applicable,_Z,Not applicable,N,National,2002,,4.957641,,A,Normal value,0,Units,2,Two,,
DATAFLOW,OECD.SDD.STES:DSD_STES@DF_FINMARK(4.0),Financial market,I,ESP,Spain,A,Annual,IRLT,Long-term interest rates,PA,Percent per annum,_Z,Not applicable,_Z,Not applicable,_Z,Not applicable,_Z,Not applicable,N,National,2003,,4.123044,,A,Normal value,0,Units,2,Two,,
DATAFLOW,OECD.SDD.STES:DSD_STES@DF_FINMARK(4.0),Financial market,I,ESP,Spain,A,Annual,IRLT,Long-term interest rates,PA,Percent per annum,_Z,Not applicable,_Z,Not applicable,_Z,Not applicable,_Z,Not applicable,N,National,2004,,4.104143,,A,Normal value,0,Units,2,Two,,
DATAFLOW,OECD.SDD.STES:DSD_STES@DF_FINMARK(4.0),Financial market,I,ESP,Spain,A,Annual,IRLT,Long-term interest rates,PA,Percent per annum,_Z,Not applicable,_Z,Not applicable,_Z,Not applicable,_Z,Not applicable,N,National,2005,,3.386349,,A,Normal value,0,Units,2,Two,,
DATAFLOW,OECD.SDD.STES:DSD_STES@DF_FINMARK(4.0),Financial market,I,ESP,Spain,A,Annual,IRLT,Long-term interest rates,PA,Percent per annum,_Z,Not applicable,_Z,Not applicable,_Z,Not applicable,_Z,Not applicable,N,National,2006,,3.78431,,A,Normal value,0,Units,2,Two,,
DATAFLOW,OECD.SDD.STES:DSD_STES@DF_FINMARK(4.0),Financial market,I,ESP,Spain,A,Annual,IRLT,Long-term interest rates,PA,Percent per annum,_Z,Not applicable,_Z,Not applicable,_Z,Not applicable,_Z,Not applicable,N,National,2007,,4.306627,,A,Normal value,0,Units,2,Two,,
DATAFLOW,OECD.SDD.STES:DSD_STES@DF_FINMARK(4.0),Financial market,I,ESP,Spain,A,Annual,IRLT,Long-term interest rates,PA,Percent per annum,_Z,Not applicable,_Z,Not applicable,_Z,Not applicable,_Z,Not applicable,N,National,2008,,4.363732,,A,Normal value,0,Units,2,Two,,
DATAFLOW,OECD.SDD.STES:DSD_STES@DF_FINMARK(4.0),Financial market,I,ESP,Spain,A,Annual,IRLT,Long-term interest rates,PA,Percent per annum,_Z,Not applicable,_Z,Not applicable,_Z,Not applicable,_Z,Not applicable,N,National,2009,,3.974298,,A,Normal value,0,Units,2,Two,,
DATAFLOW,OECD.SDD.STES:DSD_STES@DF_FINMARK(4.0),Financial market,I,ESP,Spain,A,Annual,IRLT,Long-term interest rates,PA,Percent per annum,_Z,Not applicable,_Z,Not applicable,_Z,Not applicable,_Z,Not applicable,N,National,2010,,4.250001,,A,Normal value,0,Units,2,Two,,
DATAFLOW,OECD.SDD.STES:DSD_STES@DF_FINMARK(4.0),Financial market,I,ESP,Spain,A,Annual,IRLT,Long-term interest rates,PA,Percent per annum,_Z,Not applicable,_Z,Not applicable,_Z,Not applicable,_Z,Not applicable,N,National,2011,,5.436894,,A,Normal value,0,Units,2,Two,,
DATAFLOW,OECD.SDD.STES:DSD_STES@DF_FINMARK(4.0),Financial market,I,ESP,Spain,A,Annual,IRLT,Long-term interest rates,PA,Percent per annum,_Z,Not applicable,_Z,Not applicable,_Z,Not applicable,_Z,Not applicable,N,National,2012,,5.846537,,A,Normal value,0,Units,2,Two,,
DATAFLOW,OECD.SDD.STES:DSD_STES@DF_FINMARK(4.0),Financial market,I,ESP,Spain,A,Annual,IRLT,Long-term interest rates,PA,Percent per annum,_Z,Not applicable,_Z,Not applicable,_Z,Not applicable,_Z,Not applicable,N,National,2013,,4.561962,,A,Normal value,0,Units,2,Two,,
DATAFLOW,OECD.SDD.STES:DSD_STES@DF_FINMARK(4.0),Financial market,I,ESP,Spain,A,Annual,IRLT,Long-term interest rates,PA,Percent per annum,_Z,Not applicable,_Z,Not applicable,_Z,Not applicable,_Z,Not applicable,N,National,2014,,2.721831,,A,Normal value,0,Units,2,Two,,
DATAFLOW,OECD.SDD.STES:DSD_STES@DF_FINMARK(4.0),Financial market,I,ESP,Spain,A,Annual,IRLT,Long-term interest rates,PA,Percent per annum,_Z,Not applicable,_Z,Not applicable,_Z,Not applicable,_Z,Not applicable,N,National,2015,,1.735087,,A,Normal value,0,Units,2,Two,,
DATAFLOW,OECD.SDD.STES:DSD_STES@DF_FINMARK(4.0),Financial market,I,ESP,Spain,A,Annual,IRLT,Long-term interest rates,PA,Percent per annum,_Z,Not applicable,_Z,Not applicable,_Z,Not applicable,_Z,Not applicable,N,National,2016,,1.393302,,A,Normal value,0,Units,2,Two,,
DATAFLOW,OECD.SDD.STES:DSD_STES@DF_FINMARK(4.0),Financial market,I,ESP,Spain,A,Annual,IRLT,Long-term interest rates,PA,Percent per annum,_Z,Not applicable,_Z,Not applicable,_Z,Not applicable,_Z,Not applicable,N,National,2017,,1.557866,,A,Normal value,0,Units,2,Two,,
DATAFLOW,OECD.SDD.STES:DSD_STES@DF_FINMARK(4.0),Financial market,I,ESP,Spain,A,Annual,IRLT,Long-term interest rates,PA,Percent per annum,_Z,Not applicable,_Z,Not applicable,_Z,Not applicable,_Z,Not applicable,N,National,2018,,1.419352,,A,Normal value,0,Units,2,Two,,
DATAFLOW,OECD.SDD.STES:DSD_STES@DF_FINMARK(4.0),Financial market,I,ESP,Spain,A,Annual,IRLT,Long-term interest rates,PA,Percent per annum,_Z,Not applicable,_Z,Not applicable,_Z,Not applicable,_Z,Not applicable,N,National,2019,,0.6610183,,A,Normal value,0,Units,2,Two,,
DATAFLOW,OECD.SDD.STES:DSD_STES@DF_FINMARK(4.0),Financial market,I,ESP,Spain,A,Annual,IRLT,Long-term interest rates,PA,Percent per annum,_Z,Not applicable,_Z,Not applicable,_Z,Not applicable,_Z,Not applicable,N,National,2020,,0.3794776,,A,Normal value,0,Units,2,Two,,
DATAFLOW,OECD.SDD.STES:DSD_STES@DF_FINMARK(4.0),Financial market,I,ESP,Spain,A,Annual,IRLT,Long-term interest rates,PA,Percent per annum,_Z,Not applicable,_Z,Not applicable,_Z,Not applicable,_Z,Not applicable,N,National,2021,,0.3487502,,A,Normal value,0,Units,2,Two,,
DATAFLOW,OECD.SDD.STES:DSD_STES@DF_FINMARK(4.0),Financial market,I,ESP,Spain,A,Annual,IRLT,Long-term interest rates,PA,Percent per annum,_Z,Not applicable,_Z,Not applicable,_Z,Not applicable,_Z,Not applicable,N,National,2022,,2.198559,,A,Normal value,0,Units,2,Two,,
DATAFLOW,OECD.SDD.STES:DSD_STES@DF_FINMARK(4.0),Financial market,I,ESP,Spain,A,Annual,IRLT,Long-term interest rates,PA,Percent per annum,_Z,Not applicable,_Z,Not applicable,_Z,Not applicable,_Z,Not applicable,N,National,2023,,3.486507,,A,Normal value,0,Units,2,Two,,
DATAFLOW,OECD.SDD.STES:DSD_STES@DF_FINMARK(4.0),Financial market,I,EA19,Euro area (19 countries),A,Annual,IRLT,Long-term interest rates,PA,Percent per annum,_Z,Not applicable,_Z,Not applicable,_Z,Not applicable,_Z,Not applicable,N,National,2009,,4.028616,,A,Normal value,0,Units,2,Two,,
DATAFLOW,OECD.SDD.STES:DSD_STES@DF_FINMARK(4.0),Financial market,I,EA19,Euro area (19 countries),A,Annual,IRLT,Long-term interest rates,PA,Percent per annum,_Z,Not applicable,_Z,Not applicable,_Z,Not applicable,_Z,Not applicable,N,National,2010,,3.781404,,A,Normal value,0,Units,2,Two,,
DATAFLOW,OECD.SDD.STES:DSD_STES@DF_FINMARK(4.0),Financial market,I,EA19,Euro area (19 countries),A,Annual,IRLT,Long-term interest rates,PA,Percent per annum,_Z,Not applicable,_Z,Not applicable,_Z,Not applicable,_Z,Not applicable,N,National,2011,,4.307952,,A,Normal value,0,Units,2,Two,,
DATAFLOW,OECD.SDD.STES:DSD_STES@DF_FINMARK(4.0),Financial market,I,EA19,Euro area (19 countries),A,Annual,IRLT,Long-term interest rates,PA,Percent per annum,_Z,Not applicable,_Z,Not applicable,_Z,Not applicable,_Z,Not applicable,N,National,2012,,3.047651,,A,Normal value,0,Units,2,Two,,
DATAFLOW,OECD.SDD.STES:DSD_STES@DF_FINMARK(4.0),Financial market,I,EA19,Euro area (19 countries),A,Annual,IRLT,Long-term interest rates,PA,Percent per annum,_Z,Not applicable,_Z,Not applicable,_Z,Not applicable,_Z,Not applicable,N,National,2013,,3.011776,,A,Normal value,0,Units,2,Two,,
DATAFLOW,OECD.SDD.STES:DSD_STES@DF_FINMARK(4.0),Financial market,I,EA19,Euro area (19 countries),A,Annual,IRLT,Long-term interest rates,PA,Percent per annum,_Z,Not applicable,_Z,Not applicable,_Z,Not applicable,_Z,Not applicable,N,National,2014,,2.28135,,A,Normal value,0,Units,2,Two,,
DATAFLOW,OECD.SDD.STES:DSD_STES@DF_FINMARK(4.0),Financial market,I,EA19,Euro area (19 countries),A,Annual,IRLT,Long-term interest rates,PA,Percent per annum,_Z,Not applicable,_Z,Not applicable,_Z,Not applicable,_Z,Not applicable,N,National,2015,,1.267475,,A,Normal value,0,Units,2,Two,,
DATAFLOW,OECD.SDD.STES:DSD_STES@DF_FINMARK(4.0),Financial market,I,EA19,Euro area (19 countries),A,Annual,IRLT,Long-term interest rates,PA,Percent per annum,_Z,Not applicable,_Z,Not applicable,_Z,Not applicable,_Z,Not applicable,N,National,2016,,0.9285654,,A,Normal value,0,Units,2,Two,,
DATAFLOW,OECD.SDD.STES:DSD_STES@DF_FINMARK(4.0),Financial market,I,EA19,Euro area (19 countries),A,Annual,IRLT,Long-term interest rates,PA,Percent per annum,_Z,Not applicable,_Z,Not applicable,_Z,Not applicable,_Z,Not applicable,N,National,2017,,1.170734,,A,Normal value,0,Units,2,Two,,
DATAFLOW,OECD.SDD.STES:DSD_STES@DF_FINMARK(4.0),Financial market,I,EA19,Euro area (19 countries),A,Annual,IRLT,Long-term interest rates,PA,Percent per annum,_Z,Not applicable,_Z,Not applicable,_Z,Not applicable,_Z,Not applicable,N,National,2018,,1.264053,,A,Normal value,0,Units,2,Two,,
DATAFLOW,OECD.SDD.STES:DSD_STES@DF_FINMARK(4.0),Financial market,I,EA19,Euro area (19 countries),A,Annual,IRLT,Long-term interest rates,PA,Percent per annum,_Z,Not applicable,_Z,Not applicable,_Z,Not applicable,_Z,Not applicable,N,National,2019,,0.5846146,,A,Normal value,0,Units,2,Two,,
DATAFLOW,OECD.SDD.STES:DSD_STES@DF_FINMARK(4.0),Financial market,I,EA19,Euro area (19 countries),A,Annual,IRLT,Long-term interest rates,PA,Percent per annum,_Z,Not applicable,_Z,Not applicable,_Z,Not applicable,_Z,Not applicable,N,National,2020,,0.2135828,,A,Normal value,0,Units,2,Two,,
DATAFLOW,OECD.SDD.STES:DSD_STES@DF_FINMARK(4.0),Financial market,I,EA19,Euro area (19 countries),A,Annual,IRLT,Long-term interest rates,PA,Percent per annum,_Z,Not applicable,_Z,Not applicable,_Z,Not applicable,_Z,Not applicable,N,National,2021,,0.1997003,,A,Normal value,0,Units,2,Two,,
DATAFLOW,OECD.SDD.STES:DSD_STES@DF_FINMARK(4.0),Financial market,I,EA19,Euro area (19 countries),A,Annual,IRLT,Long-term interest rates,PA,Percent per annum,_Z,Not applicable,_Z,Not applicable,_Z,Not applicable,_Z,Not applicable,N,National,2022,,2.04145,,A,Normal value,0,Units,2,Two,,
DATAFLOW,OECD.SDD.STES:DSD_STES@DF_FINMARK(4.0),Financial market,I,EA19,Euro area (19 countries),A,Annual,IRLT,Long-term interest rates,PA,Percent per annum,_Z,Not applicable,_Z,Not applicable,_Z,Not applicable,_Z,Not applicable,N,National,2023,,3.265134,,A,Normal value,0,Units,2,Two,,
DATAFLOW,OECD.SDD.STES:DSD_STES@DF_FINMARK(4.0),Financial market,I,EA20,Euro area (20 countries),A,Annual,IRLT,Long-term interest rates,PA,Percent per annum,_Z,Not applicable,_Z,Not applicable,_Z,Not applicable,_Z,Not applicable,N,National,1970,,8.225746,,A,Normal value,0,Units,2,Two,,
DATAFLOW,OECD.SDD.STES:DSD_STES@DF_FINMARK(4.0),Financial market,I,EA20,Euro area (20 countries),A,Annual,IRLT,Long-term interest rates,PA,Percent per annum,_Z,Not applicable,_Z,Not applicable,_Z,Not applicable,_Z,Not applicable,N,National,1971,,7.916099,,A,Normal value,0,Units,2,Two,,
DATAFLOW,OECD.SDD.STES:DSD_STES@DF_FINMARK(4.0),Financial market,I,EA20,Euro area (20 countries),A,Annual,IRLT,Long-term interest rates,PA,Percent per annum,_Z,Not applicable,_Z,Not applicable,_Z,Not applicable,_Z,Not applicable,N,National,1972,,7.633708,,A,Normal value,0,Units,2,Two,,
DATAFLOW,OECD.SDD.STES:DSD_STES@DF_FINMARK(4.0),Financial market,I,EA20,Euro area (20 countries),A,Annual,IRLT,Long-term interest rates,PA,Percent per annum,_Z,Not applicable,_Z,Not applicable,_Z,Not applicable,_Z,Not applicable,N,National,1973,,8.399721,,A,Normal value,0,Units,2,Two,,
DATAFLOW,OECD.SDD.STES:DSD_STES@DF_FINMARK(4.0),Financial market,I,EA20,Euro area (20 countries),A,Annual,IRLT,Long-term interest rates,PA,Percent per annum,_Z,Not applicable,_Z,Not applicable,_Z,Not applicable,_Z,Not applicable,N,National,1974,,10.17245,,A,Normal value,0,Units,2,Two,,
DATAFLOW,OECD.SDD.STES:DSD_STES@DF_FINMARK(4.0),Financial market,I,EA20,Euro area (20 countries),A,Annual,IRLT,Long-term interest rates,PA,Percent per annum,_Z,Not applicable,_Z,Not applicable,_Z,Not applicable,_Z,Not applicable,N,National,1975,,9.548146,,A,Normal value,0,Units,2,Two,,
DATAFLOW,OECD.SDD.STES:DSD_STES@DF_FINMARK(4.0),Financial market,I,EA20,Euro area (20 countries),A,Annual,IRLT,Long-term interest rates,PA,Percent per annum,_Z,Not applicable,_Z,Not applicable,_Z,Not applicable,_Z,Not applicable,N,National,1976,,10.07397,,A,Normal value,0,Units,2,Two,,
DATAFLOW,OECD.SDD.STES:DSD_STES@DF_FINMARK(4.0),Financial market,I,EA20,Euro area (20 countries),A,Annual,IRLT,Long-term interest rates,PA,Percent per annum,_Z,Not applicable,_Z,Not applicable,_Z,Not applicable,_Z,Not applicable,N,National,1977,,10.14996,,A,Normal value,0,Units,2,Two,,
DATAFLOW,OECD.SDD.STES:DSD_STES@DF_FINMARK(4.0),Financial market,I,EA20,Euro area (20 countries),A,Annual,IRLT,Long-term interest rates,PA,Percent per annum,_Z,Not applicable,_Z,Not applicable,_Z,Not applicable,_Z,Not applicable,N,National,1978,,9.659986,,A,Normal value,0,Units,2,Two,,
DATAFLOW,OECD.SDD.STES:DSD_STES@DF_FINMARK(4.0),Financial market,I,EA20,Euro area (20 countries),A,Annual,IRLT,Long-term interest rates,PA,Percent per annum,_Z,Not applicable,_Z,Not applicable,_Z,Not applicable,_Z,Not applicable,N,National,1979,,10.40996,,A,Normal value,0,Units,2,Two,,
DATAFLOW,OECD.SDD.STES:DSD_STES@DF_FINMARK(4.0),Financial market,I,EA20,Euro area (20 countries),A,Annual,IRLT,Long-term interest rates,PA,Percent per annum,_Z,Not applicable,_Z,Not applicable,_Z,Not applicable,_Z,Not applicable,N,National,1980,,12.37216,,A,Normal value,0,Units,2,Two,,
DATAFLOW,OECD.SDD.STES:DSD_STES@DF_FINMARK(4.0),Financial market,I,EA20,Euro area (20 countries),A,Annual,IRLT,Long-term interest rates,PA,Percent per annum,_Z,Not applicable,_Z,Not applicable,_Z,Not applicable,_Z,Not applicable,N,National,1981,,14.55319,,A,Normal value,0,Units,2,Two,,
DATAFLOW,OECD.SDD.STES:DSD_STES@DF_FINMARK(4.0),Financial market,I,EA20,Euro area (20 countries),A,Annual,IRLT,Long-term interest rates,PA,Percent per annum,_Z,Not applicable,_Z,Not applicable,_Z,Not applicable,_Z,Not applicable,N,National,1982,,14.3112,,A,Normal value,0,Units,2,Two,,
DATAFLOW,OECD.SDD.STES:DSD_STES@DF_FINMARK(4.0),Financial market,I,EA20,Euro area (20 countries),A,Annual,IRLT,Long-term interest rates,PA,Percent per annum,_Z,Not applicable,_Z,Not applicable,_Z,Not applicable,_Z,Not applicable,N,National,1983,,13.03797,,A,Normal value,0,Units,2,Two,,
DATAFLOW,OECD.SDD.STES:DSD_STES@DF_FINMARK(4.0),Financial market,I,EA20,Euro area (20 countries),A,Annual,IRLT,Long-term interest rates,PA,Percent per annum,_Z,Not applicable,_Z,Not applicable,_Z,Not applicable,_Z,Not applicable,N,National,1984,,12.18526,,A,Normal value,0,Units,2,Two,,
DATAFLOW,OECD.SDD.STES:DSD_STES@DF_FINMARK(4.0),Financial market,I,EA20,Euro area (20 countries),A,Annual,IRLT,Long-term interest rates,PA,Percent per annum,_Z,Not applicable,_Z,Not applicable,_Z,Not applicable,_Z,Not applicable,N,National,1985,,10.68771,,A,Normal value,0,Units,2,Two,,
DATAFLOW,OECD.SDD.STES:DSD_STES@DF_FINMARK(4.0),Financial market,I,EA20,Euro area (20 countries),A,Annual,IRLT,Long-term interest rates,PA,Percent per annum,_Z,Not applicable,_Z,Not applicable,_Z,Not applicable,_Z,Not applicable,N,National,1986,,8.810304,,A,Normal value,0,Units,2,Two,,
DATAFLOW,OECD.SDD.STES:DSD_STES@DF_FINMARK(4.0),Financial market,I,EA20,Euro area (20 countries),A,Annual,IRLT,Long-term interest rates,PA,Percent per annum,_Z,Not applicable,_Z,Not applicable,_Z,Not applicable,_Z,Not applicable,N,National,1987,,9.061464,,A,Normal value,0,Units,2,Two,,
DATAFLOW,OECD.SDD.STES:DSD_STES@DF_FINMARK(4.0),Financial market,I,EA20,Euro area (20 countries),A,Annual,IRLT,Long-term interest rates,PA,Percent per annum,_Z,Not applicable,_Z,Not applicable,_Z,Not applicable,_Z,Not applicable,N,National,1988,,8.970979,,A,Normal value,0,Units,2,Two,,
DATAFLOW,OECD.SDD.STES:DSD_STES@DF_FINMARK(4.0),Financial market,I,EA20,Euro area (20 countries),A,Annual,IRLT,Long-term interest rates,PA,Percent per annum,_Z,Not applicable,_Z,Not applicable,_Z,Not applicable,_Z,Not applicable,N,National,1989,,9.680718,,A,Normal value,0,Units,2,Two,,
DATAFLOW,OECD.SDD.STES:DSD_STES@DF_FINMARK(4.0),Financial market,I,EA20,Euro area (20 countries),A,Annual,IRLT,Long-term interest rates,PA,Percent per annum,_Z,Not applicable,_Z,Not applicable,_Z,Not applicable,_Z,Not applicable,N,National,1990,,10.86626,,A,Normal value,0,Units,2,Two,,
DATAFLOW,OECD.SDD.STES:DSD_STES@DF_FINMARK(4.0),Financial market,I,EA20,Euro area (20 countries),A,Annual,IRLT,Long-term interest rates,PA,Percent per annum,_Z,Not applicable,_Z,Not applicable,_Z,Not applicable,_Z,Not applicable,N,National,1991,,10.16042,,A,Normal value,0,Units,2,Two,,
DATAFLOW,OECD.SDD.STES:DSD_STES@DF_FINMARK(4.0),Financial market,I,EA20,Euro area (20 countries),A,Annual,IRLT,Long-term interest rates,PA,Percent per annum,_Z,Not applicable,_Z,Not applicable,_Z,Not applicable,_Z,Not applicable,N,National,1992,,9.830224,,A,Normal value,0,Units,2,Two,,
DATAFLOW,OECD.SDD.STES:DSD_STES@DF_FINMARK(4.0),Financial market,I,EA20,Euro area (20 countries),A,Annual,IRLT,Long-term interest rates,PA,Percent per annum,_Z,Not applicable,_Z,Not applicable,_Z,Not applicable,_Z,Not applicable,N,National,1993,,8.424189,,A,Normal value,0,Units,2,Two,,
DATAFLOW,OECD.SDD.STES:DSD_STES@DF_FINMARK(4.0),Financial market,I,EA20,Euro area (20 countries),A,Annual,IRLT,Long-term interest rates,PA,Percent per annum,_Z,Not applicable,_Z,Not applicable,_Z,Not applicable,_Z,Not applicable,N,National,1994,,8.175834,,A,Normal value,0,Units,2,Two,,
DATAFLOW,OECD.SDD.STES:DSD_STES@DF_FINMARK(4.0),Financial market,I,EA20,Euro area (20 countries),A,Annual,IRLT,Long-term interest rates,PA,Percent per annum,_Z,Not applicable,_Z,Not applicable,_Z,Not applicable,_Z,Not applicable,N,National,1995,,8.729167,,A,Normal value,0,Units,2,Two,,
DATAFLOW,OECD.SDD.STES:DSD_STES@DF_FINMARK(4.0),Financial market,I,EA20,Euro area (20 countries),A,Annual,IRLT,Long-term interest rates,PA,Percent per annum,_Z,Not applicable,_Z,Not applicable,_Z,Not applicable,_Z,Not applicable,N,National,1996,,7.2325,,A,Normal value,0,Units,2,Two,,
DATAFLOW,OECD.SDD.STES:DSD_STES@DF_FINMARK(4.0),Financial market,I,EA20,Euro area (20 countries),A,Annual,IRLT,Long-term interest rates,PA,Percent per annum,_Z,Not applicable,_Z,Not applicable,_Z,Not applicable,_Z,Not applicable,N,National,1997,,5.958333,,A,Normal value,0,Units,2,Two,,
DATAFLOW,OECD.SDD.STES:DSD_STES@DF_FINMARK(4.0),Financial market,I,EA20,Euro area (20 countries),A,Annual,IRLT,Long-term interest rates,PA,Percent per annum,_Z,Not applicable,_Z,Not applicable,_Z,Not applicable,_Z,Not applicable,N,National,1998,,4.703333,,A,Normal value,0,Units,2,Two,,
DATAFLOW,OECD.SDD.STES:DSD_STES@DF_FINMARK(4.0),Financial market,I,EA20,Euro area (20 countries),A,Annual,IRLT,Long-term interest rates,PA,Percent per annum,_Z,Not applicable,_Z,Not applicable,_Z,Not applicable,_Z,Not applicable,N,National,1999,,4.655141,,A,Normal value,0,Units,2,Two,,
DATAFLOW,OECD.SDD.STES:DSD_STES@DF_FINMARK(4.0),Financial market,I,EA20,Euro area (20 countries),A,Annual,IRLT,Long-term interest rates,PA,Percent per annum,_Z,Not applicable,_Z,Not applicable,_Z,Not applicable,_Z,Not applicable,N,National,2000,,5.438877,,A,Normal value,0,Units,2,Two,,
DATAFLOW,OECD.SDD.STES:DSD_STES@DF_FINMARK(4.0),Financial market,I,EA20,Euro area (20 countries),A,Annual,IRLT,Long-term interest rates,PA,Percent per annum,_Z,Not applicable,_Z,Not applicable,_Z,Not applicable,_Z,Not applicable,N,National,2001,,5.027296,,A,Normal value,0,Units,2,Two,,
DATAFLOW,OECD.SDD.STES:DSD_STES@DF_FINMARK(4.0),Financial market,I,EA20,Euro area (20 countries),A,Annual,IRLT,Long-term interest rates,PA,Percent per annum,_Z,Not applicable,_Z,Not applicable,_Z,Not applicable,_Z,Not applicable,N,National,2002,,4.9229,,A,Normal value,0,Units,2,Two,,
DATAFLOW,OECD.SDD.STES:DSD_STES@DF_FINMARK(4.0),Financial market,I,EA20,Euro area (20 countries),A,Annual,IRLT,Long-term interest rates,PA,Percent per annum,_Z,Not applicable,_Z,Not applicable,_Z,Not applicable,_Z,Not applicable,N,National,2003,,4.160853,,A,Normal value,0,Units,2,Two,,
DATAFLOW,OECD.SDD.STES:DSD_STES@DF_FINMARK(4.0),Financial market,I,EA20,Euro area (20 countries),A,Annual,IRLT,Long-term interest rates,PA,Percent per annum,_Z,Not applicable,_Z,Not applicable,_Z,Not applicable,_Z,Not applicable,N,National,2004,,4.140792,,A,Normal value,0,Units,2,Two,,
DATAFLOW,OECD.SDD.STES:DSD_STES@DF_FINMARK(4.0),Financial market,I,EA20,Euro area (20 countries),A,Annual,IRLT,Long-term interest rates,PA,Percent per annum,_Z,Not applicable,_Z,Not applicable,_Z,Not applicable,_Z,Not applicable,N,National,2005,,3.440875,,A,Normal value,0,Units,2,Two,,
DATAFLOW,OECD.SDD.STES:DSD_STES@DF_FINMARK(4.0),Financial market,I,EA20,Euro area (20 countries),A,Annual,IRLT,Long-term interest rates,PA,Percent per annum,_Z,Not applicable,_Z,Not applicable,_Z,Not applicable,_Z,Not applicable,N,National,2006,,3.859515,,A,Normal value,0,Units,2,Two,,
DATAFLOW,OECD.SDD.STES:DSD_STES@DF_FINMARK(4.0),Financial market,I,EA20,Euro area (20 countries),A,Annual,IRLT,Long-term interest rates,PA,Percent per annum,_Z,Not applicable,_Z,Not applicable,_Z,Not applicable,_Z,Not applicable,N,National,2007,,4.331703,,A,Normal value,0,Units,2,Two,,
DATAFLOW,OECD.SDD.STES:DSD_STES@DF_FINMARK(4.0),Financial market,I,EA20,Euro area (20 countries),A,Annual,IRLT,Long-term interest rates,PA,Percent per annum,_Z,Not applicable,_Z,Not applicable,_Z,Not applicable,_Z,Not applicable,N,National,2008,,4.356012,,A,Normal value,0,Units,2,Two,,
DATAFLOW,OECD.SDD.STES:DSD_STES@DF_FINMARK(4.0),Financial market,I,EA20,Euro area (20 countries),A,Annual,IRLT,Long-term interest rates,PA,Percent per annum,_Z,Not applicable,_Z,Not applicable,_Z,Not applicable,_Z,Not applicable,N,National,2009,,4.028616,,A,Normal value,0,Units,2,Two,,
DATAFLOW,OECD.SDD.STES:DSD_STES@DF_FINMARK(4.0),Financial market,I,EA20,Euro area (20 countries),A,Annual,IRLT,Long-term interest rates,PA,Percent per annum,_Z,Not applicable,_Z,Not applicable,_Z,Not applicable,_Z,Not applicable,N,National,2010,,3.781404,,A,Normal value,0,Units,2,Two,,
DATAFLOW,OECD.SDD.STES:DSD_STES@DF_FINMARK(4.0),Financial market,I,EA20,Euro area (20 countries),A,Annual,IRLT,Long-term interest rates,PA,Percent per annum,_Z,Not applicable,_Z,Not applicable,_Z,Not applicable,_Z,Not applicable,N,National,2011,,4.307952,,A,Normal value,0,Units,2,Two,,
DATAFLOW,OECD.SDD.STES:DSD_STES@DF_FINMARK(4.0),Financial market,I,EA20,Euro area (20 countries),A,Annual,IRLT,Long-term interest rates,PA,Percent per annum,_Z,Not applicable,_Z,Not applicable,_Z,Not applicable,_Z,Not applicable,N,National,2012,,3.047651,,A,Normal value,0,Units,2,Two,,
DATAFLOW,OECD.SDD.STES:DSD_STES@DF_FINMARK(4.0),Financial market,I,EA20,Euro area (20 countries),A,Annual,IRLT,Long-term interest rates,PA,Percent per annum,_Z,Not applicable,_Z,Not applicable,_Z,Not applicable,_Z,Not applicable,N,National,2013,,3.011776,,A,Normal value,0,Units,2,Two,,
DATAFLOW,OECD.SDD.STES:DSD_STES@DF_FINMARK(4.0),Financial market,I,EA20,Euro area (20 countries),A,Annual,IRLT,Long-term interest rates,PA,Percent per annum,_Z,Not applicable,_Z,Not applicable,_Z,Not applicable,_Z,Not applicable,N,National,2014,,2.28135,,A,Normal value,0,Units,2,Two,,
DATAFLOW,OECD.SDD.STES:DSD_STES@DF_FINMARK(4.0),Financial market,I,EA20,Euro area (20 countries),A,Annual,IRLT,Long-term interest rates,PA,Percent per annum,_Z,Not applicable,_Z,Not applicable,_Z,Not applicable,_Z,Not applicable,N,National,2015,,1.267475,,A,Normal value,0,Units,2,Two,,
DATAFLOW,OECD.SDD.STES:DSD_STES@DF_FINMARK(4.0),Financial market,I,EA20,Euro area (20 countries),A,Annual,IRLT,Long-term interest rates,PA,Percent per annum,_Z,Not applicable,_Z,Not applicable,_Z,Not applicable,_Z,Not applicable,N,National,2016,,0.9285654,,A,Normal value,0,Units,2,Two,,
DATAFLOW,OECD.SDD.STES:DSD_STES@DF_FINMARK(4.0),Financial market,I,EA20,Euro area (20 countries),A,Annual,IRLT,Long-term interest rates,PA,Percent per annum,_Z,Not applicable,_Z,Not applicable,_Z,Not applicable,_Z,Not applicable,N,National,2017,,1.170734,,A,Normal value,0,Units,2,Two,,
DATAFLOW,OECD.SDD.STES:DSD_STES@DF_FINMARK(4.0),Financial market,I,EA20,Euro area (20 countries),A,Annual,IRLT,Long-term interest rates,PA,Percent per annum,_Z,Not applicable,_Z,Not applicable,_Z,Not applicable,_Z,Not applicable,N,National,2018,,1.264053,,A,Normal value,0,Units,2,Two,,
DATAFLOW,OECD.SDD.STES:DSD_STES@DF_FINMARK(4.0),Financial market,I,EA20,Euro area (20 countries),A,Annual,IRLT,Long-term interest rates,PA,Percent per annum,_Z,Not applicable,_Z,Not applicable,_Z,Not applicable,_Z,Not applicable,N,National,2019,,0.5846146,,A,Normal value,0,Units,2,Two,,
DATAFLOW,OECD.SDD.STES:DSD_STES@DF_FINMARK(4.0),Financial market,I,EA20,Euro area (20 countries),A,Annual,IRLT,Long-term interest rates,PA,Percent per annum,_Z,Not applicable,_Z,Not applicable,_Z,Not applicable,_Z,Not applicable,N,National,2020,,0.2135828,,A,Normal value,0,Units,2,Two,,
DATAFLOW,OECD.SDD.STES:DSD_STES@DF_FINMARK(4.0),Financial market,I,EA20,Euro area (20 countries),A,Annual,IRLT,Long-term interest rates,PA,Percent per annum,_Z,Not applicable,_Z,Not applicable,_Z,Not applicable,_Z,Not applicable,N,National,2021,,0.1997003,,A,Normal value,0,Units,2,Two,,
DATAFLOW,OECD.SDD.STES:DSD_STES@DF_FINMARK(4.0),Financial market,I,EA20,Euro area (20 countries),A,Annual,IRLT,Long-term interest rates,PA,Percent per annum,_Z,Not applicable,_Z,Not applicable,_Z,Not applicable,_Z,Not applicable,N,National,2022,,2.04145,,A,Normal value,0,Units,2,Two,,
DATAFLOW,OECD.SDD.STES:DSD_STES@DF_FINMARK(4.0),Financial market,I,EA20,Euro area (20 countries),A,Annual,IRLT,Long-term interest rates,PA,Percent per annum,_Z,Not applicable,_Z,Not applicable,_Z,Not applicable,_Z,Not applicable,N,National,2023,,3.265134,,A,Normal value,0,Units,2,Two,,
DATAFLOW,OECD.SDD.STES:DSD_STES@DF_FINMARK(4.0),Financial market,I,IND,India,A,Annual,IRLT,Long-term interest rates,PA,Percent per annum,_Z,Not applicable,_Z,Not applicable,_Z,Not applicable,_Z,Not applicable,N,National,2012,,8.259434,,A,Normal value,0,Units,2,Two,,
DATAFLOW,OECD.SDD.STES:DSD_STES@DF_FINMARK(4.0),Financial market,I,IND,India,A,Annual,IRLT,Long-term interest rates,PA,Percent per annum,_Z,Not applicable,_Z,Not applicable,_Z,Not applicable,_Z,Not applicable,N,National,2013,,8.109995,,A,Normal value,0,Units,2,Two,,
DATAFLOW,OECD.SDD.STES:DSD_STES@DF_FINMARK(4.0),Financial market,I,IND,India,A,Annual,IRLT,Long-term interest rates,PA,Percent per annum,_Z,Not applicable,_Z,Not applicable,_Z,Not applicable,_Z,Not applicable,N,National,2014,,8.586742,,A,Normal value,0,Units,2,Two,,
DATAFLOW,OECD.SDD.STES:DSD_STES@DF_FINMARK(4.0),Financial market,I,IND,India,A,Annual,IRLT,Long-term interest rates,PA,Percent per annum,_Z,Not applicable,_Z,Not applicable,_Z,Not applicable,_Z,Not applicable,N,National,2015,,7.775971,,A,Normal value,0,Units,2,Two,,
DATAFLOW,OECD.SDD.STES:DSD_STES@DF_FINMARK(4.0),Financial market,I,IND,India,A,Annual,IRLT,Long-term interest rates,PA,Percent per annum,_Z,Not applicable,_Z,Not applicable,_Z,Not applicable,_Z,Not applicable,N,National,2016,,7.206195,,A,Normal value,0,Units,2,Two,,
DATAFLOW,OECD.SDD.STES:DSD_STES@DF_FINMARK(4.0),Financial market,I,IND,India,A,Annual,IRLT,Long-term interest rates,PA,Percent per annum,_Z,Not applicable,_Z,Not applicable,_Z,Not applicable,_Z,Not applicable,N,National,2017,,6.923907,,A,Normal value,0,Units,2,Two,,
DATAFLOW,OECD.SDD.STES:DSD_STES@DF_FINMARK(4.0),Financial market,I,IND,India,A,Annual,IRLT,Long-term interest rates,PA,Percent per annum,_Z,Not applicable,_Z,Not applicable,_Z,Not applicable,_Z,Not applicable,N,National,2018,,7.704654,,A,Normal value,0,Units,2,Two,,
DATAFLOW,OECD.SDD.STES:DSD_STES@DF_FINMARK(4.0),Financial market,I,IND,India,A,Annual,IRLT,Long-term interest rates,PA,Percent per annum,_Z,Not applicable,_Z,Not applicable,_Z,Not applicable,_Z,Not applicable,N,National,2019,,6.996999,,A,Normal value,0,Units,2,Two,,
DATAFLOW,OECD.SDD.STES:DSD_STES@DF_FINMARK(4.0),Financial market,I,IND,India,A,Annual,IRLT,Long-term interest rates,PA,Percent per annum,_Z,Not applicable,_Z,Not applicable,_Z,Not applicable,_Z,Not applicable,N,National,2020,,6.191779,,A,Normal value,0,Units,2,Two,,
DATAFLOW,OECD.SDD.STES:DSD_STES@DF_FINMARK(4.0),Financial market,I,IND,India,A,Annual,IRLT,Long-term interest rates,PA,Percent per annum,_Z,Not applicable,_Z,Not applicable,_Z,Not applicable,_Z,Not applicable,N,National,2021,,6.257547,,A,Normal value,0,Units,2,Two,,
DATAFLOW,OECD.SDD.STES:DSD_STES@DF_FINMARK(4.0),Financial market,I,IND,India,A,Annual,IRLT,Long-term interest rates,PA,Percent per annum,_Z,Not applicable,_Z,Not applicable,_Z,Not applicable,_Z,Not applicable,N,National,2022,,7.192354,,A,Normal value,0,Units,2,Two,,
DATAFLOW,OECD.SDD.STES:DSD_STES@DF_FINMARK(4.0),Financial market,I,IND,India,A,Annual,IRLT,Long-term interest rates,PA,Percent per annum,_Z,Not applicable,_Z,Not applicable,_Z,Not applicable,_Z,Not applicable,N,National,2023,,7.220377,,A,Normal value,0,Units,2,Two,,
DATAFLOW,OECD.SDD.STES:DSD_STES@DF_FINMARK(4.0),Financial market,I,AUS,Australia,A,Annual,IR3TIB,Short-term interest rates,PA,Percent per annum,_Z,Not applicable,_Z,Not applicable,_Z,Not applicable,_Z,Not applicable,N,National,1969,,5.091667,,A,Normal value,0,Units,2,Two,,
DATAFLOW,OECD.SDD.STES:DSD_STES@DF_FINMARK(4.0),Financial market,I,AUS,Australia,A,Annual,IR3TIB,Short-term interest rates,PA,Percent per annum,_Z,Not applicable,_Z,Not applicable,_Z,Not applicable,_Z,Not applicable,N,National,2009,,3.434167,,A,Normal value,0,Units,2,Two,,
DATAFLOW,OECD.SDD.STES:DSD_STES@DF_FINMARK(4.0),Financial market,I,AUS,Australia,A,Annual,IR3TIB,Short-term interest rates,PA,Percent per annum,_Z,Not applicable,_Z,Not applicable,_Z,Not applicable,_Z,Not applicable,N,National,2010,,4.6825,,A,Normal value,0,Units,2,Two,,
DATAFLOW,OECD.SDD.STES:DSD_STES@DF_FINMARK(4.0),Financial market,I,AUS,Australia,A,Annual,IR3TIB,Short-term interest rates,PA,Percent per annum,_Z,Not applicable,_Z,Not applicable,_Z,Not applicable,_Z,Not applicable,N,National,2011,,4.8475,,A,Normal value,0,Units,2,Two,,
DATAFLOW,OECD.SDD.STES:DSD_STES@DF_FINMARK(4.0),Financial market,I,AUS,Australia,A,Annual,IR3TIB,Short-term interest rates,PA,Percent per annum,_Z,Not applicable,_Z,Not applicable,_Z,Not applicable,_Z,Not applicable,N,National,2012,,3.728333,,A,Normal value,0,Units,2,Two,,
DATAFLOW,OECD.SDD.STES:DSD_STES@DF_FINMARK(4.0),Financial market,I,AUT,Austria,A,Annual,IR3TIB,Short-term interest rates,PA,Percent per annum,_Z,Not applicable,_Z,Not applicable,_Z,Not applicable,_Z,Not applicable,N,National,2023,,3.432429,,A,Normal value,0,Units,2,Two,,
DATAFLOW,OECD.SDD.STES:DSD_STES@DF_FINMARK(4.0),Financial market,I,BEL,Belgium,A,Annual,IR3TIB,Short-term interest rates,PA,Percent per annum,_Z,Not applicable,_Z,Not applicable,_Z,Not applicable,_Z,Not applicable,N,National,2023,,3.432429,,A,Normal value,0,Units,2,Two,,
DATAFLOW,OECD.SDD.STES:DSD_STES@DF_FINMARK(4.0),Financial market,I,CAN,Canada,A,Annual,IR3TIB,Short-term interest rates,PA,Percent per annum,_Z,Not applicable,_Z,Not applicable,_Z,Not applicable,_Z,Not applicable,N,National,2000,,5.442333,,A,Normal value,0,Units,2,Two,,
DATAFLOW,OECD.SDD.STES:DSD_STES@DF_FINMARK(4.0),Financial market,I,CAN,Canada,A,Annual,IR3TIB,Short-term interest rates,PA,Percent per annum,_Z,Not applicable,_Z,Not applicable,_Z,Not applicable,_Z,Not applicable,N,National,2001,,3.859167,,A,Normal value,0,Units,2,Two,,
DATAFLOW,OECD.SDD.STES:DSD_STES@DF_FINMARK(4.0),Financial market,I,CAN,Canada,A,Annual,IR3TIB,Short-term interest rates,PA,Percent per annum,_Z,Not applicable,_Z,Not applicable,_Z,Not applicable,_Z,Not applicable,N,National,2002,,2.514625,,A,Normal value,0,Units,2,Two,,
DATAFLOW,OECD.SDD.STES:DSD_STES@DF_FINMARK(4.0),Financial market,I,CAN,Canada,A,Annual,IR3TIB,Short-term interest rates,PA,Percent per annum,_Z,Not applicable,_Z,Not applicable,_Z,Not applicable,_Z,Not applicable,N,National,2003,,2.858417,,A,Normal value,0,Units,2,Two,,
DATAFLOW,OECD.SDD.STES:DSD_STES@DF_FINMARK(4.0),Financial market,I,CAN,Canada,A,Annual,IR3TIB,Short-term interest rates,PA,Percent per annum,_Z,Not applicable,_Z,Not applicable,_Z,Not applicable,_Z,Not applicable,N,National,2004,,2.219,,A,Normal value,0,Units,2,Two,,
DATAFLOW,OECD.SDD.STES:DSD_STES@DF_FINMARK(4.0),Financial market,I,CAN,Canada,A,Annual,IR3TIB,Short-term interest rates,PA,Percent per annum,_Z,Not applicable,_Z,Not applicable,_Z,Not applicable,_Z,Not applicable,N,National,2005,,2.695167,,A,Normal value,0,Units,2,Two,,
DATAFLOW,OECD.SDD.STES:DSD_STES@DF_FINMARK(4.0),Financial market,I,CAN,Canada,A,Annual,IR3TIB,Short-term interest rates,PA,Percent per annum,_Z,Not applicable,_Z,Not applicable,_Z,Not applicable,_Z,Not applicable,N,National,2006,,4.009459,,A,Normal value,0,Units,2,Two,,
DATAFLOW,OECD.SDD.STES:DSD_STES@DF_FINMARK(4.0),Financial market,I,CAN,Canada,A,Annual,IR3TIB,Short-term interest rates,PA,Percent per annum,_Z,Not applicable,_Z,Not applicable,_Z,Not applicable,_Z,Not applicable,N,National,2007,,4.142,,A,Normal value,0,Units,2,Two,,
DATAFLOW,OECD.SDD.STES:DSD_STES@DF_FINMARK(4.0),Financial market,I,CAN,Canada,A,Annual,IR3TIB,Short-term interest rates,PA,Percent per annum,_Z,Not applicable,_Z,Not applicable,_Z,Not applicable,_Z,Not applicable,N,National,2008,,2.336875,,A,Normal value,0,Units,2,Two,,
DATAFLOW,OECD.SDD.STES:DSD_STES@DF_FINMARK(4.0),Financial market,I,CAN,Canada,A,Annual,IR3TIB,Short-term interest rates,PA,Percent per annum,_Z,Not applicable,_Z,Not applicable,_Z,Not applicable,_Z,Not applicable,N,National,2009,,0.3315417,,A,Normal value,0,Units,2,Two,,
DATAFLOW,OECD.SDD.STES:DSD_STES@DF_FINMARK(4.0),Financial market,I,CAN,Canada,A,Annual,IR3TIB,Short-term interest rates,PA,Percent per annum,_Z,Not applicable,_Z,Not applicable,_Z,Not applicable,_Z,Not applicable,N,National,2010,,0.5617917,,A,Normal value,0,Units,2,Two,,
DATAFLOW,OECD.SDD.STES:DSD_STES@DF_FINMARK(4.0),Financial market,I,CAN,Canada,A,Annual,IR3TIB,Short-term interest rates,PA,Percent per annum,_Z,Not applicable,_Z,Not applicable,_Z,Not applicable,_Z,Not applicable,N,National,2011,,0.9116667,,A,Normal value,0,Units,2,Two,,
DATAFLOW,OECD.SDD.STES:DSD_STES@DF_FINMARK(4.0),Financial market,I,CAN,Canada,A,Annual,IR3TIB,Short-term interest rates,PA,Percent per annum,_Z,Not applicable,_Z,Not applicable,_Z,Not applicable,_Z,Not applicable,N,National,2012,,0.9415833,,A,Normal value,0,Units,2,Two,,
DATAFLOW,OECD.SDD.STES:DSD_STES@DF_FINMARK(4.0),Financial market,I,CAN,Canada,A,Annual,IR3TIB,Short-term interest rates,PA,Percent per annum,_Z,Not applicable,_Z,Not applicable,_Z,Not applicable,_Z,Not applicable,N,National,2013,,0.9661667,,A,Normal value,0,Units,2,Two,,
DATAFLOW,OECD.SDD.STES:DSD_STES@DF_FINMARK(4.0),Financial market,I,CAN,Canada,A,Annual,IR3TIB,Short-term interest rates,PA,Percent per annum,_Z,Not applicable,_Z,Not applicable,_Z,Not applicable,_Z,Not applicable,N,National,2014,,0.9097083,,A,Normal value,0,Units,2,Two,,
DATAFLOW,OECD.SDD.STES:DSD_STES@DF_FINMARK(4.0),Financial market,I,CAN,Canada,A,Annual,IR3TIB,Short-term interest rates,PA,Percent per annum,_Z,Not applicable,_Z,Not applicable,_Z,Not applicable,_Z,Not applicable,N,National,2015,,0.5274583,,A,Normal value,0,Units,2,Two,,
DATAFLOW,OECD.SDD.STES:DSD_STES@DF_FINMARK(4.0),Financial market,I,CAN,Canada,A,Annual,IR3TIB,Short-term interest rates,PA,Percent per annum,_Z,Not applicable,_Z,Not applicable,_Z,Not applicable,_Z,Not applicable,N,National,2016,,0.4865417,,A,Normal value,0,Units,2,Two,,
DATAFLOW,OECD.SDD.STES:DSD_STES@DF_FINMARK(4.0),Financial market,I,CAN,Canada,A,Annual,IR3TIB,Short-term interest rates,PA,Percent per annum,_Z,Not applicable,_Z,Not applicable,_Z,Not applicable,_Z,Not applicable,N,National,2017,,0.6880834,,A,Normal value,0,Units,2,Two,,
DATAFLOW,OECD.SDD.STES:DSD_STES@DF_FINMARK(4.0),Financial market,I,CAN,Canada,A,Annual,IR3TIB,Short-term interest rates,PA,Percent per annum,_Z,Not applicable,_Z,Not applicable,_Z,Not applicable,_Z,Not applicable,N,National,2018,,1.373583,,A,Normal value,0,Units,2,Two,,
DATAFLOW,OECD.SDD.STES:DSD_STES@DF_FINMARK(4.0),Financial market,I,CAN,Canada,A,Annual,IR3TIB,Short-term interest rates,PA,Percent per annum,_Z,Not applicable,_Z,Not applicable,_Z,Not applicable,_Z,Not applicable,N,National,2019,,1.655625,,A,Normal value,0,Units,2,Two,,
DATAFLOW,OECD.SDD.STES:DSD_STES@DF_FINMARK(4.0),Financial market,I,CAN,Canada,A,Annual,IR3TIB,Short-term interest rates,PA,Percent per annum,_Z,Not applicable,_Z,Not applicable,_Z,Not applicable,_Z,Not applicable,N,National,2020,,0.4514583,,A,Normal value,0,Units,2,Two,,
DATAFLOW,OECD.SDD.STES:DSD_STES@DF_FINMARK(4.0),Financial market,I,CAN,Canada,A,Annual,IR3TIB,Short-term interest rates,PA,Percent per annum,_Z,Not applicable,_Z,Not applicable,_Z,Not applicable,_Z,Not applicable,N,National,2021,,0.1130417,,A,Normal value,0,Units,2,Two,,
DATAFLOW,OECD.SDD.STES:DSD_STES@DF_FINMARK(4.0),Financial market,I,CAN,Canada,A,Annual,IR3TIB,Short-term interest rates,PA,Percent per annum,_Z,Not applicable,_Z,Not applicable,_Z,Not applicable,_Z,Not applicable,N,National,2022,,2.177792,,A,Normal value,0,Units,2,Two,,
DATAFLOW,OECD.SDD.STES:DSD_STES@DF_FINMARK(4.0),Financial market,I,CAN,Canada,A,Annual,IR3TIB,Short-term interest rates,PA,Percent per annum,_Z,Not applicable,_Z,Not applicable,_Z,Not applicable,_Z,Not applicable,N,National,2023,,4.740917,,A,Normal value,0,Units,2,Two,,
DATAFLOW,OECD.SDD.STES:DSD_STES@DF_FINMARK(4.0),Financial market,I,CHL,Chile,A,Annual,IR3TIB,Short-term interest rates,PA,Percent per annum,_Z,Not applicable,_Z,Not applicable,_Z,Not applicable,_Z,Not applicable,N,National,1999,,10.955,,A,Normal value,0,Units,2,Two,,
DATAFLOW,OECD.SDD.STES:DSD_STES@DF_FINMARK(4.0),Financial market,I,CHL,Chile,A,Annual,IR3TIB,Short-term interest rates,PA,Percent per annum,_Z,Not applicable,_Z,Not applicable,_Z,Not applicable,_Z,Not applicable,N,National,2000,,10.7575,,A,Normal value,0,Units,2,Two,,
DATAFLOW,OECD.SDD.STES:DSD_STES@DF_FINMARK(4.0),Financial market,I,CHL,Chile,A,Annual,IR3TIB,Short-term interest rates,PA,Percent per annum,_Z,Not applicable,_Z,Not applicable,_Z,Not applicable,_Z,Not applicable,N,National,2001,,7.233333,,A,Normal value,0,Units,2,Two,,
DATAFLOW,OECD.SDD.STES:DSD_STES@DF_FINMARK(4.0),Financial market,I,CHL,Chile,A,Annual,IR3TIB,Short-term interest rates,PA,Percent per annum,_Z,Not applicable,_Z,Not applicable,_Z,Not applicable,_Z,Not applicable,N,National,2002,,3.925,,A,Normal value,0,Units,2,Two,,
DATAFLOW,OECD.SDD.STES:DSD_STES@DF_FINMARK(4.0),Financial market,I,CHL,Chile,A,Annual,IR3TIB,Short-term interest rates,PA,Percent per annum,_Z,Not applicable,_Z,Not applicable,_Z,Not applicable,_Z,Not applicable,N,National,2003,,2.7675,,A,Normal value,0,Units,2,Two,,
DATAFLOW,OECD.SDD.STES:DSD_STES@DF_FINMARK(4.0),Financial market,I,CHL,Chile,A,Annual,IR3TIB,Short-term interest rates,PA,Percent per annum,_Z,Not applicable,_Z,Not applicable,_Z,Not applicable,_Z,Not applicable,N,National,2004,,1.83,,A,Normal value,0,Units,2,Two,,
DATAFLOW,OECD.SDD.STES:DSD_STES@DF_FINMARK(4.0),Financial market,I,CHL,Chile,A,Annual,IR3TIB,Short-term interest rates,PA,Percent per annum,_Z,Not applicable,_Z,Not applicable,_Z,Not applicable,_Z,Not applicable,N,National,2005,,3.530833,,A,Normal value,0,Units,2,Two,,
DATAFLOW,OECD.SDD.STES:DSD_STES@DF_FINMARK(4.0),Financial market,I,CHL,Chile,A,Annual,IR3TIB,Short-term interest rates,PA,Percent per annum,_Z,Not applicable,_Z,Not applicable,_Z,Not applicable,_Z,Not applicable,N,National,2006,,4.825833,,A,Normal value,0,Units,2,Two,,
DATAFLOW,OECD.SDD.STES:DSD_STES@DF_FINMARK(4.0),Financial market,I,CHL,Chile,A,Annual,IR3TIB,Short-term interest rates,PA,Percent per annum,_Z,Not applicable,_Z,Not applicable,_Z,Not applicable,_Z,Not applicable,N,National,2007,,5.179167,,A,Normal value,0,Units,2,Two,,
DATAFLOW,OECD.SDD.STES:DSD_STES@DF_FINMARK(4.0),Financial market,I,CHL,Chile,A,Annual,IR3TIB,Short-term interest rates,PA,Percent per annum,_Z,Not applicable,_Z,Not applicable,_Z,Not applicable,_Z,Not applicable,N,National,2009,,1.746667,,A,Normal value,0,Units,2,Two,,
DATAFLOW,OECD.SDD.STES:DSD_STES@DF_FINMARK(4.0),Financial market,I,CHL,Chile,A,Annual,IR3TIB,Short-term interest rates,PA,Percent per annum,_Z,Not applicable,_Z,Not applicable,_Z,Not applicable,_Z,Not applicable,N,National,2014,,3.895565,,A,Normal value,0,Units,2,Two,,
DATAFLOW,OECD.SDD.STES:DSD_STES@DF_FINMARK(4.0),Financial market,I,CHL,Chile,A,Annual,IR3TIB,Short-term interest rates,PA,Percent per annum,_Z,Not applicable,_Z,Not applicable,_Z,Not applicable,_Z,Not applicable,N,National,2015,,3.600714,,A,Normal value,0,Units,2,Two,,
DATAFLOW,OECD.SDD.STES:DSD_STES@DF_FINMARK(4.0),Financial market,I,CHL,Chile,A,Annual,IR3TIB,Short-term interest rates,PA,Percent per annum,_Z,Not applicable,_Z,Not applicable,_Z,Not applicable,_Z,Not applicable,N,National,2016,,3.913277,,A,Normal value,0,Units,2,Two,,
DATAFLOW,OECD.SDD.STES:DSD_STES@DF_FINMARK(4.0),Financial market,I,CHL,Chile,A,Annual,IR3TIB,Short-term interest rates,PA,Percent per annum,_Z,Not applicable,_Z,Not applicable,_Z,Not applicable,_Z,Not applicable,N,National,2017,,2.953703,,A,Normal value,0,Units,2,Two,,
DATAFLOW,OECD.SDD.STES:DSD_STES@DF_FINMARK(4.0),Financial market,I,CHL,Chile,A,Annual,IR3TIB,Short-term interest rates,PA,Percent per annum,_Z,Not applicable,_Z,Not applicable,_Z,Not applicable,_Z,Not applicable,N,National,2018,,2.83273,,A,Normal value,0,Units,2,Two,,
DATAFLOW,OECD.SDD.STES:DSD_STES@DF_FINMARK(4.0),Financial market,I,CHL,Chile,A,Annual,IR3TIB,Short-term interest rates,PA,Percent per annum,_Z,Not applicable,_Z,Not applicable,_Z,Not applicable,_Z,Not applicable,N,National,2019,,2.637614,,A,Normal value,0,Units,2,Two,,
DATAFLOW,OECD.SDD.STES:DSD_STES@DF_FINMARK(4.0),Financial market,I,CHL,Chile,A,Annual,IR3TIB,Short-term interest rates,PA,Percent per annum,_Z,Not applicable,_Z,Not applicable,_Z,Not applicable,_Z,Not applicable,N,National,2020,,0.6971985,,A,Normal value,0,Units,2,Two,,
DATAFLOW,OECD.SDD.STES:DSD_STES@DF_FINMARK(4.0),Financial market,I,CHL,Chile,A,Annual,IR3TIB,Short-term interest rates,PA,Percent per annum,_Z,Not applicable,_Z,Not applicable,_Z,Not applicable,_Z,Not applicable,N,National,2021,,1.520203,,A,Normal value,0,Units,2,Two,,
DATAFLOW,OECD.SDD.STES:DSD_STES@DF_FINMARK(4.0),Financial market,I,CHL,Chile,A,Annual,IR3TIB,Short-term interest rates,PA,Percent per annum,_Z,Not applicable,_Z,Not applicable,_Z,Not applicable,_Z,Not applicable,N,National,2022,,9.303696,,A,Normal value,0,Units,2,Two,,
DATAFLOW,OECD.SDD.STES:DSD_STES@DF_FINMARK(4.0),Financial market,I,CHL,Chile,A,Annual,IR3TIB,Short-term interest rates,PA,Percent per annum,_Z,Not applicable,_Z,Not applicable,_Z,Not applicable,_Z,Not applicable,N,National,2023,,10.25993,,A,Normal value,0,Units,2,Two,,
DATAFLOW,OECD.SDD.STES:DSD_STES@DF_FINMARK(4.0),Financial market,I,CRI,Costa Rica,A,Annual,IR3TIB,Short-term interest rates,PA,Percent per annum,_Z,Not applicable,_Z,Not applicable,_Z,Not applicable,_Z,Not applicable,N,National,2016,,3.468717,,A,Normal value,0,Units,2,Two,,
DATAFLOW,OECD.SDD.STES:DSD_STES@DF_FINMARK(4.0),Financial market,I,CRI,Costa Rica,A,Annual,IR3TIB,Short-term interest rates,PA,Percent per annum,_Z,Not applicable,_Z,Not applicable,_Z,Not applicable,_Z,Not applicable,N,National,2017,,4.929315,,A,Normal value,0,Units,2,Two,,
DATAFLOW,OECD.SDD.STES:DSD_STES@DF_FINMARK(4.0),Financial market,I,CRI,Costa Rica,A,Annual,IR3TIB,Short-term interest rates,PA,Percent per annum,_Z,Not applicable,_Z,Not applicable,_Z,Not applicable,_Z,Not applicable,N,National,2018,,5.685646,,A,Normal value,0,Units,2,Two,,
DATAFLOW,OECD.SDD.STES:DSD_STES@DF_FINMARK(4.0),Financial market,I,CRI,Costa Rica,A,Annual,IR3TIB,Short-term interest rates,PA,Percent per annum,_Z,Not applicable,_Z,Not applicable,_Z,Not applicable,_Z,Not applicable,N,National,2019,,5.456554,,A,Normal value,0,Units,2,Two,,
DATAFLOW,OECD.SDD.STES:DSD_STES@DF_FINMARK(4.0),Financial market,I,CRI,Costa Rica,A,Annual,IR3TIB,Short-term interest rates,PA,Percent per annum,_Z,Not applicable,_Z,Not applicable,_Z,Not applicable,_Z,Not applicable,N,National,2020,,4.050415,,A,Normal value,0,Units,2,Two,,
DATAFLOW,OECD.SDD.STES:DSD_STES@DF_FINMARK(4.0),Financial market,I,CRI,Costa Rica,A,Annual,IR3TIB,Short-term interest rates,PA,Percent per annum,_Z,Not applicable,_Z,Not applicable,_Z,Not applicable,_Z,Not applicable,N,National,2021,,2.120328,,A,Normal value,0,Units,2,Two,,
DATAFLOW,OECD.SDD.STES:DSD_STES@DF_FINMARK(4.0),Financial market,I,CRI,Costa Rica,A,Annual,IR3TIB,Short-term interest rates,PA,Percent per annum,_Z,Not applicable,_Z,Not applicable,_Z,Not applicable,_Z,Not applicable,N,National,2022,,3.597647,,A,Normal value,0,Units,2,Two,,
DATAFLOW,OECD.SDD.STES:DSD_STES@DF_FINMARK(4.0),Financial market,I,CRI,Costa Rica,A,Annual,IR3TIB,Short-term interest rates,PA,Percent per annum,_Z,Not applicable,_Z,Not applicable,_Z,Not applicable,_Z,Not applicable,N,National,2023,,5.348928,,A,Normal value,0,Units,2,Two,,
DATAFLOW,OECD.SDD.STES:DSD_STES@DF_FINMARK(4.0),Financial market,I,DNK,Denmark,A,Annual,IR3TIB,Short-term interest rates,PA,Percent per annum,_Z,Not applicable,_Z,Not applicable,_Z,Not applicable,_Z,Not applicable,N,National,2020,,-0.2405624,,A,Normal value,0,Units,2,Two,,
DATAFLOW,OECD.SDD.STES:DSD_STES@DF_FINMARK(4.0),Financial market,I,DNK,Denmark,A,Annual,IR3TIB,Short-term interest rates,PA,Percent per annum,_Z,Not applicable,_Z,Not applicable,_Z,Not applicable,_Z,Not applicable,N,National,2021,,-0.2300799,,A,Normal value,0,Units,2,Two,,
DATAFLOW,OECD.SDD.STES:DSD_STES@DF_FINMARK(4.0),Financial market,I,DNK,Denmark,A,Annual,IR3TIB,Short-term interest rates,PA,Percent per annum,_Z,Not applicable,_Z,Not applicable,_Z,Not applicable,_Z,Not applicable,N,National,2022,,0.6157377,,A,Normal value,0,Units,2,Two,,
DATAFLOW,OECD.SDD.STES:DSD_STES@DF_FINMARK(4.0),Financial market,I,EST,Estonia,A,Annual,IR3TIB,Short-term interest rates,PA,Percent per annum,_Z,Not applicable,_Z,Not applicable,_Z,Not applicable,_Z,Not applicable,N,National,2023,,3.432429,,A,Normal value,0,Units,2,Two,,
DATAFLOW,OECD.SDD.STES:DSD_STES@DF_FINMARK(4.0),Financial market,I,FIN,Finland,A,Annual,IR3TIB,Short-term interest rates,PA,Percent per annum,_Z,Not applicable,_Z,Not applicable,_Z,Not applicable,_Z,Not applicable,N,National,2023,,3.432429,,A,Normal value,0,Units,2,Two,,
DATAFLOW,OECD.SDD.STES:DSD_STES@DF_FINMARK(4.0),Financial market,I,FRA,France,A,Annual,IR3TIB,Short-term interest rates,PA,Percent per annum,_Z,Not applicable,_Z,Not applicable,_Z,Not applicable,_Z,Not applicable,N,National,2023,,3.432429,,A,Normal value,0,Units,2,Two,,
DATAFLOW,OECD.SDD.STES:DSD_STES@DF_FINMARK(4.0),Financial market,I,DEU,Germany,A,Annual,IR3TIB,Short-term interest rates,PA,Percent per annum,_Z,Not applicable,_Z,Not applicable,_Z,Not applicable,_Z,Not applicable,N,National,2023,,3.432429,,A,Normal value,0,Units,2,Two,,
DATAFLOW,OECD.SDD.STES:DSD_STES@DF_FINMARK(4.0),Financial market,I,GRC,Greece,A,Annual,IR3TIB,Short-term interest rates,PA,Percent per annum,_Z,Not applicable,_Z,Not applicable,_Z,Not applicable,_Z,Not applicable,N,National,2023,,3.432429,,A,Normal value,0,Units,2,Two,,
DATAFLOW,OECD.SDD.STES:DSD_STES@DF_FINMARK(4.0),Financial market,I,IRL,Ireland,A,Annual,IR3TIB,Short-term interest rates,PA,Percent per annum,_Z,Not applicable,_Z,Not applicable,_Z,Not applicable,_Z,Not applicable,N,National,2023,,3.432429,,A,Normal value,0,Units,2,Two,,
DATAFLOW,OECD.SDD.STES:DSD_STES@DF_FINMARK(4.0),Financial market,I,ITA,Italy,A,Annual,IR3TIB,Short-term interest rates,PA,Percent per annum,_Z,Not applicable,_Z,Not applicable,_Z,Not applicable,_Z,Not applicable,N,National,2023,,3.432429,,A,Normal value,0,Units,2,Two,,
DATAFLOW,OECD.SDD.STES:DSD_STES@DF_FINMARK(4.0),Financial market,I,LVA,Latvia,A,Annual,IR3TIB,Short-term interest rates,PA,Percent per annum,_Z,Not applicable,_Z,Not applicable,_Z,Not applicable,_Z,Not applicable,N,National,2023,,3.432429,,A,Normal value,0,Units,2,Two,,
DATAFLOW,OECD.SDD.STES:DSD_STES@DF_FINMARK(4.0),Financial market,I,LTU,Lithuania,A,Annual,IR3TIB,Short-term interest rates,PA,Percent per annum,_Z,Not applicable,_Z,Not applicable,_Z,Not applicable,_Z,Not applicable,N,National,2023,,3.432429,,A,Normal value,0,Units,2,Two,,
DATAFLOW,OECD.SDD.STES:DSD_STES@DF_FINMARK(4.0),Financial market,I,LUX,Luxembourg,A,Annual,IR3TIB,Short-term interest rates,PA,Percent per annum,_Z,Not applicable,_Z,Not applicable,_Z,Not applicable,_Z,Not applicable,N,National,2023,,3.432429,,A,Normal value,0,Units,2,Two,,
DATAFLOW,OECD.SDD.STES:DSD_STES@DF_FINMARK(4.0),Financial market,I,NLD,Netherlands,A,Annual,IR3TIB,Short-term interest rates,PA,Percent per annum,_Z,Not applicable,_Z,Not applicable,_Z,Not applicable,_Z,Not applicable,N,National,2023,,3.432429,,A,Normal value,0,Units,2,Two,,
DATAFLOW,OECD.SDD.STES:DSD_STES@DF_FINMARK(4.0),Financial market,I,NZL,New Zealand,A,Annual,IR3TIB,Short-term interest rates,PA,Percent per annum,_Z,Not applicable,_Z,Not applicable,_Z,Not applicable,_Z,Not applicable,N,National,2018,,1.945,,A,Normal value,0,Units,2,Two,,
DATAFLOW,OECD.SDD.STES:DSD_STES@DF_FINMARK(4.0),Financial market,I,NZL,New Zealand,A,Annual,IR3TIB,Short-term interest rates,PA,Percent per annum,_Z,Not applicable,_Z,Not applicable,_Z,Not applicable,_Z,Not applicable,N,National,2019,,1.518333,,A,Normal value,0,Units,2,Two,,
DATAFLOW,OECD.SDD.STES:DSD_STES@DF_FINMARK(4.0),Financial market,I,PRT,Portugal,A,Annual,IR3TIB,Short-term interest rates,PA,Percent per annum,_Z,Not applicable,_Z,Not applicable,_Z,Not applicable,_Z,Not applicable,N,National,2023,,3.432429,,A,Normal value,0,Units,2,Two,,
DATAFLOW,OECD.SDD.STES:DSD_STES@DF_FINMARK(4.0),Financial market,I,SVK,Slovak Republic,A,Annual,IR3TIB,Short-term interest rates,PA,Percent per annum,_Z,Not applicable,_Z,Not applicable,_Z,Not applicable,_Z,Not applicable,N,National,2023,,3.432429,,A,Normal value,0,Units,2,Two,,
DATAFLOW,OECD.SDD.STES:DSD_STES@DF_FINMARK(4.0),Financial market,I,SVN,Slovenia,A,Annual,IR3TIB,Short-term interest rates,PA,Percent per annum,_Z,Not applicable,_Z,Not applicable,_Z,Not applicable,_Z,Not applicable,N,National,2023,,3.432429,,A,Normal value,0,Units,2,Two,,
DATAFLOW,OECD.SDD.STES:DSD_STES@DF_FINMARK(4.0),Financial market,I,ESP,Spain,A,Annual,IR3TIB,Short-term interest rates,PA,Percent per annum,_Z,Not applicable,_Z,Not applicable,_Z,Not applicable,_Z,Not applicable,N,National,2023,,3.432429,,A,Normal value,0,Units,2,Two,,
DATAFLOW,OECD.SDD.STES:DSD_STES@DF_FINMARK(4.0),Financial market,I,SWE,Sweden,A,Annual,IR3TIB,Short-term interest rates,PA,Percent per annum,_Z,Not applicable,_Z,Not applicable,_Z,Not applicable,_Z,Not applicable,N,National,2001,,4.003334,,A,Normal value,0,Units,2,Two,,
DATAFLOW,OECD.SDD.STES:DSD_STES@DF_FINMARK(4.0),Financial market,I,CHE,Switzerland,A,Annual,IR3TIB,Short-term interest rates,PA,Percent per annum,_Z,Not applicable,_Z,Not applicable,_Z,Not applicable,_Z,Not applicable,N,National,2000,,2.940907,,A,Normal value,0,Units,2,Two,,
DATAFLOW,OECD.SDD.STES:DSD_STES@DF_FINMARK(4.0),Financial market,I,CHE,Switzerland,A,Annual,IR3TIB,Short-term interest rates,PA,Percent per annum,_Z,Not applicable,_Z,Not applicable,_Z,Not applicable,_Z,Not applicable,N,National,2001,,2.813803,,A,Normal value,0,Units,2,Two,,
DATAFLOW,OECD.SDD.STES:DSD_STES@DF_FINMARK(4.0),Financial market,I,CHE,Switzerland,A,Annual,IR3TIB,Short-term interest rates,PA,Percent per annum,_Z,Not applicable,_Z,Not applicable,_Z,Not applicable,_Z,Not applicable,N,National,2002,,1.049703,,A,Normal value,0,Units,2,Two,,
DATAFLOW,OECD.SDD.STES:DSD_STES@DF_FINMARK(4.0),Financial market,I,CHE,Switzerland,A,Annual,IR3TIB,Short-term interest rates,PA,Percent per annum,_Z,Not applicable,_Z,Not applicable,_Z,Not applicable,_Z,Not applicable,N,National,2003,,0.2153193,,A,Normal value,0,Units,2,Two,,
DATAFLOW,OECD.SDD.STES:DSD_STES@DF_FINMARK(4.0),Financial market,I,CHE,Switzerland,A,Annual,IR3TIB,Short-term interest rates,PA,Percent per annum,_Z,Not applicable,_Z,Not applicable,_Z,Not applicable,_Z,Not applicable,N,National,2004,,0.3774774,,A,Normal value,0,Units,2,Two,,
DATAFLOW,OECD.SDD.STES:DSD_STES@DF_FINMARK(4.0),Financial market,I,CHE,Switzerland,A,Annual,IR3TIB,Short-term interest rates,PA,Percent per annum,_Z,Not applicable,_Z,Not applicable,_Z,Not applicable,_Z,Not applicable,N,National,2005,,0.7123538,,A,Normal value,0,Units,2,Two,,
DATAFLOW,OECD.SDD.STES:DSD_STES@DF_FINMARK(4.0),Financial market,I,CHE,Switzerland,A,Annual,IR3TIB,Short-term interest rates,PA,Percent per annum,_Z,Not applicable,_Z,Not applicable,_Z,Not applicable,_Z,Not applicable,N,National,2006,,1.411713,,A,Normal value,0,Units,2,Two,,
DATAFLOW,OECD.SDD.STES:DSD_STES@DF_FINMARK(4.0),Financial market,I,CHE,Switzerland,A,Annual,IR3TIB,Short-term interest rates,PA,Percent per annum,_Z,Not applicable,_Z,Not applicable,_Z,Not applicable,_Z,Not applicable,N,National,2007,,2.342838,,A,Normal value,0,Units,2,Two,,
DATAFLOW,OECD.SDD.STES:DSD_STES@DF_FINMARK(4.0),Financial market,I,CHE,Switzerland,A,Annual,IR3TIB,Short-term interest rates,PA,Percent per annum,_Z,Not applicable,_Z,Not applicable,_Z,Not applicable,_Z,Not applicable,N,National,2008,,1.841203,,A,Normal value,0,Units,2,Two,,
DATAFLOW,OECD.SDD.STES:DSD_STES@DF_FINMARK(4.0),Financial market,I,CHE,Switzerland,A,Annual,IR3TIB,Short-term interest rates,PA,Percent per annum,_Z,Not applicable,_Z,Not applicable,_Z,Not applicable,_Z,Not applicable,N,National,2009,,0.09364393,,A,Normal value,0,Units,2,Two,,
DATAFLOW,OECD.SDD.STES:DSD_STES@DF_FINMARK(4.0),Financial market,I,CHE,Switzerland,A,Annual,IR3TIB,Short-term interest rates,PA,Percent per annum,_Z,Not applicable,_Z,Not applicable,_Z,Not applicable,_Z,Not applicable,N,National,2010,,0.1500828,,A,Normal value,0,Units,2,Two,,
DATAFLOW,OECD.SDD.STES:DSD_STES@DF_FINMARK(4.0),Financial market,I,CHE,Switzerland,A,Annual,IR3TIB,Short-term interest rates,PA,Percent per annum,_Z,Not applicable,_Z,Not applicable,_Z,Not applicable,_Z,Not applicable,N,National,2011,,0.05750421,,A,Normal value,0,Units,2,Two,,
DATAFLOW,OECD.SDD.STES:DSD_STES@DF_FINMARK(4.0),Financial market,I,CHE,Switzerland,A,Annual,IR3TIB,Short-term interest rates,PA,Percent per annum,_Z,Not applicable,_Z,Not applicable,_Z,Not applicable,_Z,Not applicable,N,National,2012,,-0.0617211,,A,Normal value,0,Units,2,Two,,
DATAFLOW,OECD.SDD.STES:DSD_STES@DF_FINMARK(4.0),Financial market,I,CHE,Switzerland,A,Annual,IR3TIB,Short-term interest rates,PA,Percent per annum,_Z,Not applicable,_Z,Not applicable,_Z,Not applicable,_Z,Not applicable,N,National,2013,,-0.04717099,,A,Normal value,0,Units,2,Two,,
DATAFLOW,OECD.SDD.STES:DSD_STES@DF_FINMARK(4.0),Financial market,I,CHE,Switzerland,A,Annual,IR3TIB,Short-term interest rates,PA,Percent per annum,_Z,Not applicable,_Z,Not applicable,_Z,Not applicable,_Z,Not applicable,N,National,2014,,0.001120527,,A,Normal value,0,Units,2,Two,,
DATAFLOW,OECD.SDD.STES:DSD_STES@DF_FINMARK(4.0),Financial market,I,CHE,Switzerland,A,Annual,IR3TIB,Short-term interest rates,PA,Percent per annum,_Z,Not applicable,_Z,Not applicable,_Z,Not applicable,_Z,Not applicable,N,National,2015,,-0.7247248,,A,Normal value,0,Units,2,Two,,
DATAFLOW,OECD.SDD.STES:DSD_STES@DF_FINMARK(4.0),Financial market,I,CHE,Switzerland,A,Annual,IR3TIB,Short-term interest rates,PA,Percent per annum,_Z,Not applicable,_Z,Not applicable,_Z,Not applicable,_Z,Not applicable,N,National,2016,,-0.7682976,,A,Normal value,0,Units,2,Two,,
DATAFLOW,OECD.SDD.STES:DSD_STES@DF_FINMARK(4.0),Financial market,I,CHE,Switzerland,A,Annual,IR3TIB,Short-term interest rates,PA,Percent per annum,_Z,Not applicable,_Z,Not applicable,_Z,Not applicable,_Z,Not applicable,N,National,2017,,-0.8478185,,A,Normal value,0,Units,2,Two,,
DATAFLOW,OECD.SDD.STES:DSD_STES@DF_FINMARK(4.0),Financial market,I,CHE,Switzerland,A,Annual,IR3TIB,Short-term interest rates,PA,Percent per annum,_Z,Not applicable,_Z,Not applicable,_Z,Not applicable,_Z,Not applicable,N,National,2018,,-0.8062764,,A,Normal value,0,Units,2,Two,,
DATAFLOW,OECD.SDD.STES:DSD_STES@DF_FINMARK(4.0),Financial market,I,CHE,Switzerland,A,Annual,IR3TIB,Short-term interest rates,PA,Percent per annum,_Z,Not applicable,_Z,Not applicable,_Z,Not applicable,_Z,Not applicable,N,National,2019,,-0.7733054,,A,Normal value,0,Units,2,Two,,
DATAFLOW,OECD.SDD.STES:DSD_STES@DF_FINMARK(4.0),Financial market,I,CHE,Switzerland,A,Annual,IR3TIB,Short-term interest rates,PA,Percent per annum,_Z,Not applicable,_Z,Not applicable,_Z,Not applicable,_Z,Not applicable,N,National,2020,,-0.6975906,,A,Normal value,0,Units,2,Two,,
DATAFLOW,OECD.SDD.STES:DSD_STES@DF_FINMARK(4.0),Financial market,I,CHE,Switzerland,A,Annual,IR3TIB,Short-term interest rates,PA,Percent per annum,_Z,Not applicable,_Z,Not applicable,_Z,Not applicable,_Z,Not applicable,N,National,2021,,-0.735515,,A,Normal value,0,Units,2,Two,,
DATAFLOW,OECD.SDD.STES:DSD_STES@DF_FINMARK(4.0),Financial market,I,CHE,Switzerland,A,Annual,IR3TIB,Short-term interest rates,PA,Percent per annum,_Z,Not applicable,_Z,Not applicable,_Z,Not applicable,_Z,Not applicable,N,National,2022,,-0.1774313,,A,Normal value,0,Units,2,Two,,
DATAFLOW,OECD.SDD.STES:DSD_STES@DF_FINMARK(4.0),Financial market,I,EA20,Euro area (20 countries),A,Annual,IR3TIB,Short-term interest rates,PA,Percent per annum,_Z,Not applicable,_Z,Not applicable,_Z,Not applicable,_Z,Not applicable,N,National,1994,,6.525,,A,Normal value,0,Units,2,Two,,
DATAFLOW,OECD.SDD.STES:DSD_STES@DF_FINMARK(4.0),Financial market,I,EA20,Euro area (20 countries),A,Annual,IR3TIB,Short-term interest rates,PA,Percent per annum,_Z,Not applicable,_Z,Not applicable,_Z,Not applicable,_Z,Not applicable,N,National,1995,,6.82,,A,Normal value,0,Units,2,Two,,
DATAFLOW,OECD.SDD.STES:DSD_STES@DF_FINMARK(4.0),Financial market,I,EA20,Euro area (20 countries),A,Annual,IR3TIB,Short-term interest rates,PA,Percent per annum,_Z,Not applicable,_Z,Not applicable,_Z,Not applicable,_Z,Not applicable,N,National,1996,,5.088333,,A,Normal value,0,Units,2,Two,,
DATAFLOW,OECD.SDD.STES:DSD_STES@DF_FINMARK(4.0),Financial market,I,EA20,Euro area (20 countries),A,Annual,IR3TIB,Short-term interest rates,PA,Percent per annum,_Z,Not applicable,_Z,Not applicable,_Z,Not applicable,_Z,Not applicable,N,National,1997,,4.380833,,A,Normal value,0,Units,2,Two,,
DATAFLOW,OECD.SDD.STES:DSD_STES@DF_FINMARK(4.0),Financial market,I,EA20,Euro area (20 countries),A,Annual,IR3TIB,Short-term interest rates,PA,Percent per annum,_Z,Not applicable,_Z,Not applicable,_Z,Not applicable,_Z,Not applicable,N,National,1998,,3.955,,A,Normal value,0,Units,2,Two,,
DATAFLOW,OECD.SDD.STES:DSD_STES@DF_FINMARK(4.0),Financial market,I,EA20,Euro area (20 countries),A,Annual,IR3TIB,Short-term interest rates,PA,Percent per annum,_Z,Not applicable,_Z,Not applicable,_Z,Not applicable,_Z,Not applicable,N,National,1999,,2.963488,,A,Normal value,0,Units,2,Two,,
DATAFLOW,OECD.SDD.STES:DSD_STES@DF_FINMARK(4.0),Financial market,I,EA20,Euro area (20 countries),A,Annual,IR3TIB,Short-term interest rates,PA,Percent per annum,_Z,Not applicable,_Z,Not applicable,_Z,Not applicable,_Z,Not applicable,N,National,2000,,4.391766,,A,Normal value,0,Units,2,Two,,
DATAFLOW,OECD.SDD.STES:DSD_STES@DF_FINMARK(4.0),Financial market,I,EA20,Euro area (20 countries),A,Annual,IR3TIB,Short-term interest rates,PA,Percent per annum,_Z,Not applicable,_Z,Not applicable,_Z,Not applicable,_Z,Not applicable,N,National,2001,,4.26178,,A,Normal value,0,Units,2,Two,,
DATAFLOW,OECD.SDD.STES:DSD_STES@DF_FINMARK(4.0),Financial market,I,EA20,Euro area (20 countries),A,Annual,IR3TIB,Short-term interest rates,PA,Percent per annum,_Z,Not applicable,_Z,Not applicable,_Z,Not applicable,_Z,Not applicable,N,National,2002,,3.318602,,A,Normal value,0,Units,2,Two,,
DATAFLOW,OECD.SDD.STES:DSD_STES@DF_FINMARK(4.0),Financial market,I,EA20,Euro area (20 countries),A,Annual,IR3TIB,Short-term interest rates,PA,Percent per annum,_Z,Not applicable,_Z,Not applicable,_Z,Not applicable,_Z,Not applicable,N,National,2003,,2.333474,,A,Normal value,0,Units,2,Two,,
DATAFLOW,OECD.SDD.STES:DSD_STES@DF_FINMARK(4.0),Financial market,I,EA20,Euro area (20 countries),A,Annual,IR3TIB,Short-term interest rates,PA,Percent per annum,_Z,Not applicable,_Z,Not applicable,_Z,Not applicable,_Z,Not applicable,N,National,2004,,2.106323,,A,Normal value,0,Units,2,Two,,
DATAFLOW,OECD.SDD.STES:DSD_STES@DF_FINMARK(4.0),Financial market,I,EA20,Euro area (20 countries),A,Annual,IR3TIB,Short-term interest rates,PA,Percent per annum,_Z,Not applicable,_Z,Not applicable,_Z,Not applicable,_Z,Not applicable,N,National,2005,,2.184689,,A,Normal value,0,Units,2,Two,,
DATAFLOW,OECD.SDD.STES:DSD_STES@DF_FINMARK(4.0),Financial market,I,EA20,Euro area (20 countries),A,Annual,IR3TIB,Short-term interest rates,PA,Percent per annum,_Z,Not applicable,_Z,Not applicable,_Z,Not applicable,_Z,Not applicable,N,National,2006,,3.079212,,A,Normal value,0,Units,2,Two,,
DATAFLOW,OECD.SDD.STES:DSD_STES@DF_FINMARK(4.0),Financial market,I,EA20,Euro area (20 countries),A,Annual,IR3TIB,Short-term interest rates,PA,Percent per annum,_Z,Not applicable,_Z,Not applicable,_Z,Not applicable,_Z,Not applicable,N,National,2007,,4.277596,,A,Normal value,0,Units,2,Two,,
DATAFLOW,OECD.SDD.STES:DSD_STES@DF_FINMARK(4.0),Financial market,I,EA20,Euro area (20 countries),A,Annual,IR3TIB,Short-term interest rates,PA,Percent per annum,_Z,Not applicable,_Z,Not applicable,_Z,Not applicable,_Z,Not applicable,N,National,2008,,4.634233,,A,Normal value,0,Units,2,Two,,
DATAFLOW,OECD.SDD.STES:DSD_STES@DF_FINMARK(4.0),Financial market,I,EA20,Euro area (20 countries),A,Annual,IR3TIB,Short-term interest rates,PA,Percent per annum,_Z,Not applicable,_Z,Not applicable,_Z,Not applicable,_Z,Not applicable,N,National,2009,,1.22835,,A,Normal value,0,Units,2,Two,,
DATAFLOW,OECD.SDD.STES:DSD_STES@DF_FINMARK(4.0),Financial market,I,EA20,Euro area (20 countries),A,Annual,IR3TIB,Short-term interest rates,PA,Percent per annum,_Z,Not applicable,_Z,Not applicable,_Z,Not applicable,_Z,Not applicable,N,National,2010,,0.8109539,,A,Normal value,0,Units,2,Two,,
DATAFLOW,OECD.SDD.STES:DSD_STES@DF_FINMARK(4.0),Financial market,I,EA20,Euro area (20 countries),A,Annual,IR3TIB,Short-term interest rates,PA,Percent per annum,_Z,Not applicable,_Z,Not applicable,_Z,Not applicable,_Z,Not applicable,N,National,2011,,1.3906,,A,Normal value,0,Units,2,Two,,
DATAFLOW,OECD.SDD.STES:DSD_STES@DF_FINMARK(4.0),Financial market,I,EA20,Euro area (20 countries),A,Annual,IR3TIB,Short-term interest rates,PA,Percent per annum,_Z,Not applicable,_Z,Not applicable,_Z,Not applicable,_Z,Not applicable,N,National,2012,,0.5731811,,A,Normal value,0,Units,2,Two,,
DATAFLOW,OECD.SDD.STES:DSD_STES@DF_FINMARK(4.0),Financial market,I,EA20,Euro area (20 countries),A,Annual,IR3TIB,Short-term interest rates,PA,Percent per annum,_Z,Not applicable,_Z,Not applicable,_Z,Not applicable,_Z,Not applicable,N,National,2013,,0.2206612,,A,Normal value,0,Units,2,Two,,
DATAFLOW,OECD.SDD.STES:DSD_STES@DF_FINMARK(4.0),Financial market,I,EA20,Euro area (20 countries),A,Annual,IR3TIB,Short-term interest rates,PA,Percent per annum,_Z,Not applicable,_Z,Not applicable,_Z,Not applicable,_Z,Not applicable,N,National,2014,,0.2099457,,A,Normal value,0,Units,2,Two,,
DATAFLOW,OECD.SDD.STES:DSD_STES@DF_FINMARK(4.0),Financial market,I,EA20,Euro area (20 countries),A,Annual,IR3TIB,Short-term interest rates,PA,Percent per annum,_Z,Not applicable,_Z,Not applicable,_Z,Not applicable,_Z,Not applicable,N,National,2015,,-0.0193757,,A,Normal value,0,Units,2,Two,,
DATAFLOW,OECD.SDD.STES:DSD_STES@DF_FINMARK(4.0),Financial market,I,EA20,Euro area (20 countries),A,Annual,IR3TIB,Short-term interest rates,PA,Percent per annum,_Z,Not applicable,_Z,Not applicable,_Z,Not applicable,_Z,Not applicable,N,National,2016,,-0.2636957,,A,Normal value,0,Units,2,Two,,
DATAFLOW,OECD.SDD.STES:DSD_STES@DF_FINMARK(4.0),Financial market,I,EA20,Euro area (20 countries),A,Annual,IR3TIB,Short-term interest rates,PA,Percent per annum,_Z,Not applicable,_Z,Not applicable,_Z,Not applicable,_Z,Not applicable,N,National,2017,,-0.3290561,,A,Normal value,0,Units,2,Two,,
DATAFLOW,OECD.SDD.STES:DSD_STES@DF_FINMARK(4.0),Financial market,I,EA20,Euro area (20 countries),A,Annual,IR3TIB,Short-term interest rates,PA,Percent per annum,_Z,Not applicable,_Z,Not applicable,_Z,Not applicable,_Z,Not applicable,N,National,2018,,-0.322093,,A,Normal value,0,Units,2,Two,,
DATAFLOW,OECD.SDD.STES:DSD_STES@DF_FINMARK(4.0),Financial market,I,EA20,Euro area (20 countries),A,Annual,IR3TIB,Short-term interest rates,PA,Percent per annum,_Z,Not applicable,_Z,Not applicable,_Z,Not applicable,_Z,Not applicable,N,National,2019,,-0.3563193,,A,Normal value,0,Units,2,Two,,
DATAFLOW,OECD.SDD.STES:DSD_STES@DF_FINMARK(4.0),Financial market,I,EA20,Euro area (20 countries),A,Annual,IR3TIB,Short-term interest rates,PA,Percent per annum,_Z,Not applicable,_Z,Not applicable,_Z,Not applicable,_Z,Not applicable,N,National,2020,,-0.4251596,,A,Normal value,0,Units,2,Two,,
DATAFLOW,OECD.SDD.STES:DSD_STES@DF_FINMARK(4.0),Financial market,I,EA20,Euro area (20 countries),A,Annual,IR3TIB,Short-term interest rates,PA,Percent per annum,_Z,Not applicable,_Z,Not applicable,_Z,Not applicable,_Z,Not applicable,N,National,2021,,-0.5487563,,A,Normal value,0,Units,2,Two,,
DATAFLOW,OECD.SDD.STES:DSD_STES@DF_FINMARK(4.0),Financial market,I,EA20,Euro area (20 countries),A,Annual,IR3TIB,Short-term interest rates,PA,Percent per annum,_Z,Not applicable,_Z,Not applicable,_Z,Not applicable,_Z,Not applicable,N,National,2022,,0.3415554,,A,Normal value,0,Units,2,Two,,
DATAFLOW,OECD.SDD.STES:DSD_STES@DF_FINMARK(4.0),Financial market,I,EA20,Euro area (20 countries),A,Annual,IR3TIB,Short-term interest rates,PA,Percent per annum,_Z,Not applicable,_Z,Not applicable,_Z,Not applicable,_Z,Not applicable,N,National,2023,,3.432429,,A,Normal value,0,Units,2,Two,,
DATAFLOW,OECD.SDD.STES:DSD_STES@DF_FINMARK(4.0),Financial market,I,IND,India,A,Annual,IR3TIB,Short-term interest rates,PA,Percent per annum,_Z,Not applicable,_Z,Not applicable,_Z,Not applicable,_Z,Not applicable,N,National,2012,,8.403378,,A,Normal value,0,Units,2,Two,,
DATAFLOW,OECD.SDD.STES:DSD_STES@DF_FINMARK(4.0),Financial market,I,IND,India,A,Annual,IR3TIB,Short-term interest rates,PA,Percent per annum,_Z,Not applicable,_Z,Not applicable,_Z,Not applicable,_Z,Not applicable,N,National,2013,,8.643341,,A,Normal value,0,Units,2,Two,,
DATAFLOW,OECD.SDD.STES:DSD_STES@DF_FINMARK(4.0),Financial market,I,IND,India,A,Annual,IR3TIB,Short-term interest rates,PA,Percent per annum,_Z,Not applicable,_Z,Not applicable,_Z,Not applicable,_Z,Not applicable,N,National,2014,,8.667906,,A,Normal value,0,Units,2,Two,,
DATAFLOW,OECD.SDD.STES:DSD_STES@DF_FINMARK(4.0),Financial market,I,IND,India,A,Annual,IR3TIB,Short-term interest rates,PA,Percent per annum,_Z,Not applicable,_Z,Not applicable,_Z,Not applicable,_Z,Not applicable,N,National,2015,,7.677402,,A,Normal value,0,Units,2,Two,,
DATAFLOW,OECD.SDD.STES:DSD_STES@DF_FINMARK(4.0),Financial market,I,IND,India,A,Annual,IR3TIB,Short-term interest rates,PA,Percent per annum,_Z,Not applicable,_Z,Not applicable,_Z,Not applicable,_Z,Not applicable,N,National,2016,,6.442659,,A,Normal value,0,Units,2,Two,,
DATAFLOW,OECD.SDD.STES:DSD_STES@DF_FINMARK(4.0),Financial market,I,IND,India,A,Annual,IR3TIB,Short-term interest rates,PA,Percent per annum,_Z,Not applicable,_Z,Not applicable,_Z,Not applicable,_Z,Not applicable,N,National,2017,,6.154601,,A,Normal value,0,Units,2,Two,,
DATAFLOW,OECD.SDD.STES:DSD_STES@DF_FINMARK(4.0),Financial market,I,IND,India,A,Annual,IR3TIB,Short-term interest rates,PA,Percent per annum,_Z,Not applicable,_Z,Not applicable,_Z,Not applicable,_Z,Not applicable,N,National,2018,,6.560714,,A,Normal value,0,Units,2,Two,,
DATAFLOW,OECD.SDD.STES:DSD_STES@DF_FINMARK(4.0),Financial market,I,IND,India,A,Annual,IR3TIB,Short-term interest rates,PA,Percent per annum,_Z,Not applicable,_Z,Not applicable,_Z,Not applicable,_Z,Not applicable,N,National,2019,,5.833686,,A,Normal value,0,Units,2,Two,,
DATAFLOW,OECD.SDD.STES:DSD_STES@DF_FINMARK(4.0),Financial market,I,IND,India,A,Annual,IR3TIB,Short-term interest rates,PA,Percent per annum,_Z,Not applicable,_Z,Not applicable,_Z,Not applicable,_Z,Not applicable,N,National,2020,,3.762357,,A,Normal value,0,Units,2,Two,,
DATAFLOW,OECD.SDD.STES:DSD_STES@DF_FINMARK(4.0),Financial market,I,IND,India,A,Annual,IR3TIB,Short-term interest rates,PA,Percent per annum,_Z,Not applicable,_Z,Not applicable,_Z,Not applicable,_Z,Not applicable,N,National,2021,,3.381759,,A,Normal value,0,Units,2,Two,,
DATAFLOW,OECD.SDD.STES:DSD_STES@DF_FINMARK(4.0),Financial market,I,IND,India,A,Annual,IR3TIB,Short-term interest rates,PA,Percent per annum,_Z,Not applicable,_Z,Not applicable,_Z,Not applicable,_Z,Not applicable,N,National,2022,,5.056108,,A,Normal value,0,Units,2,Two,,
DATAFLOW,OECD.SDD.STES:DSD_STES@DF_FINMARK(4.0),Financial market,I,IND,India,A,Annual,IR3TIB,Short-term interest rates,PA,Percent per annum,_Z,Not applicable,_Z,Not applicable,_Z,Not applicable,_Z,Not applicable,N,National,2023,,6.796851,,A,Normal value,0,Units,2,Two,,
DATAFLOW,OECD.SDD.STES:DSD_STES@DF_FINMARK(4.0),Financial market,I,ROU,Romania,A,Annual,IR3TIB,Short-term interest rates,PA,Percent per annum,_Z,Not applicable,_Z,Not applicable,_Z,Not applicable,_Z,Not applicable,N,National,1996,,56.50167,,A,Normal value,0,Units,2,Two,,
DATAFLOW,OECD.SDD.STES:DSD_STES@DF_FINMARK(4.0),Financial market,I,ROU,Romania,A,Annual,IR3TIB,Short-term interest rates,PA,Percent per annum,_Z,Not applicable,_Z,Not applicable,_Z,Not applicable,_Z,Not applicable,N,National,1997,,90.67917,,A,Normal value,0,Units,2,Two,,
DATAFLOW,OECD.SDD.STES:DSD_STES@DF_FINMARK(4.0),Financial market,I,ROU,Romania,A,Annual,IR3TIB,Short-term interest rates,PA,Percent per annum,_Z,Not applicable,_Z,Not applicable,_Z,Not applicable,_Z,Not applicable,N,National,1998,,85.31333,,A,Normal value,0,Units,2,Two,,
DATAFLOW,OECD.SDD.STES:DSD_STES@DF_FINMARK(4.0),Financial market,I,ROU,Romania,A,Annual,IR3TIB,Short-term interest rates,PA,Percent per annum,_Z,Not applicable,_Z,Not applicable,_Z,Not applicable,_Z,Not applicable,N,National,1999,,99.48833,,A,Normal value,0,Units,2,Two,,
DATAFLOW,OECD.SDD.STES:DSD_STES@DF_FINMARK(4.0),Financial market,I,ROU,Romania,A,Annual,IR3TIB,Short-term interest rates,PA,Percent per annum,_Z,Not applicable,_Z,Not applicable,_Z,Not applicable,_Z,Not applicable,N,National,2000,,55.37,,A,Normal value,0,Units,2,Two,,
DATAFLOW,OECD.SDD.STES:DSD_STES@DF_FINMARK(4.0),Financial market,I,ROU,Romania,A,Annual,IR3TIB,Short-term interest rates,PA,Percent per annum,_Z,Not applicable,_Z,Not applicable,_Z,Not applicable,_Z,Not applicable,N,National,2001,,43.74166,,A,Normal value,0,Units,2,Two,,
DATAFLOW,OECD.SDD.STES:DSD_STES@DF_FINMARK(4.0),Financial market,I,ROU,Romania,A,Annual,IR3TIB,Short-term interest rates,PA,Percent per annum,_Z,Not applicable,_Z,Not applicable,_Z,Not applicable,_Z,Not applicable,N,National,2002,,29.83,,A,Normal value,0,Units,2,Two,,
DATAFLOW,OECD.SDD.STES:DSD_STES@DF_FINMARK(4.0),Financial market,I,ROU,Romania,A,Annual,IR3TIB,Short-term interest rates,PA,Percent per annum,_Z,Not applicable,_Z,Not applicable,_Z,Not applicable,_Z,Not applicable,N,National,2003,,19.87417,,A,Normal value,0,Units,2,Two,,
DATAFLOW,OECD.SDD.STES:DSD_STES@DF_FINMARK(4.0),Financial market,I,ROU,Romania,A,Annual,IR3TIB,Short-term interest rates,PA,Percent per annum,_Z,Not applicable,_Z,Not applicable,_Z,Not applicable,_Z,Not applicable,N,National,2004,,20.76417,,A,Normal value,0,Units,2,Two,,
DATAFLOW,OECD.SDD.STES:DSD_STES@DF_FINMARK(4.0),Financial market,I,ROU,Romania,A,Annual,IR3TIB,Short-term interest rates,PA,Percent per annum,_Z,Not applicable,_Z,Not applicable,_Z,Not applicable,_Z,Not applicable,N,National,2005,,9.834167,,A,Normal value,0,Units,2,Two,,
DATAFLOW,OECD.SDD.STES:DSD_STES@DF_FINMARK(4.0),Financial market,I,ROU,Romania,A,Annual,IR3TIB,Short-term interest rates,PA,Percent per annum,_Z,Not applicable,_Z,Not applicable,_Z,Not applicable,_Z,Not applicable,N,National,2006,,8.758333,,A,Normal value,0,Units,2,Two,,
DATAFLOW,OECD.SDD.STES:DSD_STES@DF_FINMARK(4.0),Financial market,I,ROU,Romania,A,Annual,IR3TIB,Short-term interest rates,PA,Percent per annum,_Z,Not applicable,_Z,Not applicable,_Z,Not applicable,_Z,Not applicable,N,National,2007,,7.8,,A,Normal value,0,Units,2,Two,,
DATAFLOW,OECD.SDD.STES:DSD_STES@DF_FINMARK(4.0),Financial market,I,ROU,Romania,A,Annual,IR3TIB,Short-term interest rates,PA,Percent per annum,_Z,Not applicable,_Z,Not applicable,_Z,Not applicable,_Z,Not applicable,N,National,2008,,13.0025,,A,Normal value,0,Units,2,Two,,
DATAFLOW,OECD.SDD.STES:DSD_STES@DF_FINMARK(4.0),Financial market,I,ROU,Romania,A,Annual,IR3TIB,Short-term interest rates,PA,Percent per annum,_Z,Not applicable,_Z,Not applicable,_Z,Not applicable,_Z,Not applicable,N,National,2009,,11.76667,,A,Normal value,0,Units,2,Two,,
DATAFLOW,OECD.SDD.STES:DSD_STES@DF_FINMARK(4.0),Financial market,I,ROU,Romania,A,Annual,IR3TIB,Short-term interest rates,PA,Percent per annum,_Z,Not applicable,_Z,Not applicable,_Z,Not applicable,_Z,Not applicable,N,National,2010,,6.76,,A,Normal value,0,Units,2,Two,,
DATAFLOW,OECD.SDD.STES:DSD_STES@DF_FINMARK(4.0),Financial market,I,ROU,Romania,A,Annual,IR3TIB,Short-term interest rates,PA,Percent per annum,_Z,Not applicable,_Z,Not applicable,_Z,Not applicable,_Z,Not applicable,N,National,2011,,5.820833,,A,Normal value,0,Units,2,Two,,
DATAFLOW,OECD.SDD.STES:DSD_STES@DF_FINMARK(4.0),Financial market,I,ROU,Romania,A,Annual,IR3TIB,Short-term interest rates,PA,Percent per annum,_Z,Not applicable,_Z,Not applicable,_Z,Not applicable,_Z,Not applicable,N,National,2012,,5.348333,,A,Normal value,0,Units,2,Two,,
DATAFLOW,OECD.SDD.STES:DSD_STES@DF_FINMARK(4.0),Financial market,I,ROU,Romania,A,Annual,IR3TIB,Short-term interest rates,PA,Percent per annum,_Z,Not applicable,_Z,Not applicable,_Z,Not applicable,_Z,Not applicable,N,National,2013,,4.226666,,A,Normal value,0,Units,2,Two,,
DATAFLOW,OECD.SDD.STES:DSD_STES@DF_FINMARK(4.0),Financial market,I,ROU,Romania,A,Annual,IR3TIB,Short-term interest rates,PA,Percent per annum,_Z,Not applicable,_Z,Not applicable,_Z,Not applicable,_Z,Not applicable,N,National,2014,,2.533333,,A,Normal value,0,Units,2,Two,,
DATAFLOW,OECD.SDD.STES:DSD_STES@DF_FINMARK(4.0),Financial market,I,ROU,Romania,A,Annual,IR3TIB,Short-term interest rates,PA,Percent per annum,_Z,Not applicable,_Z,Not applicable,_Z,Not applicable,_Z,Not applicable,N,National,2015,,1.3325,,A,Normal value,0,Units,2,Two,,
DATAFLOW,OECD.SDD.STES:DSD_STES@DF_FINMARK(4.0),Financial market,I,ROU,Romania,A,Annual,IR3TIB,Short-term interest rates,PA,Percent per annum,_Z,Not applicable,_Z,Not applicable,_Z,Not applicable,_Z,Not applicable,N,National,2016,,0.7833334,,A,Normal value,0,Units,2,Two,,
DATAFLOW,OECD.SDD.STES:DSD_STES@DF_FINMARK(4.0),Financial market,I,ROU,Romania,A,Annual,IR3TIB,Short-term interest rates,PA,Percent per annum,_Z,Not applicable,_Z,Not applicable,_Z,Not applicable,_Z,Not applicable,N,National,2017,,1.154167,,A,Normal value,0,Units,2,Two,,
DATAFLOW,OECD.SDD.STES:DSD_STES@DF_FINMARK(4.0),Financial market,I,ROU,Romania,A,Annual,IR3TIB,Short-term interest rates,PA,Percent per annum,_Z,Not applicable,_Z,Not applicable,_Z,Not applicable,_Z,Not applicable,N,National,2018,,2.773333,,A,Normal value,0,Units,2,Two,,
DATAFLOW,OECD.SDD.STES:DSD_STES@DF_FINMARK(4.0),Financial market,I,ROU,Romania,A,Annual,IR3TIB,Short-term interest rates,PA,Percent per annum,_Z,Not applicable,_Z,Not applicable,_Z,Not applicable,_Z,Not applicable,N,National,2019,,3.134167,,A,Normal value,0,Units,2,Two,,
DATAFLOW,OECD.SDD.STES:DSD_STES@DF_FINMARK(4.0),Financial market,I,ROU,Romania,A,Annual,IR3TIB,Short-term interest rates,PA,Percent per annum,_Z,Not applicable,_Z,Not applicable,_Z,Not applicable,_Z,Not applicable,N,National,2020,,2.390833,,A,Normal value,0,Units,2,Two,,
DATAFLOW,OECD.SDD.STES:DSD_STES@DF_FINMARK(4.0),Financial market,I,ROU,Romania,A,Annual,IR3TIB,Short-term interest rates,PA,Percent per annum,_Z,Not applicable,_Z,Not applicable,_Z,Not applicable,_Z,Not applicable,N,National,2021,,1.8175,,A,Normal value,0,Units,2,Two,,
DATAFLOW,OECD.SDD.STES:DSD_STES@DF_FINMARK(4.0),Financial market,I,ROU,Romania,A,Annual,IR3TIB,Short-term interest rates,PA,Percent per annum,_Z,Not applicable,_Z,Not applicable,_Z,Not applicable,_Z,Not applicable,N,National,2022,,6.1725,,A,Normal value,0,Units,2,Two,,
DATAFLOW,OECD.SDD.STES:DSD_STES@DF_FINMARK(4.0),Financial market,I,ROU,Romania,A,Annual,IR3TIB,Short-term interest rates,PA,Percent per annum,_Z,Not applicable,_Z,Not applicable,_Z,Not applicable,_Z,Not applicable,N,National,2023,,6.6225,,A,Normal value,0,Units,2,Two,,
DATAFLOW,OECD.SDD.STES:DSD_STES@DF_FINMARK(4.0),Financial market,I,AUS,Australia,A,Annual,IRLT,Long-term interest rates,PA,Percent per annum,_Z,Not applicable,_Z,Not applicable,_Z,Not applicable,_Z,Not applicable,N,National,2025,,4.36525,,A,Normal value,0,Units,2,Two,,
DATAFLOW,OECD.SDD.STES:DSD_STES@DF_FINMARK(4.0),Financial market,I,AUS,Australia,A,Annual,IR3TIB,Short-term interest rates,PA,Percent per annum,_Z,Not applicable,_Z,Not applicable,_Z,Not applicable,_Z,Not applicable,N,National,2025,,3.825,,A,Normal value,0,Units,2,Two,,
DATAFLOW,OECD.SDD.STES:DSD_STES@DF_FINMARK(4.0),Financial market,I,AUT,Austria,A,Annual,IRLT,Long-term interest rates,PA,Percent per annum,_Z,Not applicable,_Z,Not applicable,_Z,Not applicable,_Z,Not applicable,N,National,2025,,2.99075,,A,Normal value,0,Units,2,Two,,
DATAFLOW,OECD.SDD.STES:DSD_STES@DF_FINMARK(4.0),Financial market,I,AUT,Austria,A,Annual,IR3TIB,Short-term interest rates,PA,Percent per annum,_Z,Not applicable,_Z,Not applicable,_Z,Not applicable,_Z,Not applicable,N,National,2025,,2.179261,,A,Normal value,0,Units,2,Two,,
DATAFLOW,OECD.SDD.STES:DSD_STES@DF_FINMARK(4.0),Financial market,I,BEL,Belgium,A,Annual,IRLT,Long-term interest rates,PA,Percent per annum,_Z,Not applicable,_Z,Not applicable,_Z,Not applicable,_Z,Not applicable,N,National,2025,,3.185,,A,Normal value,0,Units,2,Two,,
DATAFLOW,OECD.SDD.STES:DSD_STES@DF_FINMARK(4.0),Financial market,I,BEL,Belgium,A,Annual,IR3TIB,Short-term interest rates,PA,Percent per annum,_Z,Not applicable,_Z,Not applicable,_Z,Not applicable,_Z,Not applicable,N,National,2025,,2.179261,,A,Normal value,0,Units,2,Two,,
DATAFLOW,OECD.SDD.STES:DSD_STES@DF_FINMARK(4.0),Financial market,I,CAN,Canada,A,Annual,IR3TIB,Short-term interest rates,PA,Percent per annum,_Z,Not applicable,_Z,Not applicable,_Z,Not applicable,_Z,Not applicable,N,National,2025,,2.579792,,A,Normal value,0,Units,2,Two,,
DATAFLOW,OECD.SDD.STES:DSD_STES@DF_FINMARK(4.0),Financial market,I,CHL,Chile,A,Annual,IR3TIB,Short-term interest rates,PA,Percent per annum,_Z,Not applicable,_Z,Not applicable,_Z,Not applicable,_Z,Not applicable,N,National,2025,,4.912189,,A,Normal value,0,Units,2,Two,,
DATAFLOW,OECD.SDD.STES:DSD_STES@DF_FINMARK(4.0),Financial market,I,CHL,Chile,A,Annual,IRLT,Long-term interest rates,PA,Percent per annum,_Z,Not applicable,_Z,Not applicable,_Z,Not applicable,_Z,Not applicable,N,National,2025,,5.684362,,A,Normal value,0,Units,2,Two,,
DATAFLOW,OECD.SDD.STES:DSD_STES@DF_FINMARK(4.0),Financial market,I,COL,Colombia,A,Annual,IRLT,Long-term interest rates,PA,Percent per annum,_Z,Not applicable,_Z,Not applicable,_Z,Not applicable,_Z,Not applicable,N,National,2025,,12.44,,A,Normal value,0,Units,2,Two,,
DATAFLOW,OECD.SDD.STES:DSD_STES@DF_FINMARK(4.0),Financial market,I,COL,Colombia,A,Annual,IR3TIB,Short-term interest rates,PA,Percent per annum,_Z,Not applicable,_Z,Not applicable,_Z,Not applicable,_Z,Not applicable,N,National,2025,,8.96,,A,Normal value,0,Units,2,Two,,
DATAFLOW,OECD.SDD.STES:DSD_STES@DF_FINMARK(4.0),Financial market,I,CRI,Costa Rica,A,Annual,IR3TIB,Short-term interest rates,PA,Percent per annum,_Z,Not applicable,_Z,Not applicable,_Z,Not applicable,_Z,Not applicable,N,National,2025,,3.4475,,A,Normal value,0,Units,2,Two,,
DATAFLOW,OECD.SDD.STES:DSD_STES@DF_FINMARK(4.0),Financial market,I,CRI,Costa Rica,A,Annual,IRLT,Long-term interest rates,PA,Percent per annum,_Z,Not applicable,_Z,Not applicable,_Z,Not applicable,_Z,Not applicable,N,National,2025,,6.5625,,A,Normal value,0,Units,2,Two,,
DATAFLOW,OECD.SDD.STES:DSD_STES@DF_FINMARK(4.0),Financial market,I,CZE,Czechia,A,Annual,IR3TIB,Short-term interest rates,PA,Percent per annum,_Z,Not applicable,_Z,Not applicable,_Z,Not applicable,_Z,Not applicable,N,National,2025,,3.598801,,A,Normal value,0,Units,2,Two,,
DATAFLOW,OECD.SDD.STES:DSD_STES@DF_FINMARK(4.0),Financial market,I,CZE,Czechia,A,Annual,IRLT,Long-term interest rates,PA,Percent per annum,_Z,Not applicable,_Z,Not applicable,_Z,Not applicable,_Z,Not applicable,N,National,2025,,4.314939,,A,Normal value,0,Units,2,Two,,
DATAFLOW,OECD.SDD.STES:DSD_STES@DF_FINMARK(4.0),Financial market,I,DNK,Denmark,A,Annual,IR3TIB,Short-term interest rates,PA,Percent per annum,_Z,Not applicable,_Z,Not applicable,_Z,Not applicable,_Z,Not applicable,N,National,2025,,2.126035,,A,Normal value,0,Units,2,Two,,
DATAFLOW,OECD.SDD.STES:DSD_STES@DF_FINMARK(4.0),Financial market,I,DNK,Denmark,A,Annual,IRLT,Long-term interest rates,PA,Percent per annum,_Z,Not applicable,_Z,Not applicable,_Z,Not applicable,_Z,Not applicable,N,National,2025,,2.469333,,A,Normal value,0,Units,2,Two,,
DATAFLOW,OECD.SDD.STES:DSD_STES@DF_FINMARK(4.0),Financial market,I,EST,Estonia,A,Annual,IRLT,Long-term interest rates,PA,Percent per annum,_Z,Not applicable,_Z,Not applicable,_Z,Not applicable,_Z,Not applicable,N,National,2025,,3.319167,,A,Normal value,0,Units,2,Two,,
DATAFLOW,OECD.SDD.STES:DSD_STES@DF_FINMARK(4.0),Financial market,I,EST,Estonia,A,Annual,IR3TIB,Short-term interest rates,PA,Percent per annum,_Z,Not applicable,_Z,Not applicable,_Z,Not applicable,_Z,Not applicable,N,National,2025,,2.179261,,A,Normal value,0,Units,2,Two,,
DATAFLOW,OECD.SDD.STES:DSD_STES@DF_FINMARK(4.0),Financial market,I,FIN,Finland,A,Annual,IR3TIB,Short-term interest rates,PA,Percent per annum,_Z,Not applicable,_Z,Not applicable,_Z,Not applicable,_Z,Not applicable,N,National,2025,,2.179261,,A,Normal value,0,Units,2,Two,,
DATAFLOW,OECD.SDD.STES:DSD_STES@DF_FINMARK(4.0),Financial market,I,FIN,Finland,A,Annual,IRLT,Long-term interest rates,PA,Percent per annum,_Z,Not applicable,_Z,Not applicable,_Z,Not applicable,_Z,Not applicable,N,National,2025,,3.009231,,A,Normal value,0,Units,2,Two,,
DATAFLOW,OECD.SDD.STES:DSD_STES@DF_FINMARK(4.0),Financial market,I,FRA,France,A,Annual,IR3TIB,Short-term interest rates,PA,Percent per annum,_Z,Not applicable,_Z,Not applicable,_Z,Not applicable,_Z,Not applicable,N,National,2025,,2.179261,,A,Normal value,0,Units,2,Two,,
DATAFLOW,OECD.SDD.STES:DSD_STES@DF_FINMARK(4.0),Financial market,I,DEU,Germany,A,Annual,IR3TIB,Short-term interest rates,PA,Percent per annum,_Z,Not applicable,_Z,Not applicable,_Z,Not applicable,_Z,Not applicable,N,National,2025,,2.179261,,A,Normal value,0,Units,2,Two,,
DATAFLOW,OECD.SDD.STES:DSD_STES@DF_FINMARK(4.0),Financial market,I,DEU,Germany,A,Annual,IRLT,Long-term interest rates,PA,Percent per annum,_Z,Not applicable,_Z,Not applicable,_Z,Not applicable,_Z,Not applicable,N,National,2025,,2.609194,,A,Normal value,0,Units,2,Two,,
DATAFLOW,OECD.SDD.STES:DSD_STES@DF_FINMARK(4.0),Financial market,I,GRC,Greece,A,Annual,IR3TIB,Short-term interest rates,PA,Percent per annum,_Z,Not applicable,_Z,Not applicable,_Z,Not applicable,_Z,Not applicable,N,National,2025,,2.179261,,A,Normal value,0,Units,2,Two,,
DATAFLOW,OECD.SDD.STES:DSD_STES@DF_FINMARK(4.0),Financial market,I,GRC,Greece,A,Annual,IRLT,Long-term interest rates,PA,Percent per annum,_Z,Not applicable,_Z,Not applicable,_Z,Not applicable,_Z,Not applicable,N,National,2025,,3.375,,A,Normal value,0,Units,2,Two,,
DATAFLOW,OECD.SDD.STES:DSD_STES@DF_FINMARK(4.0),Financial market,I,HUN,Hungary,A,Annual,IRLT,Long-term interest rates,PA,Percent per annum,_Z,Not applicable,_Z,Not applicable,_Z,Not applicable,_Z,Not applicable,N,National,2025,,6.934166,,A,Normal value,0,Units,2,Two,,
DATAFLOW,OECD.SDD.STES:DSD_STES@DF_FINMARK(4.0),Financial market,I,HUN,Hungary,A,Annual,IR3TIB,Short-term interest rates,PA,Percent per annum,_Z,Not applicable,_Z,Not applicable,_Z,Not applicable,_Z,Not applicable,N,National,2025,,6.545483,,A,Normal value,0,Units,2,Two,,
DATAFLOW,OECD.SDD.STES:DSD_STES@DF_FINMARK(4.0),Financial market,I,ISL,Iceland,A,Annual,IR3TIB,Short-term interest rates,PA,Percent per annum,_Z,Not applicable,_Z,Not applicable,_Z,Not applicable,_Z,Not applicable,N,National,2025,,7.866667,,A,Normal value,0,Units,2,Two,,
DATAFLOW,OECD.SDD.STES:DSD_STES@DF_FINMARK(4.0),Financial market,I,IRL,Ireland,A,Annual,IR3TIB,Short-term interest rates,PA,Percent per annum,_Z,Not applicable,_Z,Not applicable,_Z,Not applicable,_Z,Not applicable,N,National,2025,,2.179261,,A,Normal value,0,Units,2,Two,,
DATAFLOW,OECD.SDD.STES:DSD_STES@DF_FINMARK(4.0),Financial market,I,IRL,Ireland,A,Annual,IRLT,Long-term interest rates,PA,Percent per annum,_Z,Not applicable,_Z,Not applicable,_Z,Not applicable,_Z,Not applicable,N,National,2025,,2.898725,,A,Normal value,0,Units,2,Two,,
DATAFLOW,OECD.SDD.STES:DSD_STES@DF_FINMARK(4.0),Financial market,I,ISR,Israel,A,Annual,IRLT,Long-term interest rates,PA,Percent per annum,_Z,Not applicable,_Z,Not applicable,_Z,Not applicable,_Z,Not applicable,N,National,2025,,4.244167,,A,Normal value,0,Units,2,Two,,
DATAFLOW,OECD.SDD.STES:DSD_STES@DF_FINMARK(4.0),Financial market,I,ISR,Israel,A,Annual,IR3TIB,Short-term interest rates,PA,Percent per annum,_Z,Not applicable,_Z,Not applicable,_Z,Not applicable,_Z,Not applicable,N,National,2025,,4.272275,,A,Normal value,0,Units,2,Two,,
DATAFLOW,OECD.SDD.STES:DSD_STES@DF_FINMARK(4.0),Financial market,I,ITA,Italy,A,Annual,IR3TIB,Short-term interest rates,PA,Percent per annum,_Z,Not applicable,_Z,Not applicable,_Z,Not applicable,_Z,Not applicable,N,National,2025,,2.179261,,A,Normal value,0,Units,2,Two,,
DATAFLOW,OECD.SDD.STES:DSD_STES@DF_FINMARK(4.0),Financial market,I,JPN,Japan,A,Annual,IR3TIB,Short-term interest rates,PA,Percent per annum,_Z,Not applicable,_Z,Not applicable,_Z,Not applicable,_Z,Not applicable,N,National,2025,,0.8136367,,A,Normal value,0,Units,2,Two,,
DATAFLOW,OECD.SDD.STES:DSD_STES@DF_FINMARK(4.0),Financial market,I,JPN,Japan,A,Annual,IRLT,Long-term interest rates,PA,Percent per annum,_Z,Not applicable,_Z,Not applicable,_Z,Not applicable,_Z,Not applicable,N,National,2025,,1.553333,,A,Normal value,0,Units,2,Two,,
DATAFLOW,OECD.SDD.STES:DSD_STES@DF_FINMARK(4.0),Financial market,I,KOR,Korea,A,Annual,IRLT,Long-term interest rates,PA,Percent per annum,_Z,Not applicable,_Z,Not applicable,_Z,Not applicable,_Z,Not applicable,N,National,2025,,2.89225,,A,Normal value,0,Units,2,Two,,
DATAFLOW,OECD.SDD.STES:DSD_STES@DF_FINMARK(4.0),Financial market,I,KOR,Korea,A,Annual,IR3TIB,Short-term interest rates,PA,Percent per annum,_Z,Not applicable,_Z,Not applicable,_Z,Not applicable,_Z,Not applicable,N,National,2025,,2.705833,,A,Normal value,0,Units,2,Two,,
DATAFLOW,OECD.SDD.STES:DSD_STES@DF_FINMARK(4.0),Financial market,I,LVA,Latvia,A,Annual,IRLT,Long-term interest rates,PA,Percent per annum,_Z,Not applicable,_Z,Not applicable,_Z,Not applicable,_Z,Not applicable,N,National,2025,,3.3025,,A,Normal value,0,Units,2,Two,,
DATAFLOW,OECD.SDD.STES:DSD_STES@DF_FINMARK(4.0),Financial market,I,LVA,Latvia,A,Annual,IR3TIB,Short-term interest rates,PA,Percent per annum,_Z,Not applicable,_Z,Not applicable,_Z,Not applicable,_Z,Not applicable,N,National,2025,,2.179261,,A,Normal value,0,Units,2,Two,,
DATAFLOW,OECD.SDD.STES:DSD_STES@DF_FINMARK(4.0),Financial market,I,LTU,Lithuania,A,Annual,IR3TIB,Short-term interest rates,PA,Percent per annum,_Z,Not applicable,_Z,Not applicable,_Z,Not applicable,_Z,Not applicable,N,National,2025,,2.179261,,A,Normal value,0,Units,2,Two,,
DATAFLOW,OECD.SDD.STES:DSD_STES@DF_FINMARK(4.0),Financial market,I,LTU,Lithuania,A,Annual,IRLT,Long-term interest rates,PA,Percent per annum,_Z,Not applicable,_Z,Not applicable,_Z,Not applicable,_Z,Not applicable,N,National,2025,,2.88,,A,Normal value,0,Units,2,Two,,
DATAFLOW,OECD.SDD.STES:DSD_STES@DF_FINMARK(4.0),Financial market,I,LUX,Luxembourg,A,Annual,IRLT,Long-term interest rates,PA,Percent per annum,_Z,Not applicable,_Z,Not applicable,_Z,Not applicable,_Z,Not applicable,N,National,2025,,2.91675,,A,Normal value,0,Units,2,Two,,
DATAFLOW,OECD.SDD.STES:DSD_STES@DF_FINMARK(4.0),Financial market,I,LUX,Luxembourg,A,Annual,IR3TIB,Short-term interest rates,PA,Percent per annum,_Z,Not applicable,_Z,Not applicable,_Z,Not applicable,_Z,Not applicable,N,National,2025,,2.179261,,A,Normal value,0,Units,2,Two,,
DATAFLOW,OECD.SDD.STES:DSD_STES@DF_FINMARK(4.0),Financial market,I,MEX,Mexico,A,Annual,IR3TIB,Short-term interest rates,PA,Percent per annum,_Z,Not applicable,_Z,Not applicable,_Z,Not applicable,_Z,Not applicable,N,National,2025,,8.749166,,A,Normal value,0,Units,2,Two,,
DATAFLOW,OECD.SDD.STES:DSD_STES@DF_FINMARK(4.0),Financial market,I,NLD,Netherlands,A,Annual,IRLT,Long-term interest rates,PA,Percent per annum,_Z,Not applicable,_Z,Not applicable,_Z,Not applicable,_Z,Not applicable,N,National,2025,,2.813583,,A,Normal value,0,Units,2,Two,,
DATAFLOW,OECD.SDD.STES:DSD_STES@DF_FINMARK(4.0),Financial market,I,NLD,Netherlands,A,Annual,IR3TIB,Short-term interest rates,PA,Percent per annum,_Z,Not applicable,_Z,Not applicable,_Z,Not applicable,_Z,Not applicable,N,National,2025,,2.179261,,A,Normal value,0,Units,2,Two,,
DATAFLOW,OECD.SDD.STES:DSD_STES@DF_FINMARK(4.0),Financial market,I,NZL,New Zealand,A,Annual,IR3TIB,Short-term interest rates,PA,Percent per annum,_Z,Not applicable,_Z,Not applicable,_Z,Not applicable,_Z,Not applicable,N,National,2025,,3.206667,,A,Normal value,0,Units,2,Two,,
DATAFLOW,OECD.SDD.STES:DSD_STES@DF_FINMARK(4.0),Financial market,I,NZL,New Zealand,A,Annual,IRLT,Long-term interest rates,PA,Percent per annum,_Z,Not applicable,_Z,Not applicable,_Z,Not applicable,_Z,Not applicable,N,National,2025,,4.4725,,A,Normal value,0,Units,2,Two,,
DATAFLOW,OECD.SDD.STES:DSD_STES@DF_FINMARK(4.0),Financial market,I,NOR,Norway,A,Annual,IRLT,Long-term interest rates,PA,Percent per annum,_Z,Not applicable,_Z,Not applicable,_Z,Not applicable,_Z,Not applicable,N,National,2025,,3.950394,,A,Normal value,0,Units,2,Two,,
DATAFLOW,OECD.SDD.STES:DSD_STES@DF_FINMARK(4.0),Financial market,I,NOR,Norway,A,Annual,IR3TIB,Short-term interest rates,PA,Percent per annum,_Z,Not applicable,_Z,Not applicable,_Z,Not applicable,_Z,Not applicable,N,National,2025,,4.376667,,A,Normal value,0,Units,2,Two,,
DATAFLOW,OECD.SDD.STES:DSD_STES@DF_FINMARK(4.0),Financial market,I,POL,Poland,A,Annual,IRLT,Long-term interest rates,PA,Percent per annum,_Z,Not applicable,_Z,Not applicable,_Z,Not applicable,_Z,Not applicable,N,National,2025,,5.4975,,A,Normal value,0,Units,2,Two,,
DATAFLOW,OECD.SDD.STES:DSD_STES@DF_FINMARK(4.0),Financial market,I,POL,Poland,A,Annual,IR3TIB,Short-term interest rates,PA,Percent per annum,_Z,Not applicable,_Z,Not applicable,_Z,Not applicable,_Z,Not applicable,N,National,2025,,5.099167,,A,Normal value,0,Units,2,Two,,
DATAFLOW,OECD.SDD.STES:DSD_STES@DF_FINMARK(4.0),Financial market,I,PRT,Portugal,A,Annual,IRLT,Long-term interest rates,PA,Percent per annum,_Z,Not applicable,_Z,Not applicable,_Z,Not applicable,_Z,Not applicable,N,National,2025,,3.078333,,A,Normal value,0,Units,2,Two,,
DATAFLOW,OECD.SDD.STES:DSD_STES@DF_FINMARK(4.0),Financial market,I,PRT,Portugal,A,Annual,IR3TIB,Short-term interest rates,PA,Percent per annum,_Z,Not applicable,_Z,Not applicable,_Z,Not applicable,_Z,Not applicable,N,National,2025,,2.179261,,A,Normal value,0,Units,2,Two,,
DATAFLOW,OECD.SDD.STES:DSD_STES@DF_FINMARK(4.0),Financial market,I,SVK,Slovak Republic,A,Annual,IRLT,Long-term interest rates,PA,Percent per annum,_Z,Not applicable,_Z,Not applicable,_Z,Not applicable,_Z,Not applicable,N,National,2025,,3.430809,,A,Normal value,0,Units,2,Two,,
DATAFLOW,OECD.SDD.STES:DSD_STES@DF_FINMARK(4.0),Financial market,I,SVK,Slovak Republic,A,Annual,IR3TIB,Short-term interest rates,PA,Percent per annum,_Z,Not applicable,_Z,Not applicable,_Z,Not applicable,_Z,Not applicable,N,National,2025,,2.179261,,A,Normal value,0,Units,2,Two,,
DATAFLOW,OECD.SDD.STES:DSD_STES@DF_FINMARK(4.0),Financial market,I,SVN,Slovenia,A,Annual,IR3TIB,Short-term interest rates,PA,Percent per annum,_Z,Not applicable,_Z,Not applicable,_Z,Not applicable,_Z,Not applicable,N,National,2025,,2.179261,,A,Normal value,0,Units,2,Two,,
DATAFLOW,OECD.SDD.STES:DSD_STES@DF_FINMARK(4.0),Financial market,I,SVN,Slovenia,A,Annual,IRLT,Long-term interest rates,PA,Percent per annum,_Z,Not applicable,_Z,Not applicable,_Z,Not applicable,_Z,Not applicable,N,National,2025,,3.113333,,A,Normal value,0,Units,2,Two,,
DATAFLOW,OECD.SDD.STES:DSD_STES@DF_FINMARK(4.0),Financial market,I,ESP,Spain,A,Annual,IRLT,Long-term interest rates,PA,Percent per annum,_Z,Not applicable,_Z,Not applicable,_Z,Not applicable,_Z,Not applicable,N,National,2025,,3.219641,,A,Normal value,0,Units,2,Two,,
DATAFLOW,OECD.SDD.STES:DSD_STES@DF_FINMARK(4.0),Financial market,I,ESP,Spain,A,Annual,IR3TIB,Short-term interest rates,PA,Percent per annum,_Z,Not applicable,_Z,Not applicable,_Z,Not applicable,_Z,Not applicable,N,National,2025,,2.179261,,A,Normal value,0,Units,2,Two,,
DATAFLOW,OECD.SDD.STES:DSD_STES@DF_FINMARK(4.0),Financial market,I,SWE,Sweden,A,Annual,IRLT,Long-term interest rates,PA,Percent per annum,_Z,Not applicable,_Z,Not applicable,_Z,Not applicable,_Z,Not applicable,N,National,2025,,2.476745,,A,Normal value,0,Units,2,Two,,
DATAFLOW,OECD.SDD.STES:DSD_STES@DF_FINMARK(4.0),Financial market,I,SWE,Sweden,A,Annual,IR3TIB,Short-term interest rates,PA,Percent per annum,_Z,Not applicable,_Z,Not applicable,_Z,Not applicable,_Z,Not applicable,N,National,2025,,2.11877,,A,Normal value,0,Units,2,Two,,
DATAFLOW,OECD.SDD.STES:DSD_STES@DF_FINMARK(4.0),Financial market,I,CHE,Switzerland,A,Annual,IRLT,Long-term interest rates,PA,Percent per annum,_Z,Not applicable,_Z,Not applicable,_Z,Not applicable,_Z,Not applicable,N,National,2025,,0.3238333,,A,Normal value,0,Units,2,Two,,
DATAFLOW,OECD.SDD.STES:DSD_STES@DF_FINMARK(4.0),Financial market,I,CHE,Switzerland,A,Annual,IR3TIB,Short-term interest rates,PA,Percent per annum,_Z,Not applicable,_Z,Not applicable,_Z,Not applicable,_Z,Not applicable,N,National,2025,,0.08815308,,A,Normal value,0,Units,2,Two,,
DATAFLOW,OECD.SDD.STES:DSD_STES@DF_FINMARK(4.0),Financial market,I,GBR,United Kingdom,A,Annual,IRLT,Long-term interest rates,PA,Percent per annum,_Z,Not applicable,_Z,Not applicable,_Z,Not applicable,_Z,Not applicable,N,National,2025,,4.582183,,A,Normal value,0,Units,2,Two,,
DATAFLOW,OECD.SDD.STES:DSD_STES@DF_FINMARK(4.0),Financial market,I,GBR,United Kingdom,A,Annual,IR3TIB,Short-term interest rates,PA,Percent per annum,_Z,Not applicable,_Z,Not applicable,_Z,Not applicable,_Z,Not applicable,N,National,2025,,4.125,,A,Normal value,0,Units,2,Two,,
DATAFLOW,OECD.SDD.STES:DSD_STES@DF_FINMARK(4.0),Financial market,I,USA,United States,A,Annual,IRLT,Long-term interest rates,PA,Percent per annum,_Z,Not applicable,_Z,Not applicable,_Z,Not applicable,_Z,Not applicable,N,National,2025,,4.291667,,A,Normal value,0,Units,2,Two,,
DATAFLOW,OECD.SDD.STES:DSD_STES@DF_FINMARK(4.0),Financial market,I,USA,United States,A,Annual,IR3TIB,Short-term interest rates,PA,Percent per annum,_Z,Not applicable,_Z,Not applicable,_Z,Not applicable,_Z,Not applicable,N,National,2025,,4.171667,,A,Normal value,0,Units,2,Two,,
DATAFLOW,OECD.SDD.STES:DSD_STES@DF_FINMARK(4.0),Financial market,I,EA19,Euro area (19 countries),A,Annual,IR3TIB,Short-term interest rates,PA,Percent per annum,_Z,Not applicable,_Z,Not applicable,_Z,Not applicable,_Z,Not applicable,N,National,2025,,2.17918,,A,Normal value,0,Units,2,Two,,
DATAFLOW,OECD.SDD.STES:DSD_STES@DF_FINMARK(4.0),Financial market,I,EA19,Euro area (19 countries),A,Annual,IRLT,Long-term interest rates,PA,Percent per annum,_Z,Not applicable,_Z,Not applicable,_Z,Not applicable,_Z,Not applicable,N,National,2025,,3.146652,,A,Normal value,0,Units,2,Two,,
DATAFLOW,OECD.SDD.STES:DSD_STES@DF_FINMARK(4.0),Financial market,I,EA20,Euro area (20 countries),A,Annual,IRLT,Long-term interest rates,PA,Percent per annum,_Z,Not applicable,_Z,Not applicable,_Z,Not applicable,_Z,Not applicable,N,National,2025,,3.146675,,A,Normal value,0,Units,2,Two,,
DATAFLOW,OECD.SDD.STES:DSD_STES@DF_FINMARK(4.0),Financial market,I,EA20,Euro area (20 countries),A,Annual,IR3TIB,Short-term interest rates,PA,Percent per annum,_Z,Not applicable,_Z,Not applicable,_Z,Not applicable,_Z,Not applicable,N,National,2025,,2.179261,,A,Normal value,0,Units,2,Two,,
DATAFLOW,OECD.SDD.STES:DSD_STES@DF_FINMARK(4.0),Financial market,I,BRA,Brazil,A,Annual,IRLT,Long-term interest rates,PA,Percent per annum,_Z,Not applicable,_Z,Not applicable,_Z,Not applicable,_Z,Not applicable,N,National,2025,,8.6625,,A,Normal value,0,Units,2,Two,,
DATAFLOW,OECD.SDD.STES:DSD_STES@DF_FINMARK(4.0),Financial market,I,BGR,Bulgaria,A,Annual,IRLT,Long-term interest rates,PA,Percent per annum,_Z,Not applicable,_Z,Not applicable,_Z,Not applicable,_Z,Not applicable,N,National,2025,,3.93,,A,Normal value,0,Units,2,Two,,
DATAFLOW,OECD.SDD.STES:DSD_STES@DF_FINMARK(4.0),Financial market,I,CHN,China (People’s Republic of),A,Annual,IR3TIB,Short-term interest rates,PA,Percent per annum,_Z,Not applicable,_Z,Not applicable,_Z,Not applicable,_Z,Not applicable,N,National,2025,,1.8225,,A,Normal value,0,Units,2,Two,,
DATAFLOW,OECD.SDD.STES:DSD_STES@DF_FINMARK(4.0),Financial market,I,CHN,China (People’s Republic of),A,Annual,IRLT,Long-term interest rates,PA,Percent per annum,_Z,Not applicable,_Z,Not applicable,_Z,Not applicable,_Z,Not applicable,N,National,2025,,1.749167,,A,Normal value,0,Units,2,Two,,
DATAFLOW,OECD.SDD.STES:DSD_STES@DF_FINMARK(4.0),Financial market,I,HRV,Croatia,A,Annual,IRLT,Long-term interest rates,PA,Percent per annum,_Z,Not applicable,_Z,Not applicable,_Z,Not applicable,_Z,Not applicable,N,National,2025,,3.005,,A,Normal value,0,Units,2,Two,,
DATAFLOW,OECD.SDD.STES:DSD_STES@DF_FINMARK(4.0),Financial market,I,IND,India,A,Annual,IRLT,Long-term interest rates,PA,Percent per annum,_Z,Not applicable,_Z,Not applicable,_Z,Not applicable,_Z,Not applicable,N,National,2025,,6.526375,,A,Normal value,0,Units,2,Two,,
DATAFLOW,OECD.SDD.STES:DSD_STES@DF_FINMARK(4.0),Financial market,I,IND,India,A,Annual,IR3TIB,Short-term interest rates,PA,Percent per annum,_Z,Not applicable,_Z,Not applicable,_Z,Not applicable,_Z,Not applicable,N,National,2025,,5.775504,,A,Normal value,0,Units,2,Two,,
DATAFLOW,OECD.SDD.STES:DSD_STES@DF_FINMARK(4.0),Financial market,I,IDN,Indonesia,A,Annual,IR3TIB,Short-term interest rates,PA,Percent per annum,_Z,Not applicable,_Z,Not applicable,_Z,Not applicable,_Z,Not applicable,N,National,2025,,5.408288,,A,Normal value,0,Units,2,Two,,
DATAFLOW,OECD.SDD.STES:DSD_STES@DF_FINMARK(4.0),Financial market,I,ROU,Romania,A,Annual,IRLT,Long-term interest rates,PA,Percent per annum,_Z,Not applicable,_Z,Not applicable,_Z,Not applicable,_Z,Not applicable,N,National,2025,,6.938334,,A,Normal value,0,Units,2,Two,,
DATAFLOW,OECD.SDD.STES:DSD_STES@DF_FINMARK(4.0),Financial market,I,ROU,Romania,A,Annual,IR3TIB,Short-term interest rates,PA,Percent per annum,_Z,Not applicable,_Z,Not applicable,_Z,Not applicable,_Z,Not applicable,N,National,2025,,6.3875,,A,Normal value,0,Units,2,Two,,
DATAFLOW,OECD.SDD.STES:DSD_STES@DF_FINMARK(4.0),Financial market,I,ZAF,South Africa,A,Annual,IRLT,Long-term interest rates,PA,Percent per annum,_Z,Not applicable,_Z,Not applicable,_Z,Not applicable,_Z,Not applicable,N,National,2025,,10.23417,,A,Normal value,0,Units,2,Two,,
DATAFLOW,OECD.SDD.STES:DSD_STES@DF_FINMARK(4.0),Financial market,I,ZAF,South Africa,A,Annual,IR3TIB,Short-term interest rates,PA,Percent per annum,_Z,Not applicable,_Z,Not applicable,_Z,Not applicable,_Z,Not applicable,N,National,2025,,7.166667,,A,Normal value,0,Units,2,Two,,
DATAFLOW,OECD.SDD.STES:DSD_STES@DF_FINMARK(4.0),Financial market,I,AUS,Australia,A,Annual,IRLT,Long-term interest rates,PA,Percent per annum,_Z,Not applicable,_Z,Not applicable,_Z,Not applicable,_Z,Not applicable,N,National,2024,,4.20975,,A,Normal value,0,Units,2,Two,,
DATAFLOW,OECD.SDD.STES:DSD_STES@DF_FINMARK(4.0),Financial market,I,AUS,Australia,A,Annual,IR3TIB,Short-term interest rates,PA,Percent per annum,_Z,Not applicable,_Z,Not applicable,_Z,Not applicable,_Z,Not applicable,N,National,2024,,4.390833,,A,Normal value,0,Units,2,Two,,
DATAFLOW,OECD.SDD.STES:DSD_STES@DF_FINMARK(4.0),Financial market,I,AUT,Austria,A,Annual,IR3TIB,Short-term interest rates,PA,Percent per annum,_Z,Not applicable,_Z,Not applicable,_Z,Not applicable,_Z,Not applicable,N,National,2024,,3.571515,,A,Normal value,0,Units,2,Two,,
DATAFLOW,OECD.SDD.STES:DSD_STES@DF_FINMARK(4.0),Financial market,I,AUT,Austria,A,Annual,IRLT,Long-term interest rates,PA,Percent per annum,_Z,Not applicable,_Z,Not applicable,_Z,Not applicable,_Z,Not applicable,N,National,2024,,2.842708,,A,Normal value,0,Units,2,Two,,
DATAFLOW,OECD.SDD.STES:DSD_STES@DF_FINMARK(4.0),Financial market,I,BEL,Belgium,A,Annual,IRLT,Long-term interest rates,PA,Percent per annum,_Z,Not applicable,_Z,Not applicable,_Z,Not applicable,_Z,Not applicable,N,National,2024,,2.925,,A,Normal value,0,Units,2,Two,,
DATAFLOW,OECD.SDD.STES:DSD_STES@DF_FINMARK(4.0),Financial market,I,BEL,Belgium,A,Annual,IR3TIB,Short-term interest rates,PA,Percent per annum,_Z,Not applicable,_Z,Not applicable,_Z,Not applicable,_Z,Not applicable,N,National,2024,,3.571515,,A,Normal value,0,Units,2,Two,,
DATAFLOW,OECD.SDD.STES:DSD_STES@DF_FINMARK(4.0),Financial market,I,CAN,Canada,A,Annual,IR3TIB,Short-term interest rates,PA,Percent per annum,_Z,Not applicable,_Z,Not applicable,_Z,Not applicable,_Z,Not applicable,N,National,2024,,4.366375,,A,Normal value,0,Units,2,Two,,
DATAFLOW,OECD.SDD.STES:DSD_STES@DF_FINMARK(4.0),Financial market,I,CAN,Canada,A,Annual,IRLT,Long-term interest rates,PA,Percent per annum,_Z,Not applicable,_Z,Not applicable,_Z,Not applicable,_Z,Not applicable,N,National,2024,,3.339469,,A,Normal value,0,Units,2,Two,,
DATAFLOW,OECD.SDD.STES:DSD_STES@DF_FINMARK(4.0),Financial market,I,CHL,Chile,A,Annual,IRLT,Long-term interest rates,PA,Percent per annum,_Z,Not applicable,_Z,Not applicable,_Z,Not applicable,_Z,Not applicable,N,National,2024,,5.788938,,A,Normal value,0,Units,2,Two,,
DATAFLOW,OECD.SDD.STES:DSD_STES@DF_FINMARK(4.0),Financial market,I,CHL,Chile,A,Annual,IR3TIB,Short-term interest rates,PA,Percent per annum,_Z,Not applicable,_Z,Not applicable,_Z,Not applicable,_Z,Not applicable,N,National,2024,,6.009919,,A,Normal value,0,Units,2,Two,,
DATAFLOW,OECD.SDD.STES:DSD_STES@DF_FINMARK(4.0),Financial market,I,COL,Colombia,A,Annual,IR3TIB,Short-term interest rates,PA,Percent per annum,_Z,Not applicable,_Z,Not applicable,_Z,Not applicable,_Z,Not applicable,N,National,2024,,10.1725,,A,Normal value,0,Units,2,Two,,
DATAFLOW,OECD.SDD.STES:DSD_STES@DF_FINMARK(4.0),Financial market,I,COL,Colombia,A,Annual,IRLT,Long-term interest rates,PA,Percent per annum,_Z,Not applicable,_Z,Not applicable,_Z,Not applicable,_Z,Not applicable,N,National,2024,,10.77333,,A,Normal value,0,Units,2,Two,,
DATAFLOW,OECD.SDD.STES:DSD_STES@DF_FINMARK(4.0),Financial market,I,CRI,Costa Rica,A,Annual,IRLT,Long-term interest rates,PA,Percent per annum,_Z,Not applicable,_Z,Not applicable,_Z,Not applicable,_Z,Not applicable,N,National,2024,,6.521667,,A,Normal value,0,Units,2,Two,,
DATAFLOW,OECD.SDD.STES:DSD_STES@DF_FINMARK(4.0),Financial market,I,CRI,Costa Rica,A,Annual,IR3TIB,Short-term interest rates,PA,Percent per annum,_Z,Not applicable,_Z,Not applicable,_Z,Not applicable,_Z,Not applicable,N,National,2024,,3.864106,,A,Normal value,0,Units,2,Two,,
DATAFLOW,OECD.SDD.STES:DSD_STES@DF_FINMARK(4.0),Financial market,I,CZE,Czechia,A,Annual,IRLT,Long-term interest rates,PA,Percent per annum,_Z,Not applicable,_Z,Not applicable,_Z,Not applicable,_Z,Not applicable,N,National,2024,,3.979914,,A,Normal value,0,Units,2,Two,,
DATAFLOW,OECD.SDD.STES:DSD_STES@DF_FINMARK(4.0),Financial market,I,CZE,Czechia,A,Annual,IR3TIB,Short-term interest rates,PA,Percent per annum,_Z,Not applicable,_Z,Not applicable,_Z,Not applicable,_Z,Not applicable,N,National,2024,,4.976837,,A,Normal value,0,Units,2,Two,,
DATAFLOW,OECD.SDD.STES:DSD_STES@DF_FINMARK(4.0),Financial market,I,DNK,Denmark,A,Annual,IRLT,Long-term interest rates,PA,Percent per annum,_Z,Not applicable,_Z,Not applicable,_Z,Not applicable,_Z,Not applicable,N,National,2024,,2.303083,,A,Normal value,0,Units,2,Two,,
DATAFLOW,OECD.SDD.STES:DSD_STES@DF_FINMARK(4.0),Financial market,I,DNK,Denmark,A,Annual,IR3TIB,Short-term interest rates,PA,Percent per annum,_Z,Not applicable,_Z,Not applicable,_Z,Not applicable,_Z,Not applicable,N,National,2024,,3.49599,,A,Normal value,0,Units,2,Two,,
DATAFLOW,OECD.SDD.STES:DSD_STES@DF_FINMARK(4.0),Financial market,I,EST,Estonia,A,Annual,IR3TIB,Short-term interest rates,PA,Percent per annum,_Z,Not applicable,_Z,Not applicable,_Z,Not applicable,_Z,Not applicable,N,National,2024,,3.571515,,A,Normal value,0,Units,2,Two,,
DATAFLOW,OECD.SDD.STES:DSD_STES@DF_FINMARK(4.0),Financial market,I,EST,Estonia,A,Annual,IRLT,Long-term interest rates,PA,Percent per annum,_Z,Not applicable,_Z,Not applicable,_Z,Not applicable,_Z,Not applicable,N,National,2024,,3.546667,,A,Normal value,0,Units,2,Two,,
DATAFLOW,OECD.SDD.STES:DSD_STES@DF_FINMARK(4.0),Financial market,I,FIN,Finland,A,Annual,IR3TIB,Short-term interest rates,PA,Percent per annum,_Z,Not applicable,_Z,Not applicable,_Z,Not applicable,_Z,Not applicable,N,National,2024,,3.571515,,A,Normal value,0,Units,2,Two,,
DATAFLOW,OECD.SDD.STES:DSD_STES@DF_FINMARK(4.0),Financial market,I,FIN,Finland,A,Annual,IRLT,Long-term interest rates,PA,Percent per annum,_Z,Not applicable,_Z,Not applicable,_Z,Not applicable,_Z,Not applicable,N,National,2024,,2.852968,,A,Normal value,0,Units,2,Two,,
DATAFLOW,OECD.SDD.STES:DSD_STES@DF_FINMARK(4.0),Financial market,I,FRA,France,A,Annual,IR3TIB,Short-term interest rates,PA,Percent per annum,_Z,Not applicable,_Z,Not applicable,_Z,Not applicable,_Z,Not applicable,N,National,2024,,3.571515,,A,Normal value,0,Units,2,Two,,
DATAFLOW,OECD.SDD.STES:DSD_STES@DF_FINMARK(4.0),Financial market,I,DEU,Germany,A,Annual,IRLT,Long-term interest rates,PA,Percent per annum,_Z,Not applicable,_Z,Not applicable,_Z,Not applicable,_Z,Not applicable,N,National,2024,,2.321084,,A,Normal value,0,Units,2,Two,,
DATAFLOW,OECD.SDD.STES:DSD_STES@DF_FINMARK(4.0),Financial market,I,DEU,Germany,A,Annual,IR3TIB,Short-term interest rates,PA,Percent per annum,_Z,Not applicable,_Z,Not applicable,_Z,Not applicable,_Z,Not applicable,N,National,2024,,3.571515,,A,Normal value,0,Units,2,Two,,
DATAFLOW,OECD.SDD.STES:DSD_STES@DF_FINMARK(4.0),Financial market,I,GRC,Greece,A,Annual,IR3TIB,Short-term interest rates,PA,Percent per annum,_Z,Not applicable,_Z,Not applicable,_Z,Not applicable,_Z,Not applicable,N,National,2024,,3.571515,,A,Normal value,0,Units,2,Two,,
DATAFLOW,OECD.SDD.STES:DSD_STES@DF_FINMARK(4.0),Financial market,I,GRC,Greece,A,Annual,IRLT,Long-term interest rates,PA,Percent per annum,_Z,Not applicable,_Z,Not applicable,_Z,Not applicable,_Z,Not applicable,N,National,2024,,3.35,,A,Normal value,0,Units,2,Two,,
DATAFLOW,OECD.SDD.STES:DSD_STES@DF_FINMARK(4.0),Financial market,I,HUN,Hungary,A,Annual,IR3TIB,Short-term interest rates,PA,Percent per annum,_Z,Not applicable,_Z,Not applicable,_Z,Not applicable,_Z,Not applicable,N,National,2024,,7.189017,,A,Normal value,0,Units,2,Two,,
DATAFLOW,OECD.SDD.STES:DSD_STES@DF_FINMARK(4.0),Financial market,I,HUN,Hungary,A,Annual,IRLT,Long-term interest rates,PA,Percent per annum,_Z,Not applicable,_Z,Not applicable,_Z,Not applicable,_Z,Not applicable,N,National,2024,,6.500834,,A,Normal value,0,Units,2,Two,,
DATAFLOW,OECD.SDD.STES:DSD_STES@DF_FINMARK(4.0),Financial market,I,ISL,Iceland,A,Annual,IR3TIB,Short-term interest rates,PA,Percent per annum,_Z,Not applicable,_Z,Not applicable,_Z,Not applicable,_Z,Not applicable,N,National,2024,,9.485,,A,Normal value,0,Units,2,Two,,
DATAFLOW,OECD.SDD.STES:DSD_STES@DF_FINMARK(4.0),Financial market,I,IRL,Ireland,A,Annual,IR3TIB,Short-term interest rates,PA,Percent per annum,_Z,Not applicable,_Z,Not applicable,_Z,Not applicable,_Z,Not applicable,N,National,2024,,3.571515,,A,Normal value,0,Units,2,Two,,
DATAFLOW,OECD.SDD.STES:DSD_STES@DF_FINMARK(4.0),Financial market,I,IRL,Ireland,A,Annual,IRLT,Long-term interest rates,PA,Percent per annum,_Z,Not applicable,_Z,Not applicable,_Z,Not applicable,_Z,Not applicable,N,National,2024,,2.717583,,A,Normal value,0,Units,2,Two,,
DATAFLOW,OECD.SDD.STES:DSD_STES@DF_FINMARK(4.0),Financial market,I,ISR,Israel,A,Annual,IR3TIB,Short-term interest rates,PA,Percent per annum,_Z,Not applicable,_Z,Not applicable,_Z,Not applicable,_Z,Not applicable,N,National,2024,,4.310665,,A,Normal value,0,Units,2,Two,,
DATAFLOW,OECD.SDD.STES:DSD_STES@DF_FINMARK(4.0),Financial market,I,ISR,Israel,A,Annual,IRLT,Long-term interest rates,PA,Percent per annum,_Z,Not applicable,_Z,Not applicable,_Z,Not applicable,_Z,Not applicable,N,National,2024,,4.676667,,A,Normal value,0,Units,2,Two,,
DATAFLOW,OECD.SDD.STES:DSD_STES@DF_FINMARK(4.0),Financial market,I,ITA,Italy,A,Annual,IR3TIB,Short-term interest rates,PA,Percent per annum,_Z,Not applicable,_Z,Not applicable,_Z,Not applicable,_Z,Not applicable,N,National,2024,,3.571515,,A,Normal value,0,Units,2,Two,,
DATAFLOW,OECD.SDD.STES:DSD_STES@DF_FINMARK(4.0),Financial market,I,JPN,Japan,A,Annual,IRLT,Long-term interest rates,PA,Percent per annum,_Z,Not applicable,_Z,Not applicable,_Z,Not applicable,_Z,Not applicable,N,National,2024,,0.9183334,,A,Normal value,0,Units,2,Two,,
DATAFLOW,OECD.SDD.STES:DSD_STES@DF_FINMARK(4.0),Financial market,I,KOR,Korea,A,Annual,IRLT,Long-term interest rates,PA,Percent per annum,_Z,Not applicable,_Z,Not applicable,_Z,Not applicable,_Z,Not applicable,N,National,2024,,3.21925,,A,Normal value,0,Units,2,Two,,
DATAFLOW,OECD.SDD.STES:DSD_STES@DF_FINMARK(4.0),Financial market,I,KOR,Korea,A,Annual,IR3TIB,Short-term interest rates,PA,Percent per annum,_Z,Not applicable,_Z,Not applicable,_Z,Not applicable,_Z,Not applicable,N,National,2024,,3.550833,,A,Normal value,0,Units,2,Two,,
DATAFLOW,OECD.SDD.STES:DSD_STES@DF_FINMARK(4.0),Financial market,I,LVA,Latvia,A,Annual,IR3TIB,Short-term interest rates,PA,Percent per annum,_Z,Not applicable,_Z,Not applicable,_Z,Not applicable,_Z,Not applicable,N,National,2024,,3.571515,,A,Normal value,0,Units,2,Two,,
DATAFLOW,OECD.SDD.STES:DSD_STES@DF_FINMARK(4.0),Financial market,I,LVA,Latvia,A,Annual,IRLT,Long-term interest rates,PA,Percent per annum,_Z,Not applicable,_Z,Not applicable,_Z,Not applicable,_Z,Not applicable,N,National,2024,,3.2875,,A,Normal value,0,Units,2,Two,,
DATAFLOW,OECD.SDD.STES:DSD_STES@DF_FINMARK(4.0),Financial market,I,LTU,Lithuania,A,Annual,IRLT,Long-term interest rates,PA,Percent per annum,_Z,Not applicable,_Z,Not applicable,_Z,Not applicable,_Z,Not applicable,N,National,2024,,2.88,,A,Normal value,0,Units,2,Two,,
DATAFLOW,OECD.SDD.STES:DSD_STES@DF_FINMARK(4.0),Financial market,I,LTU,Lithuania,A,Annual,IR3TIB,Short-term interest rates,PA,Percent per annum,_Z,Not applicable,_Z,Not applicable,_Z,Not applicable,_Z,Not applicable,N,National,2024,,3.571515,,A,Normal value,0,Units,2,Two,,
DATAFLOW,OECD.SDD.STES:DSD_STES@DF_FINMARK(4.0),Financial market,I,LUX,Luxembourg,A,Annual,IR3TIB,Short-term interest rates,PA,Percent per annum,_Z,Not applicable,_Z,Not applicable,_Z,Not applicable,_Z,Not applicable,N,National,2024,,3.571515,,A,Normal value,0,Units,2,Two,,
DATAFLOW,OECD.SDD.STES:DSD_STES@DF_FINMARK(4.0),Financial market,I,LUX,Luxembourg,A,Annual,IRLT,Long-term interest rates,PA,Percent per annum,_Z,Not applicable,_Z,Not applicable,_Z,Not applicable,_Z,Not applicable,N,National,2024,,2.763917,,A,Normal value,0,Units,2,Two,,
DATAFLOW,OECD.SDD.STES:DSD_STES@DF_FINMARK(4.0),Financial market,I,MEX,Mexico,A,Annual,IR3TIB,Short-term interest rates,PA,Percent per annum,_Z,Not applicable,_Z,Not applicable,_Z,Not applicable,_Z,Not applicable,N,National,2024,,11.26833,,A,Normal value,0,Units,2,Two,,
DATAFLOW,OECD.SDD.STES:DSD_STES@DF_FINMARK(4.0),Financial market,I,NLD,Netherlands,A,Annual,IRLT,Long-term interest rates,PA,Percent per annum,_Z,Not applicable,_Z,Not applicable,_Z,Not applicable,_Z,Not applicable,N,National,2024,,2.6205,,A,Normal value,0,Units,2,Two,,
DATAFLOW,OECD.SDD.STES:DSD_STES@DF_FINMARK(4.0),Financial market,I,NLD,Netherlands,A,Annual,IR3TIB,Short-term interest rates,PA,Percent per annum,_Z,Not applicable,_Z,Not applicable,_Z,Not applicable,_Z,Not applicable,N,National,2024,,3.571515,,A,Normal value,0,Units,2,Two,,
DATAFLOW,OECD.SDD.STES:DSD_STES@DF_FINMARK(4.0),Financial market,I,NZL,New Zealand,A,Annual,IR3TIB,Short-term interest rates,PA,Percent per annum,_Z,Not applicable,_Z,Not applicable,_Z,Not applicable,_Z,Not applicable,N,National,2024,,5.258333,,A,Normal value,0,Units,2,Two,,
DATAFLOW,OECD.SDD.STES:DSD_STES@DF_FINMARK(4.0),Financial market,I,NZL,New Zealand,A,Annual,IRLT,Long-term interest rates,PA,Percent per annum,_Z,Not applicable,_Z,Not applicable,_Z,Not applicable,_Z,Not applicable,N,National,2024,,4.559166,,A,Normal value,0,Units,2,Two,,
DATAFLOW,OECD.SDD.STES:DSD_STES@DF_FINMARK(4.0),Financial market,I,NOR,Norway,A,Annual,IR3TIB,Short-term interest rates,PA,Percent per annum,_Z,Not applicable,_Z,Not applicable,_Z,Not applicable,_Z,Not applicable,N,National,2024,,4.718333,,A,Normal value,0,Units,2,Two,,
DATAFLOW,OECD.SDD.STES:DSD_STES@DF_FINMARK(4.0),Financial market,I,POL,Poland,A,Annual,IRLT,Long-term interest rates,PA,Percent per annum,_Z,Not applicable,_Z,Not applicable,_Z,Not applicable,_Z,Not applicable,N,National,2024,,5.525,,A,Normal value,0,Units,2,Two,,
DATAFLOW,OECD.SDD.STES:DSD_STES@DF_FINMARK(4.0),Financial market,I,POL,Poland,A,Annual,IR3TIB,Short-term interest rates,PA,Percent per annum,_Z,Not applicable,_Z,Not applicable,_Z,Not applicable,_Z,Not applicable,N,National,2024,,5.854167,,A,Normal value,0,Units,2,Two,,
DATAFLOW,OECD.SDD.STES:DSD_STES@DF_FINMARK(4.0),Financial market,I,PRT,Portugal,A,Annual,IRLT,Long-term interest rates,PA,Percent per annum,_Z,Not applicable,_Z,Not applicable,_Z,Not applicable,_Z,Not applicable,N,National,2024,,2.9575,,A,Normal value,0,Units,2,Two,,
DATAFLOW,OECD.SDD.STES:DSD_STES@DF_FINMARK(4.0),Financial market,I,PRT,Portugal,A,Annual,IR3TIB,Short-term interest rates,PA,Percent per annum,_Z,Not applicable,_Z,Not applicable,_Z,Not applicable,_Z,Not applicable,N,National,2024,,3.571515,,A,Normal value,0,Units,2,Two,,
DATAFLOW,OECD.SDD.STES:DSD_STES@DF_FINMARK(4.0),Financial market,I,SVK,Slovak Republic,A,Annual,IR3TIB,Short-term interest rates,PA,Percent per annum,_Z,Not applicable,_Z,Not applicable,_Z,Not applicable,_Z,Not applicable,N,National,2024,,3.571515,,A,Normal value,0,Units,2,Two,,
DATAFLOW,OECD.SDD.STES:DSD_STES@DF_FINMARK(4.0),Financial market,I,SVK,Slovak Republic,A,Annual,IRLT,Long-term interest rates,PA,Percent per annum,_Z,Not applicable,_Z,Not applicable,_Z,Not applicable,_Z,Not applicable,N,National,2024,,3.473461,,A,Normal value,0,Units,2,Two,,
DATAFLOW,OECD.SDD.STES:DSD_STES@DF_FINMARK(4.0),Financial market,I,SVN,Slovenia,A,Annual,IRLT,Long-term interest rates,PA,Percent per annum,_Z,Not applicable,_Z,Not applicable,_Z,Not applicable,_Z,Not applicable,N,National,2024,,3.109167,,A,Normal value,0,Units,2,Two,,
DATAFLOW,OECD.SDD.STES:DSD_STES@DF_FINMARK(4.0),Financial market,I,SVN,Slovenia,A,Annual,IR3TIB,Short-term interest rates,PA,Percent per annum,_Z,Not applicable,_Z,Not applicable,_Z,Not applicable,_Z,Not applicable,N,National,2024,,3.571515,,A,Normal value,0,Units,2,Two,,
DATAFLOW,OECD.SDD.STES:DSD_STES@DF_FINMARK(4.0),Financial market,I,ESP,Spain,A,Annual,IRLT,Long-term interest rates,PA,Percent per annum,_Z,Not applicable,_Z,Not applicable,_Z,Not applicable,_Z,Not applicable,N,National,2024,,3.153795,,A,Normal value,0,Units,2,Two,,
DATAFLOW,OECD.SDD.STES:DSD_STES@DF_FINMARK(4.0),Financial market,I,ESP,Spain,A,Annual,IR3TIB,Short-term interest rates,PA,Percent per annum,_Z,Not applicable,_Z,Not applicable,_Z,Not applicable,_Z,Not applicable,N,National,2024,,3.571515,,A,Normal value,0,Units,2,Two,,
DATAFLOW,OECD.SDD.STES:DSD_STES@DF_FINMARK(4.0),Financial market,I,SWE,Sweden,A,Annual,IRLT,Long-term interest rates,PA,Percent per annum,_Z,Not applicable,_Z,Not applicable,_Z,Not applicable,_Z,Not applicable,N,National,2024,,2.20027,,A,Normal value,0,Units,2,Two,,
DATAFLOW,OECD.SDD.STES:DSD_STES@DF_FINMARK(4.0),Financial market,I,SWE,Sweden,A,Annual,IR3TIB,Short-term interest rates,PA,Percent per annum,_Z,Not applicable,_Z,Not applicable,_Z,Not applicable,_Z,Not applicable,N,National,2024,,3.467893,,A,Normal value,0,Units,2,Two,,
DATAFLOW,OECD.SDD.STES:DSD_STES@DF_FINMARK(4.0),Financial market,I,CHE,Switzerland,A,Annual,IRLT,Long-term interest rates,PA,Percent per annum,_Z,Not applicable,_Z,Not applicable,_Z,Not applicable,_Z,Not applicable,N,National,2024,,0.5693333,,A,Normal value,0,Units,2,Two,,
DATAFLOW,OECD.SDD.STES:DSD_STES@DF_FINMARK(4.0),Financial market,I,CHE,Switzerland,A,Annual,IR3TIB,Short-term interest rates,PA,Percent per annum,_Z,Not applicable,_Z,Not applicable,_Z,Not applicable,_Z,Not applicable,N,National,2024,,1.24134,,A,Normal value,0,Units,2,Two,,
DATAFLOW,OECD.SDD.STES:DSD_STES@DF_FINMARK(4.0),Financial market,I,GBR,United Kingdom,A,Annual,IR3TIB,Short-term interest rates,PA,Percent per annum,_Z,Not applicable,_Z,Not applicable,_Z,Not applicable,_Z,Not applicable,N,National,2024,,5.001667,,A,Normal value,0,Units,2,Two,,
DATAFLOW,OECD.SDD.STES:DSD_STES@DF_FINMARK(4.0),Financial market,I,GBR,United Kingdom,A,Annual,IRLT,Long-term interest rates,PA,Percent per annum,_Z,Not applicable,_Z,Not applicable,_Z,Not applicable,_Z,Not applicable,N,National,2024,,4.144242,,A,Normal value,0,Units,2,Two,,
DATAFLOW,OECD.SDD.STES:DSD_STES@DF_FINMARK(4.0),Financial market,I,USA,United States,A,Annual,IR3TIB,Short-term interest rates,PA,Percent per annum,_Z,Not applicable,_Z,Not applicable,_Z,Not applicable,_Z,Not applicable,N,National,2024,,5.050833,,A,Normal value,0,Units,2,Two,,
DATAFLOW,OECD.SDD.STES:DSD_STES@DF_FINMARK(4.0),Financial market,I,USA,United States,A,Annual,IRLT,Long-term interest rates,PA,Percent per annum,_Z,Not applicable,_Z,Not applicable,_Z,Not applicable,_Z,Not applicable,N,National,2024,,4.208333,,A,Normal value,0,Units,2,Two,,
DATAFLOW,OECD.SDD.STES:DSD_STES@DF_FINMARK(4.0),Financial market,I,EA19,Euro area (19 countries),A,Annual,IRLT,Long-term interest rates,PA,Percent per annum,_Z,Not applicable,_Z,Not applicable,_Z,Not applicable,_Z,Not applicable,N,National,2024,,2.975305,,A,Normal value,0,Units,2,Two,,
DATAFLOW,OECD.SDD.STES:DSD_STES@DF_FINMARK(4.0),Financial market,I,EA19,Euro area (19 countries),A,Annual,IR3TIB,Short-term interest rates,PA,Percent per annum,_Z,Not applicable,_Z,Not applicable,_Z,Not applicable,_Z,Not applicable,N,National,2024,,3.570913,,A,Normal value,0,Units,2,Two,,
DATAFLOW,OECD.SDD.STES:DSD_STES@DF_FINMARK(4.0),Financial market,I,EA20,Euro area (20 countries),A,Annual,IR3TIB,Short-term interest rates,PA,Percent per annum,_Z,Not applicable,_Z,Not applicable,_Z,Not applicable,_Z,Not applicable,N,National,2024,,3.571515,,A,Normal value,0,Units,2,Two,,
DATAFLOW,OECD.SDD.STES:DSD_STES@DF_FINMARK(4.0),Financial market,I,EA20,Euro area (20 countries),A,Annual,IRLT,Long-term interest rates,PA,Percent per annum,_Z,Not applicable,_Z,Not applicable,_Z,Not applicable,_Z,Not applicable,N,National,2024,,2.975305,,A,Normal value,0,Units,2,Two,,
DATAFLOW,OECD.SDD.STES:DSD_STES@DF_FINMARK(4.0),Financial market,I,BRA,Brazil,A,Annual,IRLT,Long-term interest rates,PA,Percent per annum,_Z,Not applicable,_Z,Not applicable,_Z,Not applicable,_Z,Not applicable,N,National,2024,,6.885,,A,Normal value,0,Units,2,Two,,
DATAFLOW,OECD.SDD.STES:DSD_STES@DF_FINMARK(4.0),Financial market,I,BGR,Bulgaria,A,Annual,IRLT,Long-term interest rates,PA,Percent per annum,_Z,Not applicable,_Z,Not applicable,_Z,Not applicable,_Z,Not applicable,N,National,2024,,3.930833,,A,Normal value,0,Units,2,Two,,
DATAFLOW,OECD.SDD.STES:DSD_STES@DF_FINMARK(4.0),Financial market,I,CHN,China (People’s Republic of),A,Annual,IR3TIB,Short-term interest rates,PA,Percent per annum,_Z,Not applicable,_Z,Not applicable,_Z,Not applicable,_Z,Not applicable,N,National,2024,,2.291667,,A,Normal value,0,Units,2,Two,,
DATAFLOW,OECD.SDD.STES:DSD_STES@DF_FINMARK(4.0),Financial market,I,CHN,China (People’s Republic of),A,Annual,IRLT,Long-term interest rates,PA,Percent per annum,_Z,Not applicable,_Z,Not applicable,_Z,Not applicable,_Z,Not applicable,N,National,2024,,2.181667,,A,Normal value,0,Units,2,Two,,
DATAFLOW,OECD.SDD.STES:DSD_STES@DF_FINMARK(4.0),Financial market,I,HRV,Croatia,A,Annual,IRLT,Long-term interest rates,PA,Percent per annum,_Z,Not applicable,_Z,Not applicable,_Z,Not applicable,_Z,Not applicable,N,National,2024,,3.31,,A,Normal value,0,Units,2,Two,,
DATAFLOW,OECD.SDD.STES:DSD_STES@DF_FINMARK(4.0),Financial market,I,IND,India,A,Annual,IRLT,Long-term interest rates,PA,Percent per annum,_Z,Not applicable,_Z,Not applicable,_Z,Not applicable,_Z,Not applicable,N,National,2024,,6.975958,,A,Normal value,0,Units,2,Two,,
DATAFLOW,OECD.SDD.STES:DSD_STES@DF_FINMARK(4.0),Financial market,I,IND,India,A,Annual,IR3TIB,Short-term interest rates,PA,Percent per annum,_Z,Not applicable,_Z,Not applicable,_Z,Not applicable,_Z,Not applicable,N,National,2024,,6.750086,,A,Normal value,0,Units,2,Two,,
DATAFLOW,OECD.SDD.STES:DSD_STES@DF_FINMARK(4.0),Financial market,I,IDN,Indonesia,A,Annual,IRLT,Long-term interest rates,PA,Percent per annum,_Z,Not applicable,_Z,Not applicable,_Z,Not applicable,_Z,Not applicable,N,National,2024,,6.793334,,A,Normal value,0,Units,2,Two,,
DATAFLOW,OECD.SDD.STES:DSD_STES@DF_FINMARK(4.0),Financial market,I,IDN,Indonesia,A,Annual,IR3TIB,Short-term interest rates,PA,Percent per annum,_Z,Not applicable,_Z,Not applicable,_Z,Not applicable,_Z,Not applicable,N,National,2024,,5.426159,,A,Normal value,0,Units,2,Two,,
DATAFLOW,OECD.SDD.STES:DSD_STES@DF_FINMARK(4.0),Financial market,I,ROU,Romania,A,Annual,IRLT,Long-term interest rates,PA,Percent per annum,_Z,Not applicable,_Z,Not applicable,_Z,Not applicable,_Z,Not applicable,N,National,2024,,6.316667,,A,Normal value,0,Units,2,Two,,
DATAFLOW,OECD.SDD.STES:DSD_STES@DF_FINMARK(4.0),Financial market,I,ROU,Romania,A,Annual,IR3TIB,Short-term interest rates,PA,Percent per annum,_Z,Not applicable,_Z,Not applicable,_Z,Not applicable,_Z,Not applicable,N,National,2024,,5.8825,,A,Normal value,0,Units,2,Two,,
DATAFLOW,OECD.SDD.STES:DSD_STES@DF_FINMARK(4.0),Financial market,I,ZAF,South Africa,A,Annual,IR3TIB,Short-term interest rates,PA,Percent per annum,_Z,Not applicable,_Z,Not applicable,_Z,Not applicable,_Z,Not applicable,N,National,2024,,8.28117,,A,Normal value,0,Units,2,Two,,
DATAFLOW,OECD.SDD.STES:DSD_STES@DF_FINMARK(4.0),Financial market,I,ZAF,South Africa,A,Annual,IRLT,Long-term interest rates,PA,Percent per annum,_Z,Not applicable,_Z,Not applicable,_Z,Not applicable,_Z,Not applicable,N,National,2024,,11.16963,,A,Normal value,0,Units,2,Two,,
DATAFLOW,OECD.SDD.STES:DSD_STES@DF_FINMARK(4.0),Financial market,I,BGR,Bulgaria,A,Annual,IR3TIB,Short-term interest rates,PA,Percent per annum,_Z,Not applicable,_Z,Not applicable,_Z,Not applicable,_Z,Not applicable,N,National,2005,,3.646442,,A,Normal value,0,Units,2,Two,,
DATAFLOW,OECD.SDD.STES:DSD_STES@DF_FINMARK(4.0),Financial market,I,BGR,Bulgaria,A,Annual,IR3TIB,Short-term interest rates,PA,Percent per annum,_Z,Not applicable,_Z,Not applicable,_Z,Not applicable,_Z,Not applicable,N,National,2006,,3.576908,,A,Normal value,0,Units,2,Two,,
DATAFLOW,OECD.SDD.STES:DSD_STES@DF_FINMARK(4.0),Financial market,I,BGR,Bulgaria,A,Annual,IR3TIB,Short-term interest rates,PA,Percent per annum,_Z,Not applicable,_Z,Not applicable,_Z,Not applicable,_Z,Not applicable,N,National,2007,,4.202917,,A,Normal value,0,Units,2,Two,,
DATAFLOW,OECD.SDD.STES:DSD_STES@DF_FINMARK(4.0),Financial market,I,BGR,Bulgaria,A,Annual,IR3TIB,Short-term interest rates,PA,Percent per annum,_Z,Not applicable,_Z,Not applicable,_Z,Not applicable,_Z,Not applicable,N,National,2008,,5.577183,,A,Normal value,0,Units,2,Two,,
DATAFLOW,OECD.SDD.STES:DSD_STES@DF_FINMARK(4.0),Financial market,I,BGR,Bulgaria,A,Annual,IR3TIB,Short-term interest rates,PA,Percent per annum,_Z,Not applicable,_Z,Not applicable,_Z,Not applicable,_Z,Not applicable,N,National,2009,,6.0258,,A,Normal value,0,Units,2,Two,,
DATAFLOW,OECD.SDD.STES:DSD_STES@DF_FINMARK(4.0),Financial market,I,BGR,Bulgaria,A,Annual,IR3TIB,Short-term interest rates,PA,Percent per annum,_Z,Not applicable,_Z,Not applicable,_Z,Not applicable,_Z,Not applicable,N,National,2010,,4.8046,,A,Normal value,0,Units,2,Two,,
DATAFLOW,OECD.SDD.STES:DSD_STES@DF_FINMARK(4.0),Financial market,I,BGR,Bulgaria,A,Annual,IR3TIB,Short-term interest rates,PA,Percent per annum,_Z,Not applicable,_Z,Not applicable,_Z,Not applicable,_Z,Not applicable,N,National,2011,,4.206925,,A,Normal value,0,Units,2,Two,,
DATAFLOW,OECD.SDD.STES:DSD_STES@DF_FINMARK(4.0),Financial market,I,BGR,Bulgaria,A,Annual,IR3TIB,Short-term interest rates,PA,Percent per annum,_Z,Not applicable,_Z,Not applicable,_Z,Not applicable,_Z,Not applicable,N,National,2012,,3.558658,,A,Normal value,0,Units,2,Two,,
DATAFLOW,OECD.SDD.STES:DSD_STES@DF_FINMARK(4.0),Financial market,I,BGR,Bulgaria,A,Annual,IR3TIB,Short-term interest rates,PA,Percent per annum,_Z,Not applicable,_Z,Not applicable,_Z,Not applicable,_Z,Not applicable,N,National,2013,,2.959967,,A,Normal value,0,Units,2,Two,,
DATAFLOW,OECD.SDD.STES:DSD_STES@DF_FINMARK(4.0),Financial market,I,BGR,Bulgaria,A,Annual,IR3TIB,Short-term interest rates,PA,Percent per annum,_Z,Not applicable,_Z,Not applicable,_Z,Not applicable,_Z,Not applicable,N,National,2014,,1.731808,,A,Normal value,0,Units,2,Two,,
DATAFLOW,OECD.SDD.STES:DSD_STES@DF_FINMARK(4.0),Financial market,I,BGR,Bulgaria,A,Annual,IR3TIB,Short-term interest rates,PA,Percent per annum,_Z,Not applicable,_Z,Not applicable,_Z,Not applicable,_Z,Not applicable,N,National,2015,,0.7811167,,A,Normal value,0,Units,2,Two,,
DATAFLOW,OECD.SDD.STES:DSD_STES@DF_FINMARK(4.0),Financial market,I,BGR,Bulgaria,A,Annual,IR3TIB,Short-term interest rates,PA,Percent per annum,_Z,Not applicable,_Z,Not applicable,_Z,Not applicable,_Z,Not applicable,N,National,2016,,0.3584667,,A,Normal value,0,Units,2,Two,,
DATAFLOW,OECD.SDD.STES:DSD_STES@DF_FINMARK(4.0),Financial market,I,BGR,Bulgaria,A,Annual,IR3TIB,Short-term interest rates,PA,Percent per annum,_Z,Not applicable,_Z,Not applicable,_Z,Not applicable,_Z,Not applicable,N,National,2017,,0.2118583,,A,Normal value,0,Units,2,Two,,
DATAFLOW,OECD.SDD.STES:DSD_STES@DF_FINMARK(4.0),Financial market,I,BGR,Bulgaria,A,Annual,IR3TIB,Short-term interest rates,PA,Percent per annum,_Z,Not applicable,_Z,Not applicable,_Z,Not applicable,_Z,Not applicable,N,National,2018,,0.1919833,,A,Normal value,0,Units,2,Two,,
DATAFLOW,OECD.SDD.STES:DSD_STES@DF_FINMARK(4.0),Financial market,I,BGR,Bulgaria,A,Annual,IR3TIB,Short-term interest rates,PA,Percent per annum,_Z,Not applicable,_Z,Not applicable,_Z,Not applicable,_Z,Not applicable,N,National,2019,,0.08669167,,A,Normal value,0,Units,2,Two,,
DATAFLOW,OECD.SDD.STES:DSD_STES@DF_FINMARK(4.0),Financial market,I,BGR,Bulgaria,A,Annual,IR3TIB,Short-term interest rates,PA,Percent per annum,_Z,Not applicable,_Z,Not applicable,_Z,Not applicable,_Z,Not applicable,N,National,2020,,0.03068333,,A,Normal value,0,Units,2,Two,,
DATAFLOW,OECD.SDD.STES:DSD_STES@DF_FINMARK(4.0),Financial market,I,BGR,Bulgaria,A,Annual,IR3TIB,Short-term interest rates,PA,Percent per annum,_Z,Not applicable,_Z,Not applicable,_Z,Not applicable,_Z,Not applicable,N,National,2021,,0.008025,,A,Normal value,0,Units,2,Two,,
DATAFLOW,OECD.SDD.STES:DSD_STES@DF_FINMARK(4.0),Financial market,I,BGR,Bulgaria,A,Annual,IR3TIB,Short-term interest rates,PA,Percent per annum,_Z,Not applicable,_Z,Not applicable,_Z,Not applicable,_Z,Not applicable,N,National,2022,,0.1998083,,A,Normal value,0,Units,2,Two,,
DATAFLOW,OECD.SDD.STES:DSD_STES@DF_FINMARK(4.0),Financial market,I,BGR,Bulgaria,A,Annual,IR3TIB,Short-term interest rates,PA,Percent per annum,_Z,Not applicable,_Z,Not applicable,_Z,Not applicable,_Z,Not applicable,N,National,2023,,1.7721,,A,Normal value,0,Units,2,Two,,
DATAFLOW,OECD.SDD.STES:DSD_STES@DF_FINMARK(4.0),Financial market,I,BGR,Bulgaria,A,Annual,IR3TIB,Short-term interest rates,PA,Percent per annum,_Z,Not applicable,_Z,Not applicable,_Z,Not applicable,_Z,Not applicable,N,National,2024,,2.03935,,A,Normal value,0,Units,2,Two,,
DATAFLOW,OECD.SDD.STES:DSD_STES@DF_FINMARK(4.0),Financial market,I,BGR,Bulgaria,A,Annual,IR3TIB,Short-term interest rates,PA,Percent per annum,_Z,Not applicable,_Z,Not applicable,_Z,Not applicable,_Z,Not applicable,N,National,2025,,1.438983,,A,Normal value,0,Units,2,Two,,
DATAFLOW,OECD.SDD.STES:DSD_STES@DF_FINMARK(4.0),Financial market,I,AUT,Austria,A,Annual,IRLT,Long-term interest rates,PA,Percent per annum,_Z,Not applicable,_Z,Not applicable,_Z,Not applicable,_Z,Not applicable,N,National,1993,,6.705,,A,Normal value,0,Units,2,Two,,
DATAFLOW,OECD.SDD.STES:DSD_STES@DF_FINMARK(4.0),Financial market,I,AUT,Austria,A,Annual,IRLT,Long-term interest rates,PA,Percent per annum,_Z,Not applicable,_Z,Not applicable,_Z,Not applicable,_Z,Not applicable,N,National,1994,,7.025,,A,Normal value,0,Units,2,Two,,
DATAFLOW,OECD.SDD.STES:DSD_STES@DF_FINMARK(4.0),Financial market,I,AUT,Austria,A,Annual,IRLT,Long-term interest rates,PA,Percent per annum,_Z,Not applicable,_Z,Not applicable,_Z,Not applicable,_Z,Not applicable,N,National,1995,,7.134167,,A,Normal value,0,Units,2,Two,,
DATAFLOW,OECD.SDD.STES:DSD_STES@DF_FINMARK(4.0),Financial market,I,AUT,Austria,A,Annual,IRLT,Long-term interest rates,PA,Percent per annum,_Z,Not applicable,_Z,Not applicable,_Z,Not applicable,_Z,Not applicable,N,National,1996,,6.3225,,A,Normal value,0,Units,2,Two,,
DATAFLOW,OECD.SDD.STES:DSD_STES@DF_FINMARK(4.0),Financial market,I,AUT,Austria,A,Annual,IRLT,Long-term interest rates,PA,Percent per annum,_Z,Not applicable,_Z,Not applicable,_Z,Not applicable,_Z,Not applicable,N,National,1997,,5.6825,,A,Normal value,0,Units,2,Two,,
DATAFLOW,OECD.SDD.STES:DSD_STES@DF_FINMARK(4.0),Financial market,I,AUT,Austria,A,Annual,IRLT,Long-term interest rates,PA,Percent per annum,_Z,Not applicable,_Z,Not applicable,_Z,Not applicable,_Z,Not applicable,N,National,1998,,4.713333,,A,Normal value,0,Units,2,Two,,
DATAFLOW,OECD.SDD.STES:DSD_STES@DF_FINMARK(4.0),Financial market,I,AUT,Austria,A,Annual,IRLT,Long-term interest rates,PA,Percent per annum,_Z,Not applicable,_Z,Not applicable,_Z,Not applicable,_Z,Not applicable,N,National,1999,,4.679167,,A,Normal value,0,Units,2,Two,,
DATAFLOW,OECD.SDD.STES:DSD_STES@DF_FINMARK(4.0),Financial market,I,AUT,Austria,A,Annual,IRLT,Long-term interest rates,PA,Percent per annum,_Z,Not applicable,_Z,Not applicable,_Z,Not applicable,_Z,Not applicable,N,National,2000,,5.556667,,A,Normal value,0,Units,2,Two,,
DATAFLOW,OECD.SDD.STES:DSD_STES@DF_FINMARK(4.0),Financial market,I,AUT,Austria,A,Annual,IRLT,Long-term interest rates,PA,Percent per annum,_Z,Not applicable,_Z,Not applicable,_Z,Not applicable,_Z,Not applicable,N,National,2001,,5.079167,,A,Normal value,0,Units,2,Two,,
DATAFLOW,OECD.SDD.STES:DSD_STES@DF_FINMARK(4.0),Financial market,I,AUT,Austria,A,Annual,IRLT,Long-term interest rates,PA,Percent per annum,_Z,Not applicable,_Z,Not applicable,_Z,Not applicable,_Z,Not applicable,N,National,2002,,4.964167,,A,Normal value,0,Units,2,Two,,
DATAFLOW,OECD.SDD.STES:DSD_STES@DF_FINMARK(4.0),Financial market,I,AUT,Austria,A,Annual,IRLT,Long-term interest rates,PA,Percent per annum,_Z,Not applicable,_Z,Not applicable,_Z,Not applicable,_Z,Not applicable,N,National,2003,,4.140833,,A,Normal value,0,Units,2,Two,,
DATAFLOW,OECD.SDD.STES:DSD_STES@DF_FINMARK(4.0),Financial market,I,AUT,Austria,A,Annual,IRLT,Long-term interest rates,PA,Percent per annum,_Z,Not applicable,_Z,Not applicable,_Z,Not applicable,_Z,Not applicable,N,National,2004,,4.130833,,A,Normal value,0,Units,2,Two,,
DATAFLOW,OECD.SDD.STES:DSD_STES@DF_FINMARK(4.0),Financial market,I,AUT,Austria,A,Annual,IRLT,Long-term interest rates,PA,Percent per annum,_Z,Not applicable,_Z,Not applicable,_Z,Not applicable,_Z,Not applicable,N,National,2005,,3.394167,,A,Normal value,0,Units,2,Two,,
DATAFLOW,OECD.SDD.STES:DSD_STES@DF_FINMARK(4.0),Financial market,I,AUT,Austria,A,Annual,IRLT,Long-term interest rates,PA,Percent per annum,_Z,Not applicable,_Z,Not applicable,_Z,Not applicable,_Z,Not applicable,N,National,2006,,3.8,,A,Normal value,0,Units,2,Two,,
DATAFLOW,OECD.SDD.STES:DSD_STES@DF_FINMARK(4.0),Financial market,I,AUT,Austria,A,Annual,IRLT,Long-term interest rates,PA,Percent per annum,_Z,Not applicable,_Z,Not applicable,_Z,Not applicable,_Z,Not applicable,N,National,2007,,4.2975,,A,Normal value,0,Units,2,Two,,
DATAFLOW,OECD.SDD.STES:DSD_STES@DF_FINMARK(4.0),Financial market,I,AUT,Austria,A,Annual,IRLT,Long-term interest rates,PA,Percent per annum,_Z,Not applicable,_Z,Not applicable,_Z,Not applicable,_Z,Not applicable,N,National,2008,,4.358333,,A,Normal value,0,Units,2,Two,,
DATAFLOW,OECD.SDD.STES:DSD_STES@DF_FINMARK(4.0),Financial market,I,AUT,Austria,A,Annual,IRLT,Long-term interest rates,PA,Percent per annum,_Z,Not applicable,_Z,Not applicable,_Z,Not applicable,_Z,Not applicable,N,National,2009,,3.936667,,A,Normal value,0,Units,2,Two,,
DATAFLOW,OECD.SDD.STES:DSD_STES@DF_FINMARK(4.0),Financial market,I,AUT,Austria,A,Annual,IRLT,Long-term interest rates,PA,Percent per annum,_Z,Not applicable,_Z,Not applicable,_Z,Not applicable,_Z,Not applicable,N,National,2010,,3.225833,,A,Normal value,0,Units,2,Two,,
DATAFLOW,OECD.SDD.STES:DSD_STES@DF_FINMARK(4.0),Financial market,I,AUT,Austria,A,Annual,IRLT,Long-term interest rates,PA,Percent per annum,_Z,Not applicable,_Z,Not applicable,_Z,Not applicable,_Z,Not applicable,N,National,2011,,3.319167,,A,Normal value,0,Units,2,Two,,
DATAFLOW,OECD.SDD.STES:DSD_STES@DF_FINMARK(4.0),Financial market,I,AUT,Austria,A,Annual,IRLT,Long-term interest rates,PA,Percent per annum,_Z,Not applicable,_Z,Not applicable,_Z,Not applicable,_Z,Not applicable,N,National,2012,,2.3725,,A,Normal value,0,Units,2,Two,,
DATAFLOW,OECD.SDD.STES:DSD_STES@DF_FINMARK(4.0),Financial market,I,AUT,Austria,A,Annual,IRLT,Long-term interest rates,PA,Percent per annum,_Z,Not applicable,_Z,Not applicable,_Z,Not applicable,_Z,Not applicable,N,National,2013,,2.01,,A,Normal value,0,Units,2,Two,,
DATAFLOW,OECD.SDD.STES:DSD_STES@DF_FINMARK(4.0),Financial market,I,AUT,Austria,A,Annual,IRLT,Long-term interest rates,PA,Percent per annum,_Z,Not applicable,_Z,Not applicable,_Z,Not applicable,_Z,Not applicable,N,National,2014,,1.4875,,A,Normal value,0,Units,2,Two,,
DATAFLOW,OECD.SDD.STES:DSD_STES@DF_FINMARK(4.0),Financial market,I,AUT,Austria,A,Annual,IRLT,Long-term interest rates,PA,Percent per annum,_Z,Not applicable,_Z,Not applicable,_Z,Not applicable,_Z,Not applicable,N,National,2015,,0.7463517,,A,Normal value,0,Units,2,Two,,
DATAFLOW,OECD.SDD.STES:DSD_STES@DF_FINMARK(4.0),Financial market,I,AUT,Austria,A,Annual,IRLT,Long-term interest rates,PA,Percent per annum,_Z,Not applicable,_Z,Not applicable,_Z,Not applicable,_Z,Not applicable,N,National,2016,,0.3753925,,A,Normal value,0,Units,2,Two,,
DATAFLOW,OECD.SDD.STES:DSD_STES@DF_FINMARK(4.0),Financial market,I,AUT,Austria,A,Annual,IRLT,Long-term interest rates,PA,Percent per annum,_Z,Not applicable,_Z,Not applicable,_Z,Not applicable,_Z,Not applicable,N,National,2017,,0.583265,,A,Normal value,0,Units,2,Two,,
DATAFLOW,OECD.SDD.STES:DSD_STES@DF_FINMARK(4.0),Financial market,I,AUT,Austria,A,Annual,IRLT,Long-term interest rates,PA,Percent per annum,_Z,Not applicable,_Z,Not applicable,_Z,Not applicable,_Z,Not applicable,N,National,2018,,0.6861517,,A,Normal value,0,Units,2,Two,,
DATAFLOW,OECD.SDD.STES:DSD_STES@DF_FINMARK(4.0),Financial market,I,AUT,Austria,A,Annual,IRLT,Long-term interest rates,PA,Percent per annum,_Z,Not applicable,_Z,Not applicable,_Z,Not applicable,_Z,Not applicable,N,National,2019,,0.0629325,,A,Normal value,0,Units,2,Two,,
DATAFLOW,OECD.SDD.STES:DSD_STES@DF_FINMARK(4.0),Financial market,I,AUT,Austria,A,Annual,IRLT,Long-term interest rates,PA,Percent per annum,_Z,Not applicable,_Z,Not applicable,_Z,Not applicable,_Z,Not applicable,N,National,2020,,-0.2248375,,A,Normal value,0,Units,2,Two,,
DATAFLOW,OECD.SDD.STES:DSD_STES@DF_FINMARK(4.0),Financial market,I,AUT,Austria,A,Annual,IRLT,Long-term interest rates,PA,Percent per annum,_Z,Not applicable,_Z,Not applicable,_Z,Not applicable,_Z,Not applicable,N,National,2021,,-0.08536334,,A,Normal value,0,Units,2,Two,,
DATAFLOW,OECD.SDD.STES:DSD_STES@DF_FINMARK(4.0),Financial market,I,AUT,Austria,A,Annual,IRLT,Long-term interest rates,PA,Percent per annum,_Z,Not applicable,_Z,Not applicable,_Z,Not applicable,_Z,Not applicable,N,National,2022,,1.711144,,A,Normal value,0,Units,2,Two,,
DATAFLOW,OECD.SDD.STES:DSD_STES@DF_FINMARK(4.0),Financial market,I,AUT,Austria,A,Annual,IRLT,Long-term interest rates,PA,Percent per annum,_Z,Not applicable,_Z,Not applicable,_Z,Not applicable,_Z,Not applicable,N,National,2023,,3.082658,,A,Normal value,0,Units,2,Two,,
DATAFLOW,OECD.SDD.STES:DSD_STES@DF_FINMARK(4.0),Financial market,I,CAN,Canada,A,Annual,IRLT,Long-term interest rates,PA,Percent per annum,_Z,Not applicable,_Z,Not applicable,_Z,Not applicable,_Z,Not applicable,N,National,2025,,3.234741,,A,Normal value,0,Units,2,Two,,
DATAFLOW,OECD.SDD.STES:DSD_STES@DF_FINMARK(4.0),Financial market,I,FRA,France,A,Annual,IRLT,Long-term interest rates,PA,Percent per annum,_Z,Not applicable,_Z,Not applicable,_Z,Not applicable,_Z,Not applicable,N,National,1987,,9.47385,,A,Normal value,0,Units,2,Two,,
DATAFLOW,OECD.SDD.STES:DSD_STES@DF_FINMARK(4.0),Financial market,I,FRA,France,A,Annual,IRLT,Long-term interest rates,PA,Percent per annum,_Z,Not applicable,_Z,Not applicable,_Z,Not applicable,_Z,Not applicable,N,National,1988,,9.085867,,A,Normal value,0,Units,2,Two,,
DATAFLOW,OECD.SDD.STES:DSD_STES@DF_FINMARK(4.0),Financial market,I,FRA,France,A,Annual,IRLT,Long-term interest rates,PA,Percent per annum,_Z,Not applicable,_Z,Not applicable,_Z,Not applicable,_Z,Not applicable,N,National,1989,,8.78095,,A,Normal value,0,Units,2,Two,,
DATAFLOW,OECD.SDD.STES:DSD_STES@DF_FINMARK(4.0),Financial market,I,FRA,France,A,Annual,IRLT,Long-term interest rates,PA,Percent per annum,_Z,Not applicable,_Z,Not applicable,_Z,Not applicable,_Z,Not applicable,N,National,1990,,9.915916,,A,Normal value,0,Units,2,Two,,
DATAFLOW,OECD.SDD.STES:DSD_STES@DF_FINMARK(4.0),Financial market,I,FRA,France,A,Annual,IRLT,Long-term interest rates,PA,Percent per annum,_Z,Not applicable,_Z,Not applicable,_Z,Not applicable,_Z,Not applicable,N,National,1991,,9.038083,,A,Normal value,0,Units,2,Two,,
DATAFLOW,OECD.SDD.STES:DSD_STES@DF_FINMARK(4.0),Financial market,I,FRA,France,A,Annual,IRLT,Long-term interest rates,PA,Percent per annum,_Z,Not applicable,_Z,Not applicable,_Z,Not applicable,_Z,Not applicable,N,National,1992,,8.584008,,A,Normal value,0,Units,2,Two,,
DATAFLOW,OECD.SDD.STES:DSD_STES@DF_FINMARK(4.0),Financial market,I,FRA,France,A,Annual,IRLT,Long-term interest rates,PA,Percent per annum,_Z,Not applicable,_Z,Not applicable,_Z,Not applicable,_Z,Not applicable,N,National,1993,,6.792833,,A,Normal value,0,Units,2,Two,,
DATAFLOW,OECD.SDD.STES:DSD_STES@DF_FINMARK(4.0),Financial market,I,FRA,France,A,Annual,IRLT,Long-term interest rates,PA,Percent per annum,_Z,Not applicable,_Z,Not applicable,_Z,Not applicable,_Z,Not applicable,N,National,1994,,7.223017,,A,Normal value,0,Units,2,Two,,
DATAFLOW,OECD.SDD.STES:DSD_STES@DF_FINMARK(4.0),Financial market,I,FRA,France,A,Annual,IRLT,Long-term interest rates,PA,Percent per annum,_Z,Not applicable,_Z,Not applicable,_Z,Not applicable,_Z,Not applicable,N,National,1995,,7.5347,,A,Normal value,0,Units,2,Two,,
DATAFLOW,OECD.SDD.STES:DSD_STES@DF_FINMARK(4.0),Financial market,I,FRA,France,A,Annual,IRLT,Long-term interest rates,PA,Percent per annum,_Z,Not applicable,_Z,Not applicable,_Z,Not applicable,_Z,Not applicable,N,National,1996,,6.335341,,A,Normal value,0,Units,2,Two,,
DATAFLOW,OECD.SDD.STES:DSD_STES@DF_FINMARK(4.0),Financial market,I,FRA,France,A,Annual,IRLT,Long-term interest rates,PA,Percent per annum,_Z,Not applicable,_Z,Not applicable,_Z,Not applicable,_Z,Not applicable,N,National,1997,,5.58535,,A,Normal value,0,Units,2,Two,,
DATAFLOW,OECD.SDD.STES:DSD_STES@DF_FINMARK(4.0),Financial market,I,FRA,France,A,Annual,IRLT,Long-term interest rates,PA,Percent per annum,_Z,Not applicable,_Z,Not applicable,_Z,Not applicable,_Z,Not applicable,N,National,1998,,4.648817,,A,Normal value,0,Units,2,Two,,
DATAFLOW,OECD.SDD.STES:DSD_STES@DF_FINMARK(4.0),Financial market,I,FRA,France,A,Annual,IRLT,Long-term interest rates,PA,Percent per annum,_Z,Not applicable,_Z,Not applicable,_Z,Not applicable,_Z,Not applicable,N,National,1999,,4.618525,,A,Normal value,0,Units,2,Two,,
DATAFLOW,OECD.SDD.STES:DSD_STES@DF_FINMARK(4.0),Financial market,I,FRA,France,A,Annual,IRLT,Long-term interest rates,PA,Percent per annum,_Z,Not applicable,_Z,Not applicable,_Z,Not applicable,_Z,Not applicable,N,National,2000,,5.4026,,A,Normal value,0,Units,2,Two,,
DATAFLOW,OECD.SDD.STES:DSD_STES@DF_FINMARK(4.0),Financial market,I,FRA,France,A,Annual,IRLT,Long-term interest rates,PA,Percent per annum,_Z,Not applicable,_Z,Not applicable,_Z,Not applicable,_Z,Not applicable,N,National,2001,,4.951217,,A,Normal value,0,Units,2,Two,,
DATAFLOW,OECD.SDD.STES:DSD_STES@DF_FINMARK(4.0),Financial market,I,FRA,France,A,Annual,IRLT,Long-term interest rates,PA,Percent per annum,_Z,Not applicable,_Z,Not applicable,_Z,Not applicable,_Z,Not applicable,N,National,2002,,4.875967,,A,Normal value,0,Units,2,Two,,
DATAFLOW,OECD.SDD.STES:DSD_STES@DF_FINMARK(4.0),Financial market,I,FRA,France,A,Annual,IRLT,Long-term interest rates,PA,Percent per annum,_Z,Not applicable,_Z,Not applicable,_Z,Not applicable,_Z,Not applicable,N,National,2003,,4.135375,,A,Normal value,0,Units,2,Two,,
DATAFLOW,OECD.SDD.STES:DSD_STES@DF_FINMARK(4.0),Financial market,I,FRA,France,A,Annual,IRLT,Long-term interest rates,PA,Percent per annum,_Z,Not applicable,_Z,Not applicable,_Z,Not applicable,_Z,Not applicable,N,National,2004,,4.099583,,A,Normal value,0,Units,2,Two,,
DATAFLOW,OECD.SDD.STES:DSD_STES@DF_FINMARK(4.0),Financial market,I,FRA,France,A,Annual,IRLT,Long-term interest rates,PA,Percent per annum,_Z,Not applicable,_Z,Not applicable,_Z,Not applicable,_Z,Not applicable,N,National,2005,,3.407367,,A,Normal value,0,Units,2,Two,,
DATAFLOW,OECD.SDD.STES:DSD_STES@DF_FINMARK(4.0),Financial market,I,FRA,France,A,Annual,IRLT,Long-term interest rates,PA,Percent per annum,_Z,Not applicable,_Z,Not applicable,_Z,Not applicable,_Z,Not applicable,N,National,2006,,3.796917,,A,Normal value,0,Units,2,Two,,
DATAFLOW,OECD.SDD.STES:DSD_STES@DF_FINMARK(4.0),Financial market,I,FRA,France,A,Annual,IRLT,Long-term interest rates,PA,Percent per annum,_Z,Not applicable,_Z,Not applicable,_Z,Not applicable,_Z,Not applicable,N,National,2007,,4.303916,,A,Normal value,0,Units,2,Two,,
DATAFLOW,OECD.SDD.STES:DSD_STES@DF_FINMARK(4.0),Financial market,I,FRA,France,A,Annual,IRLT,Long-term interest rates,PA,Percent per annum,_Z,Not applicable,_Z,Not applicable,_Z,Not applicable,_Z,Not applicable,N,National,2008,,4.235192,,A,Normal value,0,Units,2,Two,,
DATAFLOW,OECD.SDD.STES:DSD_STES@DF_FINMARK(4.0),Financial market,I,FRA,France,A,Annual,IRLT,Long-term interest rates,PA,Percent per annum,_Z,Not applicable,_Z,Not applicable,_Z,Not applicable,_Z,Not applicable,N,National,2009,,3.647492,,A,Normal value,0,Units,2,Two,,
DATAFLOW,OECD.SDD.STES:DSD_STES@DF_FINMARK(4.0),Financial market,I,FRA,France,A,Annual,IRLT,Long-term interest rates,PA,Percent per annum,_Z,Not applicable,_Z,Not applicable,_Z,Not applicable,_Z,Not applicable,N,National,2010,,3.115708,,A,Normal value,0,Units,2,Two,,
DATAFLOW,OECD.SDD.STES:DSD_STES@DF_FINMARK(4.0),Financial market,I,FRA,France,A,Annual,IRLT,Long-term interest rates,PA,Percent per annum,_Z,Not applicable,_Z,Not applicable,_Z,Not applicable,_Z,Not applicable,N,National,2011,,3.320142,,A,Normal value,0,Units,2,Two,,
DATAFLOW,OECD.SDD.STES:DSD_STES@DF_FINMARK(4.0),Financial market,I,FRA,France,A,Annual,IRLT,Long-term interest rates,PA,Percent per annum,_Z,Not applicable,_Z,Not applicable,_Z,Not applicable,_Z,Not applicable,N,National,2012,,2.535725,,A,Normal value,0,Units,2,Two,,
DATAFLOW,OECD.SDD.STES:DSD_STES@DF_FINMARK(4.0),Financial market,I,FRA,France,A,Annual,IRLT,Long-term interest rates,PA,Percent per annum,_Z,Not applicable,_Z,Not applicable,_Z,Not applicable,_Z,Not applicable,N,National,2013,,2.204342,,A,Normal value,0,Units,2,Two,,
DATAFLOW,OECD.SDD.STES:DSD_STES@DF_FINMARK(4.0),Financial market,I,FRA,France,A,Annual,IRLT,Long-term interest rates,PA,Percent per annum,_Z,Not applicable,_Z,Not applicable,_Z,Not applicable,_Z,Not applicable,N,National,2014,,1.666917,,A,Normal value,0,Units,2,Two,,
DATAFLOW,OECD.SDD.STES:DSD_STES@DF_FINMARK(4.0),Financial market,I,FRA,France,A,Annual,IRLT,Long-term interest rates,PA,Percent per annum,_Z,Not applicable,_Z,Not applicable,_Z,Not applicable,_Z,Not applicable,N,National,2015,,0.840825,,A,Normal value,0,Units,2,Two,,
DATAFLOW,OECD.SDD.STES:DSD_STES@DF_FINMARK(4.0),Financial market,I,FRA,France,A,Annual,IRLT,Long-term interest rates,PA,Percent per annum,_Z,Not applicable,_Z,Not applicable,_Z,Not applicable,_Z,Not applicable,N,National,2016,,0.4675583,,A,Normal value,0,Units,2,Two,,
DATAFLOW,OECD.SDD.STES:DSD_STES@DF_FINMARK(4.0),Financial market,I,FRA,France,A,Annual,IRLT,Long-term interest rates,PA,Percent per annum,_Z,Not applicable,_Z,Not applicable,_Z,Not applicable,_Z,Not applicable,N,National,2017,,0.8093167,,A,Normal value,0,Units,2,Two,,
DATAFLOW,OECD.SDD.STES:DSD_STES@DF_FINMARK(4.0),Financial market,I,FRA,France,A,Annual,IRLT,Long-term interest rates,PA,Percent per annum,_Z,Not applicable,_Z,Not applicable,_Z,Not applicable,_Z,Not applicable,N,National,2018,,0.7838084,,A,Normal value,0,Units,2,Two,,
DATAFLOW,OECD.SDD.STES:DSD_STES@DF_FINMARK(4.0),Financial market,I,FRA,France,A,Annual,IRLT,Long-term interest rates,PA,Percent per annum,_Z,Not applicable,_Z,Not applicable,_Z,Not applicable,_Z,Not applicable,N,National,2019,,0.1302833,,A,Normal value,0,Units,2,Two,,
DATAFLOW,OECD.SDD.STES:DSD_STES@DF_FINMARK(4.0),Financial market,I,FRA,France,A,Annual,IRLT,Long-term interest rates,PA,Percent per annum,_Z,Not applicable,_Z,Not applicable,_Z,Not applicable,_Z,Not applicable,N,National,2020,,-0.144575,,A,Normal value,0,Units,2,Two,,
DATAFLOW,OECD.SDD.STES:DSD_STES@DF_FINMARK(4.0),Financial market,I,FRA,France,A,Annual,IRLT,Long-term interest rates,PA,Percent per annum,_Z,Not applicable,_Z,Not applicable,_Z,Not applicable,_Z,Not applicable,N,National,2021,,0.007941667,,A,Normal value,0,Units,2,Two,,
DATAFLOW,OECD.SDD.STES:DSD_STES@DF_FINMARK(4.0),Financial market,I,FRA,France,A,Annual,IRLT,Long-term interest rates,PA,Percent per annum,_Z,Not applicable,_Z,Not applicable,_Z,Not applicable,_Z,Not applicable,N,National,2022,,1.700808,,A,Normal value,0,Units,2,Two,,
DATAFLOW,OECD.SDD.STES:DSD_STES@DF_FINMARK(4.0),Financial market,I,FRA,France,A,Annual,IRLT,Long-term interest rates,PA,Percent per annum,_Z,Not applicable,_Z,Not applicable,_Z,Not applicable,_Z,Not applicable,N,National,2023,,2.994958,,A,Normal value,0,Units,2,Two,,
DATAFLOW,OECD.SDD.STES:DSD_STES@DF_FINMARK(4.0),Financial market,I,FRA,France,A,Annual,IRLT,Long-term interest rates,PA,Percent per annum,_Z,Not applicable,_Z,Not applicable,_Z,Not applicable,_Z,Not applicable,N,National,2024,,2.975517,,A,Normal value,0,Units,2,Two,,
DATAFLOW,OECD.SDD.STES:DSD_STES@DF_FINMARK(4.0),Financial market,I,FRA,France,A,Annual,IRLT,Long-term interest rates,PA,Percent per annum,_Z,Not applicable,_Z,Not applicable,_Z,Not applicable,_Z,Not applicable,N,National,2025,,3.369808,,A,Normal value,0,Units,2,Two,,
DATAFLOW,OECD.SDD.STES:DSD_STES@DF_FINMARK(4.0),Financial market,I,ITA,Italy,A,Annual,IRLT,Long-term interest rates,PA,Percent per annum,_Z,Not applicable,_Z,Not applicable,_Z,Not applicable,_Z,Not applicable,N,National,1992,,13.2663,,A,Normal value,0,Units,2,Two,,
DATAFLOW,OECD.SDD.STES:DSD_STES@DF_FINMARK(4.0),Financial market,I,ITA,Italy,A,Annual,IRLT,Long-term interest rates,PA,Percent per annum,_Z,Not applicable,_Z,Not applicable,_Z,Not applicable,_Z,Not applicable,N,National,1993,,11.18735,,A,Normal value,0,Units,2,Two,,
DATAFLOW,OECD.SDD.STES:DSD_STES@DF_FINMARK(4.0),Financial market,I,ITA,Italy,A,Annual,IRLT,Long-term interest rates,PA,Percent per annum,_Z,Not applicable,_Z,Not applicable,_Z,Not applicable,_Z,Not applicable,N,National,1994,,10.51929,,A,Normal value,0,Units,2,Two,,
DATAFLOW,OECD.SDD.STES:DSD_STES@DF_FINMARK(4.0),Financial market,I,ITA,Italy,A,Annual,IRLT,Long-term interest rates,PA,Percent per annum,_Z,Not applicable,_Z,Not applicable,_Z,Not applicable,_Z,Not applicable,N,National,1995,,12.20637,,A,Normal value,0,Units,2,Two,,
DATAFLOW,OECD.SDD.STES:DSD_STES@DF_FINMARK(4.0),Financial market,I,ITA,Italy,A,Annual,IRLT,Long-term interest rates,PA,Percent per annum,_Z,Not applicable,_Z,Not applicable,_Z,Not applicable,_Z,Not applicable,N,National,1996,,9.401236,,A,Normal value,0,Units,2,Two,,
DATAFLOW,OECD.SDD.STES:DSD_STES@DF_FINMARK(4.0),Financial market,I,ITA,Italy,A,Annual,IRLT,Long-term interest rates,PA,Percent per annum,_Z,Not applicable,_Z,Not applicable,_Z,Not applicable,_Z,Not applicable,N,National,1997,,6.860859,,A,Normal value,0,Units,2,Two,,
DATAFLOW,OECD.SDD.STES:DSD_STES@DF_FINMARK(4.0),Financial market,I,ITA,Italy,A,Annual,IRLT,Long-term interest rates,PA,Percent per annum,_Z,Not applicable,_Z,Not applicable,_Z,Not applicable,_Z,Not applicable,N,National,1998,,4.882307,,A,Normal value,0,Units,2,Two,,
DATAFLOW,OECD.SDD.STES:DSD_STES@DF_FINMARK(4.0),Financial market,I,ITA,Italy,A,Annual,IRLT,Long-term interest rates,PA,Percent per annum,_Z,Not applicable,_Z,Not applicable,_Z,Not applicable,_Z,Not applicable,N,National,1999,,4.727752,,A,Normal value,0,Units,2,Two,,
DATAFLOW,OECD.SDD.STES:DSD_STES@DF_FINMARK(4.0),Financial market,I,ITA,Italy,A,Annual,IRLT,Long-term interest rates,PA,Percent per annum,_Z,Not applicable,_Z,Not applicable,_Z,Not applicable,_Z,Not applicable,N,National,2000,,5.575179,,A,Normal value,0,Units,2,Two,,
DATAFLOW,OECD.SDD.STES:DSD_STES@DF_FINMARK(4.0),Financial market,I,ITA,Italy,A,Annual,IRLT,Long-term interest rates,PA,Percent per annum,_Z,Not applicable,_Z,Not applicable,_Z,Not applicable,_Z,Not applicable,N,National,2001,,5.188787,,A,Normal value,0,Units,2,Two,,
DATAFLOW,OECD.SDD.STES:DSD_STES@DF_FINMARK(4.0),Financial market,I,ITA,Italy,A,Annual,IRLT,Long-term interest rates,PA,Percent per annum,_Z,Not applicable,_Z,Not applicable,_Z,Not applicable,_Z,Not applicable,N,National,2002,,5.034556,,A,Normal value,0,Units,2,Two,,
DATAFLOW,OECD.SDD.STES:DSD_STES@DF_FINMARK(4.0),Financial market,I,ITA,Italy,A,Annual,IRLT,Long-term interest rates,PA,Percent per annum,_Z,Not applicable,_Z,Not applicable,_Z,Not applicable,_Z,Not applicable,N,National,2003,,4.248191,,A,Normal value,0,Units,2,Two,,
DATAFLOW,OECD.SDD.STES:DSD_STES@DF_FINMARK(4.0),Financial market,I,ITA,Italy,A,Annual,IRLT,Long-term interest rates,PA,Percent per annum,_Z,Not applicable,_Z,Not applicable,_Z,Not applicable,_Z,Not applicable,N,National,2004,,4.258675,,A,Normal value,0,Units,2,Two,,
DATAFLOW,OECD.SDD.STES:DSD_STES@DF_FINMARK(4.0),Financial market,I,ITA,Italy,A,Annual,IRLT,Long-term interest rates,PA,Percent per annum,_Z,Not applicable,_Z,Not applicable,_Z,Not applicable,_Z,Not applicable,N,National,2005,,3.555428,,A,Normal value,0,Units,2,Two,,
DATAFLOW,OECD.SDD.STES:DSD_STES@DF_FINMARK(4.0),Financial market,I,ITA,Italy,A,Annual,IRLT,Long-term interest rates,PA,Percent per annum,_Z,Not applicable,_Z,Not applicable,_Z,Not applicable,_Z,Not applicable,N,National,2006,,4.046302,,A,Normal value,0,Units,2,Two,,
DATAFLOW,OECD.SDD.STES:DSD_STES@DF_FINMARK(4.0),Financial market,I,ITA,Italy,A,Annual,IRLT,Long-term interest rates,PA,Percent per annum,_Z,Not applicable,_Z,Not applicable,_Z,Not applicable,_Z,Not applicable,N,National,2007,,4.487259,,A,Normal value,0,Units,2,Two,,
DATAFLOW,OECD.SDD.STES:DSD_STES@DF_FINMARK(4.0),Financial market,I,ITA,Italy,A,Annual,IRLT,Long-term interest rates,PA,Percent per annum,_Z,Not applicable,_Z,Not applicable,_Z,Not applicable,_Z,Not applicable,N,National,2008,,4.681259,,A,Normal value,0,Units,2,Two,,
DATAFLOW,OECD.SDD.STES:DSD_STES@DF_FINMARK(4.0),Financial market,I,ITA,Italy,A,Annual,IRLT,Long-term interest rates,PA,Percent per annum,_Z,Not applicable,_Z,Not applicable,_Z,Not applicable,_Z,Not applicable,N,National,2009,,4.311213,,A,Normal value,0,Units,2,Two,,
DATAFLOW,OECD.SDD.STES:DSD_STES@DF_FINMARK(4.0),Financial market,I,ITA,Italy,A,Annual,IRLT,Long-term interest rates,PA,Percent per annum,_Z,Not applicable,_Z,Not applicable,_Z,Not applicable,_Z,Not applicable,N,National,2010,,4.03587,,A,Normal value,0,Units,2,Two,,
DATAFLOW,OECD.SDD.STES:DSD_STES@DF_FINMARK(4.0),Financial market,I,ITA,Italy,A,Annual,IRLT,Long-term interest rates,PA,Percent per annum,_Z,Not applicable,_Z,Not applicable,_Z,Not applicable,_Z,Not applicable,N,National,2011,,5.422752,,A,Normal value,0,Units,2,Two,,
DATAFLOW,OECD.SDD.STES:DSD_STES@DF_FINMARK(4.0),Financial market,I,ITA,Italy,A,Annual,IRLT,Long-term interest rates,PA,Percent per annum,_Z,Not applicable,_Z,Not applicable,_Z,Not applicable,_Z,Not applicable,N,National,2012,,5.492676,,A,Normal value,0,Units,2,Two,,
DATAFLOW,OECD.SDD.STES:DSD_STES@DF_FINMARK(4.0),Financial market,I,ITA,Italy,A,Annual,IRLT,Long-term interest rates,PA,Percent per annum,_Z,Not applicable,_Z,Not applicable,_Z,Not applicable,_Z,Not applicable,N,National,2013,,4.316386,,A,Normal value,0,Units,2,Two,,
DATAFLOW,OECD.SDD.STES:DSD_STES@DF_FINMARK(4.0),Financial market,I,ITA,Italy,A,Annual,IRLT,Long-term interest rates,PA,Percent per annum,_Z,Not applicable,_Z,Not applicable,_Z,Not applicable,_Z,Not applicable,N,National,2014,,2.893183,,A,Normal value,0,Units,2,Two,,
DATAFLOW,OECD.SDD.STES:DSD_STES@DF_FINMARK(4.0),Financial market,I,ITA,Italy,A,Annual,IRLT,Long-term interest rates,PA,Percent per annum,_Z,Not applicable,_Z,Not applicable,_Z,Not applicable,_Z,Not applicable,N,National,2015,,1.713968,,A,Normal value,0,Units,2,Two,,
DATAFLOW,OECD.SDD.STES:DSD_STES@DF_FINMARK(4.0),Financial market,I,ITA,Italy,A,Annual,IRLT,Long-term interest rates,PA,Percent per annum,_Z,Not applicable,_Z,Not applicable,_Z,Not applicable,_Z,Not applicable,N,National,2016,,1.486547,,A,Normal value,0,Units,2,Two,,
DATAFLOW,OECD.SDD.STES:DSD_STES@DF_FINMARK(4.0),Financial market,I,ITA,Italy,A,Annual,IRLT,Long-term interest rates,PA,Percent per annum,_Z,Not applicable,_Z,Not applicable,_Z,Not applicable,_Z,Not applicable,N,National,2017,,2.113012,,A,Normal value,0,Units,2,Two,,
DATAFLOW,OECD.SDD.STES:DSD_STES@DF_FINMARK(4.0),Financial market,I,ITA,Italy,A,Annual,IRLT,Long-term interest rates,PA,Percent per annum,_Z,Not applicable,_Z,Not applicable,_Z,Not applicable,_Z,Not applicable,N,National,2018,,2.610345,,A,Normal value,0,Units,2,Two,,
DATAFLOW,OECD.SDD.STES:DSD_STES@DF_FINMARK(4.0),Financial market,I,ITA,Italy,A,Annual,IRLT,Long-term interest rates,PA,Percent per annum,_Z,Not applicable,_Z,Not applicable,_Z,Not applicable,_Z,Not applicable,N,National,2019,,1.951412,,A,Normal value,0,Units,2,Two,,
DATAFLOW,OECD.SDD.STES:DSD_STES@DF_FINMARK(4.0),Financial market,I,ITA,Italy,A,Annual,IRLT,Long-term interest rates,PA,Percent per annum,_Z,Not applicable,_Z,Not applicable,_Z,Not applicable,_Z,Not applicable,N,National,2020,,1.168292,,A,Normal value,0,Units,2,Two,,
DATAFLOW,OECD.SDD.STES:DSD_STES@DF_FINMARK(4.0),Financial market,I,ITA,Italy,A,Annual,IRLT,Long-term interest rates,PA,Percent per annum,_Z,Not applicable,_Z,Not applicable,_Z,Not applicable,_Z,Not applicable,N,National,2021,,0.8108509,,A,Normal value,0,Units,2,Two,,
DATAFLOW,OECD.SDD.STES:DSD_STES@DF_FINMARK(4.0),Financial market,I,ITA,Italy,A,Annual,IRLT,Long-term interest rates,PA,Percent per annum,_Z,Not applicable,_Z,Not applicable,_Z,Not applicable,_Z,Not applicable,N,National,2022,,3.156644,,A,Normal value,0,Units,2,Two,,
DATAFLOW,OECD.SDD.STES:DSD_STES@DF_FINMARK(4.0),Financial market,I,ITA,Italy,A,Annual,IRLT,Long-term interest rates,PA,Percent per annum,_Z,Not applicable,_Z,Not applicable,_Z,Not applicable,_Z,Not applicable,N,National,2023,,4.283179,,A,Normal value,0,Units,2,Two,,
DATAFLOW,OECD.SDD.STES:DSD_STES@DF_FINMARK(4.0),Financial market,I,ITA,Italy,A,Annual,IRLT,Long-term interest rates,PA,Percent per annum,_Z,Not applicable,_Z,Not applicable,_Z,Not applicable,_Z,Not applicable,N,National,2024,,3.707395,,A,Normal value,0,Units,2,Two,,
DATAFLOW,OECD.SDD.STES:DSD_STES@DF_FINMARK(4.0),Financial market,I,ITA,Italy,A,Annual,IRLT,Long-term interest rates,PA,Percent per annum,_Z,Not applicable,_Z,Not applicable,_Z,Not applicable,_Z,Not applicable,N,National,2025,,3.588916,,A,Normal value,0,Units,2,Two,,
DATAFLOW,OECD.SDD.STES:DSD_STES@DF_FINMARK(4.0),Financial market,I,NOR,Norway,A,Annual,IRLT,Long-term interest rates,PA,Percent per annum,_Z,Not applicable,_Z,Not applicable,_Z,Not applicable,_Z,Not applicable,N,National,2024,,3.575574,,A,Normal value,0,Units,2,Two,,
DATAFLOW,OECD.SDD.STES:DSD_STES@DF_FINMARK(4.0),Financial market,I,CZE,Czechia,A,Annual,IR3TIB,Short-term interest rates,PA,Percent per annum,_Z,Not applicable,_Z,Not applicable,_Z,Not applicable,_Z,Not applicable,N,National,1993,,13.15,,A,Normal value,0,Units,2,Two,,
DATAFLOW,OECD.SDD.STES:DSD_STES@DF_FINMARK(4.0),Financial market,I,CZE,Czechia,A,Annual,IR3TIB,Short-term interest rates,PA,Percent per annum,_Z,Not applicable,_Z,Not applicable,_Z,Not applicable,_Z,Not applicable,N,National,1994,,9.1075,,A,Normal value,0,Units,2,Two,,
DATAFLOW,OECD.SDD.STES:DSD_STES@DF_FINMARK(4.0),Financial market,I,CZE,Czechia,A,Annual,IR3TIB,Short-term interest rates,PA,Percent per annum,_Z,Not applicable,_Z,Not applicable,_Z,Not applicable,_Z,Not applicable,N,National,1995,,10.94583,,A,Normal value,0,Units,2,Two,,
DATAFLOW,OECD.SDD.STES:DSD_STES@DF_FINMARK(4.0),Financial market,I,CZE,Czechia,A,Annual,IR3TIB,Short-term interest rates,PA,Percent per annum,_Z,Not applicable,_Z,Not applicable,_Z,Not applicable,_Z,Not applicable,N,National,1996,,12.015,,A,Normal value,0,Units,2,Two,,
DATAFLOW,OECD.SDD.STES:DSD_STES@DF_FINMARK(4.0),Financial market,I,CZE,Czechia,A,Annual,IR3TIB,Short-term interest rates,PA,Percent per annum,_Z,Not applicable,_Z,Not applicable,_Z,Not applicable,_Z,Not applicable,N,National,1997,,15.99917,,A,Normal value,0,Units,2,Two,,
DATAFLOW,OECD.SDD.STES:DSD_STES@DF_FINMARK(4.0),Financial market,I,CZE,Czechia,A,Annual,IR3TIB,Short-term interest rates,PA,Percent per annum,_Z,Not applicable,_Z,Not applicable,_Z,Not applicable,_Z,Not applicable,N,National,1998,,14.33333,,A,Normal value,0,Units,2,Two,,
DATAFLOW,OECD.SDD.STES:DSD_STES@DF_FINMARK(4.0),Financial market,I,CZE,Czechia,A,Annual,IR3TIB,Short-term interest rates,PA,Percent per annum,_Z,Not applicable,_Z,Not applicable,_Z,Not applicable,_Z,Not applicable,N,National,1999,,6.853333,,A,Normal value,0,Units,2,Two,,
DATAFLOW,OECD.SDD.STES:DSD_STES@DF_FINMARK(4.0),Financial market,I,CZE,Czechia,A,Annual,IR3TIB,Short-term interest rates,PA,Percent per annum,_Z,Not applicable,_Z,Not applicable,_Z,Not applicable,_Z,Not applicable,N,National,2000,,5.365833,,A,Normal value,0,Units,2,Two,,
DATAFLOW,OECD.SDD.STES:DSD_STES@DF_FINMARK(4.0),Financial market,I,CZE,Czechia,A,Annual,IR3TIB,Short-term interest rates,PA,Percent per annum,_Z,Not applicable,_Z,Not applicable,_Z,Not applicable,_Z,Not applicable,N,National,2001,,5.173333,,A,Normal value,0,Units,2,Two,,
DATAFLOW,OECD.SDD.STES:DSD_STES@DF_FINMARK(4.0),Financial market,I,CZE,Czechia,A,Annual,IRLT,Long-term interest rates,PA,Percent per annum,_Z,Not applicable,_Z,Not applicable,_Z,Not applicable,_Z,Not applicable,N,National,2001,,6.314167,,A,Normal value,0,Units,2,Two,,
DATAFLOW,OECD.SDD.STES:DSD_STES@DF_FINMARK(4.0),Financial market,I,CZE,Czechia,A,Annual,IRLT,Long-term interest rates,PA,Percent per annum,_Z,Not applicable,_Z,Not applicable,_Z,Not applicable,_Z,Not applicable,N,National,2002,,4.876667,,A,Normal value,0,Units,2,Two,,
DATAFLOW,OECD.SDD.STES:DSD_STES@DF_FINMARK(4.0),Financial market,I,CZE,Czechia,A,Annual,IR3TIB,Short-term interest rates,PA,Percent per annum,_Z,Not applicable,_Z,Not applicable,_Z,Not applicable,_Z,Not applicable,N,National,2002,,3.549167,,A,Normal value,0,Units,2,Two,,
DATAFLOW,OECD.SDD.STES:DSD_STES@DF_FINMARK(4.0),Financial market,I,CZE,Czechia,A,Annual,IR3TIB,Short-term interest rates,PA,Percent per annum,_Z,Not applicable,_Z,Not applicable,_Z,Not applicable,_Z,Not applicable,N,National,2003,,2.275833,,A,Normal value,0,Units,2,Two,,
DATAFLOW,OECD.SDD.STES:DSD_STES@DF_FINMARK(4.0),Financial market,I,CZE,Czechia,A,Annual,IRLT,Long-term interest rates,PA,Percent per annum,_Z,Not applicable,_Z,Not applicable,_Z,Not applicable,_Z,Not applicable,N,National,2003,,4.115833,,A,Normal value,0,Units,2,Two,,
DATAFLOW,OECD.SDD.STES:DSD_STES@DF_FINMARK(4.0),Financial market,I,CZE,Czechia,A,Annual,IRLT,Long-term interest rates,PA,Percent per annum,_Z,Not applicable,_Z,Not applicable,_Z,Not applicable,_Z,Not applicable,N,National,2004,,4.820833,,A,Normal value,0,Units,2,Two,,
DATAFLOW,OECD.SDD.STES:DSD_STES@DF_FINMARK(4.0),Financial market,I,CZE,Czechia,A,Annual,IR3TIB,Short-term interest rates,PA,Percent per annum,_Z,Not applicable,_Z,Not applicable,_Z,Not applicable,_Z,Not applicable,N,National,2004,,2.361667,,A,Normal value,0,Units,2,Two,,
DATAFLOW,OECD.SDD.STES:DSD_STES@DF_FINMARK(4.0),Financial market,I,CZE,Czechia,A,Annual,IR3TIB,Short-term interest rates,PA,Percent per annum,_Z,Not applicable,_Z,Not applicable,_Z,Not applicable,_Z,Not applicable,N,National,2005,,2.009167,,A,Normal value,0,Units,2,Two,,
DATAFLOW,OECD.SDD.STES:DSD_STES@DF_FINMARK(4.0),Financial market,I,CZE,Czechia,A,Annual,IRLT,Long-term interest rates,PA,Percent per annum,_Z,Not applicable,_Z,Not applicable,_Z,Not applicable,_Z,Not applicable,N,National,2005,,3.5425,,A,Normal value,0,Units,2,Two,,
DATAFLOW,OECD.SDD.STES:DSD_STES@DF_FINMARK(4.0),Financial market,I,CZE,Czechia,A,Annual,IRLT,Long-term interest rates,PA,Percent per annum,_Z,Not applicable,_Z,Not applicable,_Z,Not applicable,_Z,Not applicable,N,National,2006,,3.8,,A,Normal value,0,Units,2,Two,,
DATAFLOW,OECD.SDD.STES:DSD_STES@DF_FINMARK(4.0),Financial market,I,CZE,Czechia,A,Annual,IR3TIB,Short-term interest rates,PA,Percent per annum,_Z,Not applicable,_Z,Not applicable,_Z,Not applicable,_Z,Not applicable,N,National,2006,,2.3,,A,Normal value,0,Units,2,Two,,
DATAFLOW,OECD.SDD.STES:DSD_STES@DF_FINMARK(4.0),Financial market,I,CZE,Czechia,A,Annual,IR3TIB,Short-term interest rates,PA,Percent per annum,_Z,Not applicable,_Z,Not applicable,_Z,Not applicable,_Z,Not applicable,N,National,2007,,3.0975,,A,Normal value,0,Units,2,Two,,
DATAFLOW,OECD.SDD.STES:DSD_STES@DF_FINMARK(4.0),Financial market,I,CZE,Czechia,A,Annual,IRLT,Long-term interest rates,PA,Percent per annum,_Z,Not applicable,_Z,Not applicable,_Z,Not applicable,_Z,Not applicable,N,National,2007,,4.3025,,A,Normal value,0,Units,2,Two,,
DATAFLOW,OECD.SDD.STES:DSD_STES@DF_FINMARK(4.0),Financial market,I,CZE,Czechia,A,Annual,IRLT,Long-term interest rates,PA,Percent per annum,_Z,Not applicable,_Z,Not applicable,_Z,Not applicable,_Z,Not applicable,N,National,2008,,4.633333,,A,Normal value,0,Units,2,Two,,
DATAFLOW,OECD.SDD.STES:DSD_STES@DF_FINMARK(4.0),Financial market,I,CZE,Czechia,A,Annual,IR3TIB,Short-term interest rates,PA,Percent per annum,_Z,Not applicable,_Z,Not applicable,_Z,Not applicable,_Z,Not applicable,N,National,2008,,4.0375,,A,Normal value,0,Units,2,Two,,
DATAFLOW,OECD.SDD.STES:DSD_STES@DF_FINMARK(4.0),Financial market,I,CZE,Czechia,A,Annual,IR3TIB,Short-term interest rates,PA,Percent per annum,_Z,Not applicable,_Z,Not applicable,_Z,Not applicable,_Z,Not applicable,N,National,2009,,2.191667,,A,Normal value,0,Units,2,Two,,
DATAFLOW,OECD.SDD.STES:DSD_STES@DF_FINMARK(4.0),Financial market,I,CZE,Czechia,A,Annual,IRLT,Long-term interest rates,PA,Percent per annum,_Z,Not applicable,_Z,Not applicable,_Z,Not applicable,_Z,Not applicable,N,National,2009,,4.8375,,A,Normal value,0,Units,2,Two,,
DATAFLOW,OECD.SDD.STES:DSD_STES@DF_FINMARK(4.0),Financial market,I,CZE,Czechia,A,Annual,IRLT,Long-term interest rates,PA,Percent per annum,_Z,Not applicable,_Z,Not applicable,_Z,Not applicable,_Z,Not applicable,N,National,2010,,3.884167,,A,Normal value,0,Units,2,Two,,
DATAFLOW,OECD.SDD.STES:DSD_STES@DF_FINMARK(4.0),Financial market,I,CZE,Czechia,A,Annual,IR3TIB,Short-term interest rates,PA,Percent per annum,_Z,Not applicable,_Z,Not applicable,_Z,Not applicable,_Z,Not applicable,N,National,2010,,1.313333,,A,Normal value,0,Units,2,Two,,
DATAFLOW,OECD.SDD.STES:DSD_STES@DF_FINMARK(4.0),Financial market,I,CZE,Czechia,A,Annual,IR3TIB,Short-term interest rates,PA,Percent per annum,_Z,Not applicable,_Z,Not applicable,_Z,Not applicable,_Z,Not applicable,N,National,2011,,1.19,,A,Normal value,0,Units,2,Two,,
DATAFLOW,OECD.SDD.STES:DSD_STES@DF_FINMARK(4.0),Financial market,I,CZE,Czechia,A,Annual,IRLT,Long-term interest rates,PA,Percent per annum,_Z,Not applicable,_Z,Not applicable,_Z,Not applicable,_Z,Not applicable,N,National,2011,,3.7075,,A,Normal value,0,Units,2,Two,,
DATAFLOW,OECD.SDD.STES:DSD_STES@DF_FINMARK(4.0),Financial market,I,CZE,Czechia,A,Annual,IRLT,Long-term interest rates,PA,Percent per annum,_Z,Not applicable,_Z,Not applicable,_Z,Not applicable,_Z,Not applicable,N,National,2012,,2.781667,,A,Normal value,0,Units,2,Two,,
DATAFLOW,OECD.SDD.STES:DSD_STES@DF_FINMARK(4.0),Financial market,I,CZE,Czechia,A,Annual,IR3TIB,Short-term interest rates,PA,Percent per annum,_Z,Not applicable,_Z,Not applicable,_Z,Not applicable,_Z,Not applicable,N,National,2012,,0.9975,,A,Normal value,0,Units,2,Two,,
DATAFLOW,OECD.SDD.STES:DSD_STES@DF_FINMARK(4.0),Financial market,I,CZE,Czechia,A,Annual,IR3TIB,Short-term interest rates,PA,Percent per annum,_Z,Not applicable,_Z,Not applicable,_Z,Not applicable,_Z,Not applicable,N,National,2013,,0.4566667,,A,Normal value,0,Units,2,Two,,
DATAFLOW,OECD.SDD.STES:DSD_STES@DF_FINMARK(4.0),Financial market,I,CZE,Czechia,A,Annual,IRLT,Long-term interest rates,PA,Percent per annum,_Z,Not applicable,_Z,Not applicable,_Z,Not applicable,_Z,Not applicable,N,National,2013,,2.111667,,A,Normal value,0,Units,2,Two,,
DATAFLOW,OECD.SDD.STES:DSD_STES@DF_FINMARK(4.0),Financial market,I,CZE,Czechia,A,Annual,IRLT,Long-term interest rates,PA,Percent per annum,_Z,Not applicable,_Z,Not applicable,_Z,Not applicable,_Z,Not applicable,N,National,2014,,1.575833,,A,Normal value,0,Units,2,Two,,
DATAFLOW,OECD.SDD.STES:DSD_STES@DF_FINMARK(4.0),Financial market,I,CZE,Czechia,A,Annual,IR3TIB,Short-term interest rates,PA,Percent per annum,_Z,Not applicable,_Z,Not applicable,_Z,Not applicable,_Z,Not applicable,N,National,2014,,0.3566667,,A,Normal value,0,Units,2,Two,,
DATAFLOW,OECD.SDD.STES:DSD_STES@DF_FINMARK(4.0),Financial market,I,CZE,Czechia,A,Annual,IR3TIB,Short-term interest rates,PA,Percent per annum,_Z,Not applicable,_Z,Not applicable,_Z,Not applicable,_Z,Not applicable,N,National,2015,,0.3083333,,A,Normal value,0,Units,2,Two,,
DATAFLOW,OECD.SDD.STES:DSD_STES@DF_FINMARK(4.0),Financial market,I,CZE,Czechia,A,Annual,IRLT,Long-term interest rates,PA,Percent per annum,_Z,Not applicable,_Z,Not applicable,_Z,Not applicable,_Z,Not applicable,N,National,2015,,0.575,,A,Normal value,0,Units,2,Two,,
DATAFLOW,OECD.SDD.STES:DSD_STES@DF_FINMARK(4.0),Financial market,I,CZE,Czechia,A,Annual,IRLT,Long-term interest rates,PA,Percent per annum,_Z,Not applicable,_Z,Not applicable,_Z,Not applicable,_Z,Not applicable,N,National,2016,,0.4275,,A,Normal value,0,Units,2,Two,,
DATAFLOW,OECD.SDD.STES:DSD_STES@DF_FINMARK(4.0),Financial market,I,CZE,Czechia,A,Annual,IR3TIB,Short-term interest rates,PA,Percent per annum,_Z,Not applicable,_Z,Not applicable,_Z,Not applicable,_Z,Not applicable,N,National,2016,,0.2891667,,A,Normal value,0,Units,2,Two,,
DATAFLOW,OECD.SDD.STES:DSD_STES@DF_FINMARK(4.0),Financial market,I,CZE,Czechia,A,Annual,IR3TIB,Short-term interest rates,PA,Percent per annum,_Z,Not applicable,_Z,Not applicable,_Z,Not applicable,_Z,Not applicable,N,National,2017,,0.4075,,A,Normal value,0,Units,2,Two,,
DATAFLOW,OECD.SDD.STES:DSD_STES@DF_FINMARK(4.0),Financial market,I,CZE,Czechia,A,Annual,IRLT,Long-term interest rates,PA,Percent per annum,_Z,Not applicable,_Z,Not applicable,_Z,Not applicable,_Z,Not applicable,N,National,2017,,0.9808334,,A,Normal value,0,Units,2,Two,,
DATAFLOW,OECD.SDD.STES:DSD_STES@DF_FINMARK(4.0),Financial market,I,CZE,Czechia,A,Annual,IRLT,Long-term interest rates,PA,Percent per annum,_Z,Not applicable,_Z,Not applicable,_Z,Not applicable,_Z,Not applicable,N,National,2018,,1.981667,,A,Normal value,0,Units,2,Two,,
DATAFLOW,OECD.SDD.STES:DSD_STES@DF_FINMARK(4.0),Financial market,I,CZE,Czechia,A,Annual,IR3TIB,Short-term interest rates,PA,Percent per annum,_Z,Not applicable,_Z,Not applicable,_Z,Not applicable,_Z,Not applicable,N,National,2018,,1.269167,,A,Normal value,0,Units,2,Two,,
DATAFLOW,OECD.SDD.STES:DSD_STES@DF_FINMARK(4.0),Financial market,I,CZE,Czechia,A,Annual,IR3TIB,Short-term interest rates,PA,Percent per annum,_Z,Not applicable,_Z,Not applicable,_Z,Not applicable,_Z,Not applicable,N,National,2019,,2.116667,,A,Normal value,0,Units,2,Two,,
DATAFLOW,OECD.SDD.STES:DSD_STES@DF_FINMARK(4.0),Financial market,I,CZE,Czechia,A,Annual,IRLT,Long-term interest rates,PA,Percent per annum,_Z,Not applicable,_Z,Not applicable,_Z,Not applicable,_Z,Not applicable,N,National,2019,,1.548333,,A,Normal value,0,Units,2,Two,,
DATAFLOW,OECD.SDD.STES:DSD_STES@DF_FINMARK(4.0),Financial market,I,CZE,Czechia,A,Annual,IRLT,Long-term interest rates,PA,Percent per annum,_Z,Not applicable,_Z,Not applicable,_Z,Not applicable,_Z,Not applicable,N,National,2020,,1.128333,,A,Normal value,0,Units,2,Two,,
DATAFLOW,OECD.SDD.STES:DSD_STES@DF_FINMARK(4.0),Financial market,I,CZE,Czechia,A,Annual,IR3TIB,Short-term interest rates,PA,Percent per annum,_Z,Not applicable,_Z,Not applicable,_Z,Not applicable,_Z,Not applicable,N,National,2020,,0.8575,,A,Normal value,0,Units,2,Two,,
DATAFLOW,OECD.SDD.STES:DSD_STES@DF_FINMARK(4.0),Financial market,I,CZE,Czechia,A,Annual,IR3TIB,Short-term interest rates,PA,Percent per annum,_Z,Not applicable,_Z,Not applicable,_Z,Not applicable,_Z,Not applicable,N,National,2021,,1.126667,,A,Normal value,0,Units,2,Two,,
DATAFLOW,OECD.SDD.STES:DSD_STES@DF_FINMARK(4.0),Financial market,I,CZE,Czechia,A,Annual,IRLT,Long-term interest rates,PA,Percent per annum,_Z,Not applicable,_Z,Not applicable,_Z,Not applicable,_Z,Not applicable,N,National,2021,,1.904167,,A,Normal value,0,Units,2,Two,,
DATAFLOW,OECD.SDD.STES:DSD_STES@DF_FINMARK(4.0),Financial market,I,CZE,Czechia,A,Annual,IRLT,Long-term interest rates,PA,Percent per annum,_Z,Not applicable,_Z,Not applicable,_Z,Not applicable,_Z,Not applicable,N,National,2022,,4.3325,,A,Normal value,0,Units,2,Two,,
DATAFLOW,OECD.SDD.STES:DSD_STES@DF_FINMARK(4.0),Financial market,I,CZE,Czechia,A,Annual,IR3TIB,Short-term interest rates,PA,Percent per annum,_Z,Not applicable,_Z,Not applicable,_Z,Not applicable,_Z,Not applicable,N,National,2022,,6.28,,A,Normal value,0,Units,2,Two,,
DATAFLOW,OECD.SDD.STES:DSD_STES@DF_FINMARK(4.0),Financial market,I,CZE,Czechia,A,Annual,IR3TIB,Short-term interest rates,PA,Percent per annum,_Z,Not applicable,_Z,Not applicable,_Z,Not applicable,_Z,Not applicable,N,National,2023,,7.124876,,A,Normal value,0,Units,2,Two,,
DATAFLOW,OECD.SDD.STES:DSD_STES@DF_FINMARK(4.0),Financial market,I,CZE,Czechia,A,Annual,IRLT,Long-term interest rates,PA,Percent per annum,_Z,Not applicable,_Z,Not applicable,_Z,Not applicable,_Z,Not applicable,N,National,2023,,4.439169,,A,Normal value,0,Units,2,Two,,
